method,seed,preprocessing,cohort,cohort_name,cohort_images,group_unit,scope,conditions,groups,rows,pooled_coverage,pooled_nmae,pooled_rmse,pooled_acc_at_1_percent,pooled_acc_at_2_percent,pooled_acc_at_5_percent,pooled_p95_absolute_error,pooled_p99_absolute_error,pooled_maximum_absolute_error,group_macro_coverage,group_macro_nmae,group_macro_rmse,group_macro_acc_at_1_percent,group_macro_acc_at_2_percent,group_macro_acc_at_5_percent,group_macro_p95_absolute_error,group_macro_p99_absolute_error,group_macro_maximum_absolute_error
GeoPRR-Net,20262020,dual_view,industrial_1395,Industrial-1395,1395,acquisition cluster,all_conditions,clean;blur_moderate;blur_severe;perspective_moderate;perspective_severe;combined_severe,52,8370,1.0,0.10278773118947791,0.16483496826724894,0.07921146953405019,0.191636798088411,0.491636798088411,0.4151977732777595,0.5816882419586179,0.8149905204772949,1.0,0.11386761587570729,0.13623870759305962,0.06939014363906502,0.1584846769245775,0.3907320576856138,0.23121258610723874,0.30005299146166026,0.33841109451479634
GeoPRR-Net,20262020,dual_view,industrial_1395,Industrial-1395,1395,acquisition cluster,clean,clean,52,1395,1.0,0.09869911138324185,0.1636369626715109,0.08243727598566308,0.2007168458781362,0.5318996415770609,0.42037511467933647,0.6042936694622039,0.7888859510421753,1.0,0.10943705267081387,0.1294984772436091,0.08129353254576868,0.16968520353043662,0.4241386700516153,0.2049575279657848,0.2373524163743337,0.25125290977534576
GeoPRR-Net,20262020,dual_view,industrial_1395,Industrial-1395,1395,acquisition cluster,blur_moderate,blur_moderate,52,1395,1.0,0.09814087918071675,0.1629515061055495,0.07741935483870968,0.2050179211469534,0.5340501792114696,0.41779447793960545,0.6052870857715603,0.7923345565795898,1.0,0.1091561420172156,0.12825019107835225,0.07447403944168124,0.170167345369913,0.41749317134439934,0.20230640499070285,0.23342276628165667,0.24647254722813766
GeoPRR-Net,20262020,dual_view,industrial_1395,Industrial-1395,1395,acquisition cluster,blur_severe,blur_severe,52,1395,1.0,0.10116150309074239,0.1654922569111975,0.06451612903225806,0.192831541218638,0.5082437275985663,0.42384158968925456,0.5951779568195342,0.7621556520462036,1.0,0.11456645873967178,0.13356750555487995,0.05798976219040935,0.1685818830286367,0.3961852139179376,0.20593754959592167,0.24305032312780994,0.2571573046241433
GeoPRR-Net,20262020,dual_view,industrial_1395,Industrial-1395,1395,acquisition cluster,perspective_moderate,perspective_moderate,52,1395,1.0,0.09838171349264672,0.16107245236828607,0.07813620071684588,0.18853046594982079,0.5032258064516129,0.402133747935295,0.5888961756229395,0.8149905204772949,1.0,0.10933627269331572,0.1304945095235903,0.06439729324015865,0.14754900420413944,0.40849502742762894,0.208609742430182,0.25417180596698163,0.2716019611452252
GeoPRR-Net,20262020,dual_view,industrial_1395,Industrial-1395,1395,acquisition cluster,perspective_severe,perspective_severe,52,1395,1.0,0.10666365415560819,0.1660250168056296,0.09247311827956989,0.1921146953405018,0.45161290322580644,0.4123108088970184,0.5574843537807462,0.7104213833808899,1.0,0.11488969301533565,0.13624834871282343,0.06414246684950674,0.15663249455012582,0.37335627303367463,0.2255737753906263,0.2660025035878194,0.2798866608228821
GeoPRR-Net,20262020,dual_view,industrial_1395,Industrial-1395,1395,acquisition cluster,combined_severe,combined_severe,52,1395,1.0,0.11367952583391162,0.169696268293561,0.08028673835125448,0.17060931899641577,0.42078853046594983,0.4032118797302245,0.5299490475654601,0.6081762313842773,1.0,0.12582007611789117,0.14704577392128074,0.07404376756686554,0.13829213086421335,0.32472399033842725,0.23696332720490412,0.2755381750819583,0.2900515085582932
GeoPRR-Net,20262020,dual_view,industrial_1395,Industrial-1395,1395,acquisition cluster,projective_pooled,perspective_moderate;perspective_severe;combined_severe,52,4185,1.0,0.10624163116072217,0.1656356086816314,0.08363201911589008,0.18375149342891278,0.45854241338112306,0.4074082612991332,0.5535493016242979,0.8149905204772949,1.0,0.11668201394218085,0.13918192162946116,0.06752784255217698,0.1474912098728262,0.3688584302665769,0.23842940421206155,0.2969830469175294,0.32598612447675224
GeoPRR-Net,20262021,dual_view,industrial_1395,Industrial-1395,1395,acquisition cluster,all_conditions,clean;blur_moderate;blur_severe;perspective_moderate;perspective_severe;combined_severe,52,8370,1.0,0.13368403172819335,0.20780956547967297,0.1002389486260454,0.21589008363201911,0.4353643966547192,0.47563600063323974,0.6816010284423826,0.9334620237350464,1.0,0.15941108754792122,0.19336087087789225,0.07319212617243502,0.15467641179926045,0.33385788205011796,0.34815586056766595,0.4190386856500805,0.4510099626638186
GeoPRR-Net,20262021,dual_view,industrial_1395,Industrial-1395,1395,acquisition cluster,clean,clean,52,1395,1.0,0.13677160368138389,0.2141691214732942,0.09032258064516129,0.22795698924731184,0.4437275985663082,0.4912633021672566,0.705805840492248,0.8939263820648193,1.0,0.1652733437751013,0.19647727773505114,0.05987777261848608,0.15597692919985878,0.33095347363777416,0.3219702974077505,0.37300425269215337,0.39346211841377693
GeoPRR-Net,20262021,dual_view,industrial_1395,Industrial-1395,1395,acquisition cluster,blur_moderate,blur_moderate,52,1395,1.0,0.13603423067426026,0.21329445076447523,0.09462365591397849,0.22724014336917564,0.4444444444444444,0.4909192138910293,0.6775641596317277,0.8940815925598145,1.0,0.16426549625193365,0.19575952886275727,0.06875855146467058,0.16120140557818136,0.3242247057355501,0.32014805165410326,0.37172651811722945,0.39288572579335707
GeoPRR-Net,20262021,dual_view,industrial_1395,Industrial-1395,1395,acquisition cluster,blur_severe,blur_severe,52,1395,1.0,0.1408814688336981,0.21930776699773474,0.09175627240143369,0.21362007168458783,0.42724014336917565,0.5192917346954345,0.680047664642334,0.9334620237350464,1.0,0.16633825295189053,0.19792294754235057,0.06851419083214307,0.1532029892804122,0.3150474741101071,0.3238942257524874,0.3737406670410157,0.39153392793419656
GeoPRR-Net,20262021,dual_view,industrial_1395,Industrial-1395,1395,acquisition cluster,perspective_moderate,perspective_moderate,52,1395,1.0,0.1261053994517671,0.2027221421830011,0.12688172043010754,0.24014336917562723,0.45949820788530465,0.4761891794204711,0.726273558139801,0.8751400709152222,1.0,0.15274497670527673,0.18732856780641402,0.09459769173149159,0.16966844291994693,0.3709696188491061,0.31979318758404973,0.3736622642785215,0.38986859028155985
GeoPRR-Net,20262021,dual_view,industrial_1395,Industrial-1395,1395,acquisition cluster,perspective_severe,perspective_severe,52,1395,1.0,0.13549109255966463,0.20608295638529017,0.1053763440860215,0.2064516129032258,0.4243727598566308,0.45749120990435266,0.6783630967140196,0.8987669944763184,1.0,0.15725482302312063,0.18983412380533038,0.07926425482394649,0.15456775786737376,0.33723787685648376,0.32145863423494575,0.3694747516858386,0.3878402507263117
GeoPRR-Net,20262021,dual_view,industrial_1395,Industrial-1395,1395,acquisition cluster,combined_severe,combined_severe,52,1395,1.0,0.12682039516838603,0.18995686141922347,0.09247311827956989,0.17992831541218637,0.4129032258064516,0.42444482922554005,0.6131150317192078,0.8318588733673096,1.0,0.1505896325802045,0.18239108437536736,0.06814029556387233,0.13344094594978975,0.32471414311168634,0.3086538715545088,0.3629335977675746,0.3816154252527616
GeoPRR-Net,20262021,dual_view,industrial_1395,Industrial-1395,1395,acquisition cluster,projective_pooled,perspective_moderate;perspective_severe;combined_severe,52,4185,1.0,0.12947229572660593,0.19970817129335527,0.1082437275985663,0.20884109916367982,0.432258064516129,0.45161379575729366,0.6784275698661804,0.8987669944763184,1.0,0.15352981076953395,0.18761260786620954,0.08066741403977014,0.15255904891237015,0.34430721293909206,0.3380679599855094,0.4051469744385435,0.42596054221001955
GeoPRR-Net,20262022,dual_view,industrial_1395,Industrial-1395,1395,acquisition cluster,all_conditions,clean;blur_moderate;blur_severe;perspective_moderate;perspective_severe;combined_severe,52,8370,1.0,0.13452073836005493,0.20652160190292057,0.07562724014336918,0.16606929510155316,0.4212664277180406,0.49474024772644004,0.6459227186441417,0.9127380847930908,1.0,0.16828515192934082,0.1937097849891424,0.05601489127480919,0.12053427123383369,0.29889909316275953,0.3139223252002914,0.3826845036606606,0.41680846585256925
GeoPRR-Net,20262022,dual_view,industrial_1395,Industrial-1395,1395,acquisition cluster,clean,clean,52,1395,1.0,0.1348115340198418,0.2116010448089713,0.08028673835125448,0.17634408602150536,0.43799283154121865,0.5241507709026336,0.6774698722362518,0.7959608435630798,1.0,0.16932179890045373,0.1914208699984556,0.0550920829319756,0.11840816128853861,0.30459460516077164,0.28609435616102163,0.32553736490390617,0.3421325967107446
GeoPRR-Net,20262022,dual_view,industrial_1395,Industrial-1395,1395,acquisition cluster,blur_moderate,blur_moderate,52,1395,1.0,0.1347263258112018,0.21114357189255337,0.07741935483870968,0.17491039426523297,0.43154121863799283,0.5187301278114316,0.6696718645095819,0.7959990501403809,1.0,0.1712394777499386,0.19187999439049522,0.05118279777269044,0.11738628643765146,0.28851789151558604,0.2834721994208888,0.3229439937107761,0.3396227994608955
GeoPRR-Net,20262022,dual_view,industrial_1395,Industrial-1395,1395,acquisition cluster,blur_severe,blur_severe,52,1395,1.0,0.13976272965311967,0.21524107427382685,0.07096774193548387,0.15483870967741936,0.42007168458781363,0.5117598176002502,0.6750663709640503,0.8350533246994019,1.0,0.17676559184545296,0.19839123473385425,0.05307402669880309,0.10949019700774601,0.27944754794849824,0.29342396580357194,0.33593867134286803,0.35315550661621953
GeoPRR-Net,20262022,dual_view,industrial_1395,Industrial-1395,1395,acquisition cluster,perspective_moderate,perspective_moderate,52,1395,1.0,0.12653270141149614,0.1966371524267878,0.07670250896057347,0.16057347670250896,0.43584229390681006,0.48492442369461064,0.6337031733989715,0.9127380847930908,1.0,0.15659934580049445,0.18073924320809276,0.050287170591285076,0.11037814344416175,0.3148729194019551,0.28534289359738807,0.33067386658340686,0.3478505290051301
GeoPRR-Net,20262022,dual_view,industrial_1395,Industrial-1395,1395,acquisition cluster,perspective_severe,perspective_severe,52,1395,1.0,0.1358777671229526,0.20433486338219992,0.06810035842293907,0.15985663082437276,0.3992831541218638,0.47765198945999143,0.6273247575759885,0.8560936450958252,1.0,0.16549002169563234,0.19077152978501738,0.054930172339148445,0.12251174324669088,0.29250264446094637,0.2979753496671143,0.34285997420568115,0.3604183909446001
GeoPRR-Net,20262022,dual_view,industrial_1395,Industrial-1395,1395,acquisition cluster,combined_severe,combined_severe,52,1395,1.0,0.13541337214171761,0.19950638094308445,0.08028673835125448,0.16989247311827957,0.4028673835125448,0.4407793819904327,0.6124096512794495,0.7556949257850647,1.0,0.17029467558407274,0.1983156096425732,0.07152309731495252,0.14503109597821345,0.3134589504887998,0.3100399546733269,0.3571923184568377,0.37394370800944476
GeoPRR-Net,20262022,dual_view,industrial_1395,Industrial-1395,1395,acquisition cluster,projective_pooled,perspective_moderate;perspective_severe;combined_severe,52,4185,1.0,0.13260794689205543,0.2001846665331332,0.07502986857825568,0.16344086021505377,0.4126642771804062,0.4653520464897152,0.6202622032165526,0.9127380847930908,1.0,0.1641280143600665,0.1912058249673961,0.05891348008179535,0.1259736608896887,0.3069448381172338,0.31505869904603706,0.3797310453455723,0.40314324496610043
GeoPRR raw anchor,20262020,raw,industrial_1395,Industrial-1395,1395,acquisition cluster,all_conditions,clean;blur_moderate;blur_severe;perspective_moderate;perspective_severe;combined_severe,52,8370,1.0,0.12885717860279194,0.18627419870441272,0.05328554360812425,0.14396654719235363,0.37287933094384706,0.42936144024133677,0.5663886290788648,0.7946153879165649,1.0,0.12850003214773595,0.157207578293553,0.05517416765081976,0.12750761863048773,0.3191000894078655,0.2858990513325119,0.35241575651590834,0.386186185158216
GeoPRR raw anchor,20262020,raw,industrial_1395,Industrial-1395,1395,acquisition cluster,clean,clean,52,1395,1.0,0.09797321890456025,0.16300564037610657,0.07813620071684588,0.21505376344086022,0.5369175627240144,0.41743956506252267,0.6041102385520934,0.7919521927833557,1.0,0.10940940157151952,0.12962917075117172,0.08051706542314772,0.17351396644909217,0.4293755557558535,0.20524255055050625,0.23775986910181546,0.2515418219335186
GeoPRR raw anchor,20262020,raw,industrial_1395,Industrial-1395,1395,acquisition cluster,blur_moderate,blur_moderate,52,1395,1.0,0.09740103359144613,0.16231389901126891,0.07168458781362007,0.21935483870967742,0.5376344086021505,0.4163848668336868,0.6054770863056179,0.7946153879165649,1.0,0.10911710418222725,0.12833879660278585,0.07077226764956955,0.17002201266644074,0.41574585535289726,0.20234546783801452,0.2336326506738116,0.24663439170433543
GeoPRR raw anchor,20262020,raw,industrial_1395,Industrial-1395,1395,acquisition cluster,blur_severe,blur_severe,52,1395,1.0,0.10037383641314158,0.16486567888168552,0.060215053763440864,0.2,0.5175627240143369,0.42322822809219346,0.5950295829772948,0.763780951499939,1.0,0.11451513164589275,0.13366932244081867,0.05334849186264529,0.1708935881690538,0.40197437109349904,0.20640920997051376,0.24376909703179425,0.2578393600642299
GeoPRR raw anchor,20262020,raw,industrial_1395,Industrial-1395,1395,acquisition cluster,perspective_moderate,perspective_moderate,52,1395,1.0,0.11592940097844658,0.16811921537659374,0.05806451612903226,0.11899641577060932,0.32903225806451614,0.39264544844627347,0.556411678791046,0.6782900094985962,1.0,0.11897857250759122,0.13880357915714944,0.06329918838863383,0.11162095508814966,0.3079413786415542,0.2216390944347502,0.2561835553801518,0.2685543568730354
GeoPRR raw anchor,20262020,raw,industrial_1395,Industrial-1395,1395,acquisition cluster,perspective_severe,perspective_severe,52,1395,1.0,0.174738523928976,0.21808327393153631,0.02795698924731183,0.05806451612903226,0.16344086021505377,0.4362272739410399,0.5262021625041962,0.750677227973938,1.0,0.1571686460892508,0.1775416757899479,0.03608473055292481,0.07551840916633613,0.17751195213574425,0.27833862881882065,0.31623595986796105,0.327252407740706
GeoPRR raw anchor,20262020,raw,industrial_1395,Industrial-1395,1395,acquisition cluster,combined_severe,combined_severe,52,1395,1.0,0.18672705780018117,0.22861921395740809,0.023655913978494623,0.052329749103942655,0.15268817204301074,0.44361138045787807,0.5389162302017212,0.7176847457885742,1.0,0.16181133688993415,0.1827140864637301,0.027023262027997375,0.06347678024385381,0.18205142346764505,0.2908731063487438,0.325622424408247,0.3363178836000271
GeoPRR raw anchor,20262020,raw,industrial_1395,Industrial-1395,1395,acquisition cluster,projective_pooled,perspective_moderate;perspective_severe;combined_severe,52,4185,1.0,0.15913166090253456,0.2066326288674679,0.03655913978494624,0.07646356033452807,0.21505376344086022,0.4349667608737945,0.5406759166717526,0.750677227973938,1.0,0.14598618516225872,0.17038285992176888,0.042135726989852004,0.08353871483277987,0.2225015847483145,0.29049912035048764,0.34117342809288925,0.363926631303934
GeoPRR raw anchor,20262021,raw,industrial_1395,Industrial-1395,1395,acquisition cluster,all_conditions,clean;blur_moderate;blur_severe;perspective_moderate;perspective_severe;combined_severe,52,8370,1.0,0.15308452458928593,0.21689775888351404,0.06905615292712067,0.15388291517323777,0.3235364396654719,0.46911470760901763,0.6392318868637082,0.9359529614448547,1.0,0.16729041991646024,0.20589254994705788,0.056575270715542206,0.12033274357540379,0.26495659257722737,0.3843185005239951,0.46768861706818526,0.5096725657368317
GeoPRR raw anchor,20262021,raw,industrial_1395,Industrial-1395,1395,acquisition cluster,clean,clean,52,1395,1.0,0.13551365585178848,0.21301682261772123,0.09247311827956989,0.22652329749103942,0.45161290322580644,0.4910741466283797,0.7056632375717157,0.8970657587051392,1.0,0.16444416088313293,0.1959216606995951,0.061188961429674886,0.15288868641559897,0.33970237811265347,0.3221268584208467,0.3738161441118232,0.394427053064872
GeoPRR raw anchor,20262021,raw,industrial_1395,Industrial-1395,1395,acquisition cluster,blur_moderate,blur_moderate,52,1395,1.0,0.13481153569770007,0.21214762614181074,0.0967741935483871,0.23010752688172043,0.44802867383512546,0.49335183143615713,0.6779536497592912,0.8972245454788208,1.0,0.1635193705798594,0.19528763272406746,0.07196727625210736,0.16271288998980254,0.3304062664229248,0.3202799850033596,0.37259528922817736,0.3939198398375167
GeoPRR raw anchor,20262021,raw,industrial_1395,Industrial-1395,1395,acquisition cluster,blur_severe,blur_severe,52,1395,1.0,0.13968260387045864,0.2181166028973925,0.09247311827956989,0.2129032258064516,0.43154121863799283,0.5147469937801361,0.6843917298316955,0.9359529614448547,1.0,0.1655750140211879,0.197451838500216,0.07091852099810113,0.15425965320472318,0.3176596874781344,0.32420425416601295,0.37441779866483343,0.3923300621094994
GeoPRR raw anchor,20262021,raw,industrial_1395,Industrial-1395,1395,acquisition cluster,perspective_moderate,perspective_moderate,52,1395,1.0,0.13310719355108883,0.19180992971451177,0.06308243727598567,0.13978494623655913,0.34050179211469533,0.43827473521232596,0.6089073240756987,0.7822079062461853,1.0,0.15287907580901414,0.1833106657616776,0.059415090548022256,0.11237177146692562,0.28210128140250207,0.3096095625811089,0.35444592042068257,0.3689739478092927
GeoPRR raw anchor,20262021,raw,industrial_1395,Industrial-1395,1395,acquisition cluster,perspective_severe,perspective_severe,52,1395,1.0,0.18999580463113322,0.23583284009739233,0.03799283154121864,0.06236559139784946,0.13476702508960572,0.4672062128782272,0.5664862749576566,0.6890918612480164,1.0,0.17964241134666667,0.21070982781993733,0.03868305941664355,0.07944797479812737,0.16567164960567043,0.34294108037344917,0.3946741885694861,0.41068445078990395
GeoPRR raw anchor,20262021,raw,industrial_1395,Industrial-1395,1395,acquisition cluster,combined_severe,combined_severe,52,1395,1.0,0.18539635393354625,0.22782013693131642,0.031541218637992835,0.05161290322580645,0.13476702508960572,0.4318245557943978,0.5323596282005311,0.6834030151367188,1.0,0.17768248685890045,0.20747784321190157,0.037278715648704074,0.06031548557724502,0.1541982924414788,0.3352924810141707,0.38352104959972383,0.4002965804223831
GeoPRR raw anchor,20262021,raw,industrial_1395,Industrial-1395,1395,acquisition cluster,projective_pooled,perspective_moderate;perspective_severe;combined_severe,52,4185,1.0,0.16949978403858945,0.2193248674127734,0.04420549581839905,0.08458781362007169,0.2033452807646356,0.4421345710754394,0.5704946289062499,0.7822079062461853,1.0,0.17006799133819375,0.2044065039330506,0.045125621871123296,0.084045077280766,0.20065707448321712,0.3610785325927993,0.42733458565004356,0.4604119575879512
GeoPRR raw anchor,20262022,raw,industrial_1395,Industrial-1395,1395,acquisition cluster,all_conditions,clean;blur_moderate;blur_severe;perspective_moderate;perspective_severe;combined_severe,52,8370,1.0,0.17570682684720507,0.24249580025947118,0.056630824372759854,0.11804062126642771,0.2982078853046595,0.522218069434166,0.6443539464473717,0.8443942666053772,1.0,0.19928373043715525,0.23466157330647863,0.04197042873809421,0.0867509035213377,0.2195309163633947,0.4013025836153672,0.47092287906880187,0.5110439237197621
GeoPRR raw anchor,20262022,raw,industrial_1395,Industrial-1395,1395,acquisition cluster,clean,clean,52,1395,1.0,0.135650758185194,0.21332457866281435,0.08028673835125448,0.17491039426523297,0.43727598566308246,0.5257297635078431,0.6899096143245695,0.8116138577461243,1.0,0.1703045383687776,0.19250374545601298,0.0551022471863259,0.11731852664897237,0.3041473779693584,0.2877170969358812,0.32769654058184755,0.3443465797908795
GeoPRR raw anchor,20262022,raw,industrial_1395,Industrial-1395,1395,acquisition cluster,blur_moderate,blur_moderate,52,1395,1.0,0.13558033035953698,0.21292245652612835,0.07741935483870968,0.17275985663082438,0.432258064516129,0.5210210084915159,0.6725608921051013,0.8116552829742432,1.0,0.17221999056766343,0.19297272760945267,0.05117263351834013,0.11577429548742524,0.2889651187069993,0.28501866101863294,0.32510333374279426,0.34187161679928885
GeoPRR raw anchor,20262022,raw,industrial_1395,Industrial-1395,1395,acquisition cluster,blur_severe,blur_severe,52,1395,1.0,0.1406878510574571,0.21716126538719788,0.07025089605734768,0.15412186379928317,0.42007168458781363,0.5178940474987029,0.6854051685333249,0.8443942666053772,1.0,0.17775596142133077,0.19952472072040497,0.052636963761740145,0.10878587397100165,0.27944754794849824,0.2952974250550262,0.33797955790661843,0.3554122989414594
GeoPRR raw anchor,20262022,raw,industrial_1395,Industrial-1395,1395,acquisition cluster,perspective_moderate,perspective_moderate,52,1395,1.0,0.14257461304829824,0.20199993311113038,0.06810035842293907,0.12759856630824373,0.3333333333333333,0.4624886608123778,0.566965936422348,0.6626440286636353,1.0,0.17504644630924368,0.20112526382508655,0.048125096736719386,0.09285224849454567,0.2609981516244269,0.3077394311741567,0.3510457092732573,0.36734594780856217
GeoPRR raw anchor,20262022,raw,industrial_1395,Industrial-1395,1395,acquisition cluster,perspective_severe,perspective_severe,52,1395,1.0,0.24718990604440227,0.29410541185752653,0.024372759856630826,0.044444444444444446,0.08673835125448029,0.5401849210262298,0.619037520885467,0.7786952257156372,1.0,0.24691111971003582,0.2773207646017423,0.02591011264916874,0.05281273228566189,0.09934153248405103,0.4113510610533448,0.4564143855958986,0.47335712923931006
GeoPRR raw anchor,20262022,raw,industrial_1395,Industrial-1395,1395,acquisition cluster,combined_severe,combined_severe,52,1395,1.0,0.25255750238834174,0.29583939741140697,0.01935483870967742,0.034408602150537634,0.07956989247311828,0.5388649320602417,0.6129731941223143,0.6954500079154968,1.0,0.2534643262458803,0.2815422907263814,0.01887551857627097,0.032961744240419394,0.08428576944703431,0.4168553022202391,0.4563986197762191,0.470333775107104
GeoPRR raw anchor,20262022,raw,industrial_1395,Industrial-1395,1395,acquisition cluster,projective_pooled,perspective_moderate;perspective_severe;combined_severe,52,4185,1.0,0.21410734049368077,0.26759603592077047,0.03727598566308244,0.06881720430107527,0.16654719235364396,0.5224497938156127,0.6123887729644775,0.7786952257156372,1.0,0.22514063075505325,0.25887303698157194,0.03097024265405303,0.059542241673542315,0.14820848451850407,0.4167570821499976,0.4699588632136583,0.49587313289157087
GeoPRR normalized endpoint,20262020,sarn_v2,industrial_1395,Industrial-1395,1395,acquisition cluster,all_conditions,clean;blur_moderate;blur_severe;perspective_moderate;perspective_severe;combined_severe,52,8370,1.0,0.10268089739783696,0.16480715101177476,0.07287933094384708,0.18876941457586618,0.4959378733572282,0.4151855766773223,0.5823959010839459,0.8398878574371338,1.0,0.11399960998765095,0.13657709720074235,0.06397549217349544,0.15176073501437862,0.3923796069286424,0.23308600458160805,0.3022555187215981,0.34069365372126686
GeoPRR normalized endpoint,20262020,sarn_v2,industrial_1395,Industrial-1395,1395,acquisition cluster,clean,clean,52,1395,1.0,0.09797321890456025,0.16300564037610657,0.07813620071684588,0.21505376344086022,0.5369175627240144,0.41743956506252267,0.6041102385520934,0.7919521927833557,1.0,0.10940940157151952,0.12962917075117172,0.08051706542314772,0.17351396644909217,0.4293755557558535,0.20524255055050625,0.23775986910181546,0.2515418219335186
GeoPRR normalized endpoint,20262020,sarn_v2,industrial_1395,Industrial-1395,1395,acquisition cluster,blur_moderate,blur_moderate,52,1395,1.0,0.09740103359144613,0.16231389901126891,0.07168458781362007,0.21935483870967742,0.5376344086021505,0.4163848668336868,0.6054770863056179,0.7946153879165649,1.0,0.10911710418222725,0.12833879660278585,0.07077226764956955,0.17002201266644074,0.41574585535289726,0.20234546783801452,0.2336326506738116,0.24663439170433543
GeoPRR normalized endpoint,20262020,sarn_v2,industrial_1395,Industrial-1395,1395,acquisition cluster,blur_severe,blur_severe,52,1395,1.0,0.10037383641314158,0.16486567888168552,0.060215053763440864,0.2,0.5175627240143369,0.42322822809219346,0.5950295829772948,0.763780951499939,1.0,0.11451513164589275,0.13366932244081867,0.05334849186264529,0.1708935881690538,0.40197437109349904,0.20640920997051376,0.24376909703179425,0.2578393600642299
GeoPRR normalized endpoint,20262020,sarn_v2,industrial_1395,Industrial-1395,1395,acquisition cluster,perspective_moderate,perspective_moderate,52,1395,1.0,0.09813794744503256,0.1616270095282317,0.07311827956989247,0.1813620071684588,0.5060931899641578,0.40450671315193176,0.5908386921882619,0.8398878574371338,1.0,0.10945166589215972,0.13128972022250743,0.06214366707105842,0.14091459609059315,0.40799591949376995,0.21123044417937978,0.25604383017217114,0.2745049482561075
GeoPRR normalized endpoint,20262020,sarn_v2,industrial_1395,Industrial-1395,1395,acquisition cluster,perspective_severe,perspective_severe,52,1395,1.0,0.10774983104630469,0.1669095401055929,0.07813620071684588,0.16917562724014337,0.45232974910394264,0.41761900782585126,0.5605413842201231,0.7138338088989258,1.0,0.11534630655440042,0.136913447256071,0.060434938817423296,0.13255248199542108,0.36631213524636785,0.226314444526347,0.26703221368179103,0.2816624528777141
GeoPRR normalized endpoint,20262020,sarn_v2,industrial_1395,Industrial-1395,1395,acquisition cluster,combined_severe,combined_severe,52,1395,1.0,0.11444951698653658,0.16996754007934547,0.07598566308243727,0.14767025089605734,0.425089605734767,0.4052623748779295,0.5353949165344237,0.6070379614830017,1.0,0.12615805007970599,0.14715561355579948,0.05663652221712834,0.12266776471567065,0.3328738046294665,0.23875350413092722,0.27646731985145456,0.29063769101427916
GeoPRR normalized endpoint,20262020,sarn_v2,industrial_1395,Industrial-1395,1395,acquisition cluster,projective_pooled,perspective_moderate;perspective_severe;combined_severe,52,4185,1.0,0.10677909849262461,0.16620373989767653,0.07574671445639188,0.16606929510155316,0.46117084826762245,0.4106087446212767,0.5558528614044187,0.8398878574371338,1.0,0.11698534084208873,0.1397127714315191,0.05973837603520335,0.13204494760056162,0.3690606197898681,0.24122923062602292,0.2991063321459465,0.3283102763956174
GeoPRR normalized endpoint,20262021,sarn_v2,industrial_1395,Industrial-1395,1395,acquisition cluster,all_conditions,clean;blur_moderate;blur_severe;perspective_moderate;perspective_severe;combined_severe,52,8370,1.0,0.1318589377016538,0.20543161071592309,0.0958183990442055,0.203584229390681,0.43333333333333335,0.47812630534172035,0.6834550660848616,0.9359529614448547,1.0,0.15792359949509147,0.19285804042097626,0.07663664577247718,0.15225051697440176,0.33924571319726826,0.3507105136598627,0.42160006706619113,0.453619819884881
GeoPRR normalized endpoint,20262021,sarn_v2,industrial_1395,Industrial-1395,1395,acquisition cluster,clean,clean,52,1395,1.0,0.13551365585178848,0.21301682261772123,0.09247311827956989,0.22652329749103942,0.45161290322580644,0.4910741466283797,0.7056632375717157,0.8970657587051392,1.0,0.16444416088313293,0.1959216606995951,0.061188961429674886,0.15288868641559897,0.33970237811265347,0.3221268584208467,0.3738161441118232,0.394427053064872
GeoPRR normalized endpoint,20262021,sarn_v2,industrial_1395,Industrial-1395,1395,acquisition cluster,blur_moderate,blur_moderate,52,1395,1.0,0.13481153569770007,0.21214762614181074,0.0967741935483871,0.23010752688172043,0.44802867383512546,0.49335183143615713,0.6779536497592912,0.8972245454788208,1.0,0.1635193705798594,0.19528763272406746,0.07196727625210736,0.16271288998980254,0.3304062664229248,0.3202799850033596,0.37259528922817736,0.3939198398375167
GeoPRR normalized endpoint,20262021,sarn_v2,industrial_1395,Industrial-1395,1395,acquisition cluster,blur_severe,blur_severe,52,1395,1.0,0.13968260387045864,0.2181166028973925,0.09247311827956989,0.2129032258064516,0.43154121863799283,0.5147469937801361,0.6843917298316955,0.9359529614448547,1.0,0.1655750140211879,0.197451838500216,0.07091852099810113,0.15425965320472318,0.3176596874781344,0.32420425416601295,0.37441779866483343,0.3923300621094994
GeoPRR normalized endpoint,20262021,sarn_v2,industrial_1395,Industrial-1395,1395,acquisition cluster,perspective_moderate,perspective_moderate,52,1395,1.0,0.12534727070327478,0.20076468429172065,0.10967741935483871,0.2050179211469534,0.45161290322580644,0.48047934174537654,0.7244404077529907,0.8764646053314209,1.0,0.15218287344148376,0.1874606425000069,0.09060544346506674,0.15802758128237374,0.3650131640978279,0.32250506016608227,0.3766191624136498,0.3934103639553755
GeoPRR normalized endpoint,20262021,sarn_v2,industrial_1395,Industrial-1395,1395,acquisition cluster,perspective_severe,perspective_severe,52,1395,1.0,0.13155783130642262,0.2006460884033619,0.09462365591397849,0.18064516129032257,0.4121863799283154,0.4579619681835174,0.6680758512020106,0.8943771123886108,1.0,0.1533790853683921,0.18765828267536383,0.08660865125826638,0.15316434286028996,0.3425656091431129,0.32268352995300903,0.3712844856654145,0.39019186427539737
GeoPRR normalized endpoint,20262021,sarn_v2,industrial_1395,Industrial-1395,1395,acquisition cluster,combined_severe,combined_severe,52,1395,1.0,0.12424072878027831,0.18625234060932871,0.08888888888888889,0.16630824372759856,0.4050179211469534,0.4223250478506088,0.6060547089576714,0.8403199911117554,1.0,0.14844109267649264,0.18211001805218088,0.07853102123164657,0.1324499480936222,0.34012717392895603,0.31351402076455065,0.36788454958214584,0.3869090973830376
GeoPRR normalized endpoint,20262021,sarn_v2,industrial_1395,Industrial-1395,1395,acquisition cluster,projective_pooled,perspective_moderate;perspective_severe;combined_severe,52,4185,1.0,0.12704861026332523,0.1960061611555254,0.0977299880525687,0.18399044205495818,0.4229390681003584,0.44690913041432684,0.6705139899253836,0.8943771123886108,1.0,0.15133435049545618,0.1868742955277879,0.08524837198499323,0.14788062407876196,0.3492353157232989,0.3411236097333522,0.41096084549804524,0.43044045333067577
GeoPRR normalized endpoint,20262022,sarn_v2,industrial_1395,Industrial-1395,1395,acquisition cluster,all_conditions,clean;blur_moderate;blur_severe;perspective_moderate;perspective_severe;combined_severe,52,8370,1.0,0.1364529771052875,0.20871365391058905,0.07335722819593787,0.16451612903225807,0.41302270011947434,0.49935791313648215,0.6592861890792844,0.8983988761901855,1.0,0.17102446053680062,0.1960447028975758,0.052783325106538825,0.11614452704028567,0.2896528225185959,0.3167401807819612,0.3857808252232274,0.41964500435040547
GeoPRR normalized endpoint,20262022,sarn_v2,industrial_1395,Industrial-1395,1395,acquisition cluster,clean,clean,52,1395,1.0,0.135650758185194,0.21332457866281435,0.08028673835125448,0.17491039426523297,0.43727598566308246,0.5257297635078431,0.6899096143245695,0.8116138577461243,1.0,0.1703045383687776,0.19250374545601298,0.0551022471863259,0.11731852664897237,0.3041473779693584,0.2877170969358812,0.32769654058184755,0.3443465797908795
GeoPRR normalized endpoint,20262022,sarn_v2,industrial_1395,Industrial-1395,1395,acquisition cluster,blur_moderate,blur_moderate,52,1395,1.0,0.13558033035953698,0.21292245652612835,0.07741935483870968,0.17275985663082438,0.432258064516129,0.5210210084915159,0.6725608921051013,0.8116552829742432,1.0,0.17221999056766343,0.19297272760945267,0.05117263351834013,0.11577429548742524,0.2889651187069993,0.28501866101863294,0.32510333374279426,0.34187161679928885
GeoPRR normalized endpoint,20262022,sarn_v2,industrial_1395,Industrial-1395,1395,acquisition cluster,blur_severe,blur_severe,52,1395,1.0,0.1406878510574571,0.21716126538719788,0.07025089605734768,0.15412186379928317,0.42007168458781363,0.5178940474987029,0.6854051685333249,0.8443942666053772,1.0,0.17775596142133077,0.19952472072040497,0.052636963761740145,0.10878587397100165,0.27944754794849824,0.2952974250550262,0.33797955790661843,0.3554122989414594
GeoPRR normalized endpoint,20262022,sarn_v2,industrial_1395,Industrial-1395,1395,acquisition cluster,perspective_moderate,perspective_moderate,52,1395,1.0,0.1285658631666925,0.1990022660252029,0.06451612903225806,0.16487455197132617,0.425089605734767,0.48842298984527566,0.6405915522575377,0.8983988761901855,1.0,0.16074425481341315,0.18465681565066527,0.046241536737958916,0.11316611310894246,0.31048574820561836,0.28801217748794034,0.3351947088710237,0.3522230737514985
GeoPRR normalized endpoint,20262022,sarn_v2,industrial_1395,Industrial-1395,1395,acquisition cluster,perspective_severe,perspective_severe,52,1395,1.0,0.1394228191062105,0.20723556100678484,0.06738351254480286,0.14982078853046596,0.37706093189964157,0.48230084478855095,0.628984086513519,0.8541109561920166,1.0,0.17060443522120078,0.19445126086503967,0.04750345727734447,0.10242926840615503,0.26474715546230826,0.3015337882451713,0.3458733422171916,0.3632764642185125
GeoPRR normalized endpoint,20262022,sarn_v2,industrial_1395,Industrial-1395,1395,acquisition cluster,combined_severe,combined_severe,52,1395,1.0,0.13881024075663395,0.20203339526903738,0.08028673835125448,0.17060931899641577,0.3863799283154122,0.4403471934795379,0.6104677164554595,0.7705249190330505,1.0,0.1745175828284179,0.20147886821107125,0.0640431121575234,0.1393930846192173,0.29012398681879303,0.31274235898911573,0.3599136666323703,0.3776490063178234
GeoPRR normalized endpoint,20262022,sarn_v2,industrial_1395,Industrial-1395,1395,acquisition cluster,projective_pooled,perspective_moderate;perspective_severe;combined_severe,52,4185,1.0,0.13559964100984565,0.20278557840972286,0.07072879330943847,0.16176821983273595,0.3961768219832736,0.46772974173227927,0.6238613772392272,0.8983988761901855,1.0,0.16862209095434394,0.19476042972267898,0.052596035390942264,0.11832948871143827,0.28845229682890655,0.31745378431935717,0.3831457074534969,0.4064414342565414
Raw ResNet-18,20262020,raw,industrial_1395,Industrial-1395,1395,acquisition cluster,all_conditions,clean;blur_moderate;blur_severe;perspective_moderate;perspective_severe;combined_severe,52,8370,1.0,0.2504508036975089,0.3190995172104949,0.05173237753882915,0.11206690561529271,0.22592592592592592,0.5834023624658583,0.6708118820190428,0.7968593835830688,1.0,0.22545808577491558,0.25707733924429466,0.04452374429289614,0.09093875335951009,0.19180766957319545,0.40951707803347165,0.4571441323498732,0.47643934183395825
Raw ResNet-18,20262020,raw,industrial_1395,Industrial-1395,1395,acquisition cluster,clean,clean,52,1395,1.0,0.20652493697950347,0.28770779256203977,0.07240143369175628,0.15842293906810037,0.32831541218637994,0.5875768387317657,0.6743098366260527,0.7497909069061279,1.0,0.2022126977679491,0.224997647252512,0.0590838595968555,0.11692670959253657,0.2584254135759373,0.32519560869420183,0.35947718841517007,0.3729125263517101
Raw ResNet-18,20262020,raw,industrial_1395,Industrial-1395,1395,acquisition cluster,blur_moderate,blur_moderate,52,1395,1.0,0.20816451338460867,0.2894723211135795,0.06594982078853047,0.15985663082437276,0.3254480286738351,0.5893392777442932,0.6752014183998107,0.7489466071128845,1.0,0.2029455116834751,0.22558532354230987,0.04907220952022594,0.11781766295442016,0.2503194207315724,0.3242335149922718,0.3596116699281487,0.37317672038918887
Raw ResNet-18,20262020,raw,industrial_1395,Industrial-1395,1395,acquisition cluster,blur_severe,blur_severe,52,1395,1.0,0.2169370447115463,0.2993750890069915,0.07885304659498207,0.16344086021505377,0.3139784946236559,0.5998550748825073,0.6793860614299774,0.7968593835830688,1.0,0.2071834409611482,0.22980879624349093,0.056561311845169576,0.11936365428157494,0.24886834803093597,0.3320351173188919,0.3662068400897238,0.3798227524188084
Raw ResNet-18,20262020,raw,industrial_1395,Industrial-1395,1395,acquisition cluster,perspective_moderate,perspective_moderate,52,1395,1.0,0.2476112447072813,0.3163835123442681,0.053763440860215055,0.10896057347670252,0.2057347670250896,0.5822668433189392,0.6828035902976989,0.7766969203948975,1.0,0.2207519430717892,0.2420549367250659,0.03943255027386354,0.08926287365924848,0.18272358326834062,0.34804506567598154,0.3848209139578732,0.3981051567257979
Raw ResNet-18,20262020,raw,industrial_1395,Industrial-1395,1395,acquisition cluster,perspective_severe,perspective_severe,52,1395,1.0,0.30689396623098153,0.3526447021516898,0.01935483870967742,0.03942652329749104,0.09462365591397849,0.5671260535717011,0.6518590390682221,0.7742704749107361,1.0,0.2569759471877234,0.2816204319820877,0.024430881476025117,0.043627005879057865,0.10991204797634345,0.41134971688171984,0.4404007312945906,0.4496000812145379
Raw ResNet-18,20262020,raw,industrial_1395,Industrial-1395,1395,acquisition cluster,combined_severe,combined_severe,52,1395,1.0,0.31657311617113215,0.3609636490771984,0.02007168458781362,0.04229390681003584,0.08745519713261649,0.5699104070663452,0.6532517087459564,0.772285521030426,1.0,0.26267897397740847,0.2865752797169675,0.038561653045237176,0.05863461379022254,0.10059720385604318,0.4136855206492237,0.4403921572618836,0.4486338005386866
Raw ResNet-18,20262020,raw,industrial_1395,Industrial-1395,1395,acquisition cluster,projective_pooled,perspective_moderate;perspective_severe;combined_severe,52,4185,1.0,0.2903594423697983,0.3438757376311374,0.03106332138590203,0.06356033452807647,0.12927120669056152,0.5722283363342284,0.667124796962738,0.7766969203948975,1.0,0.2468022880789737,0.2735828980101004,0.03414169493170861,0.0638414977761763,0.1310776117002424,0.42123321225475036,0.4549289830131103,0.4681027668485275
Raw ResNet-18,20262021,raw,industrial_1395,Industrial-1395,1395,acquisition cluster,all_conditions,clean;blur_moderate;blur_severe;perspective_moderate;perspective_severe;combined_severe,52,8370,1.0,0.24937990882287628,0.323049955281126,0.04886499402628435,0.09725209080047789,0.22102747909199522,0.6271802514791487,0.7148616510629653,0.8757150769233704,1.0,0.21975618475210862,0.2567174279625528,0.04157069307548104,0.08544075343572871,0.19983350780184356,0.43549778660845295,0.5045835765277729,0.5321931426112468
Raw ResNet-18,20262021,raw,industrial_1395,Industrial-1395,1395,acquisition cluster,clean,clean,52,1395,1.0,0.19072689799268328,0.27293693075289793,0.08530465949820788,0.15842293906810037,0.3419354838709677,0.6010335326194763,0.6863064491748809,0.7524183392524719,1.0,0.17602114750976533,0.1999766336283352,0.06996801647964439,0.12389061387009402,0.2745293285584958,0.29791403607646816,0.3369739311363528,0.3535747918347135
Raw ResNet-18,20262021,raw,industrial_1395,Industrial-1395,1395,acquisition cluster,blur_moderate,blur_moderate,52,1395,1.0,0.1924680515792635,0.2752553213219336,0.07670250896057347,0.15913978494623657,0.3419354838709677,0.6039582371711729,0.6888844048976898,0.7512246370315552,1.0,0.17622383057747265,0.20018750748003145,0.06019356460532931,0.1311432876668855,0.2823456401538772,0.2985797773239704,0.3385451150775127,0.3554206241088418
Raw ResNet-18,20262021,raw,industrial_1395,Industrial-1395,1395,acquisition cluster,blur_severe,blur_severe,52,1395,1.0,0.20174293929344866,0.28737666409330204,0.08100358422939068,0.15698924731182795,0.3218637992831541,0.6233319878578186,0.7148137104511261,0.8092603087425232,1.0,0.18023934300868516,0.20473398311099092,0.06697348763867231,0.1313460289520481,0.2736150705431427,0.30691629924457997,0.3464359150739988,0.3636272440711275
Raw ResNet-18,20262021,raw,industrial_1395,Industrial-1395,1395,acquisition cluster,perspective_moderate,perspective_moderate,52,1395,1.0,0.25725443353563937,0.33383777822605015,0.02867383512544803,0.05949820788530466,0.1878136200716846,0.6655810952186584,0.7882656240463255,0.8757150769233704,1.0,0.22283245668005117,0.24751147216404462,0.027497177924674505,0.059944590965058185,0.1893213456235435,0.36175483004034326,0.4062364407912966,0.42186597872468146
Raw ResNet-18,20262021,raw,industrial_1395,Industrial-1395,1395,acquisition cluster,perspective_severe,perspective_severe,52,1395,1.0,0.3139076479638421,0.3624903627188182,0.013620071684587814,0.02724014336917563,0.07240143369175628,0.6152500867843628,0.6994525527954101,0.7975835204124451,1.0,0.2722898365472957,0.2987826514096963,0.015250134991927058,0.03199571081753024,0.09819859862052892,0.44149012675751476,0.4797940942799892,0.49058270838016116
Raw ResNet-18,20262021,raw,industrial_1395,Industrial-1395,1395,acquisition cluster,combined_severe,combined_severe,52,1395,1.0,0.3401794825723807,0.38791147090238465,0.007885304659498209,0.022222222222222223,0.060215053763440864,0.6442086279392242,0.7029052734374999,0.7878685593605042,1.0,0.2909304941893817,0.31616200042829407,0.009541776812638646,0.03432428834275619,0.08099106331147304,0.4609460981193643,0.4952852184960857,0.5059249672140831
Raw ResNet-18,20262021,raw,industrial_1395,Industrial-1395,1395,acquisition cluster,projective_pooled,perspective_moderate;perspective_severe;combined_severe,52,4185,1.0,0.30378052135728734,0.3620875743484245,0.016726403823178016,0.03632019115890084,0.10681003584229391,0.6403689980506896,0.7347710633277893,0.8757150769233704,1.0,0.2620175958055762,0.29210287292266346,0.017429696576413405,0.04208819670844821,0.12283700251851516,0.46298386325931695,0.5076665130649928,0.5245544543403846
Raw ResNet-18,20262022,raw,industrial_1395,Industrial-1395,1395,acquisition cluster,all_conditions,clean;blur_moderate;blur_severe;perspective_moderate;perspective_severe;combined_severe,52,8370,1.0,0.20748309939907442,0.27322187135490866,0.05137395459976105,0.11911589008363202,0.2525686977299881,0.5372417175769804,0.6626714378595352,0.7971743702888489,1.0,0.19562051216792872,0.2261854782681988,0.038821400554208615,0.09014161403145435,0.19842054360660327,0.3712180087099472,0.4211596259797231,0.4461902657838968
Raw ResNet-18,20262022,raw,industrial_1395,Industrial-1395,1395,acquisition cluster,clean,clean,52,1395,1.0,0.1629307827476016,0.24328388374753987,0.08888888888888889,0.1921146953405018,0.3971326164874552,0.5605403423309325,0.6855095779895781,0.7538710236549377,1.0,0.16731842898405955,0.1892205115366261,0.07023222635397738,0.14592209635424486,0.29870242819465526,0.27679375304555376,0.31575161559556153,0.33258661283648167
Raw ResNet-18,20262022,raw,industrial_1395,Industrial-1395,1395,acquisition cluster,blur_moderate,blur_moderate,52,1395,1.0,0.1626977499938905,0.2429349843637861,0.08028673835125448,0.1992831541218638,0.3978494623655914,0.5517178118228911,0.6837574410438534,0.7589020729064941,1.0,0.1662195383699497,0.1879787071014747,0.06276454868281134,0.1488706269618042,0.2971417311397722,0.2754477053737029,0.31452400868762564,0.33150036993259807
Raw ResNet-18,20262022,raw,industrial_1395,Industrial-1395,1395,acquisition cluster,blur_severe,blur_severe,52,1395,1.0,0.16489675233613704,0.24519017533620266,0.06738351254480286,0.1870967741935484,0.3971326164874552,0.5540236115455626,0.6799781527519223,0.7971743702888489,1.0,0.16734201027671067,0.1893532225421844,0.04446279894296311,0.12973037403743495,0.30030522262274173,0.2804864009972566,0.3162769885556505,0.33207476297097327
Raw ResNet-18,20262022,raw,industrial_1395,Industrial-1395,1395,acquisition cluster,perspective_moderate,perspective_moderate,52,1395,1.0,0.2063472181732794,0.2734730103524886,0.05017921146953405,0.0939068100358423,0.22580645161290322,0.5373786509037017,0.6520379271507262,0.7123430967330933,1.0,0.19431325868915147,0.21730309699860184,0.03679909731551318,0.08386513189535919,0.21540622724387223,0.31643578621313356,0.35014840927933266,0.36261615821795584
Raw ResNet-18,20262022,raw,industrial_1395,Industrial-1395,1395,acquisition cluster,perspective_severe,perspective_severe,52,1395,1.0,0.2705742147496168,0.3092280923446396,0.012186379928315413,0.022939068100358423,0.04946236559139785,0.5181641614437102,0.5724605965614317,0.6490804553031921,1.0,0.23825568105728828,0.2547842557065675,0.01048957436742873,0.017444244389024983,0.040682165233975574,0.360719724808939,0.3856510505781036,0.3929926738754297
Raw ResNet-18,20262022,raw,industrial_1395,Industrial-1395,1395,acquisition cluster,combined_severe,combined_severe,52,1395,1.0,0.2774518783939212,0.31491104876328957,0.00931899641577061,0.01935483870967742,0.04802867383512545,0.5149092674255371,0.5674380030632016,0.6472837924957275,1.0,0.24027415563041254,0.2570330353317266,0.008180157662557957,0.015017210550857819,0.038285487204602606,0.3629038571211008,0.38916733084382155,0.3963804639149935
Raw ResNet-18,20262022,raw,industrial_1395,Industrial-1395,1395,acquisition cluster,projective_pooled,perspective_moderate;perspective_severe;combined_severe,52,4185,1.0,0.25145777043893913,0.29976572470267077,0.023894862604540025,0.04540023894862605,0.10776583034647551,0.5222148656845093,0.6008648314476013,0.7123430967330933,1.0,0.22428103179228412,0.24693983126994573,0.01848960978183329,0.03877552894508066,0.0981246265608168,0.3728405713225786,0.4085254793823529,0.42690895536007023
SARN-v2 + ResNet-18,20262020,sarn_v2,industrial_1395,Industrial-1395,1395,acquisition cluster,all_conditions,clean;blur_moderate;blur_severe;perspective_moderate;perspective_severe;combined_severe,52,8370,1.0,0.23142543743691155,0.31195448616622895,0.06630824372759857,0.13393070489844683,0.2821983273596177,0.6128486126661301,0.7208800258636447,0.8342137932777405,1.0,0.21582623555778324,0.24283088552428728,0.05047467199221908,0.10404193093246036,0.2292035343311112,0.36863971401981244,0.4256115318743464,0.4540407295700831
SARN-v2 + ResNet-18,20262020,sarn_v2,industrial_1395,Industrial-1395,1395,acquisition cluster,clean,clean,52,1395,1.0,0.20652493697950347,0.28770779256203977,0.07240143369175628,0.15842293906810037,0.32831541218637994,0.5875768387317657,0.6743098366260527,0.7497909069061279,1.0,0.2022126977679491,0.224997647252512,0.0590838595968555,0.11692670959253657,0.2584254135759373,0.32519560869420183,0.35947718841517007,0.3729125263517101
SARN-v2 + ResNet-18,20262020,sarn_v2,industrial_1395,Industrial-1395,1395,acquisition cluster,blur_moderate,blur_moderate,52,1395,1.0,0.20816451338460867,0.2894723211135795,0.06594982078853047,0.15985663082437276,0.3254480286738351,0.5893392777442932,0.6752014183998107,0.7489466071128845,1.0,0.2029455116834751,0.22558532354230987,0.04907220952022594,0.11781766295442016,0.2503194207315724,0.3242335149922718,0.3596116699281487,0.37317672038918887
SARN-v2 + ResNet-18,20262020,sarn_v2,industrial_1395,Industrial-1395,1395,acquisition cluster,blur_severe,blur_severe,52,1395,1.0,0.2169370447115463,0.2993750890069915,0.07885304659498207,0.16344086021505377,0.3139784946236559,0.5998550748825073,0.6793860614299774,0.7968593835830688,1.0,0.2071834409611482,0.22980879624349093,0.056561311845169576,0.11936365428157494,0.24886834803093597,0.3320351173188919,0.3662068400897238,0.3798227524188084
SARN-v2 + ResNet-18,20262020,sarn_v2,industrial_1395,Industrial-1395,1395,acquisition cluster,perspective_moderate,perspective_moderate,52,1395,1.0,0.23144943168114876,0.3112369754891976,0.07168458781362007,0.13189964157706094,0.28888888888888886,0.6096498250961303,0.7337721145153046,0.8342137932777405,1.0,0.2168216741169232,0.24084386988121692,0.048833494746627445,0.11210133185298923,0.23264107834615735,0.34510007573627893,0.38829067260741995,0.40486971400716365
SARN-v2 + ResNet-18,20262020,sarn_v2,industrial_1395,Industrial-1395,1395,acquisition cluster,perspective_severe,perspective_severe,52,1395,1.0,0.24756219118003206,0.3252003555844876,0.06093189964157706,0.10896057347670252,0.25448028673835127,0.6287373661994934,0.7500679111480713,0.8246594071388245,1.0,0.22402996927568986,0.2498668213917393,0.05309417488926592,0.09109133314976206,0.21840532394803766,0.36502377085575877,0.4067084527777937,0.4188236089914273
SARN-v2 + ResNet-18,20262020,sarn_v2,industrial_1395,Industrial-1395,1395,acquisition cluster,combined_severe,combined_severe,52,1395,1.0,0.27791450668463,0.35365864889993287,0.04802867383512545,0.08100358422939068,0.182078853046595,0.6618625521659851,0.7710055077075958,0.8190211653709412,1.0,0.24176411954151392,0.26722154703525713,0.03620298135517014,0.06695089376347926,0.16656162135402644,0.39122983875928014,0.42403742902637287,0.43422447074529447
SARN-v2 + ResNet-18,20262020,sarn_v2,industrial_1395,Industrial-1395,1395,acquisition cluster,projective_pooled,perspective_moderate;perspective_severe;combined_severe,52,4185,1.0,0.25230870984860365,0.3305037398304123,0.060215053763440864,0.10728793309438471,0.24181600955794505,0.6309852957725525,0.7574700951576229,0.8342137932777405,1.0,0.22753858764470897,0.25394581811802736,0.046043550330354496,0.09004785292207686,0.2058693412160738,0.3825158569801693,0.43134733531586633,0.4490529120258796
SARN-v2 + ResNet-18,20262021,sarn_v2,industrial_1395,Industrial-1395,1395,acquisition cluster,all_conditions,clean;blur_moderate;blur_severe;perspective_moderate;perspective_severe;combined_severe,52,8370,1.0,0.21994122429607885,0.30480336088845167,0.06618876941457587,0.12962962962962962,0.2885304659498208,0.6517039120197294,0.7513126450777052,0.902515172958374,1.0,0.19576219931082306,0.22415394008866724,0.05491973051395076,0.10902268383622957,0.24530625610472345,0.353608584203017,0.4215412596726647,0.45486955783535277
SARN-v2 + ResNet-18,20262021,sarn_v2,industrial_1395,Industrial-1395,1395,acquisition cluster,clean,clean,52,1395,1.0,0.19072689799268328,0.27293693075289793,0.08530465949820788,0.15842293906810037,0.3419354838709677,0.6010335326194763,0.6863064491748809,0.7524183392524719,1.0,0.17602114750976533,0.1999766336283352,0.06996801647964439,0.12389061387009402,0.2745293285584958,0.29791403607646816,0.3369739311363528,0.3535747918347135
SARN-v2 + ResNet-18,20262021,sarn_v2,industrial_1395,Industrial-1395,1395,acquisition cluster,blur_moderate,blur_moderate,52,1395,1.0,0.1924680515792635,0.2752553213219336,0.07670250896057347,0.15913978494623657,0.3419354838709677,0.6039582371711729,0.6888844048976898,0.7512246370315552,1.0,0.17622383057747265,0.20018750748003145,0.06019356460532931,0.1311432876668855,0.2823456401538772,0.2985797773239704,0.3385451150775127,0.3554206241088418
SARN-v2 + ResNet-18,20262021,sarn_v2,industrial_1395,Industrial-1395,1395,acquisition cluster,blur_severe,blur_severe,52,1395,1.0,0.20174293929344866,0.28737666409330204,0.08100358422939068,0.15698924731182795,0.3218637992831541,0.6233319878578186,0.7148137104511261,0.8092603087425232,1.0,0.18023934300868516,0.20473398311099092,0.06697348763867231,0.1313460289520481,0.2736150705431427,0.30691629924457997,0.3464359150739988,0.3636272440711275
SARN-v2 + ResNet-18,20262021,sarn_v2,industrial_1395,Industrial-1395,1395,acquisition cluster,perspective_moderate,perspective_moderate,52,1395,1.0,0.22137930590589772,0.30849480035494103,0.06666666666666667,0.12759856630824373,0.3118279569892473,0.6675328016281127,0.7841652369499205,0.8737568259239197,1.0,0.1935235934422505,0.2208404237283132,0.05742997692382097,0.11332018633791757,0.27880739043021235,0.33873174673946427,0.37492810256960296,0.3884560702764071
SARN-v2 + ResNet-18,20262021,sarn_v2,industrial_1395,Industrial-1395,1395,acquisition cluster,perspective_severe,perspective_severe,52,1395,1.0,0.24027565293775666,0.32181699223803245,0.04659498207885305,0.0960573476702509,0.24587813620071686,0.6755632698535918,0.7981027543544765,0.9016349911689758,1.0,0.21273083153486635,0.23870745233902022,0.03706382726560565,0.07931060712353462,0.21072858501998334,0.35909836927314215,0.3999351143987629,0.4141037347439008
SARN-v2 + ResNet-18,20262021,sarn_v2,industrial_1395,Industrial-1395,1395,acquisition cluster,combined_severe,combined_severe,52,1395,1.0,0.27305449806742343,0.3547533049373295,0.04086021505376344,0.07956989247311828,0.16774193548387098,0.7066389501094819,0.8013659048080444,0.902515172958374,1.0,0.2358344497918985,0.26059370189095743,0.03788951017063192,0.07512537906689754,0.1518115219226293,0.383550044283118,0.4246475597891975,0.4393939937292001
SARN-v2 + ResNet-18,20262021,sarn_v2,industrial_1395,Industrial-1395,1395,acquisition cluster,projective_pooled,perspective_moderate;perspective_severe;combined_severe,52,4185,1.0,0.24490315230369258,0.3289301474493364,0.05137395459976105,0.1010752688172043,0.24181600955794505,0.681870687007904,0.7977307486534119,0.902515172958374,1.0,0.21402962492300512,0.24161036597762803,0.04412777145335285,0.08925205750944991,0.21378249912427505,0.37663322651246794,0.4294305798770601,0.4519720256084051
SARN-v2 + ResNet-18,20262022,sarn_v2,industrial_1395,Industrial-1395,1395,acquisition cluster,all_conditions,clean;blur_moderate;blur_severe;perspective_moderate;perspective_severe;combined_severe,52,8370,1.0,0.1757631896541377,0.2515295767110314,0.07144563918757467,0.15376344086021507,0.35244922341696533,0.5486574625968933,0.6723775935173031,0.8172053456306457,1.0,0.1742651486089276,0.2001081157671402,0.05268442590669782,0.1174381802390881,0.2756522897633263,0.3111467510417868,0.3792872032899467,0.4110499955278177
SARN-v2 + ResNet-18,20262022,sarn_v2,industrial_1395,Industrial-1395,1395,acquisition cluster,clean,clean,52,1395,1.0,0.1629307827476016,0.24328388374753987,0.08888888888888889,0.1921146953405018,0.3971326164874552,0.5605403423309325,0.6855095779895781,0.7538710236549377,1.0,0.16731842898405955,0.1892205115366261,0.07023222635397738,0.14592209635424486,0.29870242819465526,0.27679375304555376,0.31575161559556153,0.33258661283648167
SARN-v2 + ResNet-18,20262022,sarn_v2,industrial_1395,Industrial-1395,1395,acquisition cluster,blur_moderate,blur_moderate,52,1395,1.0,0.1626977499938905,0.2429349843637861,0.08028673835125448,0.1992831541218638,0.3978494623655914,0.5517178118228911,0.6837574410438534,0.7589020729064941,1.0,0.1662195383699497,0.1879787071014747,0.06276454868281134,0.1488706269618042,0.2971417311397722,0.2754477053737029,0.31452400868762564,0.33150036993259807
SARN-v2 + ResNet-18,20262022,sarn_v2,industrial_1395,Industrial-1395,1395,acquisition cluster,blur_severe,blur_severe,52,1395,1.0,0.16489675233613704,0.24519017533620266,0.06738351254480286,0.1870967741935484,0.3971326164874552,0.5540236115455626,0.6799781527519223,0.7971743702888489,1.0,0.16734201027671067,0.1893532225421844,0.04446279894296311,0.12973037403743495,0.30030522262274173,0.2804864009972566,0.3162769885556505,0.33207476297097327
SARN-v2 + ResNet-18,20262022,sarn_v2,industrial_1395,Industrial-1395,1395,acquisition cluster,perspective_moderate,perspective_moderate,52,1395,1.0,0.1735118445888927,0.24825154588583132,0.08028673835125448,0.14121863799283155,0.3763440860215054,0.5405983877182006,0.6377877855300899,0.8172053456306457,1.0,0.1698736294767496,0.19357962167512843,0.059004090896651144,0.11872381523675851,0.308087244551612,0.28755659354855423,0.3292678913661741,0.34557169351573935
SARN-v2 + ResNet-18,20262022,sarn_v2,industrial_1395,Industrial-1395,1395,acquisition cluster,perspective_severe,perspective_severe,52,1395,1.0,0.18729959682224756,0.257243600991429,0.06379928315412187,0.10896057347670252,0.2946236559139785,0.5254137337207794,0.6282304956912993,0.7553981900215149,1.0,0.18168750348048462,0.20705765530624903,0.04815399109174759,0.09277855286878753,0.24261823211944547,0.31448716676281047,0.35829883186863015,0.37334976163048006
SARN-v2 + ResNet-18,20262022,sarn_v2,industrial_1395,Industrial-1395,1395,acquisition cluster,combined_severe,combined_severe,52,1395,1.0,0.20324241143605687,0.2710663953283841,0.04802867383512545,0.0939068100358423,0.25161290322580643,0.535719803571701,0.6301893782615662,0.7734508872032165,1.0,0.19314978106561137,0.21841151630238023,0.031488899472036376,0.06860361597549855,0.20705887995173086,0.32784749381807754,0.37379842211808145,0.38833986709362417
SARN-v2 + ResNet-18,20262022,sarn_v2,industrial_1395,Industrial-1395,1395,acquisition cluster,projective_pooled,perspective_moderate;perspective_severe;combined_severe,52,4185,1.0,0.18801795094906573,0.25902386695828267,0.06403823178016727,0.11469534050179211,0.30752688172043013,0.5351268410682676,0.6333180499076839,0.8172053456306457,1.0,0.18157030467428187,0.20758305220444734,0.0462156604868117,0.09336866136034819,0.2525881188742628,0.3204470119210962,0.3814737305951653,0.40382483142537945
Raw EfficientNet-B0,20262020,raw,industrial_1395,Industrial-1395,1395,acquisition cluster,all_conditions,clean;blur_moderate;blur_severe;perspective_moderate;perspective_severe;combined_severe,52,8370,1.0,0.1288573149515324,0.1862743004018773,0.05328554360812425,0.14384707287933093,0.37287933094384706,0.42930451333522796,0.5663824003934858,0.7946974635124207,1.0,0.1285010430758441,0.15720870201663023,0.05517416765081976,0.1274274904253595,0.3191000894078655,0.2858978938561601,0.3524245743804903,0.3862052773426358
Raw EfficientNet-B0,20262020,raw,industrial_1395,Industrial-1395,1395,acquisition cluster,clean,clean,52,1395,1.0,0.09797361975447536,0.16300609309507125,0.07813620071684588,0.21433691756272402,0.5369175627240144,0.417439544200897,0.6041086483001709,0.7919522523880005,1.0,0.10941121797501273,0.12963169619215617,0.08051706542314772,0.17303319721832297,0.4293755557558535,0.20525028720689123,0.23776097440404384,0.2515431535098797
Raw EfficientNet-B0,20262020,raw,industrial_1395,Industrial-1395,1395,acquisition cluster,blur_moderate,blur_moderate,52,1395,1.0,0.09739916606736831,0.16231049521904617,0.07168458781362007,0.21935483870967742,0.5376344086021505,0.4163848668336868,0.6054770863056179,0.7946974635124207,1.0,0.10911623840503742,0.12833777554229442,0.07077226764956955,0.17002201266644074,0.41574585535289726,0.20234418582592445,0.23362916631093195,0.24663090877282695
Raw EfficientNet-B0,20262020,raw,industrial_1395,Industrial-1395,1395,acquisition cluster,blur_severe,blur_severe,52,1395,1.0,0.10037291586253093,0.1648641943118723,0.060215053763440864,0.2,0.5175627240143369,0.4232772737741469,0.5950466513633726,0.763780951499939,1.0,0.11451321907681561,0.13366791878123846,0.05334849186264529,0.1708935881690538,0.40197437109349904,0.20640965580000328,0.2437739755225993,0.25784643331590373
Raw EfficientNet-B0,20262020,raw,industrial_1395,Industrial-1395,1395,acquisition cluster,perspective_moderate,perspective_moderate,52,1395,1.0,0.11592975497849668,0.16812014287215415,0.05806451612903226,0.11899641577060932,0.32903225806451614,0.3926322609186169,0.5564116716384886,0.6782898902893066,1.0,0.11897897952797333,0.13880444652634713,0.06329918838863383,0.11162095508814966,0.3079413786415542,0.22164537437331788,0.2561933373978619,0.2685630049911829
Raw EfficientNet-B0,20262020,raw,industrial_1395,Industrial-1395,1395,acquisition cluster,perspective_severe,perspective_severe,52,1395,1.0,0.17473988193748885,0.21808531658502048,0.02795698924731183,0.05806451612903226,0.16344086021505377,0.4362243622541426,0.5262020504474639,0.750677227973938,1.0,0.15717160434402586,0.17754578878762634,0.03608473055292481,0.07551840916633613,0.17751195213574425,0.2783468797637102,0.31625006549484447,0.32726510360168337
Raw EfficientNet-B0,20262020,raw,industrial_1395,Industrial-1395,1395,acquisition cluster,combined_severe,combined_severe,52,1395,1.0,0.1867285511088343,0.22862024490721952,0.023655913978494623,0.052329749103942655,0.15268817204301074,0.4436151981353759,0.5389162302017212,0.7176846861839294,1.0,0.16181499912619968,0.18271638149196257,0.027023262027997375,0.06347678024385381,0.18205142346764505,0.29087932582119336,0.325634046336806,0.33633143599121235
Raw EfficientNet-B0,20262020,raw,industrial_1395,Industrial-1395,1395,acquisition cluster,projective_pooled,perspective_moderate;perspective_severe;combined_severe,52,4185,1.0,0.1591327293416066,0.2066339792408944,0.03655913978494624,0.07646356033452807,0.21505376344086022,0.43496621251106254,0.5406759166717526,0.750677227973938,1.0,0.1459885276660663,0.17038547385868433,0.042135726989852004,0.08353871483277987,0.2225015847483145,0.2905034134036837,0.34119074855216797,0.3639518404150239
Raw EfficientNet-B0,20262021,raw,industrial_1395,Industrial-1395,1395,acquisition cluster,all_conditions,clean;blur_moderate;blur_severe;perspective_moderate;perspective_severe;combined_severe,52,8370,1.0,0.15308462266723344,0.21689822403363512,0.06869772998805257,0.15388291517323777,0.3235364396654719,0.46916781395673746,0.6392318642139433,0.9360417723655701,1.0,0.16729018616538363,0.20589264971483148,0.05634606677994292,0.12033274357540379,0.26495659257722737,0.3843273296081484,0.46768679644442523,0.5096740816434224
Raw EfficientNet-B0,20262021,raw,industrial_1395,Industrial-1395,1395,acquisition cluster,clean,clean,52,1395,1.0,0.135514180267847,0.2130177543684252,0.0910394265232975,0.22652329749103942,0.45161290322580644,0.4910504031181334,0.7056899106502528,0.8970658183097839,1.0,0.16444659517625787,0.19592555180437202,0.060260965007492416,0.15288868641559897,0.33970237811265347,0.32213338029552724,0.3738232890925289,0.394430825566061
Raw EfficientNet-B0,20262021,raw,industrial_1395,Industrial-1395,1395,acquisition cluster,blur_moderate,blur_moderate,52,1395,1.0,0.13481186322816063,0.21215041611220062,0.0967741935483871,0.23010752688172043,0.44802867383512546,0.493338685631752,0.6779537582397447,0.8972679376602173,1.0,0.1635187890281351,0.19528991298315557,0.07196727625210736,0.16271288998980254,0.3304062664229248,0.32028331122730785,0.37260542034499056,0.3939305111464973
Raw EfficientNet-B0,20262021,raw,industrial_1395,Industrial-1395,1395,acquisition cluster,blur_severe,blur_severe,52,1395,1.0,0.13968326730927721,0.21811896614151913,0.09247311827956989,0.2129032258064516,0.43154121863799283,0.5149330615997314,0.684380829334259,0.9360417723655701,1.0,0.16557676002939828,0.19745366533765832,0.07091852099810113,0.15425965320472318,0.3176596874781344,0.32420443568436474,0.37442405395559103,0.39233942132825267
Raw EfficientNet-B0,20262021,raw,industrial_1395,Industrial-1395,1395,acquisition cluster,perspective_moderate,perspective_moderate,52,1395,1.0,0.13310866809442656,0.19181024533357585,0.06308243727598567,0.13978494623655913,0.34050179211469533,0.43827473521232596,0.6090694105625151,0.7819525599479675,1.0,0.15288183739178707,0.1833099144504107,0.059415090548022256,0.11237177146692562,0.28210128140250207,0.3096011154781931,0.3544417106076654,0.36896843996758644
Raw EfficientNet-B0,20262021,raw,industrial_1395,Industrial-1395,1395,acquisition cluster,perspective_severe,perspective_severe,52,1395,1.0,0.18999471034112797,0.2358308839765223,0.03799283154121864,0.06236559139784946,0.13476702508960572,0.46721515655517576,0.5664742288589475,0.6890918016433716,1.0,0.17963841590099974,0.21070600472379059,0.03868305941664355,0.07944797479812737,0.16567164960567043,0.3429330051189814,0.394669429648679,0.41067470027238895
Raw EfficientNet-B0,20262021,raw,industrial_1395,Industrial-1395,1395,acquisition cluster,combined_severe,combined_severe,52,1395,1.0,0.18539504676256127,0.22781882134319723,0.03082437275985663,0.05161290322580645,0.13476702508960572,0.4317770687739053,0.53229590010643,0.6835099458694458,1.0,0.17767871946572364,0.20747311249801215,0.03683148845729083,0.06031548557724502,0.1541982924414788,0.3352689810805977,0.3835094667122073,0.4002833797129301
Raw EfficientNet-B0,20262021,raw,industrial_1395,Industrial-1395,1395,acquisition cluster,projective_pooled,perspective_moderate;perspective_severe;combined_severe,52,4185,1.0,0.1694994750660386,0.21932380278960303,0.04396654719235364,0.08458781362007169,0.2033452807646356,0.4421428143978119,0.5704946289062499,0.7819525599479675,1.0,0.17006632425283683,0.2044035051999962,0.04497654614065221,0.084045077280766,0.20065707448321712,0.36107462188334033,0.4273325667834129,0.4604066585057821
Raw EfficientNet-B0,20262022,raw,industrial_1395,Industrial-1395,1395,acquisition cluster,all_conditions,clean;blur_moderate;blur_severe;perspective_moderate;perspective_severe;combined_severe,52,8370,1.0,0.17570772787542524,0.24249675631183007,0.056630824372759854,0.11804062126642771,0.2982078853046595,0.5222596287727356,0.644388328790664,0.8444901704788208,1.0,0.19928492317891594,0.23466242204254037,0.04197042873809421,0.0867509035213377,0.2195309163633947,0.4013072855621576,0.47092575974050815,0.5110405739673819
Raw EfficientNet-B0,20262022,raw,industrial_1395,Industrial-1395,1395,acquisition cluster,clean,clean,52,1395,1.0,0.13565158250047385,0.2133251985216658,0.08028673835125448,0.17491039426523297,0.43727598566308246,0.5256911158561706,0.6900242483615874,0.8116689920425415,1.0,0.17030724362959887,0.19250707185913507,0.0551022471863259,0.11731852664897237,0.3041473779693584,0.28772021464227865,0.3277046252827919,0.3443525247810743
Raw EfficientNet-B0,20262022,raw,industrial_1395,Industrial-1395,1395,acquisition cluster,blur_moderate,blur_moderate,52,1395,1.0,0.13558108669160693,0.21292300435679862,0.07741935483870968,0.17275985663082438,0.432258064516129,0.5209998130798339,0.6725617480278002,0.8116785883903503,1.0,0.17221977595316837,0.1929715795893692,0.05117263351834013,0.11577429548742524,0.2889651187069993,0.28501592847521484,0.3250970193349035,0.3418645116677269
Raw EfficientNet-B0,20262022,raw,industrial_1395,Industrial-1395,1395,acquisition cluster,blur_severe,blur_severe,52,1395,1.0,0.14068792170511743,0.21716141803293282,0.07025089605734768,0.15412186379928317,0.42007168458781363,0.5178940296173096,0.6854977583885189,0.8444901704788208,1.0,0.17775533062758672,0.19952479085154587,0.052636963761740145,0.10878587397100165,0.27944754794849824,0.2953003160056682,0.33798233944261874,0.3554202613196312
Raw EfficientNet-B0,20262022,raw,industrial_1395,Industrial-1395,1395,acquisition cluster,perspective_moderate,perspective_moderate,52,1395,1.0,0.14257602077341386,0.20200172805504263,0.06810035842293907,0.12759856630824373,0.3333333333333333,0.462465659379959,0.5669672441482544,0.6627272367477417,1.0,0.17504767374079994,0.20112553697760588,0.048125096736719386,0.09285224849454567,0.2609981516244269,0.30773983530367793,0.3510508074318942,0.3673537117433853
Raw EfficientNet-B0,20262022,raw,industrial_1395,Industrial-1395,1395,acquisition cluster,perspective_severe,perspective_severe,52,1395,1.0,0.24719091886137404,0.2941058060451657,0.024372759856630826,0.044444444444444446,0.08673835125448029,0.5401816070079803,0.619037464857101,0.7786945104598999,1.0,0.24691294178702422,0.2773193358420531,0.02591011264916874,0.05281273228566189,0.09934153248405103,0.411347488643229,0.4564121278206698,0.4733551283285786
Raw EfficientNet-B0,20262022,raw,industrial_1395,Industrial-1395,1395,acquisition cluster,combined_severe,combined_severe,52,1395,1.0,0.25255883672056517,0.2958415286148092,0.01935483870967742,0.034408602150537634,0.07956989247311828,0.5388738369941711,0.6129609167575834,0.6952937841415405,1.0,0.25346657333531747,0.28154610106587913,0.01887551857627097,0.032961744240419394,0.08428576944703431,0.416863431763649,0.45641094086009715,0.47034815315157175
Raw EfficientNet-B0,20262022,raw,industrial_1395,Industrial-1395,1395,acquisition cluster,projective_pooled,perspective_moderate;perspective_severe;combined_severe,52,4185,1.0,0.21410859211845104,0.2675974173641237,0.03727598566308244,0.06881720430107527,0.16654719235364396,0.5225337767601013,0.6123855328559874,0.7786945104598999,1.0,0.22514239628771388,0.2588740384689058,0.03097024265405303,0.059542241673542315,0.14820848451850407,0.4167584552346896,0.4699654417582429,0.4958701235734117
SARN-v2 + EfficientNet-B0,20262020,sarn_v2,industrial_1395,Industrial-1395,1395,acquisition cluster,all_conditions,clean;blur_moderate;blur_severe;perspective_moderate;perspective_severe;combined_severe,52,8370,1.0,0.10268056002017015,0.16480663957965846,0.07287933094384708,0.18876941457586618,0.4956989247311828,0.4151680946350096,0.582405648231506,0.8398405313491821,1.0,0.11399946490768725,0.1365769439518523,0.06397549217349544,0.15175345063209422,0.39221603772437547,0.23308627433453516,0.3022522714834756,0.340690118922255
SARN-v2 + EfficientNet-B0,20262020,sarn_v2,industrial_1395,Industrial-1395,1395,acquisition cluster,clean,clean,52,1395,1.0,0.09797361975447536,0.16300609309507125,0.07813620071684588,0.21433691756272402,0.5369175627240144,0.417439544200897,0.6041086483001709,0.7919522523880005,1.0,0.10941121797501273,0.12963169619215617,0.08051706542314772,0.17303319721832297,0.4293755557558535,0.20525028720689123,0.23776097440404384,0.2515431535098797
SARN-v2 + EfficientNet-B0,20262020,sarn_v2,industrial_1395,Industrial-1395,1395,acquisition cluster,blur_moderate,blur_moderate,52,1395,1.0,0.09739916606736831,0.16231049521904617,0.07168458781362007,0.21935483870967742,0.5376344086021505,0.4163848668336868,0.6054770863056179,0.7946974635124207,1.0,0.10911623840503742,0.12833777554229442,0.07077226764956955,0.17002201266644074,0.41574585535289726,0.20234418582592445,0.23362916631093195,0.24663090877282695
SARN-v2 + EfficientNet-B0,20262020,sarn_v2,industrial_1395,Industrial-1395,1395,acquisition cluster,blur_severe,blur_severe,52,1395,1.0,0.10037291586253093,0.1648641943118723,0.060215053763440864,0.2,0.5175627240143369,0.4232772737741469,0.5950466513633726,0.763780951499939,1.0,0.11451321907681561,0.13366791878123846,0.05334849186264529,0.1708935881690538,0.40197437109349904,0.20640965580000328,0.2437739755225993,0.25784643331590373
SARN-v2 + EfficientNet-B0,20262020,sarn_v2,industrial_1395,Industrial-1395,1395,acquisition cluster,perspective_moderate,perspective_moderate,52,1395,1.0,0.0981368839767974,0.16162573221279172,0.07311827956989247,0.1813620071684588,0.5053763440860215,0.4045030206441879,0.5908386325836171,0.8398405313491821,1.0,0.10944977924076874,0.13128799885419715,0.06214366707105842,0.14091459609059315,0.4074617314595819,0.21122333255184286,0.25604326922762943,0.27450314091719114
SARN-v2 + EfficientNet-B0,20262020,sarn_v2,industrial_1395,Industrial-1395,1395,acquisition cluster,perspective_severe,perspective_severe,52,1395,1.0,0.10775038067349896,0.1669110559068528,0.07813620071684588,0.16989247311827957,0.45161290322580644,0.4176312834024427,0.5605413806438444,0.7138339281082153,1.0,0.11534850431927729,0.13691656156270146,0.060434938817423296,0.132989544932484,0.3658649080549546,0.2263134736637561,0.26703475771119195,0.2816669442882904
SARN-v2 + EfficientNet-B0,20262020,sarn_v2,industrial_1395,Industrial-1395,1395,acquisition cluster,combined_severe,combined_severe,52,1395,1.0,0.11445039378634989,0.1699685470594523,0.07598566308243727,0.14767025089605734,0.425089605734767,0.40521863996982554,0.5353867638111113,0.606993556022644,1.0,0.12615783042921175,0.14715412641889142,0.05663652221712834,0.12266776471567065,0.3328738046294665,0.2387477942172963,0.27646238460477723,0.29063193407960425
SARN-v2 + EfficientNet-B0,20262020,sarn_v2,industrial_1395,Industrial-1395,1395,acquisition cluster,projective_pooled,perspective_moderate;perspective_severe;combined_severe,52,4185,1.0,0.10677921947888208,0.16620417652871308,0.07574671445639188,0.16630824372759856,0.46069295101553165,0.41062838435173027,0.5559245920181272,0.8398405313491821,1.0,0.11698537132975259,0.1397125535971506,0.05973837603520335,0.13219063524624924,0.3687334813813343,0.2412263617154879,0.2991019231918053,0.3283020730198194
SARN-v2 + EfficientNet-B0,20262021,sarn_v2,industrial_1395,Industrial-1395,1395,acquisition cluster,all_conditions,clean;blur_moderate;blur_severe;perspective_moderate;perspective_severe;combined_severe,52,8370,1.0,0.13185918660189574,0.2054326798243435,0.0955794504181601,0.2034647550776583,0.4332138590203106,0.4781586751341818,0.6835288667678833,0.9360417723655701,1.0,0.15792405786757346,0.1928590356736309,0.07648197970211343,0.15217597910916622,0.3391711753320327,0.35071853964020233,0.4216006016768707,0.4536319558777106
SARN-v2 + EfficientNet-B0,20262021,sarn_v2,industrial_1395,Industrial-1395,1395,acquisition cluster,clean,clean,52,1395,1.0,0.135514180267847,0.2130177543684252,0.0910394265232975,0.22652329749103942,0.45161290322580644,0.4910504031181334,0.7056899106502528,0.8970658183097839,1.0,0.16444659517625787,0.19592555180437202,0.060260965007492416,0.15288868641559897,0.33970237811265347,0.32213338029552724,0.3738232890925289,0.394430825566061
SARN-v2 + EfficientNet-B0,20262021,sarn_v2,industrial_1395,Industrial-1395,1395,acquisition cluster,blur_moderate,blur_moderate,52,1395,1.0,0.13481186322816063,0.21215041611220062,0.0967741935483871,0.23010752688172043,0.44802867383512546,0.493338685631752,0.6779537582397447,0.8972679376602173,1.0,0.1635187890281351,0.19528991298315557,0.07196727625210736,0.16271288998980254,0.3304062664229248,0.32028331122730785,0.37260542034499056,0.3939305111464973
SARN-v2 + EfficientNet-B0,20262021,sarn_v2,industrial_1395,Industrial-1395,1395,acquisition cluster,blur_severe,blur_severe,52,1395,1.0,0.13968326730927721,0.21811896614151913,0.09247311827956989,0.2129032258064516,0.43154121863799283,0.5149330615997314,0.684380829334259,0.9360417723655701,1.0,0.16557676002939828,0.19745366533765832,0.07091852099810113,0.15425965320472318,0.3176596874781344,0.32420443568436474,0.37442405395559103,0.39233942132825267
SARN-v2 + EfficientNet-B0,20262021,sarn_v2,industrial_1395,Industrial-1395,1395,acquisition cluster,perspective_moderate,perspective_moderate,52,1395,1.0,0.12534674914661026,0.2007639640201272,0.10967741935483871,0.2050179211469534,0.45161290322580644,0.4804965138435363,0.7244198417663574,0.8764646649360657,1.0,0.15218131140352847,0.18745720174603886,0.09060544346506674,0.15802758128237374,0.3650131640978279,0.3225004967785989,0.37661521194674646,0.3934085776070372
SARN-v2 + EfficientNet-B0,20262021,sarn_v2,industrial_1395,Industrial-1395,1395,acquisition cluster,perspective_severe,perspective_severe,52,1395,1.0,0.13155839120620502,0.20064577133182399,0.09462365591397849,0.18064516129032257,0.4114695340501792,0.45793648719787594,0.6680524349212642,0.8943241834640503,1.0,0.1533820253633689,0.1876597939476628,0.08660865125826638,0.15316434286028996,0.34211838195169963,0.3226847755288944,0.37128249843939365,0.3901876399394793
SARN-v2 + EfficientNet-B0,20262021,sarn_v2,industrial_1395,Industrial-1395,1395,acquisition cluster,combined_severe,combined_severe,52,1395,1.0,0.12424066845327437,0.1862535226863052,0.08888888888888889,0.16559139784946236,0.4050179211469534,0.4222014158964157,0.6060516238212579,0.8404140472412109,1.0,0.14843886620475213,0.18210932849559525,0.07853102123164657,0.13200272090220896,0.34012717392895603,0.31351375203858584,0.367884569840561,0.3869090869235687
SARN-v2 + EfficientNet-B0,20262021,sarn_v2,industrial_1395,Industrial-1395,1395,acquisition cluster,projective_pooled,perspective_moderate;perspective_severe;combined_severe,52,4185,1.0,0.12704860293536321,0.19600618146330276,0.0977299880525687,0.18375149342891278,0.422700119474313,0.4469090708096821,0.6704646825790396,0.8943241834640503,1.0,0.15133406765721652,0.18687352215010672,0.08524837198499323,0.1477315483482909,0.34908623999282784,0.3411238217059522,0.41096371086668887,0.43044743266204993
SARN-v2 + EfficientNet-B0,20262022,sarn_v2,industrial_1395,Industrial-1395,1395,acquisition cluster,all_conditions,clean;blur_moderate;blur_severe;perspective_moderate;perspective_severe;combined_severe,52,8370,1.0,0.13645301588441344,0.20871390570763562,0.07335722819593787,0.16451612903225807,0.41302270011947434,0.49936336994171127,0.6592904984951016,0.8983989357948303,1.0,0.17102487501124772,0.1960454135327311,0.052783325106538825,0.11614452704028567,0.2896528225185959,0.31673442875105784,0.3857800155994392,0.419641140507964
SARN-v2 + EfficientNet-B0,20262022,sarn_v2,industrial_1395,Industrial-1395,1395,acquisition cluster,clean,clean,52,1395,1.0,0.13565158250047385,0.2133251985216658,0.08028673835125448,0.17491039426523297,0.43727598566308246,0.5256911158561706,0.6900242483615874,0.8116689920425415,1.0,0.17030724362959887,0.19250707185913507,0.0551022471863259,0.11731852664897237,0.3041473779693584,0.28772021464227865,0.3277046252827919,0.3443525247810743
SARN-v2 + EfficientNet-B0,20262022,sarn_v2,industrial_1395,Industrial-1395,1395,acquisition cluster,blur_moderate,blur_moderate,52,1395,1.0,0.13558108669160693,0.21292300435679862,0.07741935483870968,0.17275985663082438,0.432258064516129,0.5209998130798339,0.6725617480278002,0.8116785883903503,1.0,0.17221977595316837,0.1929715795893692,0.05117263351834013,0.11577429548742524,0.2889651187069993,0.28501592847521484,0.3250970193349035,0.3418645116677269
SARN-v2 + EfficientNet-B0,20262022,sarn_v2,industrial_1395,Industrial-1395,1395,acquisition cluster,blur_severe,blur_severe,52,1395,1.0,0.14068792170511743,0.21716141803293282,0.07025089605734768,0.15412186379928317,0.42007168458781363,0.5178940296173096,0.6854977583885189,0.8444901704788208,1.0,0.17775533062758672,0.19952479085154587,0.052636963761740145,0.10878587397100165,0.27944754794849824,0.2953003160056682,0.33798233944261874,0.3554202613196312
SARN-v2 + EfficientNet-B0,20262022,sarn_v2,industrial_1395,Industrial-1395,1395,acquisition cluster,perspective_moderate,perspective_moderate,52,1395,1.0,0.128564306549468,0.19900177682970957,0.06451612903225806,0.16487455197132617,0.425089605734767,0.48818099796771985,0.6405915522575377,0.8983989357948303,1.0,0.16074283622287183,0.1846569830836788,0.046241536737958916,0.11316611310894246,0.31048574820561836,0.2880083796010472,0.33520147876944295,0.35222897224720473
SARN-v2 + EfficientNet-B0,20262022,sarn_v2,industrial_1395,Industrial-1395,1395,acquisition cluster,perspective_severe,perspective_severe,52,1395,1.0,0.1394226449562328,0.2072361364807878,0.06738351254480286,0.14982078853046596,0.37706093189964157,0.48233873248100245,0.6289824450016019,0.8541695475578308,1.0,0.17060505127378878,0.1944519184776356,0.04750345727734447,0.10242926840615503,0.26474715546230826,0.3015342566144581,0.3458738823011822,0.3632784313150705
SARN-v2 + EfficientNet-B0,20262022,sarn_v2,industrial_1395,Industrial-1395,1395,acquisition cluster,combined_severe,combined_severe,52,1395,1.0,0.13881055290358166,0.20203345163324327,0.08028673835125448,0.17060931899641577,0.3863799283154122,0.4403554695844649,0.610426173210144,0.7705249190330505,1.0,0.17451901236047174,0.201480164333826,0.0640431121575234,0.1393930846192173,0.29012398681879303,0.31274390692245685,0.3599135287457647,0.3776481609634864
SARN-v2 + EfficientNet-B0,20262022,sarn_v2,industrial_1395,Industrial-1395,1395,acquisition cluster,projective_pooled,perspective_moderate;perspective_severe;combined_severe,52,4185,1.0,0.1355991681364275,0.20278563313978243,0.07072879330943847,0.16176821983273595,0.3961768219832736,0.4677297536532082,0.6238594508171081,0.8983989357948303,1.0,0.16862229995237746,0.19476110482247838,0.052596035390942264,0.11832948871143827,0.28845229682890655,0.3174578267751404,0.3831449136600433,0.4064372672327818
Raw MobileNetV3-Large,20262020,raw,industrial_1395,Industrial-1395,1395,acquisition cluster,all_conditions,clean;blur_moderate;blur_severe;perspective_moderate;perspective_severe;combined_severe,52,8370,1.0,0.19246044237131082,0.2568752162180049,0.05173237753882915,0.11780167264038231,0.26905615292712065,0.5201763957738874,0.6063750958442687,0.8422428369522095,1.0,0.1847185248316475,0.22334847169742827,0.050318169462124,0.10161732929477327,0.2379381565040147,0.3967434721677349,0.4501996423535622,0.4772178882589707
Raw MobileNetV3-Large,20262020,raw,industrial_1395,Industrial-1395,1395,acquisition cluster,clean,clean,52,1395,1.0,0.1502102016494951,0.2200381540439646,0.07240143369175628,0.16845878136200718,0.3634408602150538,0.4906460285186768,0.6131966900825492,0.7374653220176697,1.0,0.1575028015728989,0.1848612750650799,0.061974007904240465,0.13636236106837496,0.30586527106081457,0.2901695965417398,0.3288931712234459,0.3451637441889407
Raw MobileNetV3-Large,20262020,raw,industrial_1395,Industrial-1395,1395,acquisition cluster,blur_moderate,blur_moderate,52,1395,1.0,0.14698360516966466,0.21688654277112696,0.06666666666666667,0.17419354838709677,0.3756272401433692,0.4852176398038864,0.5982515037059782,0.737956702709198,1.0,0.1538572478724043,0.18111002442424737,0.06048712269642502,0.132050603704292,0.3113082292654007,0.2886360903530739,0.32621861454513973,0.34264176182687667
Raw MobileNetV3-Large,20262020,raw,industrial_1395,Industrial-1395,1395,acquisition cluster,blur_severe,blur_severe,52,1395,1.0,0.13797863030471175,0.20615718588285825,0.07168458781362007,0.18351254480286738,0.414336917562724,0.46988667547702784,0.5849090552330017,0.7288560271263123,1.0,0.14727045320874113,0.17514684905084105,0.07373106544618171,0.1573723059681441,0.33807493150534373,0.28108722492154115,0.32614591769055,0.3446135121249618
Raw MobileNetV3-Large,20262020,raw,industrial_1395,Industrial-1395,1395,acquisition cluster,perspective_moderate,perspective_moderate,52,1395,1.0,0.18994988629951665,0.25105751384698854,0.04946236559139785,0.0910394265232975,0.24874551971326164,0.5069982349872589,0.59964986205101,0.7756600379943848,1.0,0.19120277791132356,0.2192862579681818,0.04880162674674934,0.09058980410658829,0.22997934615975196,0.3340464516294881,0.38056897575813226,0.39688734339979975
Raw MobileNetV3-Large,20262020,raw,industrial_1395,Industrial-1395,1395,acquisition cluster,perspective_severe,perspective_severe,52,1395,1.0,0.2634149153020504,0.3115139414768337,0.024372759856630826,0.04086021505376344,0.10681003584229391,0.5466561675071716,0.6196432614326475,0.8023186922073364,1.0,0.2295401579310069,0.25550773490483497,0.02221190517189149,0.036944227872750444,0.11738337026601259,0.38957311548858115,0.4178754098701324,0.42795457388346014
Raw MobileNetV3-Large,20262020,raw,industrial_1395,Industrial-1395,1395,acquisition cluster,combined_severe,combined_severe,52,1395,1.0,0.2662254155024263,0.312859556810066,0.025806451612903226,0.04874551971326165,0.1053763440860215,0.5367015242576599,0.60086466550827,0.8422428369522095,1.0,0.22893771049351017,0.2554532095168641,0.034703288807255976,0.056384673048489736,0.12501779076676478,0.3871483884377357,0.4160233938757425,0.42555578717054465
Raw MobileNetV3-Large,20262020,raw,industrial_1395,Industrial-1395,1395,acquisition cluster,projective_pooled,perspective_moderate;perspective_severe;combined_severe,52,4185,1.0,0.23986340570133113,0.29323023564021833,0.033213859020310633,0.060215053763440864,0.15364396654719234,0.5327127575874328,0.6071682262420655,0.8422428369522095,1.0,0.2165602154452802,0.24838646039401852,0.035238940241965604,0.06130623500927616,0.15746016906417643,0.4049734395588819,0.4464566880319362,0.4641248925909017
Raw MobileNetV3-Large,20262021,raw,industrial_1395,Industrial-1395,1395,acquisition cluster,all_conditions,clean;blur_moderate;blur_severe;perspective_moderate;perspective_severe;combined_severe,52,8370,1.0,0.21372665798124987,0.2773581855589006,0.03727598566308244,0.08518518518518518,0.21804062126642773,0.5285852074623107,0.6842249727249142,0.8823993802070618,1.0,0.19756836018119556,0.2330815928745588,0.036973015521237135,0.07455921190958811,0.1872931524365972,0.40571564145768296,0.4677161538466735,0.49726185892560537
Raw MobileNetV3-Large,20262021,raw,industrial_1395,Industrial-1395,1395,acquisition cluster,clean,clean,52,1395,1.0,0.16897450609415093,0.24569129164955228,0.044444444444444446,0.11756272401433691,0.3247311827956989,0.5359187364578246,0.7341927111148833,0.8771710991859436,1.0,0.1781901147224309,0.2009702456889955,0.037164240797961726,0.09279386159516119,0.24507656978237513,0.2987648134840604,0.3420824277704495,0.3580047069852933
Raw MobileNetV3-Large,20262021,raw,industrial_1395,Industrial-1395,1395,acquisition cluster,blur_moderate,blur_moderate,52,1395,1.0,0.16895196695200468,0.2452706077166287,0.04516129032258064,0.11684587813620072,0.31899641577060933,0.5335740268230438,0.7267610573768611,0.8823993802070618,1.0,0.18061402219784212,0.202740091090531,0.0318086951807882,0.08443743613887253,0.23475498591782473,0.3007674336341138,0.3404318557029313,0.35576861078827043
Raw MobileNetV3-Large,20262021,raw,industrial_1395,Industrial-1395,1395,acquisition cluster,blur_severe,blur_severe,52,1395,1.0,0.16797541608873448,0.24142392067955754,0.053763440860215055,0.11541218637992831,0.30752688172043013,0.5281501412391663,0.6754311239719385,0.8161771893501282,1.0,0.18146880273636332,0.202017240233981,0.03814232108520754,0.07865111879304766,0.21958975708980522,0.2977445430453484,0.3355810310620394,0.3505316548421979
Raw MobileNetV3-Large,20262021,raw,industrial_1395,Industrial-1395,1395,acquisition cluster,perspective_moderate,perspective_moderate,52,1395,1.0,0.20332684619049302,0.2519443165809139,0.044444444444444446,0.08960573476702509,0.16415770609318997,0.47626911401748656,0.5432245540618896,0.7556530237197876,1.0,0.183118006911218,0.20080944834280215,0.04140717923207663,0.0741188056509534,0.14316895163601467,0.29933462624796303,0.329431756053139,0.3407554370203079
Raw MobileNetV3-Large,20262021,raw,industrial_1395,Industrial-1395,1395,acquisition cluster,perspective_severe,perspective_severe,52,1395,1.0,0.27948913772302714,0.3249305503260709,0.017921146953405017,0.03512544802867384,0.1039426523297491,0.5389185914993285,0.6500790643692013,0.7681713104248047,1.0,0.22411605816863261,0.24820488865974075,0.04201845616004303,0.06355249192971492,0.14524460122231878,0.36722920082287913,0.3990576491360099,0.4087638466778474
Raw MobileNetV3-Large,20262021,raw,industrial_1395,Industrial-1395,1395,acquisition cluster,combined_severe,combined_severe,52,1395,1.0,0.29364207483908894,0.3371975476009979,0.017921146953405017,0.03655913978494624,0.08888888888888889,0.5500300474166869,0.6430517172813415,0.7579135298728943,1.0,0.23790315635068654,0.2630360922698877,0.03129720067134568,0.05380155734977897,0.1359240489712446,0.38299195856429064,0.4142399216704338,0.4230174442514395
Raw MobileNetV3-Large,20262021,raw,industrial_1395,Industrial-1395,1395,acquisition cluster,projective_pooled,perspective_moderate;perspective_severe;combined_severe,52,4185,1.0,0.2588193529175364,0.3070059648175989,0.026762246117084828,0.053763440860215055,0.11899641577060932,0.5256335139274597,0.6331408095359802,0.7681713104248047,1.0,0.21504574047684571,0.24203089674446837,0.038240945354488444,0.06382428497681575,0.14144586727652603,0.3773540363191793,0.4259961127533056,0.4439273902536967
Raw MobileNetV3-Large,20262022,raw,industrial_1395,Industrial-1395,1395,acquisition cluster,all_conditions,clean;blur_moderate;blur_severe;perspective_moderate;perspective_severe;combined_severe,52,8370,1.0,0.1565209722138342,0.21773660372882764,0.05997610513739546,0.14157706093189965,0.32508960573476703,0.4697152075171468,0.5729514127969739,0.7420178055763245,1.0,0.1498907814325325,0.18650116623763235,0.05985046926371307,0.13061230152007527,0.29955494609299615,0.34724323254621176,0.4122365344130076,0.43902691911734065
Raw MobileNetV3-Large,20262022,raw,industrial_1395,Industrial-1395,1395,acquisition cluster,clean,clean,52,1395,1.0,0.11414603394064272,0.18135399241964273,0.08745519713261649,0.21577060931899641,0.4659498207885305,0.4258743494749069,0.6350272154808037,0.7420178055763245,1.0,0.12957721015873266,0.15399434117255592,0.0724865706568853,0.18288607439789542,0.37211814426859274,0.24298645216949663,0.28450226383609833,0.3031256865700468
Raw MobileNetV3-Large,20262022,raw,industrial_1395,Industrial-1395,1395,acquisition cluster,blur_moderate,blur_moderate,52,1395,1.0,0.11383349507465833,0.17934641735213852,0.08387096774193549,0.207168458781362,0.46236559139784944,0.4353837549686431,0.607073614597319,0.7328136563301086,1.0,0.12871036416895137,0.15343844948630736,0.08342271138953766,0.1739756856268946,0.3804331608345391,0.24257110295880774,0.2844258870937847,0.30308942895478164
Raw MobileNetV3-Large,20262022,raw,industrial_1395,Industrial-1395,1395,acquisition cluster,blur_severe,blur_severe,52,1395,1.0,0.11220027539337203,0.17225910832099062,0.07885304659498207,0.2014336917562724,0.43799283154121865,0.4132859975099562,0.559174576997757,0.685016930103302,1.0,0.1239034862711572,0.14787580472821601,0.07903385353035912,0.1832545451533492,0.3735458383366726,0.23536945004498536,0.27618718121477753,0.29426754979177927
Raw MobileNetV3-Large,20262022,raw,industrial_1395,Industrial-1395,1395,acquisition cluster,perspective_moderate,perspective_moderate,52,1395,1.0,0.14236659480410238,0.19301670325448786,0.05878136200716846,0.11541218637992831,0.3068100358422939,0.41955555677413936,0.5128239858150481,0.6607896089553833,1.0,0.13429030079915255,0.15812710816581427,0.06277199999343455,0.10893724263113772,0.3118996994430259,0.25194715580438765,0.2872441733124699,0.3027165742027454
Raw MobileNetV3-Large,20262022,raw,industrial_1395,Industrial-1395,1395,acquisition cluster,perspective_severe,perspective_severe,52,1395,1.0,0.22598368462050689,0.27471970901215914,0.021505376344086023,0.04874551971326165,0.13906810035842293,0.5029260170459747,0.5694984352588652,0.6835709810256958,1.0,0.19116379093563557,0.21872586908026387,0.021610056624657276,0.05501079955857394,0.1771373617876038,0.34552332825867027,0.38224057521155247,0.39228837932531646
Raw MobileNetV3-Large,20262022,raw,industrial_1395,Industrial-1395,1395,acquisition cluster,combined_severe,combined_severe,52,1395,1.0,0.23059574944972278,0.2774912556858264,0.02939068100358423,0.06093189964157706,0.13835125448028673,0.4933067458868027,0.5658736097812652,0.6674495935440063,1.0,0.1916995362615657,0.2196245695096869,0.03977762338740451,0.07960946175260077,0.18219547188754281,0.3450289334610869,0.384316803282186,0.39448008248744865
Raw MobileNetV3-Large,20262022,raw,industrial_1395,Industrial-1395,1395,acquisition cluster,projective_pooled,perspective_moderate;perspective_severe;combined_severe,52,4185,1.0,0.199648676291444,0.2514807900132421,0.03655913978494624,0.07502986857825568,0.19474313022700118,0.4808379364013671,0.5595864844322205,0.6835709810256958,1.0,0.17238454266545128,0.20344644702036477,0.041386560001832114,0.08118583464743748,0.2237441777060575,0.3478132931964519,0.40105075172858357,0.41680199916851823
SARN-v2 + MobileNetV3-Large,20262020,sarn_v2,industrial_1395,Industrial-1395,1395,acquisition cluster,all_conditions,clean;blur_moderate;blur_severe;perspective_moderate;perspective_severe;combined_severe,52,8370,1.0,0.15079838921335373,0.21894258931747385,0.06738351254480286,0.15663082437275985,0.3632019115890084,0.48870412111282346,0.6014156895875928,0.7485609650611877,1.0,0.1574438829201855,0.18826837500733037,0.0660252826157672,0.13094520023631626,0.30278661452611516,0.3214438606736799,0.3990221192306204,0.4281244650941628
SARN-v2 + MobileNetV3-Large,20262020,sarn_v2,industrial_1395,Industrial-1395,1395,acquisition cluster,clean,clean,52,1395,1.0,0.1502102016494951,0.2200381540439646,0.07240143369175628,0.16845878136200718,0.3634408602150538,0.4906460285186768,0.6131966900825492,0.7374653220176697,1.0,0.1575028015728989,0.1848612750650799,0.061974007904240465,0.13636236106837496,0.30586527106081457,0.2901695965417398,0.3288931712234459,0.3451637441889407
SARN-v2 + MobileNetV3-Large,20262020,sarn_v2,industrial_1395,Industrial-1395,1395,acquisition cluster,blur_moderate,blur_moderate,52,1395,1.0,0.14698360516966466,0.21688654277112696,0.06666666666666667,0.17419354838709677,0.3756272401433692,0.4852176398038864,0.5982515037059782,0.737956702709198,1.0,0.1538572478724043,0.18111002442424737,0.06048712269642502,0.132050603704292,0.3113082292654007,0.2886360903530739,0.32621861454513973,0.34264176182687667
SARN-v2 + MobileNetV3-Large,20262020,sarn_v2,industrial_1395,Industrial-1395,1395,acquisition cluster,blur_severe,blur_severe,52,1395,1.0,0.13797863030471175,0.20615718588285825,0.07168458781362007,0.18351254480286738,0.414336917562724,0.46988667547702784,0.5849090552330017,0.7288560271263123,1.0,0.14727045320874113,0.17514684905084105,0.07373106544618171,0.1573723059681441,0.33807493150534373,0.28108722492154115,0.32614591769055,0.3446135121249618
SARN-v2 + MobileNetV3-Large,20262020,sarn_v2,industrial_1395,Industrial-1395,1395,acquisition cluster,perspective_moderate,perspective_moderate,52,1395,1.0,0.14792052762289148,0.21560356160463792,0.06953405017921147,0.14982078853046596,0.3835125448028674,0.4860329568386077,0.5714180707931507,0.7485609650611877,1.0,0.1565069469501611,0.18438800819836917,0.06326636448308552,0.12076193285942839,0.3175295687845691,0.2931329038030874,0.3402898766689241,0.35660069678036066
SARN-v2 + MobileNetV3-Large,20262020,sarn_v2,industrial_1395,Industrial-1395,1395,acquisition cluster,perspective_severe,perspective_severe,52,1395,1.0,0.16250440438917282,0.23053846090948446,0.07168458781362007,0.13835125448028673,0.32903225806451614,0.49855299592018115,0.5926972174644468,0.7194265723228455,1.0,0.16519902963831315,0.19635105484785537,0.0828427233989951,0.12976810947026707,0.2881263275011738,0.32303246635349037,0.3725648341467575,0.3877265921808206
SARN-v2 + MobileNetV3-Large,20262020,sarn_v2,industrial_1395,Industrial-1395,1395,acquisition cluster,combined_severe,combined_severe,52,1395,1.0,0.1591929661441866,0.22366251318827338,0.052329749103942655,0.12544802867383512,0.3132616487455197,0.4887635439634323,0.6181612973213195,0.7308687567710876,1.0,0.16432681827859444,0.19477810590642516,0.053850411765675364,0.10935588834739102,0.25581535903938907,0.3173283248465604,0.36815712212159846,0.38210255941519367
SARN-v2 + MobileNetV3-Large,20262020,sarn_v2,industrial_1395,Industrial-1395,1395,acquisition cluster,projective_pooled,perspective_moderate;perspective_severe;combined_severe,52,4185,1.0,0.15653929938541697,0.22335158945842415,0.06451612903225806,0.13787335722819594,0.3419354838709677,0.49200202822685224,0.6024822092056273,0.7485609650611877,1.0,0.1620109316223562,0.19297695093325412,0.06665316654925199,0.11996197689236217,0.28715708510837734,0.33188503446836876,0.39377716788921596,0.41509727758474835
SARN-v2 + MobileNetV3-Large,20262021,sarn_v2,industrial_1395,Industrial-1395,1395,acquisition cluster,all_conditions,clean;blur_moderate;blur_severe;perspective_moderate;perspective_severe;combined_severe,52,8370,1.0,0.17429611447042753,0.24125703882457789,0.04778972520908005,0.1063321385902031,0.2731182795698925,0.5120473444461822,0.6751783508062357,0.9524892568588257,1.0,0.17937227402613834,0.20368362222336994,0.03772566637648717,0.08007389479589049,0.20501425638712278,0.32776911709149104,0.4010975817601039,0.4375209151277175
SARN-v2 + MobileNetV3-Large,20262021,sarn_v2,industrial_1395,Industrial-1395,1395,acquisition cluster,clean,clean,52,1395,1.0,0.16897450609415093,0.24569129164955228,0.044444444444444446,0.11756272401433691,0.3247311827956989,0.5359187364578246,0.7341927111148833,0.8771710991859436,1.0,0.1781901147224309,0.2009702456889955,0.037164240797961726,0.09279386159516119,0.24507656978237513,0.2987648134840604,0.3420824277704495,0.3580047069852933
SARN-v2 + MobileNetV3-Large,20262021,sarn_v2,industrial_1395,Industrial-1395,1395,acquisition cluster,blur_moderate,blur_moderate,52,1395,1.0,0.16895196695200468,0.2452706077166287,0.04516129032258064,0.11684587813620072,0.31899641577060933,0.5335740268230438,0.7267610573768611,0.8823993802070618,1.0,0.18061402219784212,0.202740091090531,0.0318086951807882,0.08443743613887253,0.23475498591782473,0.3007674336341138,0.3404318557029313,0.35576861078827043
SARN-v2 + MobileNetV3-Large,20262021,sarn_v2,industrial_1395,Industrial-1395,1395,acquisition cluster,blur_severe,blur_severe,52,1395,1.0,0.16797541608873448,0.24142392067955754,0.053763440860215055,0.11541218637992831,0.30752688172043013,0.5281501412391663,0.6754311239719385,0.8161771893501282,1.0,0.18146880273636332,0.202017240233981,0.03814232108520754,0.07865111879304766,0.21958975708980522,0.2977445430453484,0.3355810310620394,0.3505316548421979
SARN-v2 + MobileNetV3-Large,20262021,sarn_v2,industrial_1395,Industrial-1395,1395,acquisition cluster,perspective_moderate,perspective_moderate,52,1395,1.0,0.16381261059421792,0.2253954530967692,0.05806451612903226,0.11684587813620072,0.2731182795698925,0.49409462213516225,0.562282395362854,0.8315430283546448,1.0,0.16939017081658453,0.18999306302481903,0.04984110546696046,0.09016608544915396,0.2048193304503943,0.2839416540880998,0.32603893959812624,0.3453563310416081
SARN-v2 + MobileNetV3-Large,20262021,sarn_v2,industrial_1395,Industrial-1395,1395,acquisition cluster,perspective_severe,perspective_severe,52,1395,1.0,0.18638532035889877,0.2452400295421933,0.044444444444444446,0.09247311827956989,0.21505376344086022,0.5020569860935211,0.587057735919952,0.9524892568588257,1.0,0.18234909425703008,0.20357028722415113,0.03697124618807245,0.06812922314803299,0.16426883162524092,0.31109258384458144,0.3546053857939938,0.37273115362609044
SARN-v2 + MobileNetV3-Large,20262021,sarn_v2,industrial_1395,Industrial-1395,1395,acquisition cluster,combined_severe,combined_severe,52,1395,1.0,0.18967686673455839,0.24387820535970525,0.04086021505376344,0.07885304659498207,0.1992831541218638,0.48843537569046025,0.5499112784862517,0.867261528968811,1.0,0.18422143942657906,0.2052162625949934,0.03242638953993263,0.06626564365107457,0.16157606345709652,0.3087119207256975,0.3524568811203214,0.37209031378917207
SARN-v2 + MobileNetV3-Large,20262021,sarn_v2,industrial_1395,Industrial-1395,1395,acquisition cluster,projective_pooled,perspective_moderate;perspective_severe;combined_severe,52,4185,1.0,0.1799582658958917,0.2383431429794896,0.04778972520908005,0.0960573476702509,0.22915173237753883,0.49352771043777455,0.5665857148170468,0.9524892568588257,1.0,0.17865356816673122,0.20078273047509415,0.03974624706498852,0.0748536507494205,0.17688807517757726,0.3174140445727759,0.38072996192130903,0.40283594392736755
SARN-v2 + MobileNetV3-Large,20262022,sarn_v2,industrial_1395,Industrial-1395,1395,acquisition cluster,all_conditions,clean;blur_moderate;blur_severe;perspective_moderate;perspective_severe;combined_severe,52,8370,1.0,0.11991420580788391,0.1813468570841754,0.07873357228195937,0.1817204301075269,0.4222222222222222,0.4261872828006742,0.583173062801361,0.7420178055763245,1.0,0.1278327030115171,0.15546963972867725,0.06929147688598511,0.15390677895653282,0.3524603979344131,0.272087197962814,0.3431714500420369,0.36903298860711925
SARN-v2 + MobileNetV3-Large,20262022,sarn_v2,industrial_1395,Industrial-1395,1395,acquisition cluster,clean,clean,52,1395,1.0,0.11414603394064272,0.18135399241964273,0.08745519713261649,0.21577060931899641,0.4659498207885305,0.4258743494749069,0.6350272154808037,0.7420178055763245,1.0,0.12957721015873266,0.15399434117255592,0.0724865706568853,0.18288607439789542,0.37211814426859274,0.24298645216949663,0.28450226383609833,0.3031256865700468
SARN-v2 + MobileNetV3-Large,20262022,sarn_v2,industrial_1395,Industrial-1395,1395,acquisition cluster,blur_moderate,blur_moderate,52,1395,1.0,0.11383349507465833,0.17934641735213852,0.08387096774193549,0.207168458781362,0.46236559139784944,0.4353837549686431,0.607073614597319,0.7328136563301086,1.0,0.12871036416895137,0.15343844948630736,0.08342271138953766,0.1739756856268946,0.3804331608345391,0.24257110295880774,0.2844258870937847,0.30308942895478164
SARN-v2 + MobileNetV3-Large,20262022,sarn_v2,industrial_1395,Industrial-1395,1395,acquisition cluster,blur_severe,blur_severe,52,1395,1.0,0.11220027539337203,0.17225910832099062,0.07885304659498207,0.2014336917562724,0.43799283154121865,0.4132859975099562,0.559174576997757,0.685016930103302,1.0,0.1239034862711572,0.14787580472821601,0.07903385353035912,0.1832545451533492,0.3735458383366726,0.23536945004498536,0.27618718121477753,0.29426754979177927
SARN-v2 + MobileNetV3-Large,20262022,sarn_v2,industrial_1395,Industrial-1395,1395,acquisition cluster,perspective_moderate,perspective_moderate,52,1395,1.0,0.11693862772689179,0.17431398686400665,0.07311827956989247,0.1770609318996416,0.43799283154121865,0.4077599763870238,0.5602325379848481,0.6915437579154968,1.0,0.12588363450771436,0.14935262177270062,0.055263916801356824,0.13813675998936364,0.35116287516685196,0.24210657109074674,0.2808187840955246,0.29527054409071424
SARN-v2 + MobileNetV3-Large,20262022,sarn_v2,industrial_1395,Industrial-1395,1395,acquisition cluster,perspective_severe,perspective_severe,52,1395,1.0,0.1338505816676359,0.19497714870893781,0.07670250896057347,0.15197132616487455,0.3763440860215054,0.45690419077873223,0.5754201507568358,0.6901242733001709,1.0,0.13182980558981766,0.15838430684992874,0.0643969594083332,0.13573742990725812,0.32290363560146396,0.2642696433648276,0.3022072812793537,0.31635365007072686
SARN-v2 + MobileNetV3-Large,20262022,sarn_v2,industrial_1395,Industrial-1395,1395,acquisition cluster,combined_severe,combined_severe,52,1395,1.0,0.12851622104410265,0.18490817323099504,0.07240143369175628,0.13691756272401434,0.35268817204301073,0.42534922659397123,0.5718459784984584,0.6774973273277283,1.0,0.12709171737272945,0.15170445956539333,0.06114484952943861,0.10945017866443575,0.3145987333983582,0.25463737029869776,0.29533479120231587,0.3104468167024927
SARN-v2 + MobileNetV3-Large,20262022,sarn_v2,industrial_1395,Industrial-1395,1395,acquisition cluster,projective_pooled,perspective_moderate;perspective_severe;combined_severe,52,4185,1.0,0.12643514347954343,0.18492564907976394,0.07407407407407407,0.15531660692951016,0.38900836320191157,0.4292561054229735,0.5699017691612243,0.6915437579154968,1.0,0.12826838582342048,0.15460838730736384,0.060268575246376216,0.1277747895203525,0.32955508138889134,0.2699667862102293,0.32575474909863217,0.34409317394154953
