method,seed,preprocessing,dataset,dataset_name,dataset_samples,groups,group_unit,scope,conditions,rows,pooled_coverage,pooled_nmae,pooled_rmse,pooled_acc_at_1_percent,pooled_acc_at_2_percent,pooled_acc_at_5_percent,pooled_p95_absolute_error,pooled_p99_absolute_error,pooled_maximum_absolute_error,group_macro_coverage,group_macro_nmae,group_macro_rmse,group_macro_acc_at_1_percent,group_macro_acc_at_2_percent,group_macro_acc_at_5_percent,group_macro_p95_absolute_error,group_macro_p99_absolute_error,group_macro_maximum_absolute_error
GeoPRR-Net,20262020,dual_view,field_gauge_external_roi,FieldGauge-External-ROI,147,21,provisional capture session,all_conditions,clean;blur_moderate;blur_severe;perspective_moderate;perspective_severe;combined_severe,882,1.0,0.13598327081557574,0.16194985953892357,0.045351473922902494,0.09070294784580499,0.20068027210884354,0.28779134869575496,0.3523564575513201,0.39049330552419026,1.0,0.13882384140990553,0.160260815166257,0.048611111111111105,0.0882936507936508,0.1884920634920635,0.26197156533646204,0.2982899211416169,0.3138536921569279
GeoPRR-Net,20262020,dual_view,field_gauge_external_roi,FieldGauge-External-ROI,147,21,provisional capture session,clean,clean,147,1.0,0.1321719945517797,0.16003125705684085,0.07482993197278912,0.11564625850340136,0.22448979591836735,0.28200109759966524,0.3549258286158243,0.36659607887268064,1.0,0.1330099074491275,0.15596267393558888,0.08333333333333333,0.11904761904761904,0.22023809523809523,0.239645818825752,0.2502833123422804,0.25294268572141254
GeoPRR-Net,20262020,dual_view,field_gauge_external_roi,FieldGauge-External-ROI,147,21,provisional capture session,blur_moderate,blur_moderate,147,1.0,0.13127000593274088,0.15688061632493241,0.061224489795918366,0.07482993197278912,0.20408163265306123,0.27424682331085204,0.3310805328687029,0.3596616744995117,1.0,0.13262915485513904,0.1529302194132323,0.07142857142857142,0.08333333333333333,0.19642857142857142,0.23225302361022857,0.24174359292397418,0.2441162352524106
GeoPRR-Net,20262020,dual_view,field_gauge_external_roi,FieldGauge-External-ROI,147,21,provisional capture session,blur_severe,blur_severe,147,1.0,0.13881492773016021,0.16474407403575522,0.027210884353741496,0.09523809523809523,0.19047619047619047,0.2913547480106353,0.3386788838704426,0.3748326619466146,1.0,0.14315547676274068,0.16274038163491783,0.041666666666666664,0.10119047619047619,0.18452380952380953,0.24061848425013677,0.2492305776889362,0.25138360104863605
GeoPRR-Net,20262020,dual_view,field_gauge_external_roi,FieldGauge-External-ROI,147,21,provisional capture session,perspective_moderate,perspective_moderate,147,1.0,0.13490174478684422,0.1628987832390878,0.047619047619047616,0.08843537414965986,0.2108843537414966,0.3011594732602437,0.3444821246465045,0.3636216402053833,1.0,0.13494000373457476,0.15776551590136917,0.041666666666666664,0.07738095238095238,0.20238095238095238,0.24712198360761,0.2648192507372962,0.26924356751971773
GeoPRR-Net,20262020,dual_view,field_gauge_external_roi,FieldGauge-External-ROI,147,21,provisional capture session,perspective_severe,perspective_severe,147,1.0,0.13018064559452114,0.15576911165583987,0.013605442176870748,0.10884353741496598,0.22448979591836735,0.27252263863881426,0.33421980603535945,0.39049330552419026,1.0,0.13550718308520066,0.15469854542688552,0.011904761904761904,0.09523809523809523,0.19642857142857142,0.23740655093722868,0.2547779134356786,0.2591207540602911
GeoPRR-Net,20262020,dual_view,field_gauge_external_roi,FieldGauge-External-ROI,147,21,provisional capture session,combined_severe,combined_severe,147,1.0,0.1485603062974082,0.1708928651455522,0.047619047619047616,0.061224489795918366,0.14965986394557823,0.2862668152650197,0.34161802951494824,0.35888288815816244,1.0,0.15370132257265073,0.16979520427328593,0.041666666666666664,0.05357142857142857,0.13095238095238096,0.24271089892254932,0.2548893007810153,0.25793390124563187
GeoPRR-Net,20262020,dual_view,field_gauge_external_roi,FieldGauge-External-ROI,147,21,provisional capture session,projective_pooled,perspective_moderate;perspective_severe;combined_severe,441,1.0,0.13788089889292454,0.16330380796180752,0.036281179138321996,0.08616780045351474,0.19501133786848074,0.2897460023562113,0.35188265085220355,0.39049330552419026,1.0,0.14138283646414201,0.16185455017907185,0.031746031746031744,0.07539682539682539,0.1765873015873016,0.2574101481806664,0.2948690943375466,0.30510279907120597
GeoPRR-Net,20262020,dual_view,field_gauge_roi_test_a,FieldGauge-ROI Test-A,434,11,source-directory group,all_conditions,clean;blur_moderate;blur_severe;perspective_moderate;perspective_severe;combined_severe,2604,1.0,0.10358934549212644,0.1678438119761183,0.11328725038402458,0.2457757296466974,0.5349462365591398,0.42020023137331003,0.505158573389053,0.8149905204772949,1.0,0.09881423292022412,0.12225755506310812,0.11292394180871983,0.2502228743772084,0.5493975959041634,0.2217802051435817,0.2941969704109159,0.372264174669981
GeoPRR-Net,20262020,dual_view,field_gauge_roi_test_a,FieldGauge-ROI Test-A,434,11,source-directory group,clean,clean,434,1.0,0.09414753070137193,0.1590657864085589,0.1175115207373272,0.271889400921659,0.6082949308755761,0.407570049166679,0.4854976773262024,0.6549865007400513,1.0,0.09021599093909138,0.10327199144401104,0.10957140111474149,0.2526884144748838,0.6016166184287276,0.16113808585229245,0.18866428747862576,0.20221943430738018
GeoPRR-Net,20262020,dual_view,field_gauge_roi_test_a,FieldGauge-ROI Test-A,434,11,source-directory group,blur_moderate,blur_moderate,434,1.0,0.09359908491213406,0.15799195387586495,0.10829493087557604,0.271889400921659,0.6152073732718893,0.39945453703403466,0.49092179954051973,0.6555572152137756,1.0,0.09057752415688498,0.10432218622697023,0.10048049202383241,0.29582218345431877,0.6080798521646886,0.1634068477488377,0.19153063488819377,0.2025307076356628
GeoPRR-Net,20262020,dual_view,field_gauge_roi_test_a,FieldGauge-ROI Test-A,434,11,source-directory group,blur_severe,blur_severe,434,1.0,0.09695436535959352,0.16123279665484308,0.09907834101382489,0.2488479262672811,0.5852534562211982,0.41222038596868477,0.5091325283050538,0.6166927814483643,1.0,0.09238610620891198,0.10676682564688202,0.09134153373054006,0.27449314251639834,0.5806191169872515,0.17239231782311745,0.20091110758272082,0.20955985806205055
GeoPRR-Net,20262020,dual_view,field_gauge_roi_test_a,FieldGauge-ROI Test-A,434,11,source-directory group,perspective_moderate,perspective_moderate,434,1.0,0.09380279329491238,0.15752305856599144,0.12211981566820276,0.2534562211981567,0.5460829493087558,0.40028446137905116,0.5005378133058549,0.8149905204772949,1.0,0.08884528706688433,0.10942241930378821,0.11501599176017781,0.23572100908253127,0.5879081809887892,0.1769341565749862,0.24862271236547012,0.2794448437338526
GeoPRR-Net,20262020,dual_view,field_gauge_roi_test_a,FieldGauge-ROI Test-A,434,11,source-directory group,perspective_severe,perspective_severe,434,1.0,0.11295961447820617,0.1753160683142471,0.12672811059907835,0.22119815668202766,0.44930875576036866,0.43171328008174864,0.49955015242099765,0.6992177367210388,1.0,0.10685267438063052,0.13120695416198191,0.11873500002464063,0.2062716529418432,0.5004574006204612,0.2254642973734574,0.28699520678858864,0.3151356532492421
GeoPRR-Net,20262020,dual_view,field_gauge_roi_test_a,FieldGauge-ROI Test-A,434,11,source-directory group,combined_severe,combined_severe,434,1.0,0.1300726842065406,0.19292650650044985,0.10599078341013825,0.2073732718894009,0.4055299539170507,0.4468365356326102,0.5248405873775482,0.6081762313842773,1.0,0.12400781476894154,0.15182857698681348,0.14239923219838654,0.23634084379327505,0.4177044062350616,0.26258523726598787,0.3087286217289891,0.3308724348788912
GeoPRR-Net,20262020,dual_view,field_gauge_roi_test_a,FieldGauge-ROI Test-A,434,11,source-directory group,projective_pooled,perspective_moderate;perspective_severe;combined_severe,1302,1.0,0.11227836399321972,0.175850196379019,0.11827956989247312,0.22734254992319508,0.46697388632872505,0.4282492309808732,0.521337131857872,0.8149905204772949,1.0,0.10656859207215214,0.13307970032704874,0.12538340799440165,0.22611116860588318,0.5020233292814373,0.24490714220404622,0.3201856519755992,0.36487585925243116
GeoPRR-Net,20262020,dual_view,field_gauge_roi_test_b,FieldGauge-ROI Test-B,814,20,source-directory group,all_conditions,clean;blur_moderate;blur_severe;perspective_moderate;perspective_severe;combined_severe,4884,1.0,0.09636556296787369,0.16372885286756025,0.06715806715806716,0.180999180999181,0.5210892710892711,0.43615281730890243,0.6100833529233933,0.8079308271408081,1.0,0.09594293969031488,0.1187051285326757,0.06726453880010652,0.1817292457631035,0.5158180055686394,0.2041034674465656,0.30512502687561516,0.3455771729052067
GeoPRR-Net,20262020,dual_view,field_gauge_roi_test_b,FieldGauge-ROI Test-B,814,20,source-directory group,clean,clean,814,1.0,0.09508101825075595,0.16665625743527845,0.06511056511056511,0.17813267813267813,0.5466830466830467,0.4531894996762259,0.6241904366016389,0.7888859510421753,1.0,0.09525713910603194,0.11613563790680925,0.06359891400589075,0.1772029012179491,0.5406214019983998,0.19263551572524013,0.2505534465006291,0.27644705653935675
GeoPRR-Net,20262020,dual_view,field_gauge_roi_test_b,FieldGauge-ROI Test-B,814,20,source-directory group,blur_moderate,blur_moderate,814,1.0,0.09457964709228596,0.16659082558004304,0.06388206388206388,0.1928746928746929,0.5503685503685504,0.45278115868568286,0.6249937337636947,0.7923345565795898,1.0,0.09472771836057783,0.11549656399498835,0.06336823193526339,0.19223289706189844,0.5447883268048594,0.1922572119232267,0.24772657057362787,0.27311468657851223
GeoPRR-Net,20262020,dual_view,field_gauge_roi_test_b,FieldGauge-ROI Test-B,814,20,source-directory group,blur_severe,blur_severe,814,1.0,0.09660480082209888,0.16785203006739152,0.052825552825552825,0.18058968058968058,0.5245700245700246,0.4521167039871215,0.6131560856103897,0.7621556520462036,1.0,0.09674718370736732,0.11767635962023903,0.056785538143267277,0.18109166749043631,0.5169910418436493,0.1879724456840381,0.25973762438842646,0.28939828898757697
GeoPRR-Net,20262020,dual_view,field_gauge_roi_test_b,FieldGauge-ROI Test-B,814,20,source-directory group,perspective_moderate,perspective_moderate,814,1.0,0.09422791345034903,0.16260505256141813,0.060196560196560195,0.171990171990172,0.5331695331695332,0.43053187578916485,0.6414910566806793,0.8079308271408081,1.0,0.09372239719453102,0.11344960244781359,0.060424166956314695,0.1727308559353703,0.5262375717680012,0.1855934614142403,0.24604399043898276,0.2697646890282631
GeoPRR-Net,20262020,dual_view,field_gauge_roi_test_b,FieldGauge-ROI Test-B,814,20,source-directory group,perspective_severe,perspective_severe,814,1.0,0.09905991395717116,0.16269419562366397,0.08845208845208845,0.19164619164619165,0.49385749385749383,0.41679718494415174,0.5866175198554994,0.7104213833808899,1.0,0.09766168869106522,0.11964840916602107,0.08896616379516517,0.19379507671231339,0.4892247395463004,0.21320957397613674,0.2662423364871442,0.2823039170891047
GeoPRR-Net,20262020,dual_view,field_gauge_roi_test_b,FieldGauge-ROI Test-B,814,20,source-directory group,combined_severe,combined_severe,814,1.0,0.09864008423458118,0.15566600095175556,0.07248157248157248,0.17076167076167076,0.47788697788697787,0.3896667331457135,0.5360357284545899,0.6032586693763733,1.0,0.09754151108231593,0.12052833036563226,0.0704442179647378,0.17332207616065345,0.477044951450627,0.21683632636778055,0.2789647474420815,0.30132348676025866
GeoPRR-Net,20262020,dual_view,field_gauge_roi_test_b,FieldGauge-ROI Test-B,814,20,source-directory group,projective_pooled,perspective_moderate;perspective_severe;combined_severe,2442,1.0,0.09730930388070044,0.16035555105290716,0.07371007371007371,0.17813267813267813,0.5016380016380017,0.4125326335430144,0.5892647689580919,0.8079308271408081,1.0,0.09630853232263739,0.11873188336869678,0.07327818290540589,0.1799493362694457,0.4975024209216429,0.21493686714943488,0.286441264344573,0.32652426202595236
GeoPRR-Net,20262021,dual_view,field_gauge_external_roi,FieldGauge-External-ROI,147,21,provisional capture session,all_conditions,clean;blur_moderate;blur_severe;perspective_moderate;perspective_severe;combined_severe,882,1.0,0.22277973214444194,0.26807166303505287,0.02834467120181406,0.048752834467120185,0.1292517006802721,0.4907990475495656,0.5864807182153066,0.6313863873481751,1.0,0.22005855909235483,0.26133616559287176,0.025132275132275134,0.04298941798941799,0.12665343915343916,0.45174775822389684,0.48356056238356093,0.49015762904333693
GeoPRR-Net,20262021,dual_view,field_gauge_external_roi,FieldGauge-External-ROI,147,21,provisional capture session,clean,clean,147,1.0,0.23624383167615012,0.28177279140546535,0.006802721088435374,0.027210884353741496,0.10204081632653061,0.5217137428124743,0.586395693620046,0.6313863873481751,1.0,0.23136778049368076,0.27275496131930366,0.005952380952380952,0.023809523809523808,0.09523809523809523,0.4321029338231162,0.45518757185557523,0.46095873136369003
GeoPRR-Net,20262021,dual_view,field_gauge_external_roi,FieldGauge-External-ROI,147,21,provisional capture session,blur_moderate,blur_moderate,147,1.0,0.23265792278475772,0.27884368338941706,0.027210884353741496,0.047619047619047616,0.10884353741496598,0.4992779811223348,0.5786274442672729,0.6149473667144776,1.0,0.22900238317471963,0.2703734459595267,0.023809523809523808,0.041666666666666664,0.10119047619047619,0.4283053381443023,0.44862383000737144,0.4537034529731387
GeoPRR-Net,20262021,dual_view,field_gauge_external_roi,FieldGauge-External-ROI,147,21,provisional capture session,blur_severe,blur_severe,147,1.0,0.22668362583973511,0.2717685222242256,0.034013605442176874,0.047619047619047616,0.12244897959183673,0.4828028949101766,0.5883720370928446,0.5926933606465657,1.0,0.22569136378389817,0.2651942804241495,0.02976190476190476,0.041666666666666664,0.10714285714285714,0.41485878239548385,0.4320721247366496,0.436375460321941
GeoPRR-Net,20262021,dual_view,field_gauge_external_roi,FieldGauge-External-ROI,147,21,provisional capture session,perspective_moderate,perspective_moderate,147,1.0,0.22083135918965419,0.26828356543959314,0.04081632653061224,0.047619047619047616,0.14285714285714285,0.48063581784566245,0.5824818313121796,0.5879006544748941,1.0,0.21530830875590995,0.2590803538451935,0.037698412698412696,0.04365079365079365,0.1765873015873016,0.4153381304097553,0.43904745650594196,0.4449747880299886
GeoPRR-Net,20262021,dual_view,field_gauge_external_roi,FieldGauge-External-ROI,147,21,provisional capture session,perspective_severe,perspective_severe,147,1.0,0.21189968903696083,0.2558214935803311,0.034013605442176874,0.06802721088435375,0.1564625850340136,0.4809874502817786,0.5562377637227373,0.5925574620564779,1.0,0.2114106001284599,0.2506414609295658,0.02976190476190476,0.05952380952380952,0.1488095238095238,0.39403686169026386,0.4170197464651531,0.4227654676588755
GeoPRR-Net,20262021,dual_view,field_gauge_external_roi,FieldGauge-External-ROI,147,21,provisional capture session,combined_severe,combined_severe,147,1.0,0.20836196433939363,0.25049142831058496,0.027210884353741496,0.05442176870748299,0.14285714285714285,0.4589292784531911,0.5031628255049383,0.527967381477356,1.0,0.20757091821746063,0.245119860226233,0.023809523809523808,0.047619047619047616,0.13095238095238096,0.384048508967672,0.40475490390951663,0.40993150264497785
GeoPRR-Net,20262021,dual_view,field_gauge_external_roi,FieldGauge-External-ROI,147,21,provisional capture session,projective_pooled,perspective_moderate;perspective_severe;combined_severe,441,1.0,0.21369767085533622,0.25830644831267685,0.034013605442176874,0.05668934240362812,0.1473922902494331,0.46987387736638386,0.5723543699582421,0.5925574620564779,1.0,0.21142994236727683,0.2522807501523548,0.03042328042328042,0.05026455026455027,0.1521164021164021,0.42996618481477095,0.4610902567250388,0.4691016384533473
GeoPRR-Net,20262021,dual_view,field_gauge_roi_test_a,FieldGauge-ROI Test-A,434,11,source-directory group,all_conditions,clean;blur_moderate;blur_severe;perspective_moderate;perspective_severe;combined_severe,2604,1.0,0.12141869615564,0.19886255546980508,0.13863287250384024,0.3076036866359447,0.49039938556067586,0.4635812446475029,0.7255585998296737,0.8987669944763184,1.0,0.11492173075214862,0.1426204685890369,0.12787414312255752,0.2846191453676497,0.481226303721918,0.28515871291065753,0.34924580982191994,0.3972671672701836
GeoPRR-Net,20262021,dual_view,field_gauge_roi_test_a,FieldGauge-ROI Test-A,434,11,source-directory group,clean,clean,434,1.0,0.11592440469712363,0.19172609492954007,0.1382488479262673,0.3663594470046083,0.5138248847926268,0.4454548269510268,0.6693533694744115,0.8719863295555115,1.0,0.11045485436071155,0.13217898029720387,0.12671055160484335,0.33821833557562947,0.5175037267621947,0.22823309723667123,0.2928529834120652,0.3205370216207071
GeoPRR-Net,20262021,dual_view,field_gauge_roi_test_a,FieldGauge-ROI Test-A,434,11,source-directory group,blur_moderate,blur_moderate,434,1.0,0.11577803987544458,0.19212272220618637,0.1382488479262673,0.35023041474654376,0.5138248847926268,0.45534050315618474,0.6691410177946091,0.887539267539978,1.0,0.11118648092168404,0.13321947376582643,0.12624927926196425,0.3226263694022679,0.4739834172844384,0.23061329852322288,0.2966618765697424,0.32690226632085717
GeoPRR-Net,20262021,dual_view,field_gauge_roi_test_a,FieldGauge-ROI Test-A,434,11,source-directory group,blur_severe,blur_severe,434,1.0,0.12334048724984792,0.20455374957705805,0.12672811059907835,0.3294930875576037,0.5023041474654378,0.478035153448581,0.7102825558185585,0.8695484399795532,1.0,0.11799589632307766,0.14135134197951954,0.11531328079953873,0.303970096147686,0.4637847184977319,0.2619673791401766,0.30735822605226526,0.32108629010617734
GeoPRR-Net,20262021,dual_view,field_gauge_roi_test_a,FieldGauge-ROI Test-A,434,11,source-directory group,perspective_moderate,perspective_moderate,434,1.0,0.10899706556251453,0.1877846921189329,0.18663594470046083,0.3317972350230415,0.5207373271889401,0.4363520190119738,0.7458619666099551,0.8703256845474243,1.0,0.103294308745732,0.13175484820286582,0.17391408802613875,0.30732116757936556,0.5224045356979098,0.2641314670679244,0.3167212201067805,0.33226790116591887
GeoPRR-Net,20262021,dual_view,field_gauge_roi_test_a,FieldGauge-ROI Test-A,434,11,source-directory group,perspective_severe,perspective_severe,434,1.0,0.13313671481817926,0.21080096624035471,0.14746543778801843,0.2626728110599078,0.46543778801843316,0.4679152756929397,0.7020215809345257,0.8987669944763184,1.0,0.124027580488892,0.15198310833997367,0.13681529886603883,0.24435002981514609,0.4728412722778698,0.28371076266548856,0.32411611668288703,0.3346427921544422
GeoPRR-Net,20262021,dual_view,field_gauge_roi_test_a,FieldGauge-ROI Test-A,434,11,source-directory group,combined_severe,combined_severe,434,1.0,0.13133546473073004,0.2050987213878672,0.0944700460829493,0.20506912442396313,0.42626728110599077,0.4645170912146567,0.7220577138662349,0.8318588733673096,1.0,0.12257126367279439,0.15174384732512672,0.08824236017682106,0.19122887368580319,0.4368401518113632,0.28551141652857714,0.33397943737506863,0.3525272794745185
GeoPRR-Net,20262021,dual_view,field_gauge_roi_test_a,FieldGauge-ROI Test-A,434,11,source-directory group,projective_pooled,perspective_moderate;perspective_severe;combined_severe,1302,1.0,0.12448974837047462,0.20146598015298395,0.14285714285714285,0.2665130568356375,0.47081413210445466,0.46639699637889864,0.7384931635856629,0.8987669944763184,1.0,0.11663105096913946,0.1462386467861507,0.13299058235633288,0.2476333570267716,0.47736198659571427,0.28860716479867693,0.3442923177291047,0.37989181727170945
GeoPRR-Net,20262021,dual_view,field_gauge_roi_test_b,FieldGauge-ROI Test-B,814,20,source-directory group,all_conditions,clean;blur_moderate;blur_severe;perspective_moderate;perspective_severe;combined_severe,4884,1.0,0.12413377088949505,0.1998646386846028,0.09275184275184276,0.19717444717444718,0.46130221130221133,0.4774512931704517,0.6906233614683152,0.9334620237350464,1.0,0.12020038866394087,0.14989403268603413,0.09357986044203555,0.20047925183698098,0.47036991517214066,0.27403279923997814,0.38967679678541434,0.4394634504318238
GeoPRR-Net,20262021,dual_view,field_gauge_roi_test_b,FieldGauge-ROI Test-B,814,20,source-directory group,clean,clean,814,1.0,0.12992303715059558,0.21135422933898457,0.07985257985257985,0.1904176904176904,0.4680589680589681,0.5103710353374471,0.7173701858520508,0.8939263820648193,1.0,0.1260243543985073,0.1517497735624019,0.07974140542539995,0.1945199313530367,0.47585198173900584,0.2578864892657101,0.33079496567460887,0.36269947805255653
GeoPRR-Net,20262021,dual_view,field_gauge_roi_test_b,FieldGauge-ROI Test-B,814,20,source-directory group,blur_moderate,blur_moderate,814,1.0,0.12938497277062744,0.21034549708764316,0.08353808353808354,0.1941031941031941,0.4680589680589681,0.5088029563426958,0.714888255596161,0.8940815925598145,1.0,0.12548522341464569,0.1518119462144613,0.08433513021406318,0.1979291513320241,0.4760433554059893,0.2558270150613785,0.3322698934836983,0.36531801496446137
GeoPRR-Net,20262021,dual_view,field_gauge_roi_test_b,FieldGauge-ROI Test-B,814,20,source-directory group,blur_severe,blur_severe,814,1.0,0.13473880166846902,0.21628167819951036,0.08353808353808354,0.18181818181818182,0.44226044226044225,0.5379871279001233,0.6775112903118133,0.9334620237350464,1.0,0.13060578272412957,0.15840243107601876,0.08346459172382566,0.18739421924784444,0.45154183751252586,0.26244120691411194,0.3490029790044128,0.38319651973247526
GeoPRR-Net,20262021,dual_view,field_gauge_roi_test_b,FieldGauge-ROI Test-B,814,20,source-directory group,perspective_moderate,perspective_moderate,814,1.0,0.11812051103219243,0.1965445618549769,0.11056511056511056,0.22604422604422605,0.48402948402948404,0.49513531923294,0.7261769831180572,0.8751400709152222,1.0,0.11425134542986144,0.14255473824764706,0.11071791675416846,0.2262779760898776,0.4917818477071588,0.2500849439009279,0.33632538673418755,0.36368746165931226
GeoPRR-Net,20262021,dual_view,field_gauge_roi_test_b,FieldGauge-ROI Test-B,814,20,source-directory group,perspective_severe,perspective_severe,814,1.0,0.12294777100885639,0.19306103927884893,0.09582309582309582,0.20147420147420148,0.45085995085995084,0.43414783030748366,0.6810556590557099,0.8878847360610962,1.0,0.11866624045634018,0.14680447833082938,0.09958864816593956,0.2049836540568415,0.4605057800740294,0.26601282477006316,0.34449975641918174,0.3804273751616478
GeoPRR-Net,20262021,dual_view,field_gauge_roi_test_b,FieldGauge-ROI Test-B,814,20,source-directory group,combined_severe,combined_severe,814,1.0,0.10968753170622948,0.16756882277931823,0.10319410319410319,0.1891891891891892,0.45454545454545453,0.3794513821601856,0.5997256082296373,0.7562447190284729,1.0,0.10616938556016106,0.13338185010959075,0.10363147036881645,0.19177057894226157,0.46649468859413473,0.2422178525349498,0.33494601453441375,0.3678820241689682
GeoPRR-Net,20262021,dual_view,field_gauge_roi_test_b,FieldGauge-ROI Test-B,814,20,source-directory group,projective_pooled,perspective_moderate;perspective_severe;combined_severe,2442,1.0,0.11691860458242609,0.18617343173310263,0.10319410319410319,0.20556920556920558,0.4631449631449631,0.4321828633546828,0.6786221784353257,0.8878847360610962,1.0,0.1130289904821209,0.14246673705978935,0.10464601176297483,0.2076774030296602,0.47292743879177435,0.2687782612675428,0.3798765892279148,0.40600018987059594
GeoPRR-Net,20262022,dual_view,field_gauge_external_roi,FieldGauge-External-ROI,147,21,provisional capture session,all_conditions,clean;blur_moderate;blur_severe;perspective_moderate;perspective_severe;combined_severe,882,1.0,0.24100148848215017,0.26390149686065334,0.01020408163265306,0.017006802721088437,0.05328798185941043,0.412603476246198,0.46269314364592173,0.5356947660446167,1.0,0.24217178187239422,0.2633842694124182,0.012235449735449735,0.01984126984126984,0.05257936507936508,0.38879491534308774,0.41797087161540986,0.42798912165656916
GeoPRR-Net,20262022,dual_view,field_gauge_external_roi,FieldGauge-External-ROI,147,21,provisional capture session,clean,clean,147,1.0,0.24545132873279976,0.266180330215398,0.006802721088435374,0.006802721088435374,0.061224489795918366,0.4020894992351531,0.4413721066315967,0.4523188829421997,1.0,0.24393187096983032,0.26277116165386005,0.005952380952380952,0.005952380952380952,0.05952380952380952,0.35661228034988274,0.36950496505328584,0.3727281362291366
GeoPRR-Net,20262022,dual_view,field_gauge_external_roi,FieldGauge-External-ROI,147,21,provisional capture session,blur_moderate,blur_moderate,147,1.0,0.2496383786390698,0.26723982477052505,0.0,0.006802721088435374,0.027210884353741496,0.38995359420776354,0.44136234839757277,0.44598976373672483,1.0,0.24939126627391608,0.26470070780935967,0.0,0.005952380952380952,0.023809523809523808,0.35084363581169214,0.36299772633351973,0.36603624896397663
GeoPRR-Net,20262022,dual_view,field_gauge_external_roi,FieldGauge-External-ROI,147,21,provisional capture session,blur_severe,blur_severe,147,1.0,0.25659891903265264,0.27506298701950077,0.006802721088435374,0.006802721088435374,0.006802721088435374,0.424796422322591,0.47619632045427945,0.4912952502568563,1.0,0.2563536456660934,0.27365174594328756,0.015873015873015872,0.015873015873015872,0.015873015873015872,0.3662667519175817,0.3791702888625008,0.38239617309873064
GeoPRR-Net,20262022,dual_view,field_gauge_external_roi,FieldGauge-External-ROI,147,21,provisional capture session,perspective_moderate,perspective_moderate,147,1.0,0.22095936244847822,0.24731717679103574,0.0,0.006802721088435374,0.06802721088435375,0.4168643542130788,0.4591522904237111,0.49233199755350743,1.0,0.2231749518649288,0.24492474910598522,0.0,0.005952380952380952,0.05952380952380952,0.3511414365531906,0.36777848857527684,0.3719377515807984
GeoPRR-Net,20262022,dual_view,field_gauge_external_roi,FieldGauge-External-ROI,147,21,provisional capture session,perspective_severe,perspective_severe,147,1.0,0.2283325708831519,0.2515276570472709,0.0,0.006802721088435374,0.061224489795918366,0.40481650551160164,0.45150381000836676,0.49523154099782307,1.0,0.23148111487743717,0.2522126902216445,0.0,0.015873015873015872,0.06349206349206349,0.35022208467173194,0.36193191642572003,0.3648593743642171
GeoPRR-Net,20262022,dual_view,field_gauge_external_roi,FieldGauge-External-ROI,147,21,provisional capture session,combined_severe,combined_severe,147,1.0,0.24502837115674872,0.2747786620375266,0.047619047619047616,0.06802721088435375,0.09523809523809523,0.4324356051286061,0.49062003986040736,0.5356947660446167,1.0,0.24869784158215952,0.2762322569199385,0.051587301587301584,0.06944444444444445,0.09325396825396826,0.39023759852704537,0.4032165711936496,0.4064613143603007
GeoPRR-Net,20262022,dual_view,field_gauge_external_roi,FieldGauge-External-ROI,147,21,provisional capture session,projective_pooled,perspective_moderate;perspective_severe;combined_severe,441,1.0,0.2314401014961263,0.25815709771810863,0.015873015873015872,0.027210884353741496,0.07482993197278912,0.4155615568161011,0.4829548462231954,0.5356947660446167,1.0,0.23445130277484183,0.2588651760016638,0.017195767195767195,0.03042328042328042,0.07208994708994709,0.3837521961094841,0.41370682950814563,0.42183447773494415
GeoPRR-Net,20262022,dual_view,field_gauge_roi_test_a,FieldGauge-ROI Test-A,434,11,source-directory group,all_conditions,clean;blur_moderate;blur_severe;perspective_moderate;perspective_severe;combined_severe,2604,1.0,0.12644332180490586,0.2013711957004661,0.11290322580645161,0.22657450076804916,0.4251152073732719,0.4979377850890159,0.652996243238449,0.8050261735916138,1.0,0.12241313048161705,0.14944611948863548,0.11251691989007,0.22664022317827814,0.42116098406863556,0.27824666832699013,0.3461545949636807,0.3918965370817618
GeoPRR-Net,20262022,dual_view,field_gauge_roi_test_a,FieldGauge-ROI Test-A,434,11,source-directory group,clean,clean,434,1.0,0.1184301797057489,0.19716339736050834,0.12903225806451613,0.26036866359447003,0.45622119815668205,0.4933244004845617,0.6769945186376571,0.7691687345504761,1.0,0.11616007782922098,0.13777600643993962,0.11961848933307707,0.2433140150899136,0.4203380136873907,0.23670469680658798,0.28346728815057065,0.301170474643057
GeoPRR-Net,20262022,dual_view,field_gauge_roi_test_a,FieldGauge-ROI Test-A,434,11,source-directory group,blur_moderate,blur_moderate,434,1.0,0.11828106398568038,0.19719478989082956,0.1313364055299539,0.2626728110599078,0.4539170506912442,0.4844170793890947,0.6634607660770419,0.7752362489700317,1.0,0.11625331156706667,0.13817316401270166,0.12173265423793965,0.2458516289911639,0.4184037777106015,0.23833923519158906,0.28660496340339836,0.3039353529296138
GeoPRR-Net,20262022,dual_view,field_gauge_roi_test_a,FieldGauge-ROI Test-A,434,11,source-directory group,blur_severe,blur_severe,434,1.0,0.12717918440500436,0.2061132506862184,0.10138248847926268,0.2304147465437788,0.43548387096774194,0.5076697766780849,0.6795256638526918,0.8050261735916138,1.0,0.12460548200115192,0.14710606543087118,0.09421968095329616,0.21611397763617637,0.4014904584717009,0.25294900825511324,0.30389217654087325,0.32256408377127216
GeoPRR-Net,20262022,dual_view,field_gauge_roi_test_a,FieldGauge-ROI Test-A,434,11,source-directory group,perspective_moderate,perspective_moderate,434,1.0,0.11210717063292448,0.17728160759910824,0.1336405529953917,0.22580645161290322,0.4308755760368664,0.4622089606523513,0.5809005057811737,0.7636390924453735,1.0,0.10840680314369192,0.13213055689608447,0.12656159907745532,0.21196967232908034,0.44133551512886676,0.2339199840488759,0.2872313493957303,0.30904054825956173
GeoPRR-Net,20262022,dual_view,field_gauge_roi_test_a,FieldGauge-ROI Test-A,434,11,source-directory group,perspective_severe,perspective_severe,434,1.0,0.1366199395041741,0.2086728092397291,0.08755760368663594,0.1889400921658986,0.39400921658986177,0.506698989868164,0.620350136756897,0.7442211508750916,1.0,0.13168288858929877,0.160813153002202,0.12476455890832212,0.21994583992469827,0.4070774561530712,0.271622924682498,0.3371276915445653,0.3589068376205184
GeoPRR-Net,20262022,dual_view,field_gauge_roi_test_a,FieldGauge-ROI Test-A,434,11,source-directory group,combined_severe,combined_severe,434,1.0,0.14604239259590288,0.21928788956716685,0.0944700460829493,0.1912442396313364,0.38018433179723504,0.5102940618991846,0.6266947221755983,0.6987481713294983,1.0,0.13737021975927208,0.16454419329266426,0.08820453683032964,0.2226462050986364,0.43832068326018214,0.2733673869864507,0.3205249563937837,0.3379444642500444
GeoPRR-Net,20262022,dual_view,field_gauge_roi_test_a,FieldGauge-ROI Test-A,434,11,source-directory group,projective_pooled,perspective_moderate;perspective_severe;combined_severe,1302,1.0,0.13158983424433385,0.20253418494972358,0.10522273425499232,0.2019969278033794,0.40168970814132104,0.49480098634958286,0.6184974479675293,0.7636390924453735,1.0,0.12581997049742094,0.15409001338566394,0.11317689827203568,0.21818723911747168,0.4289112181807067,0.279144331811233,0.343178792776953,0.3775119503790682
GeoPRR-Net,20262022,dual_view,field_gauge_roi_test_b,FieldGauge-ROI Test-B,814,20,source-directory group,all_conditions,clean;blur_moderate;blur_severe;perspective_moderate;perspective_severe;combined_severe,4884,1.0,0.11959804612048083,0.1972223001353947,0.06756756756756757,0.16072891072891074,0.4856674856674857,0.5107306331396102,0.6679142963886263,0.9127380847930908,1.0,0.11593380228538279,0.1448965923699816,0.07090718915274319,0.1679036491265813,0.4902907676520919,0.25492771683067084,0.36572526709151276,0.41877033808231356
GeoPRR-Net,20262022,dual_view,field_gauge_roi_test_b,FieldGauge-ROI Test-B,814,20,source-directory group,clean,clean,814,1.0,0.12356516786445051,0.20787573900128278,0.06756756756756757,0.16216216216216217,0.4963144963144963,0.5414227426052093,0.6799743902683258,0.7959608435630798,1.0,0.12022016981678632,0.14600773871746472,0.07119924648994416,0.16778851105074788,0.4982600658899415,0.23921484840765594,0.30250992696139206,0.33253644735366106
GeoPRR-Net,20262022,dual_view,field_gauge_roi_test_b,FieldGauge-ROI Test-B,814,20,source-directory group,blur_moderate,blur_moderate,814,1.0,0.12274250746547664,0.20681448176773995,0.06265356265356266,0.15847665847665848,0.4926289926289926,0.5336063295602794,0.6806058275699616,0.7959990501403809,1.0,0.1194224912003418,0.14495700200847397,0.06612231437812834,0.16373594879275372,0.49502444019969294,0.23755532153666015,0.3008740411259531,0.3315167730748653
GeoPRR-Net,20262022,dual_view,field_gauge_roi_test_b,FieldGauge-ROI Test-B,814,20,source-directory group,blur_severe,blur_severe,814,1.0,0.12537248247730975,0.20756313002335952,0.06633906633906633,0.14127764127764128,0.4864864864864865,0.5238106399774544,0.6744894027709961,0.8350533246994019,1.0,0.12188619574814605,0.14757454108058995,0.06950497822590847,0.149145157853576,0.4890772058399932,0.23920026703551409,0.3081710450883507,0.3392780893743038
GeoPRR-Net,20262022,dual_view,field_gauge_roi_test_b,FieldGauge-ROI Test-B,814,20,source-directory group,perspective_moderate,perspective_moderate,814,1.0,0.1171714743666113,0.1961166313490553,0.060196560196560195,0.15356265356265356,0.504914004914005,0.5087240457534787,0.6649612724781038,0.9127380847930908,1.0,0.11320085789407978,0.14007923948691023,0.061137764044740785,0.16414985317382635,0.5134350571242067,0.2445370237454772,0.31560739794516557,0.34390443471074106
GeoPRR-Net,20262022,dual_view,field_gauge_roi_test_b,FieldGauge-ROI Test-B,814,20,source-directory group,perspective_severe,perspective_severe,814,1.0,0.11878567994088943,0.1921260121057223,0.07002457002457002,0.171990171990172,0.4631449631449631,0.4776734977960586,0.653976531624794,0.8560936450958252,1.0,0.11479329706322076,0.1427354185571073,0.07419794068220881,0.18089365381614556,0.4699476080476047,0.2576101116538047,0.3259871903382539,0.3565867126822472
GeoPRR-Net,20262022,dual_view,field_gauge_roi_test_b,FieldGauge-ROI Test-B,814,20,source-directory group,combined_severe,combined_severe,814,1.0,0.10995096460814761,0.17011369940584598,0.07862407862407862,0.1769041769041769,0.4705159705159705,0.3971703186631199,0.5669323235750199,0.7556949257850647,1.0,0.10607980198972203,0.1350774089937895,0.08328089109552858,0.1817087700724383,0.4760002288111127,0.24600234085470438,0.3290339022178649,0.3595998054087162
GeoPRR-Net,20262022,dual_view,field_gauge_roi_test_b,FieldGauge-ROI Test-B,814,20,source-directory group,projective_pooled,perspective_moderate;perspective_severe;combined_severe,2442,1.0,0.1153027063052161,0.18646966540154455,0.06961506961506962,0.16748566748566748,0.4795249795249795,0.46816400587558704,0.6355908674001696,0.9127380847930908,1.0,0.11135798564900752,0.14057720275136767,0.07287219860749272,0.17558409235413672,0.48646096466097466,0.26268342910856,0.36416021088761086,0.3976146625816822
GeoPRR raw anchor,20262020,raw,field_gauge_external_roi,FieldGauge-External-ROI,147,21,provisional capture session,all_conditions,clean;blur_moderate;blur_severe;perspective_moderate;perspective_severe;combined_severe,882,1.0,0.12604595065477303,0.1521467699565841,0.05668934240362812,0.0963718820861678,0.23129251700680273,0.2813036068280538,0.34867116530736286,0.38221303224563596,1.0,0.12791711135279563,0.15058128825412526,0.059854497354497355,0.09722222222222221,0.21792328042328044,0.25532756249772176,0.28557831325237715,0.29427304253691716
GeoPRR raw anchor,20262020,raw,field_gauge_external_roi,FieldGauge-External-ROI,147,21,provisional capture session,clean,clean,147,1.0,0.1328770516099843,0.16120950024893382,0.08163265306122448,0.10204081632653061,0.23129251700680273,0.28342618409792575,0.35540443960825596,0.38221303224563596,1.0,0.13376322441827998,0.15696407581732214,0.08928571428571429,0.10714285714285714,0.2261904761904762,0.24104234387382625,0.2520842024530683,0.25484466709787884
GeoPRR raw anchor,20262020,raw,field_gauge_external_roi,FieldGauge-External-ROI,147,21,provisional capture session,blur_moderate,blur_moderate,147,1.0,0.1320025296830266,0.15798357772825328,0.061224489795918366,0.07482993197278912,0.19047619047619047,0.2801019605000813,0.33151131470998096,0.3743185758590698,1.0,0.133348612631203,0.15382202130695516,0.07142857142857142,0.08333333333333333,0.18452380952380953,0.23336781480766475,0.24310330824208637,0.24553718160069174
GeoPRR raw anchor,20262020,raw,field_gauge_external_roi,FieldGauge-External-ROI,147,21,provisional capture session,blur_severe,blur_severe,147,1.0,0.13958213945770478,0.16583447083079328,0.02040816326530612,0.08843537414965986,0.19047619047619047,0.2985072524547576,0.3459688931306201,0.37537238200505574,1.0,0.14394033251261268,0.16366052543410087,0.03571428571428571,0.09523809523809523,0.18452380952380953,0.24234396066268285,0.2511718989824492,0.25337888356239074
GeoPRR raw anchor,20262020,raw,field_gauge_external_roi,FieldGauge-External-ROI,147,21,provisional capture session,perspective_moderate,perspective_moderate,147,1.0,0.12173549165260762,0.14764578050543045,0.07482993197278912,0.09523809523809523,0.272108843537415,0.2629640199740727,0.33508332109451267,0.3705898177623749,1.0,0.12614231069725027,0.14537229687011777,0.07341269841269842,0.09722222222222221,0.251984126984127,0.21854303951916237,0.22929363671115463,0.23198128600915272
GeoPRR raw anchor,20262020,raw,field_gauge_external_roi,FieldGauge-External-ROI,147,21,provisional capture session,perspective_severe,perspective_severe,147,1.0,0.11724234829143601,0.14110418881485262,0.061224489795918366,0.1292517006802721,0.23129251700680273,0.256904340982437,0.32801479725837696,0.34481298446655273,1.0,0.11780162171554312,0.13619943750801708,0.05357142857142857,0.1130952380952381,0.2123015873015873,0.2098423731563583,0.2211237809629667,0.22394413291461882
GeoPRR raw anchor,20262020,raw,field_gauge_external_roi,FieldGauge-External-ROI,147,21,provisional capture session,combined_severe,combined_severe,147,1.0,0.11283614323387882,0.13687141238810885,0.04081632653061224,0.08843537414965986,0.272108843537415,0.24726413448651627,0.3034599542617796,0.35607688724994657,1.0,0.11250656614188478,0.1317820506012571,0.03571428571428571,0.0873015873015873,0.248015873015873,0.2044848289475554,0.21530878128901357,0.2180147693743781
GeoPRR raw anchor,20262020,raw,field_gauge_external_roi,FieldGauge-External-ROI,147,21,provisional capture session,projective_pooled,perspective_moderate;perspective_severe;combined_severe,441,1.0,0.11727132772597415,0.14194300749628477,0.05895691609977324,0.10430839002267574,0.2585034013605442,0.2577592293421427,0.32892677021026645,0.3705898177623749,1.0,0.11881683285155938,0.13957001641016012,0.05423280423280423,0.09920634920634921,0.2374338624338624,0.23567043936157978,0.2528049321709171,0.2570630993445714
GeoPRR raw anchor,20262020,raw,field_gauge_roi_test_a,FieldGauge-ROI Test-A,434,11,source-directory group,all_conditions,clean;blur_moderate;blur_severe;perspective_moderate;perspective_severe;combined_severe,2604,1.0,0.1305432456966043,0.18826811639976204,0.0629800307219662,0.17473118279569894,0.40053763440860213,0.432354737818241,0.4998022943735121,0.6577385663986206,1.0,0.13147910345564648,0.16526485879800523,0.058382984175796016,0.16904713503550714,0.3971346632765372,0.3043085048334165,0.3943836609391461,0.44346530085260216
GeoPRR raw anchor,20262020,raw,field_gauge_roi_test_a,FieldGauge-ROI Test-A,434,11,source-directory group,clean,clean,434,1.0,0.09284868351380397,0.15772596054830254,0.09907834101382489,0.29493087557603687,0.6129032258064516,0.4047604069113727,0.4856624487042427,0.6571035981178284,1.0,0.08946335533833218,0.10257651190153484,0.09196136844128387,0.2731429599294293,0.6059656872598261,0.1608073117523031,0.1881766152365099,0.20137866469404916
GeoPRR raw anchor,20262020,raw,field_gauge_roi_test_a,FieldGauge-ROI Test-A,434,11,source-directory group,blur_moderate,blur_moderate,434,1.0,0.09227060217396592,0.1566754415864698,0.08986175115207373,0.2834101382488479,0.6152073732718893,0.3975896298885344,0.4910664907097817,0.6577385663986206,1.0,0.08985482950454186,0.10365059492030154,0.08307707092062272,0.2623991582765367,0.6080798521646886,0.1628870643556118,0.19113412399400362,0.2018511411547661
GeoPRR raw anchor,20262020,raw,field_gauge_roi_test_a,FieldGauge-ROI Test-A,434,11,source-directory group,blur_severe,blur_severe,434,1.0,0.09563962192079781,0.15994434905032506,0.08294930875576037,0.2534562211981567,0.6013824884792627,0.4113262760639187,0.5086788105964662,0.6173824071884155,1.0,0.09164775544996245,0.10612316848252004,0.07605227753219296,0.277750878437982,0.5954909611402797,0.17238346463753418,0.20059491919826378,0.2093228005279194
GeoPRR raw anchor,20262020,raw,field_gauge_roi_test_a,FieldGauge-ROI Test-A,434,11,source-directory group,perspective_moderate,perspective_moderate,434,1.0,0.11596212727950739,0.16756197580487117,0.08064516129032258,0.15668202764976957,0.3271889400921659,0.3992494672536849,0.4971049189567569,0.6053862571716309,1.0,0.11677018037217403,0.13696012035972027,0.07633576782625408,0.14693446088794926,0.3468104661595733,0.22606013447669418,0.2606406761344454,0.2731620934388854
GeoPRR raw anchor,20262020,raw,field_gauge_roi_test_a,FieldGauge-ROI Test-A,434,11,source-directory group,perspective_severe,perspective_severe,434,1.0,0.183580322917877,0.2243061783666917,0.01152073732718894,0.03456221198156682,0.14055299539170507,0.44221394807100295,0.4995740383863449,0.5374536514282227,1.0,0.19442128039435624,0.2151995807857281,0.010378627714779935,0.031087833941956564,0.12913612147677192,0.33125232664942744,0.372217408916896,0.38009756573221903
GeoPRR raw anchor,20262020,raw,field_gauge_roi_test_a,FieldGauge-ROI Test-A,434,11,source-directory group,combined_severe,combined_severe,434,1.0,0.20295811637367384,0.24345873799650633,0.013824884792626729,0.02534562211981567,0.10599078341013825,0.45535019785165776,0.5282870686054235,0.5874990224838257,1.0,0.20671721967451215,0.22886912306963847,0.012492792619642513,0.022967518739188928,0.09732489145808385,0.36760554667928,0.4120122550297325,0.423689590529962
GeoPRR raw anchor,20262020,raw,field_gauge_roi_test_a,FieldGauge-ROI Test-A,434,11,source-directory group,projective_pooled,perspective_moderate;perspective_severe;combined_severe,1302,1.0,0.1675001888570194,0.21421362740338898,0.03533026113671275,0.07219662058371736,0.1912442396313364,0.4432157427072525,0.5068574666976929,0.6053862571716309,1.0,0.1726362268136808,0.19980637154953704,0.033069062720225514,0.06699660452303159,0.19109049303147635,0.3336615567180243,0.40180738706512886,0.4306633718989112
GeoPRR raw anchor,20262020,raw,field_gauge_roi_test_b,FieldGauge-ROI Test-B,814,20,source-directory group,all_conditions,clean;blur_moderate;blur_severe;perspective_moderate;perspective_severe;combined_severe,4884,1.0,0.128465897754689,0.1907501293096382,0.0475020475020475,0.13615888615888616,0.3837018837018837,0.4470959663391113,0.6055279868841171,0.7946153879165649,1.0,0.12747360976307248,0.15973367855750345,0.04849497237322135,0.13646055083640582,0.3824167232139105,0.3078739151835441,0.3995127245098353,0.45119147127866743
GeoPRR raw anchor,20262020,raw,field_gauge_roi_test_b,FieldGauge-ROI Test-B,814,20,source-directory group,clean,clean,814,1.0,0.09440219304693236,0.16606881309488403,0.06633906633906633,0.1928746928746929,0.5515970515970516,0.4532421141862853,0.6243696331977845,0.7919521927833557,1.0,0.09480821301067406,0.11580648279901411,0.06501561745747793,0.18840768480645362,0.5455953169723148,0.19209214890003204,0.24999010870891802,0.2756635709926486
GeoPRR raw anchor,20262020,raw,field_gauge_roi_test_b,FieldGauge-ROI Test-B,814,20,source-directory group,blur_moderate,blur_moderate,814,1.0,0.09388775018815874,0.16599771371903685,0.06388206388206388,0.2113022113022113,0.558968058968059,0.45225826948881015,0.6252697783708573,0.7946153879165649,1.0,0.09426827138352968,0.11515992158877449,0.06331550688253834,0.21023769588065075,0.5527453052269541,0.1914741254352033,0.24706264990101748,0.2724172501154244
GeoPRR raw anchor,20262020,raw,field_gauge_roi_test_b,FieldGauge-ROI Test-B,814,20,source-directory group,blur_severe,blur_severe,814,1.0,0.09581736042066787,0.16725760031859832,0.05528255528255528,0.19164619164619165,0.5319410319410319,0.4523427337408066,0.6131275588274002,0.763780951499939,1.0,0.09619572764359846,0.11732894397493658,0.05937732620017162,0.19156034609864978,0.5238633362159437,0.18739188167687507,0.25974195279204837,0.2892069681361318
GeoPRR raw anchor,20262020,raw,field_gauge_roi_test_b,FieldGauge-ROI Test-B,814,20,source-directory group,perspective_moderate,perspective_moderate,814,1.0,0.11486343225146613,0.17184666892278577,0.042997542997543,0.10319410319410319,0.3402948402948403,0.43614193350076663,0.5865776944160462,0.6782900094985962,1.0,0.11267126308292871,0.1329203278971187,0.04550988417267487,0.10731719640748369,0.3453184947469422,0.22245838007304813,0.28196655356773725,0.3044218261688948
GeoPRR raw anchor,20262020,raw,field_gauge_roi_test_b,FieldGauge-ROI Test-B,814,20,source-directory group,perspective_severe,perspective_severe,814,1.0,0.1804075620831963,0.2260217188251393,0.030712530712530713,0.05773955773955774,0.16339066339066338,0.44180783927440637,0.5502019965648651,0.750677227973938,1.0,0.17801507281383588,0.20023917823829612,0.031862054194475534,0.060499555164397846,0.16758954207404375,0.32115716345757245,0.38531395074129093,0.4066612594127655
GeoPRR raw anchor,20262020,raw,field_gauge_roi_test_b,FieldGauge-ROI Test-B,814,20,source-directory group,combined_severe,combined_severe,814,1.0,0.19141708853771267,0.23363942193539922,0.025798525798525797,0.060196560196560195,0.15601965601965603,0.44539837539195964,0.5420451152324677,0.7176847457885742,1.0,0.1888831106438681,0.2108074539860772,0.02588944533198979,0.060740826660799295,0.15938834404726435,0.33937795543819665,0.3939373428416252,0.41248171472549433
GeoPRR raw anchor,20262020,raw,field_gauge_roi_test_b,FieldGauge-ROI Test-B,814,20,source-directory group,projective_pooled,perspective_moderate;perspective_severe;combined_severe,2442,1.0,0.16222936095745835,0.2122926238966986,0.033169533169533166,0.07371007371007371,0.2199017199017199,0.44143506139516814,0.5540008383989338,0.750677227973938,1.0,0.1598564821802109,0.18655341421368557,0.034420461233046734,0.0761858594108936,0.2240987936227501,0.3243298953866958,0.4006116713762283,0.43942813253402707
GeoPRR raw anchor,20262021,raw,field_gauge_external_roi,FieldGauge-External-ROI,147,21,provisional capture session,all_conditions,clean;blur_moderate;blur_severe;perspective_moderate;perspective_severe;combined_severe,882,1.0,0.20766646377669082,0.25586526195889714,0.02834467120181406,0.048752834467120185,0.14058956916099774,0.4920897106329598,0.5712618678013481,0.6339004516601563,1.0,0.2046130992117382,0.24890188333166932,0.025793650793650792,0.04563492063492064,0.13425925925925927,0.4529505564352822,0.4867321312870298,0.49405463949082384
GeoPRR raw anchor,20262021,raw,field_gauge_external_roi,FieldGauge-External-ROI,147,21,provisional capture session,clean,clean,147,1.0,0.2360822096271039,0.2824049814085249,0.006802721088435374,0.02040816326530612,0.11564625850340136,0.5277222009499865,0.5905403955777486,0.6339004516601563,1.0,0.23114245684216264,0.27319436636451594,0.005952380952380952,0.017857142857142856,0.10714285714285714,0.4343810545679122,0.45802965017803127,0.46394179908056105
GeoPRR raw anchor,20262021,raw,field_gauge_external_roi,FieldGauge-External-ROI,147,21,provisional capture session,blur_moderate,blur_moderate,147,1.0,0.23263457338826185,0.27963221890196616,0.034013605442176874,0.047619047619047616,0.10884353741496598,0.5051584808031717,0.5833265930811562,0.6177044987678528,1.0,0.22895178463802765,0.2710008762320607,0.02976190476190476,0.041666666666666664,0.11111111111111112,0.4307379544831457,0.4514883685662633,0.4566759720870427
GeoPRR raw anchor,20262021,raw,field_gauge_external_roi,FieldGauge-External-ROI,147,21,provisional capture session,blur_severe,blur_severe,147,1.0,0.22646092038305982,0.2723881250761365,0.04081632653061224,0.05442176870748299,0.12244897959183673,0.4872607258955637,0.5913937754631042,0.5966831763585408,1.0,0.22553028773063075,0.2657166673739993,0.03571428571428571,0.047619047619047616,0.10714285714285714,0.4168251183108677,0.43440030582745864,0.4387941027066064
GeoPRR raw anchor,20262021,raw,field_gauge_external_roi,FieldGauge-External-ROI,147,21,provisional capture session,perspective_moderate,perspective_moderate,147,1.0,0.204593626798686,0.24809309102303329,0.02040816326530612,0.027210884353741496,0.11564625850340136,0.4479705174763997,0.5107445605595905,0.5389112710952759,1.0,0.2039366860435438,0.24307395865567583,0.017857142857142856,0.023809523809523808,0.10912698412698411,0.38971441507244864,0.40333542444573506,0.4067406767890567
GeoPRR raw anchor,20262021,raw,field_gauge_external_roi,FieldGauge-External-ROI,147,21,provisional capture session,perspective_severe,perspective_severe,147,1.0,0.1711528657650461,0.22230469216497148,0.04081632653061224,0.08843537414965986,0.21768707482993196,0.4360210438569386,0.5434509919484456,0.5569228251775106,1.0,0.1665021406997133,0.20898228526755835,0.041666666666666664,0.08928571428571429,0.2043650793650794,0.35233676146704046,0.3744001870700291,0.3799160434707763
GeoPRR raw anchor,20262021,raw,field_gauge_external_roi,FieldGauge-External-ROI,147,21,provisional capture session,combined_severe,combined_severe,147,1.0,0.17507458669798714,0.22291387044543728,0.027210884353741496,0.05442176870748299,0.16326530612244897,0.4332708088556925,0.5223001740773517,0.5640517314275106,1.0,0.1716152393163512,0.21248575256579938,0.023809523809523808,0.05357142857142857,0.16666666666666666,0.35181661938864084,0.37163061512841117,0.3765841140633538
GeoPRR raw anchor,20262021,raw,field_gauge_external_roi,FieldGauge-External-ROI,147,21,provisional capture session,projective_pooled,perspective_moderate;perspective_severe;combined_severe,441,1.0,0.18360702642057306,0.2314160406489367,0.02947845804988662,0.05668934240362812,0.1655328798185941,0.44408442179361973,0.5342034244537356,0.5640517314275106,1.0,0.1806846886865361,0.2231755184355777,0.027777777777777773,0.05555555555555556,0.16005291005291006,0.3985120946585185,0.42795926757842767,0.4357432072124784
GeoPRR raw anchor,20262021,raw,field_gauge_roi_test_a,FieldGauge-ROI Test-A,434,11,source-directory group,all_conditions,clean;blur_moderate;blur_severe;perspective_moderate;perspective_severe;combined_severe,2604,1.0,0.13902540608720365,0.20261327639463272,0.0956221198156682,0.22542242703533025,0.37480798771121354,0.4365145340561866,0.6297796275615689,0.892626166343689,1.0,0.1327138070352004,0.16635963351543842,0.10204529438144659,0.22961773368750113,0.38210585577438166,0.3203226173601367,0.4342823738802562,0.49317892529747703
GeoPRR raw anchor,20262021,raw,field_gauge_roi_test_a,FieldGauge-ROI Test-A,434,11,source-directory group,clean,clean,434,1.0,0.11422993860785176,0.18980520492430508,0.14516129032258066,0.35253456221198154,0.5253456221198156,0.4419768616557121,0.6734051823616033,0.8776051998138428,1.0,0.10898209300125723,0.13079022369419027,0.13286084950989815,0.325312319815491,0.527570545823211,0.22711650421544907,0.2925708943927016,0.32047319080341946
GeoPRR raw anchor,20262021,raw,field_gauge_roi_test_a,FieldGauge-ROI Test-A,434,11,source-directory group,blur_moderate,blur_moderate,434,1.0,0.11409127871929088,0.19021960688486134,0.1382488479262673,0.35253456221198154,0.5207373271889401,0.4528678327798839,0.6730909234285355,0.892626166343689,1.0,0.1097161421336821,0.13184376142173668,0.12604266769171632,0.324644435902364,0.4801817643918764,0.22933360065120187,0.29637976410306305,0.32678180753507396
GeoPRR raw anchor,20262021,raw,field_gauge_roi_test_a,FieldGauge-ROI Test-A,434,11,source-directory group,blur_severe,blur_severe,434,1.0,0.12178566750308954,0.20291803099049202,0.12672811059907835,0.3271889400921659,0.5069124423963134,0.4725067451596252,0.71324862420559,0.8741589784622192,1.0,0.11664293303015079,0.14016821389643805,0.11526523159715549,0.3014427081023276,0.4679169499026905,0.2617319814413109,0.307358936016397,0.32099355628544635
GeoPRR raw anchor,20262021,raw,field_gauge_roi_test_a,FieldGauge-ROI Test-A,434,11,source-directory group,perspective_moderate,perspective_moderate,434,1.0,0.11885583327417068,0.18258854427777915,0.09907834101382489,0.22119815668202766,0.4377880184331797,0.4224160313606259,0.6165132457017908,0.7758186459541321,1.0,0.10930276246046898,0.13104573099721023,0.13623870843743993,0.2493609456083029,0.4913892840999134,0.2347139702022076,0.2976226241514899,0.31832860030911186
GeoPRR raw anchor,20262021,raw,field_gauge_roi_test_a,FieldGauge-ROI Test-A,434,11,source-directory group,perspective_severe,perspective_severe,434,1.0,0.18320110496672615,0.22403949406956492,0.027649769585253458,0.04608294930875576,0.12211981566820276,0.43516691178083416,0.5088868635892869,0.5911687612533569,1.0,0.17830167973855612,0.20008277750949952,0.024985585239285027,0.08530174899096675,0.1564145685181626,0.3128192705430768,0.37883137687141244,0.39685766382650894
GeoPRR raw anchor,20262021,raw,field_gauge_roi_test_a,FieldGauge-ROI Test-A,434,11,source-directory group,combined_severe,combined_severe,434,1.0,0.18198861345209283,0.22225059114192472,0.03686635944700461,0.052995391705069124,0.1359447004608295,0.41577023714780803,0.4965362185239792,0.5941779613494873,1.0,0.17333723184708713,0.19494134794226053,0.07687872381318471,0.09164424370555448,0.16916202191043628,0.30874337651241907,0.37279205473628907,0.3939932612939314
GeoPRR raw anchor,20262021,raw,field_gauge_roi_test_a,FieldGauge-ROI Test-A,434,11,source-directory group,projective_pooled,perspective_moderate;perspective_severe;combined_severe,1302,1.0,0.16134851723099658,0.21049750328476594,0.054531490015360985,0.10675883256528418,0.23195084485407066,0.42179180979728703,0.5323453463315965,0.7758186459541321,1.0,0.1536472246820374,0.18169005137540328,0.07936767249663655,0.14210231276827473,0.2723219581761707,0.31881799316406245,0.4102905777738311,0.45180673230778085
GeoPRR raw anchor,20262021,raw,field_gauge_roi_test_b,FieldGauge-ROI Test-B,814,20,source-directory group,all_conditions,clean;blur_moderate;blur_severe;perspective_moderate;perspective_severe;combined_severe,4884,1.0,0.15072348327399748,0.21659353835465087,0.062244062244062245,0.13472563472563473,0.32923832923832924,0.47595438361167874,0.6578331577777864,0.9359529614448547,1.0,0.14711874374111134,0.1824758539306066,0.06388745861728078,0.13865871310125757,0.3377566978026589,0.3474525775572657,0.4660663608917595,0.5351428905367851
GeoPRR raw anchor,20262021,raw,field_gauge_roi_test_b,FieldGauge-ROI Test-B,814,20,source-directory group,clean,clean,814,1.0,0.12869984243520025,0.2101270044153547,0.07985257985257985,0.19656019656019655,0.47297297297297297,0.5078736007213586,0.7152050149440765,0.8970657587051392,1.0,0.12491508746118343,0.15060761010440088,0.07976783248671074,0.19983880878203725,0.48056238289013303,0.25651564727939663,0.3300768500878214,0.36211119399219754
GeoPRR raw anchor,20262021,raw,field_gauge_roi_test_b,FieldGauge-ROI Test-B,814,20,source-directory group,blur_moderate,blur_moderate,814,1.0,0.12819311430718044,0.2090873043103535,0.085995085995086,0.1977886977886978,0.4705159705159705,0.5064790576696385,0.7123379534482956,0.8972245454788208,1.0,0.12440711146418033,0.1506828562569565,0.08654145102503516,0.2007490742271864,0.4782896556174058,0.2543196284432709,0.331676094742,0.364951818741858
GeoPRR raw anchor,20262021,raw,field_gauge_roi_test_b,FieldGauge-ROI Test-B,814,20,source-directory group,blur_severe,blur_severe,814,1.0,0.13355343661749283,0.21489368207806883,0.08353808353808354,0.18058968058968058,0.44717444717444715,0.5351527810096738,0.6738212227821351,0.9359529614448547,1.0,0.12953462117134334,0.15727976171482136,0.08349227721662741,0.18528160887600012,0.4560608649966696,0.2613120968125015,0.348318540600717,0.3827778976857662
GeoPRR raw anchor,20262021,raw,field_gauge_roi_test_b,FieldGauge-ROI Test-B,814,20,source-directory group,perspective_moderate,perspective_moderate,814,1.0,0.12779587251028499,0.1848257517198481,0.051597051597051594,0.1167076167076167,0.32923832923832924,0.4347050607204433,0.6118618041276932,0.7822079062461853,1.0,0.12323555740445787,0.14930492234343645,0.060797945784265894,0.13001808572944004,0.34861589205821963,0.2666920432735979,0.3343647541424334,0.35717382350564003
GeoPRR raw anchor,20262021,raw,field_gauge_roi_test_b,FieldGauge-ROI Test-B,814,20,source-directory group,perspective_severe,perspective_severe,814,1.0,0.19702137179042992,0.24418842749131262,0.042997542997543,0.06633906633906633,0.12653562653562653,0.48838174462318407,0.584447604417801,0.6890918612480164,1.0,0.19417709791042853,0.21836862517067607,0.04308388260166646,0.06589877253009949,0.1301349429564204,0.3496426106318832,0.4246754365778565,0.4505960113048554
GeoPRR raw anchor,20262021,raw,field_gauge_roi_test_b,FieldGauge-ROI Test-B,814,20,source-directory group,combined_severe,combined_severe,814,1.0,0.18907726198339642,0.2315984998160129,0.029484029484029485,0.05036855036855037,0.128992628992629,0.438196662068367,0.5484824640750886,0.6834030151367188,1.0,0.18644298703507448,0.2091146107886115,0.029641362589379005,0.050165928462782096,0.13287644829710493,0.33254414319694037,0.40190695296949136,0.42866149562001227
GeoPRR raw anchor,20262021,raw,field_gauge_roi_test_b,FieldGauge-ROI Test-B,814,20,source-directory group,projective_pooled,perspective_moderate;perspective_severe;combined_severe,2442,1.0,0.17129816876137044,0.22168025903427868,0.04135954135954136,0.07780507780507781,0.19492219492219492,0.4573048055171966,0.5846001908779145,0.7822079062461853,1.0,0.1679518807833203,0.19719308761210314,0.044507730325103786,0.0820275955741072,0.20387576110391498,0.3450165891095995,0.4360528739571571,0.49104701938629153
GeoPRR raw anchor,20262022,raw,field_gauge_external_roi,FieldGauge-External-ROI,147,21,provisional capture session,all_conditions,clean;blur_moderate;blur_severe;perspective_moderate;perspective_severe;combined_severe,882,1.0,0.25155839233441685,0.27906666330422614,0.012471655328798186,0.024943310657596373,0.060090702947845805,0.4446211751302083,0.5045274098714189,0.5449745376904805,1.0,0.25338417953244907,0.2808855164052368,0.012566137566137567,0.025132275132275134,0.05952380952380952,0.42926321354934144,0.4693163084151252,0.47882036386974275
GeoPRR raw anchor,20262022,raw,field_gauge_external_roi,FieldGauge-External-ROI,147,21,provisional capture session,clean,clean,147,1.0,0.24665878016391846,0.267362833058491,0.006802721088435374,0.006802721088435374,0.061224489795918366,0.4046281417210895,0.4412212448914844,0.4602636456489563,1.0,0.2451796130205273,0.2639335936194027,0.005952380952380952,0.005952380952380952,0.05952380952380952,0.3576504791615501,0.37057143167995266,0.3738016698095533
GeoPRR raw anchor,20262022,raw,field_gauge_external_roi,FieldGauge-External-ROI,147,21,provisional capture session,blur_moderate,blur_moderate,147,1.0,0.2508176522784763,0.26841975345142866,0.0,0.006802721088435374,0.027210884353741496,0.39034152905146263,0.4410524257024129,0.4540895581245422,1.0,0.25060166938516193,0.2658511720495405,0.0,0.005952380952380952,0.023809523809523808,0.35176093781278245,0.363954003527997,0.36700226995680063
GeoPRR raw anchor,20262022,raw,field_gauge_external_roi,FieldGauge-External-ROI,147,21,provisional capture session,blur_severe,blur_severe,147,1.0,0.2576698693396553,0.2761099477835081,0.006802721088435374,0.006802721088435374,0.006802721088435374,0.42438434561093635,0.4760443786780038,0.4912370761235555,1.0,0.2574429902655107,0.27469166558791247,0.015873015873015872,0.015873015873015872,0.015873015873015872,0.36701929901705843,0.37988723087197257,0.3831042138357011
GeoPRR raw anchor,20262022,raw,field_gauge_external_roi,FieldGauge-External-ROI,147,21,provisional capture session,perspective_moderate,perspective_moderate,147,1.0,0.2436933200889164,0.27268000841133533,0.006802721088435374,0.027210884353741496,0.08163265306122448,0.4135128422578176,0.45133880217870054,0.46495719353357945,1.0,0.24732484433228374,0.27503309743677223,0.005952380952380952,0.023809523809523808,0.07142857142857142,0.3865258724292119,0.3936043796906395,0.3953740065059964
GeoPRR raw anchor,20262022,raw,field_gauge_external_roi,FieldGauge-External-ROI,147,21,provisional capture session,perspective_severe,perspective_severe,147,1.0,0.25008579654217844,0.2905810873546519,0.034013605442176874,0.06802721088435375,0.12244897959183673,0.4808567372957865,0.5276166493892669,0.5449745376904805,1.0,0.2546404878873989,0.2922885785539294,0.02976190476190476,0.06944444444444445,0.12301587301587302,0.4277296058620725,0.446092755452035,0.45068354284952555
GeoPRR raw anchor,20262022,raw,field_gauge_external_roi,FieldGauge-External-ROI,147,21,provisional capture session,combined_severe,combined_severe,147,1.0,0.26042493559335633,0.29784007165273824,0.02040816326530612,0.034013605442176874,0.061224489795918366,0.4890052886803944,0.5363686509132385,0.5391058643658956,1.0,0.2651154723038118,0.29972236517689155,0.017857142857142856,0.02976190476190476,0.06349206349206349,0.4406791503372646,0.45948270975408095,0.46418359960828504
GeoPRR raw anchor,20262022,raw,field_gauge_external_roi,FieldGauge-External-ROI,147,21,provisional capture session,projective_pooled,perspective_moderate;perspective_severe;combined_severe,441,1.0,0.25140135074148373,0.28722840133334426,0.02040816326530612,0.04308390022675737,0.08843537414965986,0.47644439538319905,0.5281843352317812,0.5449745376904805,1.0,0.2556936015078315,0.29000951021930815,0.017857142857142856,0.041005291005291,0.08597883597883597,0.4477019350680093,0.4717075698489234,0.47738694312080504
GeoPRR raw anchor,20262022,raw,field_gauge_roi_test_a,FieldGauge-ROI Test-A,434,11,source-directory group,all_conditions,clean;blur_moderate;blur_severe;perspective_moderate;perspective_severe;combined_severe,2604,1.0,0.16588736901664033,0.23428381493428024,0.08179723502304148,0.16474654377880185,0.3033794162826421,0.5345836400985717,0.6513594526052459,0.8193992376327515,1.0,0.1606196516731758,0.20044678625060186,0.07602104555064386,0.1538141415784122,0.30167193355477734,0.37382954087311565,0.4496523078661074,0.5223008404401216
GeoPRR raw anchor,20262022,raw,field_gauge_roi_test_a,FieldGauge-ROI Test-A,434,11,source-directory group,clean,clean,434,1.0,0.11906656070640695,0.19844528510257342,0.12672811059907835,0.26036866359447003,0.45622119815668205,0.5038156330585476,0.6864298933744433,0.7823099493980408,1.0,0.1168807489132536,0.13861482852154117,0.11755237363059773,0.2433140150899136,0.4203380136873907,0.23711461867933925,0.28534908525428987,0.3031596062671054
GeoPRR raw anchor,20262022,raw,field_gauge_roi_test_a,FieldGauge-ROI Test-A,434,11,source-directory group,blur_moderate,blur_moderate,434,1.0,0.11890793649177603,0.1984566226379975,0.1313364055299539,0.26036866359447003,0.4539170506912442,0.49264945387840253,0.6683120280504228,0.7884484529495239,1.0,0.11697475314843125,0.13900831878944037,0.1216846050355564,0.24357890171843663,0.4184037777106015,0.2386087304665284,0.28848308556242425,0.3059292769702998
GeoPRR raw anchor,20262022,raw,field_gauge_roi_test_a,FieldGauge-ROI Test-A,434,11,source-directory group,blur_severe,blur_severe,434,1.0,0.1278879185882547,0.20763673860281343,0.10138248847926268,0.22811059907834103,0.43548387096774194,0.5132487893104549,0.6828023153543473,0.8193992376327515,1.0,0.12542386357928276,0.14812174229090136,0.09421968095329616,0.2139998127313138,0.4014904584717009,0.25439312415122983,0.3060554254767569,0.3248270367627794
GeoPRR raw anchor,20262022,raw,field_gauge_roi_test_a,FieldGauge-ROI Test-A,434,11,source-directory group,perspective_moderate,perspective_moderate,434,1.0,0.12780703945543773,0.1880034072697575,0.09907834101382489,0.18663594470046083,0.37327188940092165,0.485132160782814,0.5845062094926837,0.625551700592041,1.0,0.12073000636726866,0.1448058270143558,0.09345569863540265,0.17399096674995196,0.4330321017953153,0.24232907094603237,0.30680691582831465,0.3246137339960445
GeoPRR raw anchor,20262022,raw,field_gauge_roi_test_a,FieldGauge-ROI Test-A,434,11,source-directory group,perspective_severe,perspective_severe,434,1.0,0.2488947158870609,0.29202788919435,0.016129032258064516,0.03225806451612903,0.05069124423963134,0.5543929517269133,0.6163677203655243,0.6675652265548706,1.0,0.24069634108681423,0.26490069166015273,0.014558908322121854,0.029213915049010185,0.046665385354603114,0.3845457108914852,0.4426630377880551,0.4692680192941969
GeoPRR raw anchor,20262022,raw,field_gauge_roi_test_a,FieldGauge-ROI Test-A,434,11,source-directory group,combined_severe,combined_severe,434,1.0,0.25276004297090565,0.29466809966923685,0.016129032258064516,0.020737327188940093,0.05069124423963134,0.5687195599079131,0.6190318334102631,0.6954500079154968,1.0,0.2430121969440042,0.26711432317061834,0.014655006726888332,0.018787238131847014,0.09010186430905247,0.3904621600167318,0.43897109501551496,0.46260862029411576
GeoPRR raw anchor,20262022,raw,field_gauge_roi_test_a,FieldGauge-ROI Test-A,434,11,source-directory group,projective_pooled,perspective_moderate;perspective_severe;combined_severe,1302,1.0,0.20982059943780143,0.26296695494239397,0.04377880184331797,0.07987711213517665,0.15821812596006143,0.5433956861495972,0.6143136072158814,0.6954500079154968,1.0,0.20147951479936238,0.23455605556389436,0.040889871228137614,0.07399737331026972,0.1899331171529903,0.3837543840614232,0.4510240058465438,0.4892177646133033
GeoPRR raw anchor,20262022,raw,field_gauge_roi_test_b,FieldGauge-ROI Test-B,814,20,source-directory group,all_conditions,clean;blur_moderate;blur_severe;perspective_moderate;perspective_severe;combined_severe,4884,1.0,0.16724425261114234,0.23968139268535443,0.05118755118755119,0.10995085995085994,0.33845208845208846,0.5308844864368438,0.6558327835798264,0.8443942666053772,1.0,0.16374350220728545,0.2049445659335148,0.05411709522174638,0.11456568239846243,0.3423608190896986,0.3870540956929326,0.48430859241664415,0.5386873573660851
GeoPRR raw anchor,20262022,raw,field_gauge_roi_test_b,FieldGauge-ROI Test-B,814,20,source-directory group,clean,clean,814,1.0,0.12444604378092018,0.20995979132288364,0.0687960687960688,0.1597051597051597,0.4950859950859951,0.5421819806098938,0.6948496639728546,0.8116138577461243,1.0,0.1210687941849786,0.14714130919841323,0.07236203718761858,0.16495546098787567,0.49709727519226704,0.24211840864002704,0.30596900535899396,0.33607157070934773
GeoPRR raw anchor,20262022,raw,field_gauge_roi_test_b,FieldGauge-ROI Test-B,814,20,source-directory group,blur_moderate,blur_moderate,814,1.0,0.12365887165747823,0.2090088668566297,0.06265356265356266,0.15601965601965603,0.49385749385749383,0.5393711417913436,0.6991734302043915,0.8116552829742432,1.0,0.12030410838986769,0.1461307857983672,0.06612231437812834,0.16079477232216546,0.4961872308973674,0.24046473218843337,0.30445126696753494,0.33525271788984534
GeoPRR raw anchor,20262022,raw,field_gauge_roi_test_b,FieldGauge-ROI Test-B,814,20,source-directory group,blur_severe,blur_severe,814,1.0,0.12638663976034492,0.20991686138903026,0.06511056511056511,0.14127764127764128,0.4864864864864865,0.533393615484237,0.6936018890142441,0.8443942666053772,1.0,0.12286723494806824,0.14887106674574915,0.06836861458954482,0.14847670865571502,0.4890772058399932,0.2424868228919804,0.31153477412942043,0.34315768250077966
GeoPRR raw anchor,20262022,raw,field_gauge_roi_test_b,FieldGauge-ROI Test-B,814,20,source-directory group,perspective_moderate,perspective_moderate,814,1.0,0.1321872383607437,0.19405030946339488,0.06265356265356266,0.11425061425061425,0.3574938574938575,0.47702543288469285,0.5668857496976852,0.6626440286636353,1.0,0.1290281703531379,0.15449772877871845,0.06747461726599893,0.12072081437334517,0.3654275382360865,0.2609893659818172,0.33069044172972434,0.3614192037731409
GeoPRR raw anchor,20262022,raw,field_gauge_roi_test_b,FieldGauge-ROI Test-B,814,20,source-directory group,perspective_severe,perspective_severe,814,1.0,0.24575798543643304,0.29583671883034796,0.02702702702702703,0.04668304668304668,0.09950859950859951,0.5383613705635067,0.6494048404693604,0.7786952257156372,1.0,0.24221341136657645,0.26843560006982015,0.028108893310671696,0.04832878399909864,0.10345535584683427,0.4088965315932035,0.4748153385412692,0.499413405418396
GeoPRR raw anchor,20262022,raw,field_gauge_roi_test_b,FieldGauge-ROI Test-B,814,20,source-directory group,combined_severe,combined_severe,814,1.0,0.251028736670934,0.29610002379928674,0.020884520884520884,0.04176904176904177,0.09828009828009827,0.5327791744470596,0.6014007025957108,0.6760096907615661,1.0,0.24697929400108398,0.27038859470901533,0.02226609459851594,0.04411755405257457,0.10292030852564368,0.40635648990929124,0.4627454639178514,0.48104029452800756
GeoPRR raw anchor,20262022,raw,field_gauge_roi_test_b,FieldGauge-ROI Test-B,814,20,source-directory group,projective_pooled,perspective_moderate;perspective_severe;combined_severe,2442,1.0,0.2096579868227036,0.2663644814316678,0.036855036855036855,0.06756756756756757,0.1850941850941851,0.5250586777925491,0.6132405827045454,0.7786952257156372,1.0,0.20607362524026612,0.23955407986167154,0.03928320172506219,0.07105571747500612,0.19060106753618816,0.40241647053480145,0.4785368927985429,0.5189440847039223
GeoPRR normalized endpoint,20262020,sarn_v2,field_gauge_external_roi,FieldGauge-External-ROI,147,21,provisional capture session,all_conditions,clean;blur_moderate;blur_severe;perspective_moderate;perspective_severe;combined_severe,882,1.0,0.13628664069322594,0.16240697614068073,0.04421768707482993,0.08049886621315193,0.20748299319727892,0.28929072121779115,0.3569574443896611,0.3961626609166463,1.0,0.13900849804617266,0.16057026216205011,0.047619047619047616,0.07936507936507937,0.19444444444444442,0.2633614529957847,0.30010742784322253,0.31632707359298823
GeoPRR normalized endpoint,20262020,sarn_v2,field_gauge_external_roi,FieldGauge-External-ROI,147,21,provisional capture session,clean,clean,147,1.0,0.1328770516099843,0.16120950024893382,0.08163265306122448,0.10204081632653061,0.23129251700680273,0.28342618409792575,0.35540443960825596,0.38221303224563596,1.0,0.13376322441827998,0.15696407581732214,0.08928571428571429,0.10714285714285714,0.2261904761904762,0.24104234387382625,0.2520842024530683,0.25484466709787884
GeoPRR normalized endpoint,20262020,sarn_v2,field_gauge_external_roi,FieldGauge-External-ROI,147,21,provisional capture session,blur_moderate,blur_moderate,147,1.0,0.1320025296830266,0.15798357772825328,0.061224489795918366,0.07482993197278912,0.19047619047619047,0.2801019605000813,0.33151131470998096,0.3743185758590698,1.0,0.133348612631203,0.15382202130695516,0.07142857142857142,0.08333333333333333,0.18452380952380953,0.23336781480766475,0.24310330824208637,0.24553718160069174
GeoPRR normalized endpoint,20262020,sarn_v2,field_gauge_external_roi,FieldGauge-External-ROI,147,21,provisional capture session,blur_severe,blur_severe,147,1.0,0.13958213945770478,0.16583447083079328,0.02040816326530612,0.08843537414965986,0.19047619047619047,0.2985072524547576,0.3459688931306201,0.37537238200505574,1.0,0.14394033251261268,0.16366052543410087,0.03571428571428571,0.09523809523809523,0.18452380952380953,0.24234396066268285,0.2511718989824492,0.25337888356239074
GeoPRR normalized endpoint,20262020,sarn_v2,field_gauge_external_roi,FieldGauge-External-ROI,147,21,provisional capture session,perspective_moderate,perspective_moderate,147,1.0,0.13510523758913112,0.16366850087563667,0.047619047619047616,0.08163265306122448,0.23809523809523808,0.30099706252415975,0.3443489344914752,0.36594955921173095,1.0,0.1352294228777841,0.15863607012657452,0.041666666666666664,0.07142857142857142,0.2261904761904762,0.2483128441278896,0.2657665830860062,0.27013001782553536
GeoPRR normalized endpoint,20262020,sarn_v2,field_gauge_external_roi,FieldGauge-External-ROI,147,21,provisional capture session,perspective_severe,perspective_severe,147,1.0,0.12985074626210055,0.15532442033661284,0.027210884353741496,0.07482993197278912,0.22448979591836735,0.27401872913042696,0.3331753609975177,0.3961626609166463,1.0,0.13476949631891869,0.1539264659951983,0.023809523809523808,0.06547619047619048,0.19642857142857142,0.23465934902051136,0.2525172691138963,0.25698174913724264
GeoPRR normalized endpoint,20262020,sarn_v2,field_gauge_external_roi,FieldGauge-External-ROI,147,21,provisional capture session,combined_severe,combined_severe,147,1.0,0.14830213955740812,0.16998445853993674,0.027210884353741496,0.061224489795918366,0.17006802721088435,0.28473260601361583,0.3458946735064186,0.3602918823560079,1.0,0.15299989951823753,0.16865176124397638,0.023809523809523808,0.05357142857142857,0.1488095238095238,0.24163744110531274,0.25405214861006964,0.2571558254862588
GeoPRR normalized endpoint,20262020,sarn_v2,field_gauge_external_roi,FieldGauge-External-ROI,147,21,provisional capture session,projective_pooled,perspective_moderate;perspective_severe;combined_severe,441,1.0,0.1377527078028799,0.16310300413838544,0.034013605442176874,0.07256235827664399,0.2108843537414966,0.2926189144452413,0.35220154762268097,0.3961626609166463,1.0,0.14099960623831342,0.1615485537445291,0.02976190476190476,0.06349206349206349,0.19047619047619047,0.25669297744357394,0.2962604792163485,0.30710306566859047
GeoPRR normalized endpoint,20262020,sarn_v2,field_gauge_roi_test_a,FieldGauge-ROI Test-A,434,11,source-directory group,all_conditions,clean;blur_moderate;blur_severe;perspective_moderate;perspective_severe;combined_severe,2604,1.0,0.10354149590798306,0.16823441174251796,0.10291858678955453,0.24807987711213517,0.5391705069124424,0.4226532265543937,0.5049250006675718,0.8398878574371338,1.0,0.09934058892535699,0.12298268198814212,0.09629460567621244,0.24504988492832044,0.5389874985394756,0.22069057418744667,0.2982282549026337,0.3737501869824799
GeoPRR normalized endpoint,20262020,sarn_v2,field_gauge_roi_test_a,FieldGauge-ROI Test-A,434,11,source-directory group,clean,clean,434,1.0,0.09284868351380397,0.15772596054830254,0.09907834101382489,0.29493087557603687,0.6129032258064516,0.4047604069113727,0.4856624487042427,0.6571035981178284,1.0,0.08946335533833218,0.10257651190153484,0.09196136844128387,0.2731429599294293,0.6059656872598261,0.1608073117523031,0.1881766152365099,0.20137866469404916
GeoPRR normalized endpoint,20262020,sarn_v2,field_gauge_roi_test_a,FieldGauge-ROI Test-A,434,11,source-directory group,blur_moderate,blur_moderate,434,1.0,0.09227060217396592,0.1566754415864698,0.08986175115207373,0.2834101382488479,0.6152073732718893,0.3975896298885344,0.4910664907097817,0.6577385663986206,1.0,0.08985482950454186,0.10365059492030154,0.08307707092062272,0.2623991582765367,0.6080798521646886,0.1628870643556118,0.19113412399400362,0.2018511411547661
GeoPRR normalized endpoint,20262020,sarn_v2,field_gauge_roi_test_a,FieldGauge-ROI Test-A,434,11,source-directory group,blur_severe,blur_severe,434,1.0,0.09563962192079781,0.15994434905032506,0.08294930875576037,0.2534562211981567,0.6013824884792627,0.4113262760639187,0.5086788105964662,0.6173824071884155,1.0,0.09164775544996245,0.10612316848252004,0.07605227753219296,0.277750878437982,0.5954909611402797,0.17238346463753418,0.20059491919826378,0.2093228005279194
GeoPRR normalized endpoint,20262020,sarn_v2,field_gauge_roi_test_a,FieldGauge-ROI Test-A,434,11,source-directory group,perspective_moderate,perspective_moderate,434,1.0,0.09526097049694596,0.15975309403732954,0.10829493087557604,0.22350230414746544,0.5460829493087558,0.4060492485761641,0.503375506401062,0.8398878574371338,1.0,0.0910027509056338,0.11234079738044121,0.10256102248702671,0.2082999452978311,0.5448080464510224,0.18478959118127822,0.2559554109769789,0.29036637551405214
GeoPRR normalized endpoint,20262020,sarn_v2,field_gauge_roi_test_a,FieldGauge-ROI Test-A,434,11,source-directory group,perspective_severe,perspective_severe,434,1.0,0.11491929541656978,0.1779755267163806,0.12442396313364056,0.21889400921658986,0.4377880184331797,0.4387073203921318,0.5015990966558457,0.6929183006286621,1.0,0.10923414276271838,0.13407790665597805,0.11758120315202768,0.20472508464051806,0.44706246889122153,0.22879336624280971,0.290703830266947,0.3186701260507107
GeoPRR normalized endpoint,20262020,sarn_v2,field_gauge_roi_test_a,FieldGauge-ROI Test-A,434,11,source-directory group,combined_severe,combined_severe,434,1.0,0.13030980192581493,0.1939425099902062,0.11290322580645161,0.21428571428571427,0.4216589861751152,0.452044625878334,0.5326741272211075,0.595320463180542,1.0,0.12484069959095324,0.15269496089561535,0.1065346915241207,0.24398128298762548,0.4325179753298146,0.26574191838665445,0.3080952828664671,0.3286631843176755
GeoPRR normalized endpoint,20262020,sarn_v2,field_gauge_roi_test_a,FieldGauge-ROI Test-A,434,11,source-directory group,projective_pooled,perspective_moderate;perspective_severe;combined_severe,1302,1.0,0.1134966892797769,0.17777329790660745,0.1152073732718894,0.21889400921658986,0.4685099846390169,0.43561285436153446,0.5190783774852753,0.8398878574371338,1.0,0.10835919775310182,0.13518473950652543,0.10889230572105836,0.2190021043086582,0.47479616355735293,0.24946991925171827,0.32111608371450134,0.366357097774744
GeoPRR normalized endpoint,20262020,sarn_v2,field_gauge_roi_test_b,FieldGauge-ROI Test-B,814,20,source-directory group,all_conditions,clean;blur_moderate;blur_severe;perspective_moderate;perspective_severe;combined_severe,4884,1.0,0.09615320204424288,0.16338499451585187,0.06203931203931204,0.1766994266994267,0.5249795249795249,0.43802753686904855,0.6118396443128588,0.8069087266921997,1.0,0.0958027391104648,0.11886120235829933,0.0633742465291713,0.17646714099347477,0.5195771871510919,0.20811427046351133,0.3067260092443228,0.3480974695622921
GeoPRR normalized endpoint,20262020,sarn_v2,field_gauge_roi_test_b,FieldGauge-ROI Test-B,814,20,source-directory group,clean,clean,814,1.0,0.09440219304693236,0.16606881309488403,0.06633906633906633,0.1928746928746929,0.5515970515970516,0.4532421141862853,0.6243696331977845,0.7919521927833557,1.0,0.09480821301067406,0.11580648279901411,0.06501561745747793,0.18840768480645362,0.5455953169723148,0.19209214890003204,0.24999010870891802,0.2756635709926486
GeoPRR normalized endpoint,20262020,sarn_v2,field_gauge_roi_test_b,FieldGauge-ROI Test-B,814,20,source-directory group,blur_moderate,blur_moderate,814,1.0,0.09388775018815874,0.16599771371903685,0.06388206388206388,0.2113022113022113,0.558968058968059,0.45225826948881015,0.6252697783708573,0.7946153879165649,1.0,0.09426827138352968,0.11515992158877449,0.06331550688253834,0.21023769588065075,0.5527453052269541,0.1914741254352033,0.24706264990101748,0.2724172501154244
GeoPRR normalized endpoint,20262020,sarn_v2,field_gauge_roi_test_b,FieldGauge-ROI Test-B,814,20,source-directory group,blur_severe,blur_severe,814,1.0,0.09581736042066787,0.16725760031859832,0.05528255528255528,0.19164619164619165,0.5319410319410319,0.4523427337408066,0.6131275588274002,0.763780951499939,1.0,0.09619572764359846,0.11732894397493658,0.05937732620017162,0.19156034609864978,0.5238633362159437,0.18739188167687507,0.25974195279204837,0.2892069681361318
GeoPRR normalized endpoint,20262020,sarn_v2,field_gauge_roi_test_b,FieldGauge-ROI Test-B,814,20,source-directory group,perspective_moderate,perspective_moderate,814,1.0,0.0929959527819946,0.16224813818212058,0.05896805896805897,0.1769041769041769,0.5331695331695332,0.4415713250637052,0.6424875032901765,0.8069087266921997,1.0,0.09253192429984336,0.11299796038637341,0.061414972016887205,0.17681297992173506,0.5236449651357395,0.18683639338240027,0.24588357017000012,0.2703748402163386
GeoPRR normalized endpoint,20262020,sarn_v2,field_gauge_roi_test_b,FieldGauge-ROI Test-B,814,20,source-directory group,perspective_severe,perspective_severe,814,1.0,0.09993609385537464,0.16278242926067002,0.06265356265356266,0.1597051597051597,0.5012285012285013,0.41472845524549473,0.5811608922481537,0.7138338088989258,1.0,0.09831364738708138,0.12060932491003844,0.06746117919168534,0.16328765663580985,0.5002771937503845,0.21618888786341994,0.26925351635624467,0.287222971560061
GeoPRR normalized endpoint,20262020,sarn_v2,field_gauge_roi_test_b,FieldGauge-ROI Test-B,814,20,source-directory group,combined_severe,combined_severe,814,1.0,0.09987986197232906,0.15567968547974803,0.06511056511056511,0.12776412776412777,0.47297297297297297,0.3917804852128027,0.5377018505334854,0.6070379614830017,1.0,0.0986986509380619,0.12153801744631498,0.0636608774262673,0.12849648261754965,0.4713370056052149,0.22088174246717243,0.28260786999665194,0.3048796285018325
GeoPRR normalized endpoint,20262020,sarn_v2,field_gauge_roi_test_b,FieldGauge-ROI Test-B,814,20,source-directory group,projective_pooled,perspective_moderate;perspective_severe;combined_severe,2442,1.0,0.0976039695365661,0.1602692963843905,0.062244062244062245,0.1547911547911548,0.5024570024570024,0.4125335425138473,0.5887581843137745,0.8069087266921997,1.0,0.09651474087499554,0.11927561756160518,0.06417900954494662,0.15619903972503152,0.498419721497113,0.22045991772346193,0.2899891143593192,0.32965209590047595
GeoPRR normalized endpoint,20262021,sarn_v2,field_gauge_external_roi,FieldGauge-External-ROI,147,21,provisional capture session,all_conditions,clean;blur_moderate;blur_severe;perspective_moderate;perspective_severe;combined_severe,882,1.0,0.22197028145317949,0.26972105550483616,0.036281179138321996,0.05442176870748299,0.14058956916099774,0.49747283438841494,0.5919089053471882,0.6339004516601563,1.0,0.21917404986444916,0.26319492858008625,0.038029100529100524,0.0539021164021164,0.1388888888888889,0.46170897368400815,0.49149396383383914,0.4998590087512183
GeoPRR normalized endpoint,20262021,sarn_v2,field_gauge_external_roi,FieldGauge-External-ROI,147,21,provisional capture session,clean,clean,147,1.0,0.2360822096271039,0.2824049814085249,0.006802721088435374,0.02040816326530612,0.11564625850340136,0.5277222009499865,0.5905403955777486,0.6339004516601563,1.0,0.23114245684216264,0.27319436636451594,0.005952380952380952,0.017857142857142856,0.10714285714285714,0.4343810545679122,0.45802965017803127,0.46394179908056105
GeoPRR normalized endpoint,20262021,sarn_v2,field_gauge_external_roi,FieldGauge-External-ROI,147,21,provisional capture session,blur_moderate,blur_moderate,147,1.0,0.23263457338826185,0.27963221890196616,0.034013605442176874,0.047619047619047616,0.10884353741496598,0.5051584808031717,0.5833265930811562,0.6177044987678528,1.0,0.22895178463802765,0.2710008762320607,0.02976190476190476,0.041666666666666664,0.11111111111111112,0.4307379544831457,0.4514883685662633,0.4566759720870427
GeoPRR normalized endpoint,20262021,sarn_v2,field_gauge_external_roi,FieldGauge-External-ROI,147,21,provisional capture session,blur_severe,blur_severe,147,1.0,0.22646092038305982,0.2723881250761365,0.04081632653061224,0.05442176870748299,0.12244897959183673,0.4872607258955637,0.5913937754631042,0.5966831763585408,1.0,0.22553028773063075,0.2657166673739993,0.03571428571428571,0.047619047619047616,0.10714285714285714,0.4168251183108677,0.43440030582745864,0.4387941027066064
GeoPRR normalized endpoint,20262021,sarn_v2,field_gauge_external_roi,FieldGauge-External-ROI,147,21,provisional capture session,perspective_moderate,perspective_moderate,147,1.0,0.2205189854987895,0.27071042814425444,0.04081632653061224,0.061224489795918366,0.14285714285714285,0.5016828509171802,0.5974981236457825,0.6015612045923868,1.0,0.21497833288338764,0.2614622151457802,0.05555555555555556,0.07341269841269842,0.17063492063492064,0.4254887024921083,0.4516584392649786,0.45820087345819627
GeoPRR normalized endpoint,20262021,sarn_v2,field_gauge_external_roi,FieldGauge-External-ROI,147,21,provisional capture session,perspective_severe,perspective_severe,147,1.0,0.20912850995182725,0.25759582099837547,0.034013605442176874,0.06802721088435375,0.17687074829931973,0.4922086576620737,0.5783825312455492,0.6143362840016683,1.0,0.2081095276402418,0.2528696068746833,0.041666666666666664,0.07142857142857142,0.16666666666666666,0.40800686627153354,0.4344067543328754,0.4410067263482109
GeoPRR normalized endpoint,20262021,sarn_v2,field_gauge_external_roi,FieldGauge-External-ROI,147,21,provisional capture session,combined_severe,combined_severe,147,1.0,0.2069964898700347,0.25439123754387744,0.061224489795918366,0.07482993197278912,0.17687074829931973,0.4835084585348764,0.5184558698336281,0.5351360003153482,1.0,0.20633190945224472,0.24985298451066495,0.05952380952380952,0.07142857142857142,0.17063492063492064,0.40289003147208496,0.42662574380957885,0.43255967189395234
GeoPRR normalized endpoint,20262021,sarn_v2,field_gauge_external_roi,FieldGauge-External-ROI,147,21,provisional capture session,projective_pooled,perspective_moderate;perspective_severe;combined_severe,441,1.0,0.21221466177355044,0.26099466446716113,0.045351473922902494,0.06802721088435375,0.1655328798185941,0.4912673393885294,0.5880658562978114,0.6143362840016683,1.0,0.20980658999195806,0.25545288663874655,0.052248677248677246,0.07208994708994709,0.1693121693121693,0.4468724996532712,0.48071277856524025,0.48945860677295255
GeoPRR normalized endpoint,20262021,sarn_v2,field_gauge_roi_test_a,FieldGauge-ROI Test-A,434,11,source-directory group,all_conditions,clean;blur_moderate;blur_severe;perspective_moderate;perspective_severe;combined_severe,2604,1.0,0.11970583180231134,0.1964519680418026,0.13517665130568357,0.2956989247311828,0.4957757296466974,0.4583217650651931,0.7248916864395141,0.8943771123886108,1.0,0.11313317159756124,0.14074322487366556,0.1320673220441562,0.280808365660599,0.500430344000134,0.2811904322380369,0.34866620660370046,0.39096546958793293
GeoPRR normalized endpoint,20262021,sarn_v2,field_gauge_roi_test_a,FieldGauge-ROI Test-A,434,11,source-directory group,clean,clean,434,1.0,0.11422993860785176,0.18980520492430508,0.14516129032258066,0.35253456221198154,0.5253456221198156,0.4419768616557121,0.6734051823616033,0.8776051998138428,1.0,0.10898209300125723,0.13079022369419027,0.13286084950989815,0.325312319815491,0.527570545823211,0.22711650421544907,0.2925708943927016,0.32047319080341946
GeoPRR normalized endpoint,20262021,sarn_v2,field_gauge_roi_test_a,FieldGauge-ROI Test-A,434,11,source-directory group,blur_moderate,blur_moderate,434,1.0,0.11409127871929088,0.19021960688486134,0.1382488479262673,0.35253456221198154,0.5207373271889401,0.4528678327798839,0.6730909234285355,0.892626166343689,1.0,0.1097161421336821,0.13184376142173668,0.12604266769171632,0.324644435902364,0.4801817643918764,0.22933360065120187,0.29637976410306305,0.32678180753507396
GeoPRR normalized endpoint,20262021,sarn_v2,field_gauge_roi_test_a,FieldGauge-ROI Test-A,434,11,source-directory group,blur_severe,blur_severe,434,1.0,0.12178566750308954,0.20291803099049202,0.12672811059907835,0.3271889400921659,0.5069124423963134,0.4725067451596252,0.71324862420559,0.8741589784622192,1.0,0.11664293303015079,0.14016821389643805,0.11526523159715549,0.3014427081023276,0.4679169499026905,0.2617319814413109,0.307358936016397,0.32099355628544635
GeoPRR normalized endpoint,20262021,sarn_v2,field_gauge_roi_test_a,FieldGauge-ROI Test-A,434,11,source-directory group,perspective_moderate,perspective_moderate,434,1.0,0.10901114506234977,0.18605411008302636,0.1497695852534562,0.2672811059907834,0.5161290322580645,0.43494449853897077,0.7416666114330296,0.8764646053314209,1.0,0.10370486822304993,0.13116377256805228,0.1397078608495099,0.24780200457183052,0.5180443261624945,0.2614152566378767,0.31381835234062233,0.3298679587515918
GeoPRR normalized endpoint,20262021,sarn_v2,field_gauge_roi_test_a,FieldGauge-ROI Test-A,434,11,source-directory group,perspective_severe,perspective_severe,434,1.0,0.13062446015218296,0.20705131003933624,0.12903225806451613,0.2488479262672811,0.45622119815668205,0.4626565784215926,0.6839202290773398,0.8943771123886108,1.0,0.12047235811839259,0.14767416666003796,0.1645903958845347,0.2752407571736437,0.5077976830270924,0.2796260598055342,0.31491472603174775,0.32534557973796674
GeoPRR normalized endpoint,20262021,sarn_v2,field_gauge_roi_test_a,FieldGauge-ROI Test-A,434,11,source-directory group,combined_severe,combined_severe,434,1.0,0.12849250076910318,0.20171424257187542,0.12211981566820276,0.22580645161290322,0.44930875576036866,0.4494408249855034,0.6883031785488141,0.8403199911117554,1.0,0.11928063507883478,0.1479006205966111,0.11393692673212263,0.21040796839793738,0.5010707946934387,0.28350968326343734,0.3274092397792772,0.3448203827847134
GeoPRR normalized endpoint,20262021,sarn_v2,field_gauge_roi_test_a,FieldGauge-ROI Test-A,434,11,source-directory group,projective_pooled,perspective_moderate;perspective_severe;combined_severe,1302,1.0,0.122709368661212,0.1984733504563754,0.1336405529953917,0.24731182795698925,0.4738863287250384,0.45658712595701223,0.7249016046524048,0.8943771123886108,1.0,0.11448595380675912,0.1434452841065329,0.13941172782205574,0.24448357671447052,0.5089709346276753,0.284826366329193,0.3410634996132417,0.37187827500430015
GeoPRR normalized endpoint,20262021,sarn_v2,field_gauge_roi_test_b,FieldGauge-ROI Test-B,814,20,source-directory group,all_conditions,clean;blur_moderate;blur_severe;perspective_moderate;perspective_severe;combined_severe,4884,1.0,0.12206542471497123,0.196493526729735,0.08558558558558559,0.1814086814086814,0.45290745290745293,0.47337156385183315,0.6869605773687365,0.9359529614448547,1.0,0.11824536195090747,0.1476674564049317,0.08668769632859921,0.18480952079789287,0.46096883177949044,0.27239817541651423,0.3883250987145305,0.4395285642385483
GeoPRR normalized endpoint,20262021,sarn_v2,field_gauge_roi_test_b,FieldGauge-ROI Test-B,814,20,source-directory group,clean,clean,814,1.0,0.12869984243520025,0.2101270044153547,0.07985257985257985,0.19656019656019655,0.47297297297297297,0.5078736007213586,0.7152050149440765,0.8970657587051392,1.0,0.12491508746118343,0.15060761010440088,0.07976783248671074,0.19983880878203725,0.48056238289013303,0.25651564727939663,0.3300768500878214,0.36211119399219754
GeoPRR normalized endpoint,20262021,sarn_v2,field_gauge_roi_test_b,FieldGauge-ROI Test-B,814,20,source-directory group,blur_moderate,blur_moderate,814,1.0,0.12819311430718044,0.2090873043103535,0.085995085995086,0.1977886977886978,0.4705159705159705,0.5064790576696385,0.7123379534482956,0.8972245454788208,1.0,0.12440711146418033,0.1506828562569565,0.08654145102503516,0.2007490742271864,0.4782896556174058,0.2543196284432709,0.331676094742,0.364951818741858
GeoPRR normalized endpoint,20262021,sarn_v2,field_gauge_roi_test_b,FieldGauge-ROI Test-B,814,20,source-directory group,blur_severe,blur_severe,814,1.0,0.13355343661749283,0.21489368207806883,0.08353808353808354,0.18058968058968058,0.44717444717444715,0.5351527810096738,0.6738212227821351,0.9359529614448547,1.0,0.12953462117134334,0.15727976171482136,0.08349227721662741,0.18528160887600012,0.4560608649966696,0.2613120968125015,0.348318540600717,0.3827778976857662
GeoPRR normalized endpoint,20262021,sarn_v2,field_gauge_roi_test_b,FieldGauge-ROI Test-B,814,20,source-directory group,perspective_moderate,perspective_moderate,814,1.0,0.11687016560895143,0.19335185281807316,0.10073710073710074,0.1977886977886978,0.47297297297297297,0.48243456929922085,0.7145843052864075,0.8688269853591919,1.0,0.1129105438976233,0.1407222696845201,0.10040149620860975,0.19749727548633159,0.48494318059831387,0.247971627664268,0.3323683672599196,0.3603286518394947
GeoPRR normalized endpoint,20262021,sarn_v2,field_gauge_roi_test_b,FieldGauge-ROI Test-B,814,20,source-directory group,perspective_severe,perspective_severe,814,1.0,0.11804701228930412,0.18480728753641226,0.08722358722358722,0.16461916461916462,0.4312039312039312,0.42957563102245305,0.6751261931657792,0.8673275709152222,1.0,0.11401082097044964,0.14117765607450755,0.09090777553499851,0.17184487499124984,0.4363818581071926,0.2567756353996694,0.33600947136309733,0.3725017155945301
GeoPRR normalized endpoint,20262021,sarn_v2,field_gauge_roi_test_b,FieldGauge-ROI Test-B,814,20,source-directory group,combined_severe,combined_severe,814,1.0,0.10702897703169822,0.16146024389915783,0.07616707616707617,0.1511056511056511,0.4226044226044226,0.36370894068479465,0.5892884796857835,0.7329482436180115,1.0,0.10369398674066481,0.12979507187133602,0.07901534549961363,0.15364548242455217,0.42957504846722755,0.23617159514725206,0.32846771603491887,0.3621247871756553
GeoPRR normalized endpoint,20262021,sarn_v2,field_gauge_roi_test_b,FieldGauge-ROI Test-B,814,20,source-directory group,projective_pooled,perspective_moderate;perspective_severe;combined_severe,2442,1.0,0.11398205164331794,0.18037745874944527,0.08804258804258805,0.17117117117117117,0.44226044226044225,0.42122591733932463,0.6726890379190458,0.8688269853591919,1.0,0.11020511720291257,0.13875273114297154,0.09010820574774063,0.17432921096737786,0.45030002905757804,0.2610507591897248,0.37616485601413246,0.4006805902957916
GeoPRR normalized endpoint,20262022,sarn_v2,field_gauge_external_roi,FieldGauge-External-ROI,147,21,provisional capture session,all_conditions,clean;blur_moderate;blur_severe;perspective_moderate;perspective_severe;combined_severe,882,1.0,0.24514327385528284,0.2670877026211362,0.011337868480725623,0.017006802721088437,0.04421768707482993,0.4114336697260538,0.46743821875254304,0.5351800203323365,1.0,0.24631691728240596,0.26650107292304337,0.011574074074074073,0.016534391534391533,0.04563492063492063,0.39055006156838123,0.4188413410985281,0.42938065983000256
GeoPRR normalized endpoint,20262022,sarn_v2,field_gauge_external_roi,FieldGauge-External-ROI,147,21,provisional capture session,clean,clean,147,1.0,0.24665878016391846,0.267362833058491,0.006802721088435374,0.006802721088435374,0.061224489795918366,0.4046281417210895,0.4412212448914844,0.4602636456489563,1.0,0.2451796130205273,0.2639335936194027,0.005952380952380952,0.005952380952380952,0.05952380952380952,0.3576504791615501,0.37057143167995266,0.3738016698095533
GeoPRR normalized endpoint,20262022,sarn_v2,field_gauge_external_roi,FieldGauge-External-ROI,147,21,provisional capture session,blur_moderate,blur_moderate,147,1.0,0.2508176522784763,0.26841975345142866,0.0,0.006802721088435374,0.027210884353741496,0.39034152905146263,0.4410524257024129,0.4540895581245422,1.0,0.25060166938516193,0.2658511720495405,0.0,0.005952380952380952,0.023809523809523808,0.35176093781278245,0.363954003527997,0.36700226995680063
GeoPRR normalized endpoint,20262022,sarn_v2,field_gauge_external_roi,FieldGauge-External-ROI,147,21,provisional capture session,blur_severe,blur_severe,147,1.0,0.2576698693396553,0.2761099477835081,0.006802721088435374,0.006802721088435374,0.006802721088435374,0.42438434561093635,0.4760443786780038,0.4912370761235555,1.0,0.2574429902655107,0.27469166558791247,0.015873015873015872,0.015873015873015872,0.015873015873015872,0.36701929901705843,0.37988723087197257,0.3831042138357011
GeoPRR normalized endpoint,20262022,sarn_v2,field_gauge_external_roi,FieldGauge-External-ROI,147,21,provisional capture session,perspective_moderate,perspective_moderate,147,1.0,0.2297117299638908,0.255188799760066,0.013605442176870748,0.013605442176870748,0.05442176870748299,0.41130077799161263,0.466099153359731,0.49933303991953526,1.0,0.23107865618413714,0.25228593324423826,0.011904761904761904,0.011904761904761904,0.06349206349206349,0.35649530262795703,0.3739965374727097,0.3783718461838979
GeoPRR normalized endpoint,20262022,sarn_v2,field_gauge_external_roi,FieldGauge-External-ROI,147,21,provisional capture session,perspective_severe,perspective_severe,147,1.0,0.2360531690358575,0.25705058509125783,0.006802721088435374,0.013605442176870748,0.034013605442176874,0.4024231100082396,0.4486723676522572,0.5027498324712117,1.0,0.2392895721687526,0.25751785981884556,0.005952380952380952,0.011904761904761904,0.02976190476190476,0.35462858909936174,0.36703290403135236,0.37013398276435006
GeoPRR normalized endpoint,20262022,sarn_v2,field_gauge_external_roi,FieldGauge-External-ROI,147,21,provisional capture session,combined_severe,combined_severe,147,1.0,0.24994844234989888,0.2775787576902777,0.034013605442176874,0.05442176870748299,0.08163265306122448,0.4309629162152608,0.48117776187260936,0.5351800203323365,1.0,0.2543090026703461,0.2795012303338755,0.02976190476190476,0.047619047619047616,0.08134920634920635,0.38840580779219425,0.4026333182913916,0.40619019591619093
GeoPRR normalized endpoint,20262022,sarn_v2,field_gauge_external_roi,FieldGauge-External-ROI,147,21,provisional capture session,projective_pooled,perspective_moderate;perspective_severe;combined_severe,441,1.0,0.23857111378321572,0.2634680837973985,0.018140589569160998,0.027210884353741496,0.05668934240362812,0.42093029816945393,0.47277438799540217,0.5351800203323365,1.0,0.2415590770077453,0.2640861321476303,0.015873015873015872,0.023809523809523808,0.0582010582010582,0.3880410070930208,0.4152715177952297,0.4226091984718565
GeoPRR normalized endpoint,20262022,sarn_v2,field_gauge_roi_test_a,FieldGauge-ROI Test-A,434,11,source-directory group,all_conditions,clean;blur_moderate;blur_severe;perspective_moderate;perspective_severe;combined_severe,2604,1.0,0.12764172355483175,0.20268324673585342,0.10407066052227343,0.2250384024577573,0.42319508448540705,0.5000780493021011,0.6623801308870307,0.8193992376327515,1.0,0.12404229035319192,0.15095889624614262,0.09716269459926964,0.2180571191861732,0.41220541356443924,0.2799284873019565,0.3525375450060585,0.3975218662348661
GeoPRR normalized endpoint,20262022,sarn_v2,field_gauge_roi_test_a,FieldGauge-ROI Test-A,434,11,source-directory group,clean,clean,434,1.0,0.11906656070640695,0.19844528510257342,0.12672811059907835,0.26036866359447003,0.45622119815668205,0.5038156330585476,0.6864298933744433,0.7823099493980408,1.0,0.1168807489132536,0.13861482852154117,0.11755237363059773,0.2433140150899136,0.4203380136873907,0.23711461867933925,0.28534908525428987,0.3031596062671054
GeoPRR normalized endpoint,20262022,sarn_v2,field_gauge_roi_test_a,FieldGauge-ROI Test-A,434,11,source-directory group,blur_moderate,blur_moderate,434,1.0,0.11890793649177603,0.1984566226379975,0.1313364055299539,0.26036866359447003,0.4539170506912442,0.49264945387840253,0.6683120280504228,0.7884484529495239,1.0,0.11697475314843125,0.13900831878944037,0.1216846050355564,0.24357890171843663,0.4184037777106015,0.2386087304665284,0.28848308556242425,0.3059292769702998
GeoPRR normalized endpoint,20262022,sarn_v2,field_gauge_roi_test_a,FieldGauge-ROI Test-A,434,11,source-directory group,blur_severe,blur_severe,434,1.0,0.1278879185882547,0.20763673860281343,0.10138248847926268,0.22811059907834103,0.43548387096774194,0.5132487893104549,0.6828023153543473,0.8193992376327515,1.0,0.12542386357928276,0.14812174229090136,0.09421968095329616,0.2139998127313138,0.4014904584717009,0.25439312415122983,0.3060554254767569,0.3248270367627794
GeoPRR normalized endpoint,20262022,sarn_v2,field_gauge_roi_test_a,FieldGauge-ROI Test-A,434,11,source-directory group,perspective_moderate,perspective_moderate,434,1.0,0.11343630243029257,0.17831721419852212,0.09216589861751152,0.2073732718894009,0.4377880184331797,0.45306070864200587,0.5847783118486405,0.7830625772476196,1.0,0.11072407766348932,0.1345035712512548,0.08730540073034788,0.19424912649014126,0.44758191143868803,0.23616339094422079,0.29254020030298017,0.3153268418962305
GeoPRR normalized endpoint,20262022,sarn_v2,field_gauge_roi_test_a,FieldGauge-ROI Test-A,434,11,source-directory group,perspective_severe,perspective_severe,434,1.0,0.13828550902691408,0.20986637811637718,0.07834101382488479,0.18202764976958524,0.38018433179723504,0.5015709161758422,0.6181846106052399,0.7399014830589294,1.0,0.13417423770778972,0.16214093180361985,0.07330386315587162,0.17137770615571885,0.39495678927103517,0.271858427794955,0.33649696621417996,0.35807670847936107
GeoPRR normalized endpoint,20262022,sarn_v2,field_gauge_roi_test_a,FieldGauge-ROI Test-A,434,11,source-directory group,combined_severe,combined_severe,434,1.0,0.14826611408534615,0.2208245639306867,0.0944700460829493,0.2119815668202765,0.37557603686635943,0.5231119483709336,0.6261980402469637,0.6874693036079407,1.0,0.14007606110690485,0.1672527439876235,0.0889102440899481,0.24182315293151513,0.3904615308072193,0.2812531776810234,0.3263441365518895,0.3455367676778273
GeoPRR normalized endpoint,20262022,sarn_v2,field_gauge_roi_test_a,FieldGauge-ROI Test-A,434,11,source-directory group,projective_pooled,perspective_moderate;perspective_severe;combined_severe,1302,1.0,0.13332930851418426,0.20380089432121876,0.08832565284178187,0.20046082949308755,0.3978494623655914,0.4952088952064515,0.6179843592643738,0.7830625772476196,1.0,0.12832479215939463,0.156157475786293,0.08317316932538919,0.20248332852579176,0.4110000771723142,0.2798558735134926,0.34868982557340095,0.38360702644694933
GeoPRR normalized endpoint,20262022,sarn_v2,field_gauge_roi_test_b,FieldGauge-ROI Test-B,814,20,source-directory group,all_conditions,clean;blur_moderate;blur_severe;perspective_moderate;perspective_severe;combined_severe,4884,1.0,0.12152252307414312,0.19967059220999883,0.06818181818181818,0.1588861588861589,0.4742014742014742,0.5183680057525628,0.675084679126741,0.8983988761901855,1.0,0.11780757455489974,0.1468627080291231,0.07164438546962487,0.16468324364123638,0.47846769442124115,0.2594862373702228,0.36935108767360453,0.42159029206037524
GeoPRR normalized endpoint,20262022,sarn_v2,field_gauge_roi_test_b,FieldGauge-ROI Test-B,814,20,source-directory group,clean,clean,814,1.0,0.12444604378092018,0.20995979132288364,0.0687960687960688,0.1597051597051597,0.4950859950859951,0.5421819806098938,0.6948496639728546,0.8116138577461243,1.0,0.1210687941849786,0.14714130919841323,0.07236203718761858,0.16495546098787567,0.49709727519226704,0.24211840864002704,0.30596900535899396,0.33607157070934773
GeoPRR normalized endpoint,20262022,sarn_v2,field_gauge_roi_test_b,FieldGauge-ROI Test-B,814,20,source-directory group,blur_moderate,blur_moderate,814,1.0,0.12365887165747823,0.2090088668566297,0.06265356265356266,0.15601965601965603,0.49385749385749383,0.5393711417913436,0.6991734302043915,0.8116552829742432,1.0,0.12030410838986769,0.1461307857983672,0.06612231437812834,0.16079477232216546,0.4961872308973674,0.24046473218843337,0.30445126696753494,0.33525271788984534
GeoPRR normalized endpoint,20262022,sarn_v2,field_gauge_roi_test_b,FieldGauge-ROI Test-B,814,20,source-directory group,blur_severe,blur_severe,814,1.0,0.12638663976034492,0.20991686138903026,0.06511056511056511,0.14127764127764128,0.4864864864864865,0.533393615484237,0.6936018890142441,0.8443942666053772,1.0,0.12286723494806824,0.14887106674574915,0.06836861458954482,0.14847670865571502,0.4890772058399932,0.2424868228919804,0.31153477412942043,0.34315768250077966
GeoPRR normalized endpoint,20262022,sarn_v2,field_gauge_roi_test_b,FieldGauge-ROI Test-B,814,20,source-directory group,perspective_moderate,perspective_moderate,814,1.0,0.11836658422370652,0.19787541074170378,0.05896805896805897,0.16953316953316952,0.48525798525798525,0.5154547631740569,0.6675146621465684,0.8983988761901855,1.0,0.11440423080661107,0.14123052659708935,0.059710025117001866,0.1748948745136727,0.4944262273766628,0.24462172868996857,0.31791276855167744,0.3450597902178764
GeoPRR normalized endpoint,20262022,sarn_v2,field_gauge_roi_test_b,FieldGauge-ROI Test-B,814,20,source-directory group,perspective_severe,perspective_severe,814,1.0,0.12257875416119395,0.19540922636354197,0.07248157248157248,0.15724815724815724,0.43734643734643736,0.4897800222039219,0.6647282081842423,0.8541109561920166,1.0,0.11852165005864741,0.14600201294732426,0.07694186418536623,0.15955835947035774,0.43986637010293206,0.26210569559589025,0.32881280911397925,0.3589359354019165
GeoPRR normalized endpoint,20262022,sarn_v2,field_gauge_roi_test_b,FieldGauge-ROI Test-B,814,20,source-directory group,combined_severe,combined_severe,814,1.0,0.11369824486121499,0.17331393292026867,0.08108108108108109,0.16953316953316952,0.44717444717444715,0.4008409947156905,0.5773041498661041,0.7705249190330505,1.0,0.10967942894122544,0.13837975630502303,0.08636145736008936,0.17941928589763162,0.45415185711822464,0.2506147874653339,0.33352127393466224,0.36534248849153517
GeoPRR normalized endpoint,20262022,sarn_v2,field_gauge_roi_test_b,FieldGauge-ROI Test-B,814,20,source-directory group,projective_pooled,perspective_moderate;perspective_severe;combined_severe,2442,1.0,0.11821452774870513,0.1891887622353993,0.07084357084357085,0.16543816543816545,0.45659295659295657,0.4750625729560844,0.6455977249145508,0.8983988761901855,1.0,0.11420176993549462,0.1432000668414924,0.07433778222081916,0.171290839960554,0.46281481819927317,0.26401605135023587,0.3683643416287302,0.40202420612573625
Raw EfficientNet-B0,20262020,raw,field_gauge_external_roi,FieldGauge-External-ROI,147,21,provisional capture session,all_conditions,clean;blur_moderate;blur_severe;perspective_moderate;perspective_severe;combined_severe,882,1.0,0.12604953603972474,0.152150831777968,0.05668934240362812,0.0963718820861678,0.23129251700680273,0.2813036068280538,0.34877349992593126,0.38221303224563596,1.0,0.1279199956390987,0.1505843318444769,0.059854497354497355,0.09722222222222221,0.21792328042328044,0.25532957919249455,0.2855909022003885,0.2942877982343946
Raw EfficientNet-B0,20262020,raw,field_gauge_external_roi,FieldGauge-External-ROI,147,21,provisional capture session,clean,clean,147,1.0,0.1328819755821271,0.16121373202134454,0.08163265306122448,0.10204081632653061,0.23129251700680273,0.2834261483351389,0.3554016107718149,0.38221303224563596,1.0,0.13376774789637358,0.15696988506839943,0.08928571428571429,0.10714285714285714,0.2261904761904762,0.2410488660411229,0.25208625620206193,0.2548456037422967
Raw EfficientNet-B0,20262020,raw,field_gauge_external_roi,FieldGauge-External-ROI,147,21,provisional capture session,blur_moderate,blur_moderate,147,1.0,0.1319991969927098,0.15798358486488084,0.061224489795918366,0.07482993197278912,0.19047619047619047,0.2800994928677876,0.33153454025586415,0.3743185758590698,1.0,0.1333467066721626,0.153821871791396,0.07142857142857142,0.08333333333333333,0.18452380952380953,0.23336418644587192,0.24310684231500776,0.24554250628229168
Raw EfficientNet-B0,20262020,raw,field_gauge_external_roi,FieldGauge-External-ROI,147,21,provisional capture session,blur_severe,blur_severe,147,1.0,0.13957960778082848,0.16583153435952364,0.02040816326530612,0.08843537414965986,0.19047619047619047,0.29845647525787344,0.34599954183896364,0.37537238200505574,1.0,0.1439362903065467,0.16365657059565009,0.03571428571428571,0.09523809523809523,0.18452380952380953,0.24234513253257386,0.2511744437459915,0.25338177154934594
Raw EfficientNet-B0,20262020,raw,field_gauge_external_roi,FieldGauge-External-ROI,147,21,provisional capture session,perspective_moderate,perspective_moderate,147,1.0,0.12174022829586684,0.14765311475826734,0.07482993197278912,0.09523809523809523,0.272108843537415,0.2629640199740727,0.33516756391525243,0.3705898177623749,1.0,0.12614570913767373,0.14537722270164227,0.07341269841269842,0.09722222222222221,0.251984126984127,0.21856212379109288,0.2293134469108922,0.232001277690842
Raw EfficientNet-B0,20262020,raw,field_gauge_external_roi,FieldGauge-External-ROI,147,21,provisional capture session,perspective_severe,perspective_severe,147,1.0,0.11724928696139329,0.14111340881581227,0.061224489795918366,0.1292517006802721,0.23129251700680273,0.2569043618440627,0.3280720415592192,0.34469934821128845,1.0,0.11780778103956469,0.13620744796656628,0.05357142857142857,0.1130952380952381,0.2123015873015873,0.20986231424505744,0.2211477395750227,0.22396909590751402
Raw EfficientNet-B0,20262020,raw,field_gauge_external_roi,FieldGauge-External-ROI,147,21,provisional capture session,combined_severe,combined_severe,147,1.0,0.11284692062542283,0.13687965134338165,0.04081632653061224,0.08843537414965986,0.272108843537415,0.24726413448651627,0.30348114430904366,0.35617578625679014,1.0,0.11251573878227086,0.1317878193717823,0.03571428571428571,0.0873015873015873,0.248015873015873,0.20450061846630913,0.2153293897297647,0.2180365825456286
Raw EfficientNet-B0,20262020,raw,field_gauge_external_roi,FieldGauge-External-ROI,147,21,provisional capture session,projective_pooled,perspective_moderate;perspective_severe;combined_severe,441,1.0,0.11727881196089432,0.14195125383656926,0.05895691609977324,0.10430839002267574,0.2585034013605442,0.25789223710695897,0.3289765400886539,0.3705898177623749,1.0,0.11882307631983642,0.13957633856510324,0.05423280423280423,0.09920634920634921,0.2374338624338624,0.23568523316345513,0.25284063097503445,0.2571040668941679
Raw EfficientNet-B0,20262020,raw,field_gauge_roi_test_a,FieldGauge-ROI Test-A,434,11,source-directory group,all_conditions,clean;blur_moderate;blur_severe;perspective_moderate;perspective_severe;combined_severe,2604,1.0,0.13054275700368112,0.1882669605910116,0.0629800307219662,0.17434715821812596,0.40053763440860213,0.4323571234941482,0.49980211377143846,0.6577181220054626,1.0,0.13147874103811819,0.16526358220542373,0.058382984175796016,0.16866834715671924,0.3971346632765372,0.3042864025506106,0.39438317120232363,0.44348256757313553
Raw EfficientNet-B0,20262020,raw,field_gauge_roi_test_a,FieldGauge-ROI Test-A,434,11,source-directory group,clean,clean,434,1.0,0.09284791616837962,0.15772562682672714,0.09907834101382489,0.2926267281105991,0.6129032258064516,0.4047180026769634,0.4856622335314751,0.6570994853973389,1.0,0.08946229699485951,0.10257572759294144,0.09196136844128387,0.270870232656702,0.6059656872598261,0.16081336965005505,0.18817212451758705,0.20137118126316506
Raw EfficientNet-B0,20262020,raw,field_gauge_roi_test_a,FieldGauge-ROI Test-A,434,11,source-directory group,blur_moderate,blur_moderate,434,1.0,0.09226906924275896,0.15667041900096898,0.08986175115207373,0.2834101382488479,0.6152073732718893,0.3975569292902945,0.4910664907097817,0.6577181220054626,1.0,0.08985785915949843,0.10364860057175734,0.08307707092062272,0.2623991582765367,0.6080798521646886,0.16288658560500904,0.19112092982517045,0.2018360411985354
Raw EfficientNet-B0,20262020,raw,field_gauge_roi_test_a,FieldGauge-ROI Test-A,434,11,source-directory group,blur_severe,blur_severe,434,1.0,0.09563785087787609,0.15994031332777076,0.08294930875576037,0.2534562211981567,0.6013824884792627,0.41131996393203696,0.5086787509918215,0.6173824071884155,1.0,0.0916465909302966,0.10612183143425025,0.07605227753219296,0.277750878437982,0.5954909611402797,0.17237983154817063,0.20059757743334225,0.2093209846182303
Raw EfficientNet-B0,20262020,raw,field_gauge_roi_test_a,FieldGauge-ROI Test-A,434,11,source-directory group,perspective_moderate,perspective_moderate,434,1.0,0.11596187775372634,0.1675623207366796,0.08064516129032258,0.15668202764976957,0.3271889400921659,0.3992585495114325,0.4971049189567569,0.6053862571716309,1.0,0.1167660297870048,0.13695467676080234,0.07633576782625408,0.14693446088794926,0.3468104661595733,0.22605587955171413,0.26063325528843834,0.27315559856458144
Raw EfficientNet-B0,20262020,raw,field_gauge_roi_test_a,FieldGauge-ROI Test-A,434,11,source-directory group,perspective_severe,perspective_severe,434,1.0,0.18357969991886808,0.22430542967104983,0.01152073732718894,0.03456221198156682,0.14055299539170507,0.44221599102020265,0.4995720517635346,0.5374770760536194,1.0,0.1944207658406546,0.21519907294632273,0.010378627714779935,0.031087833941956564,0.12913612147677192,0.331252975053137,0.3722135134756565,0.38008673834529794
Raw EfficientNet-B0,20262020,raw,field_gauge_roi_test_a,FieldGauge-ROI Test-A,434,11,source-directory group,combined_severe,combined_severe,434,1.0,0.20296012806047767,0.24345992732948962,0.013824884792626729,0.02534562211981567,0.10599078341013825,0.4553501769900321,0.5282870686054235,0.5874990224838257,1.0,0.20671890351639519,0.22887025731574848,0.012492792619642513,0.022967518739188928,0.09732489145808385,0.36759242925481367,0.4120353767009757,0.42371046062220225
Raw EfficientNet-B0,20262020,raw,field_gauge_roi_test_a,FieldGauge-ROI Test-A,434,11,source-directory group,projective_pooled,perspective_moderate;perspective_severe;combined_severe,1302,1.0,0.1675005685776907,0.2142139065870503,0.03533026113671275,0.07219662058371736,0.1912442396313364,0.44321649968624116,0.5068574666976929,0.6053862571716309,1.0,0.1726352330480182,0.19980547710026056,0.033069062720225514,0.06699660452303159,0.19109049303147635,0.33364670344374386,0.4018238217454606,0.4306842474097555
Raw EfficientNet-B0,20262020,raw,field_gauge_roi_test_b,FieldGauge-ROI Test-B,814,20,source-directory group,all_conditions,clean;blur_moderate;blur_severe;perspective_moderate;perspective_severe;combined_severe,4884,1.0,0.12846574449625375,0.19075032264371722,0.0475020475020475,0.13615888615888616,0.3837018837018837,0.44709091335535045,0.6055715590715408,0.7946974635124207,1.0,0.12747340900517606,0.15973410659355483,0.04849497237322135,0.13646055083640582,0.3824167232139105,0.3078809444710612,0.39952270191758876,0.4512161207795143
Raw EfficientNet-B0,20262020,raw,field_gauge_roi_test_b,FieldGauge-ROI Test-B,814,20,source-directory group,clean,clean,814,1.0,0.09440239991381288,0.1660690017650506,0.06633906633906633,0.1928746928746929,0.5515970515970516,0.45320724695920783,0.6243696331977845,0.7919522523880005,1.0,0.09480876809666812,0.11580738060166884,0.06501561745747793,0.18840768480645362,0.5455953169723148,0.1921020840872079,0.24999329595367606,0.27567016550153495
Raw EfficientNet-B0,20262020,raw,field_gauge_roi_test_b,FieldGauge-ROI Test-B,814,20,source-directory group,blur_moderate,blur_moderate,814,1.0,0.09388596886325928,0.16599453615484125,0.06388206388206388,0.2113022113022113,0.558968058968059,0.4522582888603197,0.6252697783708573,0.7946974635124207,1.0,0.09426635530960245,0.1151585207145331,0.06331550688253834,0.21023769588065075,0.5527453052269541,0.19147486529648303,0.24705713657382122,0.27241090855374933
Raw EfficientNet-B0,20262020,raw,field_gauge_roi_test_b,FieldGauge-ROI Test-B,814,20,source-directory group,blur_severe,blur_severe,814,1.0,0.09581718427942339,0.16725767591376073,0.05528255528255528,0.19164619164619165,0.5319410319410319,0.45235428065061567,0.6131501603126527,0.763780951499939,1.0,0.09619563976618345,0.11733018241694977,0.05937732620017162,0.19156034609864978,0.5238633362159437,0.1873938085693121,0.25975050283712886,0.28922332495450975
Raw EfficientNet-B0,20262020,raw,field_gauge_roi_test_b,FieldGauge-ROI Test-B,814,20,source-directory group,perspective_moderate,perspective_moderate,814,1.0,0.11486331657296461,0.1718469066389914,0.042997542997543,0.10319410319410319,0.3402948402948403,0.4361436501145362,0.5866382652521135,0.6782898902893066,1.0,0.1126710357953206,0.13292040491333684,0.04550988417267487,0.10731719640748369,0.3453184947469422,0.22245700963653622,0.28197526756936303,0.30442689219117164
Raw EfficientNet-B0,20262020,raw,field_gauge_roi_test_b,FieldGauge-ROI Test-B,814,20,source-directory group,perspective_severe,perspective_severe,814,1.0,0.18040896849469706,0.22602445313353542,0.030712530712530713,0.05773955773955774,0.16339066339066338,0.44187662750482554,0.5502019965648651,0.750677227973938,1.0,0.17801657999056425,0.20024174036245634,0.031862054194475534,0.060499555164397846,0.16758954207404375,0.3211573211491108,0.3853276113212108,0.4066740125715732
Raw EfficientNet-B0,20262020,raw,field_gauge_roi_test_b,FieldGauge-ROI Test-B,814,20,source-directory group,combined_severe,combined_severe,814,1.0,0.19141662885336533,0.2336396183523151,0.025798525798525797,0.060196560196560195,0.15601965601965603,0.4453930452466006,0.5420451152324677,0.7176846861839294,1.0,0.18888207507271743,0.21080674001506955,0.02588944533198979,0.060740826660799295,0.15938834404726435,0.3393847616553306,0.3939332040739059,0.41248256856203075
Raw EfficientNet-B0,20262020,raw,field_gauge_roi_test_b,FieldGauge-ROI Test-B,814,20,source-directory group,projective_pooled,perspective_moderate;perspective_severe;combined_severe,2442,1.0,0.16222963797367565,0.2122937304769969,0.033169533169533166,0.07371007371007371,0.2199017199017199,0.4414912819862364,0.553972388505936,0.750677227973938,1.0,0.1598565636195341,0.1865540641340776,0.034420461233046734,0.0761858594108936,0.2240987936227501,0.3243336931338906,0.40061018175184726,0.4394391787648201
Raw EfficientNet-B0,20262021,raw,field_gauge_external_roi,FieldGauge-External-ROI,147,21,provisional capture session,all_conditions,clean;blur_moderate;blur_severe;perspective_moderate;perspective_severe;combined_severe,882,1.0,0.20766629776896986,0.2558668860175313,0.02834467120181406,0.048752834467120185,0.14058956916099774,0.4920144597689309,0.5713052009741463,0.6339004516601563,1.0,0.20461233490634528,0.24890223171545064,0.025793650793650792,0.04563492063492064,0.13425925925925927,0.4529662384173226,0.48673987708091737,0.49405172879733733
Raw EfficientNet-B0,20262021,raw,field_gauge_external_roi,FieldGauge-External-ROI,147,21,provisional capture session,clean,clean,147,1.0,0.23608951109472046,0.282417796244558,0.006802721088435374,0.02040816326530612,0.11564625850340136,0.5277343006928759,0.5907699819405873,0.6339004516601563,1.0,0.2311485565319736,0.27320346357308717,0.005952380952380952,0.017857142857142856,0.10714285714285714,0.43439291454402224,0.45804371376624176,0.4639564135717967
Raw EfficientNet-B0,20262021,raw,field_gauge_external_roi,FieldGauge-External-ROI,147,21,provisional capture session,blur_moderate,blur_moderate,147,1.0,0.23263434855305418,0.27963959150837675,0.034013605442176874,0.047619047619047616,0.10884353741496598,0.5051584450403849,0.5834409135977425,0.6177044987678528,1.0,0.2289503194163085,0.27100545645378893,0.02976190476190476,0.041666666666666664,0.11111111111111112,0.43074868346112105,0.451507196850436,0.4566968251977648
Raw EfficientNet-B0,20262021,raw,field_gauge_external_roi,FieldGauge-External-ROI,147,21,provisional capture session,blur_severe,blur_severe,147,1.0,0.2264658702041557,0.27239494388058627,0.04081632653061224,0.05442176870748299,0.12244897959183673,0.48727162162462867,0.5914162034988403,0.5968487580617269,1.0,0.2255344303717058,0.26572013593564137,0.03571428571428571,0.047619047619047616,0.10714285714285714,0.4168297480306928,0.43441080257438475,0.43880606621030777
Raw EfficientNet-B0,20262021,raw,field_gauge_external_roi,FieldGauge-External-ROI,147,21,provisional capture session,perspective_moderate,perspective_moderate,147,1.0,0.20459911813000706,0.24808734691732184,0.02040816326530612,0.027210884353741496,0.11564625850340136,0.4479536195596059,0.5106914075215656,0.5387940883636475,1.0,0.2039421431207783,0.24307058997980854,0.017857142857142856,0.023809523809523808,0.10912698412698411,0.38969613099287426,0.40331551543001143,0.40672036153929575
Raw EfficientNet-B0,20262021,raw,field_gauge_external_roi,FieldGauge-External-ROI,147,21,provisional capture session,perspective_severe,perspective_severe,147,1.0,0.17114386130757883,0.22229990994168777,0.04081632653061224,0.08843537414965986,0.21768707482993196,0.43602282007535287,0.5435441718896229,0.5569086988766988,1.0,0.16649237467380112,0.20897529156727246,0.041666666666666664,0.08928571428571429,0.2043650793650794,0.3523250646231666,0.3743898061831792,0.37990599157318233
Raw EfficientNet-B0,20262021,raw,field_gauge_external_roi,FieldGauge-External-ROI,147,21,provisional capture session,combined_severe,combined_severe,147,1.0,0.17506507732430282,0.22290240078334703,0.027210884353741496,0.05442176870748299,0.16326530612244897,0.4332347957293192,0.5221764860947926,0.5640516718228659,1.0,0.17160618532350455,0.21247528593822468,0.023809523809523808,0.05357142857142857,0.16666666666666666,0.3517956494102402,0.37160598866050204,0.37655857347306754
Raw EfficientNet-B0,20262021,raw,field_gauge_external_roi,FieldGauge-External-ROI,147,21,provisional capture session,projective_pooled,perspective_moderate;perspective_severe;combined_severe,441,1.0,0.1836026855872962,0.23140877391572542,0.02947845804988662,0.05668934240362812,0.1655328798185941,0.44408442179361973,0.5341118240356447,0.5640516718228659,1.0,0.18068023437269465,0.22316909217739736,0.027777777777777773,0.05555555555555556,0.16005291005291006,0.39849931329394134,0.42795959213991014,0.4357471567297739
Raw EfficientNet-B0,20262021,raw,field_gauge_roi_test_a,FieldGauge-ROI Test-A,434,11,source-directory group,all_conditions,clean;blur_moderate;blur_severe;perspective_moderate;perspective_severe;combined_severe,2604,1.0,0.13902557122922246,0.20261438714152205,0.09523809523809523,0.22542242703533025,0.37480798771121354,0.4365503281354904,0.6297802659273144,0.8927620053291321,1.0,0.13271380568898317,0.16635941281156433,0.10166650650265872,0.22961773368750113,0.38210585577438166,0.32032072633504866,0.43427602193572296,0.4931688087636774
Raw EfficientNet-B0,20262021,raw,field_gauge_roi_test_a,FieldGauge-ROI Test-A,434,11,source-directory group,clean,clean,434,1.0,0.11423137213646817,0.18980773749270868,0.14285714285714285,0.35253456221198154,0.5253456221198156,0.4419768616557121,0.6734630894660955,0.8775787949562073,1.0,0.10898353731221579,0.13079328383743416,0.13058812223717087,0.325312319815491,0.527570545823211,0.2271286571876569,0.2925756772996891,0.32047188119454817
Raw EfficientNet-B0,20262021,raw,field_gauge_roi_test_a,FieldGauge-ROI Test-A,434,11,source-directory group,blur_moderate,blur_moderate,434,1.0,0.11409129946804197,0.19022284781971852,0.1382488479262673,0.35253456221198154,0.5207373271889401,0.4530264765024181,0.673081403374672,0.8927620053291321,1.0,0.10971516619641292,0.1318439666217515,0.12604266769171632,0.324644435902364,0.4801817643918764,0.22933221252337097,0.2963928569033606,0.3267920659685677
Raw EfficientNet-B0,20262021,raw,field_gauge_roi_test_a,FieldGauge-ROI Test-A,434,11,source-directory group,blur_severe,blur_severe,434,1.0,0.12178731419728031,0.2029226503192382,0.12672811059907835,0.3271889400921659,0.5069124423963134,0.47272500395774764,0.7132866650819785,0.8741294145584106,1.0,0.1166442621881684,0.14016966260178687,0.11526523159715549,0.3014427081023276,0.4679169499026905,0.26172837358232254,0.30735273772092025,0.3209838102487001
Raw EfficientNet-B0,20262021,raw,field_gauge_roi_test_a,FieldGauge-ROI Test-A,434,11,source-directory group,perspective_moderate,perspective_moderate,434,1.0,0.11885801474065069,0.1825926826756665,0.09907834101382489,0.22119815668202766,0.4377880184331797,0.42240119278430904,0.6165125072002421,0.7758244276046753,1.0,0.10930477523679935,0.13104923748244085,0.13623870843743993,0.2493609456083029,0.4913892840999134,0.23469415365593002,0.2976463861662691,0.3183465853333473
Raw EfficientNet-B0,20262021,raw,field_gauge_roi_test_a,FieldGauge-ROI Test-A,434,11,source-directory group,perspective_severe,perspective_severe,434,1.0,0.18320001461545715,0.22403590075417829,0.027649769585253458,0.04608294930875576,0.12211981566820276,0.43519010990858076,0.5088868039846421,0.5911687016487122,1.0,0.17830079091355341,0.20008007397476082,0.024985585239285027,0.08530174899096675,0.1564145685181626,0.31281095528873526,0.3788449891228025,0.3968452037464489
Raw EfficientNet-B0,20262021,raw,field_gauge_roi_test_a,FieldGauge-ROI Test-A,434,11,source-directory group,combined_severe,combined_severe,434,1.0,0.18198541221743628,0.22224773476831247,0.03686635944700461,0.052995391705069124,0.1359447004608295,0.4158229082822799,0.49654058277606966,0.5940786600112915,1.0,0.1733343022867491,0.1949362594381764,0.07687872381318471,0.09164424370555448,0.16916202191043628,0.3087109297757799,0.37276151721770107,0.3939557781002738
Raw EfficientNet-B0,20262021,raw,field_gauge_roi_test_a,FieldGauge-ROI Test-A,434,11,source-directory group,projective_pooled,perspective_moderate;perspective_severe;combined_severe,1302,1.0,0.16134781385784808,0.21049641976613193,0.054531490015360985,0.10675883256528418,0.23195084485407066,0.4217738583683968,0.5322700513601304,0.7758244276046753,1.0,0.1536466228123673,0.18168827598177284,0.07936767249663655,0.14210231276827473,0.2723219581761707,0.3188177611123431,0.41027432224609633,0.4517990270527926
Raw EfficientNet-B0,20262021,raw,field_gauge_roi_test_b,FieldGauge-ROI Test-B,814,20,source-directory group,all_conditions,clean;blur_moderate;blur_severe;perspective_moderate;perspective_severe;combined_severe,4884,1.0,0.15072359328657195,0.2165934361707964,0.06183456183456183,0.13472563472563473,0.32923832923832924,0.4759879931807515,0.6578528082370759,0.9360417723655701,1.0,0.14711893924939407,0.18247586891097828,0.06349986171805597,0.13865871310125757,0.3377566978026589,0.34746010715872044,0.46605698775589477,0.5351554522156715
Raw EfficientNet-B0,20262021,raw,field_gauge_roi_test_b,FieldGauge-ROI Test-B,814,20,source-directory group,clean,clean,814,1.0,0.12869865827456445,0.21012429312172623,0.07862407862407862,0.19656019656019655,0.47297297297297297,0.5078895062208169,0.71520880818367,0.8970658183097839,1.0,0.12491421757797945,0.150606491829037,0.07860504178903631,0.19983880878203725,0.48056238289013303,0.25651346704393624,0.3300780296711921,0.36210637756437064
Raw EfficientNet-B0,20262021,raw,field_gauge_roi_test_b,FieldGauge-ROI Test-B,814,20,source-directory group,blur_moderate,blur_moderate,814,1.0,0.1281937051558414,0.20908880295180562,0.085995085995086,0.1977886977886978,0.4705159705159705,0.506463599205016,0.7123378938436509,0.8972679376602173,1.0,0.12440767467800025,0.15068386283776278,0.08654145102503516,0.2007490742271864,0.4782896556174058,0.2543177746689692,0.33167546490716926,0.36495202624052764
Raw EfficientNet-B0,20262021,raw,field_gauge_roi_test_b,FieldGauge-ROI Test-B,814,20,source-directory group,blur_severe,blur_severe,814,1.0,0.13355280173809728,0.21489390632767155,0.08353808353808354,0.18058968058968058,0.44717444717444715,0.5351466268301007,0.6736687219142914,0.9360417723655701,1.0,0.12953407998265185,0.1572800727145054,0.08349227721662741,0.18528160887600012,0.4560608649966696,0.26130969187684355,0.34832719183492655,0.3827950302958488
Raw EfficientNet-B0,20262021,raw,field_gauge_roi_test_b,FieldGauge-ROI Test-B,814,20,source-directory group,perspective_moderate,perspective_moderate,814,1.0,0.12779624475328208,0.18482552566536098,0.051597051597051594,0.1167076167076167,0.32923832923832924,0.4347050994634624,0.6118841689825059,0.7819525599479675,1.0,0.12323590056158953,0.14930457747692638,0.060797945784265894,0.13001808572944004,0.34861589205821963,0.2667001781900227,0.33436164398697016,0.35717094236612323
Raw EfficientNet-B0,20262021,raw,field_gauge_roi_test_b,FieldGauge-ROI Test-B,814,20,source-directory group,perspective_severe,perspective_severe,814,1.0,0.19702170389502585,0.2441877338564594,0.042997542997543,0.06633906633906633,0.12653562653562653,0.4883930858969687,0.5844475966691971,0.6890918016433716,1.0,0.19417745293265376,0.21836751545010097,0.04308388260166646,0.06589877253009949,0.1301349429564204,0.34963847004622217,0.4246664765766859,0.4505880674958229
Raw EfficientNet-B0,20262021,raw,field_gauge_roi_test_b,FieldGauge-ROI Test-B,814,20,source-directory group,combined_severe,combined_severe,814,1.0,0.18907844590262057,0.23159973703291825,0.028255528255528257,0.05036855036855037,0.128992628992629,0.4381966695189476,0.5485879911184312,0.6835099458694458,1.0,0.18644430976348964,0.20911609956869862,0.028478571891704586,0.050165928462782096,0.13287644829710493,0.33252290755212305,0.4019194908884763,0.42867460715174677
Raw EfficientNet-B0,20262021,raw,field_gauge_roi_test_b,FieldGauge-ROI Test-B,814,20,source-directory group,projective_pooled,perspective_moderate;perspective_severe;combined_severe,2442,1.0,0.17129879818364283,0.22168037238115823,0.04095004095004095,0.07780507780507781,0.19492219492219492,0.45729708373546596,0.5846001908779145,0.7819525599479675,1.0,0.1679525544192443,0.19719301494374783,0.04412013342587898,0.0820275955741072,0.20387576110391498,0.3450199693262576,0.43605622465461485,0.491033332669735
Raw EfficientNet-B0,20262022,raw,field_gauge_external_roi,FieldGauge-External-ROI,147,21,provisional capture session,all_conditions,clean;blur_moderate;blur_severe;perspective_moderate;perspective_severe;combined_severe,882,1.0,0.2515595537464635,0.27906608546349104,0.012471655328798186,0.024943310657596373,0.060090702947845805,0.44461925586064655,0.5045273985465364,0.5449744780858358,1.0,0.2533853007659868,0.280885359966494,0.012566137566137567,0.025132275132275134,0.05952380952380952,0.42926175834451397,0.46931643923312893,0.47880869271263243
Raw EfficientNet-B0,20262022,raw,field_gauge_external_roi,FieldGauge-External-ROI,147,21,provisional capture session,clean,clean,147,1.0,0.24666195157704168,0.26736565159224496,0.006802721088435374,0.006802721088435374,0.061224489795918366,0.40467618902524294,0.4412263995011646,0.4602635264396667,1.0,0.24518434928365485,0.2639385216035659,0.005952380952380952,0.005952380952380952,0.05952380952380952,0.35765460657032705,0.3705768733995301,0.37380744010683087
Raw EfficientNet-B0,20262022,raw,field_gauge_external_roi,FieldGauge-External-ROI,147,21,provisional capture session,blur_moderate,blur_moderate,147,1.0,0.2508153662173386,0.26841626634379967,0.0,0.006802721088435374,0.027210884353741496,0.3903464464346566,0.44106981356938674,0.45408949851989744,1.0,0.250599610304864,0.2658482801422244,0.0,0.005952380952380952,0.023809523809523808,0.3517522861985933,0.36394752526945534,0.3669963350371709
Raw EfficientNet-B0,20262022,raw,field_gauge_external_roi,FieldGauge-External-ROI,147,21,provisional capture session,blur_severe,blur_severe,147,1.0,0.2576666480532579,0.27610834350616587,0.006802721088435374,0.006802721088435374,0.006802721088435374,0.42440412243207287,0.47605092207590727,0.4912372549374898,1.0,0.2574398978015102,0.2746906286237498,0.015873015873015872,0.015873015873015872,0.015873015873015872,0.36702057178909814,0.37988740368286766,0.38310411165631003
Raw EfficientNet-B0,20262022,raw,field_gauge_external_roi,FieldGauge-External-ROI,147,21,provisional capture session,perspective_moderate,perspective_moderate,147,1.0,0.24369622409208563,0.27267884949141435,0.006802721088435374,0.027210884353741496,0.08163265306122448,0.4134736522038777,0.45133264978726684,0.4648695747057596,1.0,0.24732668645877054,0.27503080397504504,0.005952380952380952,0.023809523809523808,0.07142857142857142,0.3865157589401517,0.3936012875152012,0.3953726696589636
Raw EfficientNet-B0,20262022,raw,field_gauge_external_roi,FieldGauge-External-ROI,147,21,provisional capture session,perspective_severe,perspective_severe,147,1.0,0.2500884264450765,0.29057664271292694,0.034013605442176874,0.06802721088435375,0.12244897959183673,0.48084615151087434,0.5276676590442657,0.5449744780858358,1.0,0.2546428351159449,0.29228458001745916,0.02976190476190476,0.06944444444444445,0.12301587301587302,0.4277197679735365,0.446081155763732,0.4506715027112809
Raw EfficientNet-B0,20262022,raw,field_gauge_external_roi,FieldGauge-External-ROI,147,21,provisional capture session,combined_severe,combined_severe,147,1.0,0.2604287060939806,0.2978443201442849,0.02040816326530612,0.034013605442176874,0.061224489795918366,0.48901487310727426,0.5363721234798431,0.5391355474789937,1.0,0.2651184256311762,0.2997270276330831,0.017857142857142856,0.02976190476190476,0.06349206349206349,0.4406875985860824,0.45949256240186237,0.4641938033558073
Raw EfficientNet-B0,20262022,raw,field_gauge_external_roi,FieldGauge-External-ROI,147,21,provisional capture session,projective_pooled,perspective_moderate;perspective_severe;combined_severe,441,1.0,0.25140445221038094,0.28722800425938544,0.02040816326530612,0.04308390022675737,0.08843537414965986,0.4765188415845235,0.5282316613197329,0.5449744780858358,1.0,0.2556959824019639,0.2900091883247771,0.017857142857142856,0.041005291005291,0.08597883597883597,0.4477035570239263,0.47169436730657305,0.47736904469747393
Raw EfficientNet-B0,20262022,raw,field_gauge_roi_test_a,FieldGauge-ROI Test-A,434,11,source-directory group,all_conditions,clean;blur_moderate;blur_severe;perspective_moderate;perspective_severe;combined_severe,2604,1.0,0.16588823616558174,0.23428462562503524,0.08179723502304148,0.16474654377880185,0.3033794162826421,0.5345670372247695,0.6513031429052336,0.8194000720977783,1.0,0.1606214611748481,0.20044854236815832,0.07602104555064386,0.1538141415784122,0.30167193355477734,0.37383240291205316,0.44966183947175753,0.522276243364269
Raw EfficientNet-B0,20262022,raw,field_gauge_roi_test_a,FieldGauge-ROI Test-A,434,11,source-directory group,clean,clean,434,1.0,0.11906835310322485,0.19844792969793404,0.12672811059907835,0.26036866359447003,0.45622119815668205,0.5037702769041058,0.6865112215280534,0.7823181748390198,1.0,0.11688455606702122,0.1386204841257526,0.11755237363059773,0.2433140150899136,0.4203380136873907,0.237121168451824,0.28537077514745973,0.3031774493916468
Raw EfficientNet-B0,20262022,raw,field_gauge_roi_test_a,FieldGauge-ROI Test-A,434,11,source-directory group,blur_moderate,blur_moderate,434,1.0,0.11890840224962904,0.19845465030090745,0.1313364055299539,0.26036866359447003,0.4539170506912442,0.4926273614168165,0.6683501273393633,0.7884484529495239,1.0,0.11697425697221328,0.13900538282641167,0.1216846050355564,0.24357890171843663,0.4184037777106015,0.23859138800407,0.2884734569908543,0.30591612195426765
Raw EfficientNet-B0,20262022,raw,field_gauge_roi_test_a,FieldGauge-ROI Test-A,434,11,source-directory group,blur_severe,blur_severe,434,1.0,0.12788971360307616,0.2076391259762527,0.10138248847926268,0.22811059907834103,0.43548387096774194,0.5132437437772747,0.6828577280044557,0.8194000720977783,1.0,0.1254270619266029,0.14812649822276702,0.09421968095329616,0.2139998127313138,0.4014904584717009,0.25440234979878773,0.30607668697847557,0.3248693147437139
Raw EfficientNet-B0,20262022,raw,field_gauge_roi_test_a,FieldGauge-ROI Test-A,434,11,source-directory group,perspective_moderate,perspective_moderate,434,1.0,0.1278099231906407,0.18800766219750087,0.09907834101382489,0.18663594470046083,0.37327188940092165,0.4851308152079582,0.5844787740707401,0.6255860328674316,1.0,0.12073257894756938,0.14480956690999874,0.09345569863540265,0.17399096674995196,0.4330321017953153,0.2423308795067397,0.3068219301773743,0.32462249723347747
Raw EfficientNet-B0,20262022,raw,field_gauge_roi_test_a,FieldGauge-ROI Test-A,434,11,source-directory group,perspective_severe,perspective_severe,434,1.0,0.24889115123059344,0.29202483241273863,0.016129032258064516,0.03225806451612903,0.05069124423963134,0.554427909851074,0.6163677006959916,0.6675652265548706,1.0,0.2406949290208348,0.26489612451842315,0.014558908322121854,0.029213915049010185,0.046665385354603114,0.38454496922005305,0.4426539987030354,0.46925216107205914
Raw EfficientNet-B0,20262022,raw,field_gauge_roi_test_a,FieldGauge-ROI Test-A,434,11,source-directory group,combined_severe,combined_severe,434,1.0,0.25276187361632624,0.29467014672559905,0.016129032258064516,0.020737327188940093,0.05069124423963134,0.5687170803546905,0.6190317541360856,0.6952937841415405,1.0,0.24301538411484708,0.2671202156655401,0.014655006726888332,0.018787238131847014,0.09010186430905247,0.39045389766151256,0.4390012626398693,0.4626449093629013
Raw EfficientNet-B0,20262022,raw,field_gauge_roi_test_a,FieldGauge-ROI Test-A,434,11,source-directory group,projective_pooled,perspective_moderate;perspective_severe;combined_severe,1302,1.0,0.20982098267918678,0.2629676020361594,0.04377880184331797,0.07987711213517665,0.15821812596006143,0.5432503312826157,0.6143135207891465,0.6952937841415405,1.0,0.20148096402775043,0.23455752377613814,0.040889871228137614,0.07399737331026972,0.1899331171529903,0.3837662951014258,0.451059851849621,0.489203945140947
Raw EfficientNet-B0,20262022,raw,field_gauge_roi_test_b,FieldGauge-ROI Test-B,814,20,source-directory group,all_conditions,clean;blur_moderate;blur_severe;perspective_moderate;perspective_severe;combined_severe,4884,1.0,0.1672451246801297,0.23968274936435283,0.05118755118755119,0.10995085995085994,0.33845208845208846,0.5308844864368438,0.6558373230695725,0.8444901704788208,1.0,0.16374443081472884,0.20494597104329926,0.05411709522174638,0.11456568239846243,0.3423608190896986,0.38706627459824083,0.4843107024210692,0.538704431116581
Raw EfficientNet-B0,20262022,raw,field_gauge_roi_test_b,FieldGauge-ROI Test-B,814,20,source-directory group,clean,clean,814,1.0,0.12444592808296844,0.20995888977464275,0.0687960687960688,0.1597051597051597,0.4950859950859951,0.5422067791223526,0.6948507565259934,0.8116689920425415,1.0,0.12106876085225778,0.147141672880843,0.07236203718761858,0.16495546098787567,0.49709727519226704,0.24211857852257784,0.30597238233464946,0.33607115515321495
Raw EfficientNet-B0,20262022,raw,field_gauge_roi_test_b,FieldGauge-ROI Test-B,814,20,source-directory group,blur_moderate,blur_moderate,814,1.0,0.12366033233968539,0.20901163049545396,0.06265356265356266,0.15601965601965603,0.49385749385749383,0.539371120929718,0.6991754579544067,0.8116785883903503,1.0,0.12030598532341327,0.14613245222849783,0.06612231437812834,0.16079477232216546,0.4961872308973674,0.24047625012479718,0.304446947392851,0.3352477114722133
Raw EfficientNet-B0,20262022,raw,field_gauge_roi_test_b,FieldGauge-ROI Test-B,814,20,source-directory group,blur_severe,blur_severe,814,1.0,0.12638638551729098,0.20991625402918057,0.06511056511056511,0.14127764127764128,0.4864864864864865,0.5333807438611977,0.6936347234249115,0.8444901704788208,1.0,0.12286708288050814,0.14886972213656005,0.06836861458954482,0.14847670865571502,0.4890772058399932,0.24248792884685097,0.311530130845636,0.3431552390828729
Raw EfficientNet-B0,20262022,raw,field_gauge_roi_test_b,FieldGauge-ROI Test-B,814,20,source-directory group,perspective_moderate,perspective_moderate,814,1.0,0.1321875889098743,0.1940516077560857,0.06265356265356266,0.11425061425061425,0.3574938574938575,0.47702544182538953,0.5668857938051224,0.6627272367477417,1.0,0.12902801252320759,0.15449879016747875,0.06747461726599893,0.12072081437334517,0.3654275382360865,0.26100004117369646,0.33069868583440776,0.3614359739124775
Raw EfficientNet-B0,20262022,raw,field_gauge_roi_test_b,FieldGauge-ROI Test-B,814,20,source-directory group,perspective_severe,perspective_severe,814,1.0,0.2457611467937506,0.295839787586428,0.02702702702702703,0.04668304668304668,0.09950859950859951,0.5383613884449002,0.6494048327207566,0.7786945104598999,1.0,0.2422164608130617,0.2684385956858732,0.028108893310671696,0.04832878399909864,0.10345535584683427,0.4088979810291529,0.4748266194951534,0.4994295672178269
Raw EfficientNet-B0,20262022,raw,field_gauge_roi_test_b,FieldGauge-ROI Test-B,814,20,source-directory group,combined_severe,combined_severe,814,1.0,0.25102936643720847,0.2961018150599795,0.020884520884520884,0.04176904176904177,0.09828009828009827,0.5327791357040405,0.6014000052213669,0.6760661363601684,1.0,0.2469802824959245,0.2703903651405014,0.02226609459851594,0.04411755405257457,0.10292030852564368,0.4063733003562689,0.46275056126236913,0.4810470045208931
Raw EfficientNet-B0,20262022,raw,field_gauge_roi_test_b,FieldGauge-ROI Test-B,814,20,source-directory group,projective_pooled,perspective_moderate;perspective_severe;combined_severe,2442,1.0,0.2096593673802778,0.26636659655051775,0.036855036855036855,0.06756756756756757,0.1850941850941851,0.5250680774450301,0.613240558266641,0.7786945104598999,1.0,0.20607491861073127,0.239556214201263,0.03928320172506219,0.07105571747500612,0.19060106753618816,0.4024117864292859,0.4785481443822383,0.5189626545310021
SARN-v2 + EfficientNet-B0,20262020,sarn_v2,field_gauge_external_roi,FieldGauge-External-ROI,147,21,provisional capture session,all_conditions,clean;blur_moderate;blur_severe;perspective_moderate;perspective_severe;combined_severe,882,1.0,0.1362868769830677,0.16240777567263523,0.04421768707482993,0.08049886621315193,0.20748299319727892,0.28928680213292435,0.35695739610989885,0.3961627205212911,1.0,0.1390082666199043,0.16057029744954385,0.047619047619047616,0.07936507936507937,0.19444444444444442,0.2633606039134283,0.300103547467315,0.3163189716187734
SARN-v2 + EfficientNet-B0,20262020,sarn_v2,field_gauge_external_roi,FieldGauge-External-ROI,147,21,provisional capture session,clean,clean,147,1.0,0.1328819755821271,0.16121373202134454,0.08163265306122448,0.10204081632653061,0.23129251700680273,0.2834261483351389,0.3554016107718149,0.38221303224563596,1.0,0.13376774789637358,0.15696988506839943,0.08928571428571429,0.10714285714285714,0.2261904761904762,0.2410488660411229,0.25208625620206193,0.2548456037422967
SARN-v2 + EfficientNet-B0,20262020,sarn_v2,field_gauge_external_roi,FieldGauge-External-ROI,147,21,provisional capture session,blur_moderate,blur_moderate,147,1.0,0.1319991969927098,0.15798358486488084,0.061224489795918366,0.07482993197278912,0.19047619047619047,0.2800994928677876,0.33153454025586415,0.3743185758590698,1.0,0.1333467066721626,0.153821871791396,0.07142857142857142,0.08333333333333333,0.18452380952380953,0.23336418644587192,0.24310684231500776,0.24554250628229168
SARN-v2 + EfficientNet-B0,20262020,sarn_v2,field_gauge_external_roi,FieldGauge-External-ROI,147,21,provisional capture session,blur_severe,blur_severe,147,1.0,0.13957960778082848,0.16583153435952364,0.02040816326530612,0.08843537414965986,0.19047619047619047,0.29845647525787344,0.34599954183896364,0.37537238200505574,1.0,0.1439362903065467,0.16365657059565009,0.03571428571428571,0.09523809523809523,0.18452380952380953,0.24234513253257386,0.2511744437459915,0.25338177154934594
SARN-v2 + EfficientNet-B0,20262020,sarn_v2,field_gauge_external_roi,FieldGauge-External-ROI,147,21,provisional capture session,perspective_moderate,perspective_moderate,147,1.0,0.13510006830535506,0.16366344720003112,0.047619047619047616,0.08163265306122448,0.23809523809523808,0.3009955068429311,0.3443945308526355,0.3657614469528198,1.0,0.13522558984972496,0.15863197246005314,0.041666666666666664,0.07142857142857142,0.2261904761904762,0.24830533113981043,0.2657564747130114,0.2701192606063116
SARN-v2 + EfficientNet-B0,20262020,sarn_v2,field_gauge_external_roi,FieldGauge-External-ROI,147,21,provisional capture session,perspective_severe,perspective_severe,147,1.0,0.12985526932204933,0.15533199155870123,0.027210884353741496,0.07482993197278912,0.22448979591836735,0.27395120302836096,0.333238217671712,0.3961627205212911,1.0,0.1347746011492594,0.15393426464801935,0.023809523809523808,0.06547619047619048,0.19642857142857142,0.2346684953532521,0.25252295054348683,0.25698656434104555
SARN-v2 + EfficientNet-B0,20262020,sarn_v2,field_gauge_external_roi,FieldGauge-External-ROI,147,21,provisional capture session,combined_severe,combined_severe,147,1.0,0.14830514391533645,0.16998583404379752,0.027210884353741496,0.061224489795918366,0.17006802721088435,0.2847325553496678,0.3459463650385536,0.3602826436360677,1.0,0.1529986638453587,0.1686485540797611,0.023809523809523808,0.05357142857142857,0.1488095238095238,0.24163757855078527,0.2540500201140131,0.2571531305048201
SARN-v2 + EfficientNet-B0,20262020,sarn_v2,field_gauge_external_roi,FieldGauge-External-ROI,147,21,provisional capture session,projective_pooled,perspective_moderate;perspective_severe;combined_severe,441,1.0,0.13775349384758026,0.16310419504778256,0.034013605442176874,0.07256235827664399,0.2108843537414966,0.2926189144452413,0.3522591972351077,0.3961627205212911,1.0,0.1409996182814477,0.1615482071963624,0.02976190476190476,0.06349206349206349,0.19047619047619047,0.25669832454787356,0.2962477619551477,0.30708539289141457
SARN-v2 + EfficientNet-B0,20262020,sarn_v2,field_gauge_roi_test_a,FieldGauge-ROI Test-A,434,11,source-directory group,all_conditions,clean;blur_moderate;blur_severe;perspective_moderate;perspective_severe;combined_severe,2604,1.0,0.1035409497362912,0.16823367714144355,0.10291858678955453,0.24769585253456222,0.5387864823348695,0.42264332026243207,0.5050072735548017,0.8398405313491821,1.0,0.09934083505588844,0.12298182833130711,0.09629460567621244,0.24467109704953255,0.5386351377219984,0.22070066977495492,0.2982245199875398,0.373739337243817
SARN-v2 + EfficientNet-B0,20262020,sarn_v2,field_gauge_roi_test_a,FieldGauge-ROI Test-A,434,11,source-directory group,clean,clean,434,1.0,0.09284791616837962,0.15772562682672714,0.09907834101382489,0.2926267281105991,0.6129032258064516,0.4047180026769634,0.4856622335314751,0.6570994853973389,1.0,0.08946229699485951,0.10257572759294144,0.09196136844128387,0.270870232656702,0.6059656872598261,0.16081336965005505,0.18817212451758705,0.20137118126316506
SARN-v2 + EfficientNet-B0,20262020,sarn_v2,field_gauge_roi_test_a,FieldGauge-ROI Test-A,434,11,source-directory group,blur_moderate,blur_moderate,434,1.0,0.09226906924275896,0.15667041900096898,0.08986175115207373,0.2834101382488479,0.6152073732718893,0.3975569292902945,0.4910664907097817,0.6577181220054626,1.0,0.08985785915949843,0.10364860057175734,0.08307707092062272,0.2623991582765367,0.6080798521646886,0.16288658560500904,0.19112092982517045,0.2018360411985354
SARN-v2 + EfficientNet-B0,20262020,sarn_v2,field_gauge_roi_test_a,FieldGauge-ROI Test-A,434,11,source-directory group,blur_severe,blur_severe,434,1.0,0.09563785087787609,0.15994031332777076,0.08294930875576037,0.2534562211981567,0.6013824884792627,0.41131996393203696,0.5086787509918215,0.6173824071884155,1.0,0.0916465909302966,0.10612183143425025,0.07605227753219296,0.277750878437982,0.5954909611402797,0.17237983154817063,0.20059757743334225,0.2093209846182303
SARN-v2 + EfficientNet-B0,20262020,sarn_v2,field_gauge_roi_test_a,FieldGauge-ROI Test-A,434,11,source-directory group,perspective_moderate,perspective_moderate,434,1.0,0.0952601436305671,0.15975204773911494,0.10829493087557604,0.22350230414746544,0.5460829493087558,0.40606116354465466,0.503375506401062,0.8398405313491821,1.0,0.0910020070331495,0.1123399520682947,0.10256102248702671,0.2082999452978311,0.5448080464510224,0.18479408537149428,0.2559575574113564,0.2903669150038199
SARN-v2 + EfficientNet-B0,20262020,sarn_v2,field_gauge_roi_test_a,FieldGauge-ROI Test-A,434,11,source-directory group,perspective_severe,perspective_severe,434,1.0,0.11491912261760591,0.177977017204439,0.12442396313364056,0.21889400921658986,0.43548387096774194,0.43868178874254227,0.5016190212965012,0.6929183006286621,1.0,0.10923391844343634,0.13407722766642852,0.11758120315202768,0.20472508464051806,0.44494830398635893,0.2287770609350367,0.2907078883848407,0.31867582472887906
SARN-v2 + EfficientNet-B0,20262020,sarn_v2,field_gauge_roi_test_a,FieldGauge-ROI Test-A,434,11,source-directory group,combined_severe,combined_severe,434,1.0,0.13031159588055952,0.1939458377025672,0.11290322580645161,0.21428571428571427,0.4216589861751152,0.4520266386866569,0.5326740872859955,0.595341682434082,1.0,0.1248423377740902,0.1526960363021888,0.1065346915241207,0.24398128298762548,0.4325179753298146,0.2657089589823376,0.3080918612550605,0.32866289442235774
SARN-v2 + EfficientNet-B0,20262020,sarn_v2,field_gauge_roi_test_a,FieldGauge-ROI Test-A,434,11,source-directory group,projective_pooled,perspective_moderate;perspective_severe;combined_severe,1302,1.0,0.11349695404291085,0.17777469202334,0.1152073732718894,0.21889400921658986,0.46774193548387094,0.43553901165723835,0.5190783190727234,0.8398405313491821,1.0,0.10835942108355869,0.13518465677499145,0.10889230572105836,0.2190021043086582,0.4740914419223987,0.24945690779482774,0.32111986258463426,0.3663481011986732
SARN-v2 + EfficientNet-B0,20262020,sarn_v2,field_gauge_roi_test_b,FieldGauge-ROI Test-B,814,20,source-directory group,all_conditions,clean;blur_moderate;blur_severe;perspective_moderate;perspective_severe;combined_severe,4884,1.0,0.09615287239075677,0.16338437018322527,0.06203931203931204,0.1769041769041769,0.5247747747747747,0.43802817016839923,0.6118396341800691,0.8069087266921997,1.0,0.09580246952834869,0.118861236370576,0.0633742465291713,0.17665653493286873,0.5193457056696105,0.20811031078446654,0.30672369502320895,0.3481027535140514
SARN-v2 + EfficientNet-B0,20262020,sarn_v2,field_gauge_roi_test_b,FieldGauge-ROI Test-B,814,20,source-directory group,clean,clean,814,1.0,0.09440239991381288,0.1660690017650506,0.06633906633906633,0.1928746928746929,0.5515970515970516,0.45320724695920783,0.6243696331977845,0.7919522523880005,1.0,0.09480876809666812,0.11580738060166884,0.06501561745747793,0.18840768480645362,0.5455953169723148,0.1921020840872079,0.24999329595367606,0.27567016550153495
SARN-v2 + EfficientNet-B0,20262020,sarn_v2,field_gauge_roi_test_b,FieldGauge-ROI Test-B,814,20,source-directory group,blur_moderate,blur_moderate,814,1.0,0.09388596886325928,0.16599453615484125,0.06388206388206388,0.2113022113022113,0.558968058968059,0.4522582888603197,0.6252697783708573,0.7946974635124207,1.0,0.09426635530960245,0.1151585207145331,0.06331550688253834,0.21023769588065075,0.5527453052269541,0.19147486529648303,0.24705713657382122,0.27241090855374933
SARN-v2 + EfficientNet-B0,20262020,sarn_v2,field_gauge_roi_test_b,FieldGauge-ROI Test-B,814,20,source-directory group,blur_severe,blur_severe,814,1.0,0.09581718427942339,0.16725767591376073,0.05528255528255528,0.19164619164619165,0.5319410319410319,0.45235428065061567,0.6131501603126527,0.763780951499939,1.0,0.09619563976618345,0.11733018241694977,0.05937732620017162,0.19156034609864978,0.5238633362159437,0.1873938085693121,0.25975050283712886,0.28922332495450975
SARN-v2 + EfficientNet-B0,20262020,sarn_v2,field_gauge_roi_test_b,FieldGauge-ROI Test-B,814,20,source-directory group,perspective_moderate,perspective_moderate,814,1.0,0.09299550463277526,0.16224742744901677,0.05896805896805897,0.1769041769041769,0.5319410319410319,0.4416087836027143,0.6424875551462174,0.8069087266921997,1.0,0.09253145281555526,0.11299825230029473,0.061414972016887205,0.17681297992173506,0.5222560762468507,0.1868233199836686,0.2458915449669286,0.2703811394959688
SARN-v2 + EfficientNet-B0,20262020,sarn_v2,field_gauge_roi_test_b,FieldGauge-ROI Test-B,814,20,source-directory group,perspective_severe,perspective_severe,814,1.0,0.09993631109723441,0.16278291932143235,0.06265356265356266,0.16093366093366093,0.5012285012285013,0.4147494345903395,0.5811621165275574,0.7138339281082153,1.0,0.09831412487950854,0.12060960696606782,0.06746117919168534,0.16442402027217348,0.5002771937503845,0.21618572789058085,0.2692519333667755,0.28722645899057386
SARN-v2 + EfficientNet-B0,20262020,sarn_v2,field_gauge_roi_test_b,FieldGauge-ROI Test-B,814,20,source-directory group,combined_severe,combined_severe,814,1.0,0.0998798655580354,0.15567908803628486,0.06511056511056511,0.12776412776412777,0.47297297297297297,0.3918061435222624,0.5376843076944351,0.606993556022644,1.0,0.09869847630257432,0.12153692693916471,0.0636608774262673,0.12849648261754965,0.4713370056052149,0.22088488004636017,0.2825991551624238,0.30486764964461327
SARN-v2 + EfficientNet-B0,20262020,sarn_v2,field_gauge_roi_test_b,FieldGauge-ROI Test-B,814,20,source-directory group,projective_pooled,perspective_moderate;perspective_severe;combined_severe,2442,1.0,0.09760389376268169,0.1602690290193765,0.062244062244062245,0.1552006552006552,0.502047502047502,0.41248045563697805,0.5887329292297366,0.8069087266921997,1.0,0.09651468466587937,0.11927546057016569,0.06417900954494662,0.1565778276038194,0.49795675853415,0.22045400039784604,0.2899889258242398,0.3296542716562748
SARN-v2 + EfficientNet-B0,20262021,sarn_v2,field_gauge_external_roi,FieldGauge-External-ROI,147,21,provisional capture session,all_conditions,clean;blur_moderate;blur_severe;perspective_moderate;perspective_severe;combined_severe,882,1.0,0.22197304957195024,0.26972683687585597,0.036281179138321996,0.05442176870748299,0.14058956916099774,0.4974866120020548,0.5919896857341129,0.6339004516601563,1.0,0.2191751945387355,0.2631973038271306,0.038029100529100524,0.0539021164021164,0.1388888888888889,0.461726420673113,0.49150312512450745,0.49987658928311063
SARN-v2 + EfficientNet-B0,20262021,sarn_v2,field_gauge_external_roi,FieldGauge-External-ROI,147,21,provisional capture session,clean,clean,147,1.0,0.23608951109472046,0.282417796244558,0.006802721088435374,0.02040816326530612,0.11564625850340136,0.5277343006928759,0.5907699819405873,0.6339004516601563,1.0,0.2311485565319736,0.27320346357308717,0.005952380952380952,0.017857142857142856,0.10714285714285714,0.43439291454402224,0.45804371376624176,0.4639564135717967
SARN-v2 + EfficientNet-B0,20262021,sarn_v2,field_gauge_external_roi,FieldGauge-External-ROI,147,21,provisional capture session,blur_moderate,blur_moderate,147,1.0,0.23263434855305418,0.27963959150837675,0.034013605442176874,0.047619047619047616,0.10884353741496598,0.5051584450403849,0.5834409135977425,0.6177044987678528,1.0,0.2289503194163085,0.27100545645378893,0.02976190476190476,0.041666666666666664,0.11111111111111112,0.43074868346112105,0.451507196850436,0.4566968251977648
SARN-v2 + EfficientNet-B0,20262021,sarn_v2,field_gauge_external_roi,FieldGauge-External-ROI,147,21,provisional capture session,blur_severe,blur_severe,147,1.0,0.2264658702041557,0.27239494388058627,0.04081632653061224,0.05442176870748299,0.12244897959183673,0.48727162162462867,0.5914162034988403,0.5968487580617269,1.0,0.2255344303717058,0.26572013593564137,0.03571428571428571,0.047619047619047616,0.10714285714285714,0.4168297480306928,0.43441080257438475,0.43880606621030777
SARN-v2 + EfficientNet-B0,20262021,sarn_v2,field_gauge_external_roi,FieldGauge-External-ROI,147,21,provisional capture session,perspective_moderate,perspective_moderate,147,1.0,0.22052034109898438,0.2707120433042863,0.04081632653061224,0.061224489795918366,0.14285714285714285,0.5016689749558765,0.5975660967826844,0.6016276041666666,1.0,0.2149751813173609,0.2614545806331553,0.05555555555555556,0.07341269841269842,0.17063492063492064,0.4254761447868649,0.45164909532864883,0.45819233296409484
SARN-v2 + EfficientNet-B0,20262021,sarn_v2,field_gauge_external_roi,FieldGauge-External-ROI,147,21,provisional capture session,perspective_severe,perspective_severe,147,1.0,0.20913729525071967,0.25760175437960064,0.034013605442176874,0.06802721088435375,0.17687074829931973,0.4922934393088022,0.5784198032220201,0.6143362243970235,1.0,0.2081169264511299,0.2528741335433552,0.041666666666666664,0.07142857142857142,0.16666666666666666,0.40801792087536,0.43441658783621256,0.44101625457642574
SARN-v2 + EfficientNet-B0,20262021,sarn_v2,field_gauge_external_roi,FieldGauge-External-ROI,147,21,provisional capture session,combined_severe,combined_severe,147,1.0,0.20699093123006715,0.25439065767159313,0.061224489795918366,0.07482993197278912,0.17687074829931973,0.4835277167956033,0.5183991095225015,0.5351360003153482,1.0,0.20632575314393434,0.2498508048362812,0.05952380952380952,0.07142857142857142,0.17063492063492064,0.40289065852713957,0.42662426386882385,0.43255766520424493
SARN-v2 + EfficientNet-B0,20262021,sarn_v2,field_gauge_external_roi,FieldGauge-External-ROI,147,21,provisional capture session,projective_pooled,perspective_moderate;perspective_severe;combined_severe,441,1.0,0.21221618919325702,0.2609969865471091,0.045351473922902494,0.06802721088435375,0.1655328798185941,0.4912673393885294,0.5880658920605982,0.6143362243970235,1.0,0.20980595363747506,0.2554514986099801,0.052248677248677246,0.07208994708994709,0.1693121693121693,0.44687338279542466,0.48073076506152984,0.48948099257454036
SARN-v2 + EfficientNet-B0,20262021,sarn_v2,field_gauge_roi_test_a,FieldGauge-ROI Test-A,434,11,source-directory group,all_conditions,clean;blur_moderate;blur_severe;perspective_moderate;perspective_severe;combined_severe,2604,1.0,0.11970663357841654,0.1964539428910847,0.1347926267281106,0.29531490015360984,0.4957757296466974,0.45828675627708426,0.7248909723758696,0.8943241834640503,1.0,0.1131341151530417,0.14074463200324758,0.1316885341653683,0.28045600484312194,0.500430344000134,0.281210298770937,0.3486581299034032,0.3909453564069488
SARN-v2 + EfficientNet-B0,20262021,sarn_v2,field_gauge_roi_test_a,FieldGauge-ROI Test-A,434,11,source-directory group,clean,clean,434,1.0,0.11423137213646817,0.18980773749270868,0.14285714285714285,0.35253456221198154,0.5253456221198156,0.4419768616557121,0.6734630894660955,0.8775787949562073,1.0,0.10898353731221579,0.13079328383743416,0.13058812223717087,0.325312319815491,0.527570545823211,0.2271286571876569,0.2925756772996891,0.32047188119454817
SARN-v2 + EfficientNet-B0,20262021,sarn_v2,field_gauge_roi_test_a,FieldGauge-ROI Test-A,434,11,source-directory group,blur_moderate,blur_moderate,434,1.0,0.11409129946804197,0.19022284781971852,0.1382488479262673,0.35253456221198154,0.5207373271889401,0.4530264765024181,0.673081403374672,0.8927620053291321,1.0,0.10971516619641292,0.1318439666217515,0.12604266769171632,0.324644435902364,0.4801817643918764,0.22933221252337097,0.2963928569033606,0.3267920659685677
SARN-v2 + EfficientNet-B0,20262021,sarn_v2,field_gauge_roi_test_a,FieldGauge-ROI Test-A,434,11,source-directory group,blur_severe,blur_severe,434,1.0,0.12178731419728031,0.2029226503192382,0.12672811059907835,0.3271889400921659,0.5069124423963134,0.47272500395774764,0.7132866650819785,0.8741294145584106,1.0,0.1166442621881684,0.14016966260178687,0.11526523159715549,0.3014427081023276,0.4679169499026905,0.26172837358232254,0.30735273772092025,0.3209838102487001
SARN-v2 + EfficientNet-B0,20262021,sarn_v2,field_gauge_roi_test_a,FieldGauge-ROI Test-A,434,11,source-directory group,perspective_moderate,perspective_moderate,434,1.0,0.10901210675161967,0.1860561173512209,0.1497695852534562,0.2672811059907834,0.5161290322580645,0.43499073386192305,0.7415792137384418,0.8764646649360657,1.0,0.10370683849029384,0.13116680071913026,0.1397078608495099,0.24780200457183052,0.5180443261624945,0.2614329984345219,0.3138290271667459,0.329874911159277
SARN-v2 + EfficientNet-B0,20262021,sarn_v2,field_gauge_roi_test_a,FieldGauge-ROI Test-A,434,11,source-directory group,perspective_severe,perspective_severe,434,1.0,0.13062481066208623,0.20705078306698285,0.12903225806451613,0.2488479262672811,0.45622119815668205,0.46265235543251026,0.6838924002647407,0.8943241834640503,1.0,0.12047393486643068,0.14767603796691897,0.1645903958845347,0.2752407571736437,0.5077976830270924,0.2796177489707416,0.3149163526289571,0.32534598951989957
SARN-v2 + EfficientNet-B0,20262021,sarn_v2,field_gauge_roi_test_a,FieldGauge-ROI Test-A,434,11,source-directory group,combined_severe,combined_severe,434,1.0,0.12849289825500293,0.20171438579072817,0.12211981566820276,0.22350230414746544,0.44930875576036866,0.44946769326925207,0.6883604627847683,0.8404140472412109,1.0,0.11928095186472856,0.14790123463921975,0.11393692673212263,0.20829380349307478,0.5010707946934387,0.2835021680321206,0.32741608796688637,0.3448284016414122
SARN-v2 + EfficientNet-B0,20262021,sarn_v2,field_gauge_roi_test_a,FieldGauge-ROI Test-A,434,11,source-directory group,projective_pooled,perspective_moderate;perspective_severe;combined_severe,1302,1.0,0.1227099385562363,0.19847384295114961,0.1336405529953917,0.2465437788018433,0.4738863287250384,0.4565871244668961,0.7249013268947602,0.8943241834640503,1.0,0.11448724174048436,0.14344702544943333,0.13941172782205574,0.24377885507951633,0.5089709346276753,0.2848235742071812,0.3410838283124295,0.3718619778752327
SARN-v2 + EfficientNet-B0,20262021,sarn_v2,field_gauge_roi_test_b,FieldGauge-ROI Test-B,814,20,source-directory group,all_conditions,clean;blur_moderate;blur_severe;perspective_moderate;perspective_severe;combined_severe,4884,1.0,0.12206492389377778,0.19649295639781036,0.08538083538083538,0.1814086814086814,0.4527027027027027,0.4731082260608673,0.6869899141788485,0.9360417723655701,1.0,0.11824483285584578,0.1476667761311671,0.0864938978789868,0.18480952079789287,0.460775033329878,0.272389797033742,0.3883213115322591,0.4395527205109596
SARN-v2 + EfficientNet-B0,20262021,sarn_v2,field_gauge_roi_test_b,FieldGauge-ROI Test-B,814,20,source-directory group,clean,clean,814,1.0,0.12869865827456445,0.21012429312172623,0.07862407862407862,0.19656019656019655,0.47297297297297297,0.5078895062208169,0.71520880818367,0.8970658183097839,1.0,0.12491421757797945,0.150606491829037,0.07860504178903631,0.19983880878203725,0.48056238289013303,0.25651346704393624,0.3300780296711921,0.36210637756437064
SARN-v2 + EfficientNet-B0,20262021,sarn_v2,field_gauge_roi_test_b,FieldGauge-ROI Test-B,814,20,source-directory group,blur_moderate,blur_moderate,814,1.0,0.1281937051558414,0.20908880295180562,0.085995085995086,0.1977886977886978,0.4705159705159705,0.506463599205016,0.7123378938436509,0.8972679376602173,1.0,0.12440767467800025,0.15068386283776278,0.08654145102503516,0.2007490742271864,0.4782896556174058,0.2543177746689692,0.33167546490716926,0.36495202624052764
SARN-v2 + EfficientNet-B0,20262021,sarn_v2,field_gauge_roi_test_b,FieldGauge-ROI Test-B,814,20,source-directory group,blur_severe,blur_severe,814,1.0,0.13355280173809728,0.21489390632767155,0.08353808353808354,0.18058968058968058,0.44717444717444715,0.5351466268301007,0.6736687219142914,0.9360417723655701,1.0,0.12953407998265185,0.1572800727145054,0.08349227721662741,0.18528160887600012,0.4560608649966696,0.26130969187684355,0.34832719183492655,0.3827950302958488
SARN-v2 + EfficientNet-B0,20262021,sarn_v2,field_gauge_roi_test_b,FieldGauge-ROI Test-B,814,20,source-directory group,perspective_moderate,perspective_moderate,814,1.0,0.11686851423558679,0.19334913289691222,0.10073710073710074,0.1977886977886978,0.47297297297297297,0.48247396945953347,0.7145932412147522,0.8688269853591919,1.0,0.11290870809628344,0.14071967447936637,0.10040149620860975,0.19749727548633159,0.48494318059831387,0.247963190459162,0.33236203602474923,0.3603291510283947
SARN-v2 + EfficientNet-B0,20262021,sarn_v2,field_gauge_roi_test_b,FieldGauge-ROI Test-B,814,20,source-directory group,perspective_severe,perspective_severe,814,1.0,0.11804619840719263,0.18480551880639748,0.08722358722358722,0.16461916461916462,0.42997542997543,0.42958993762731523,0.675123006105423,0.8672751784324646,1.0,0.1140098289945359,0.1411758031615949,0.09090777553499851,0.17184487499124984,0.43521906740951816,0.25677183752208943,0.33599308476847395,0.3724805023014545
SARN-v2 + EfficientNet-B0,20262021,sarn_v2,field_gauge_roi_test_b,FieldGauge-ROI Test-B,814,20,source-directory group,combined_severe,combined_severe,814,1.0,0.10702966555138403,0.16146265033725626,0.07616707616707617,0.1511056511056511,0.4226044226044226,0.3637325366735451,0.5892926245927812,0.7329482436180115,1.0,0.10369448780562376,0.12979522995888154,0.07901534549961363,0.15364548242455217,0.42957504846722755,0.2361743714291602,0.32846555614140616,0.36212245663404463
SARN-v2 + EfficientNet-B0,20262021,sarn_v2,field_gauge_roi_test_b,FieldGauge-ROI Test-B,814,20,source-directory group,projective_pooled,perspective_moderate;perspective_severe;combined_severe,2442,1.0,0.1139814593980545,0.18037660087274868,0.08804258804258805,0.17117117117117117,0.44185094185094187,0.4212269932031628,0.6726788580417645,0.8688269853591919,1.0,0.11020434163214769,0.13875122005261004,0.09010820574774063,0.17432921096737786,0.44991243215835325,0.2610519186863302,0.37614223936694857,0.40068419488668444
SARN-v2 + EfficientNet-B0,20262022,sarn_v2,field_gauge_external_roi,FieldGauge-External-ROI,147,21,provisional capture session,all_conditions,clean;blur_moderate;blur_severe;perspective_moderate;perspective_severe;combined_severe,882,1.0,0.2451441657286382,0.2670897138148028,0.011337868480725623,0.017006802721088437,0.04421768707482993,0.41131577471892034,0.46743815914789827,0.5352038025856019,1.0,0.24631797993624652,0.2665032431462875,0.011574074074074073,0.016534391534391533,0.04563492063492063,0.39055940445453396,0.418845975302893,0.4293823088918413
SARN-v2 + EfficientNet-B0,20262022,sarn_v2,field_gauge_external_roi,FieldGauge-External-ROI,147,21,provisional capture session,clean,clean,147,1.0,0.24666195157704168,0.26736565159224496,0.006802721088435374,0.006802721088435374,0.061224489795918366,0.40467618902524294,0.4412263995011646,0.4602635264396667,1.0,0.24518434928365485,0.2639385216035659,0.005952380952380952,0.005952380952380952,0.05952380952380952,0.35765460657032705,0.3705768733995301,0.37380744010683087
SARN-v2 + EfficientNet-B0,20262022,sarn_v2,field_gauge_external_roi,FieldGauge-External-ROI,147,21,provisional capture session,blur_moderate,blur_moderate,147,1.0,0.2508153662173386,0.26841626634379967,0.0,0.006802721088435374,0.027210884353741496,0.3903464464346566,0.44106981356938674,0.45408949851989744,1.0,0.250599610304864,0.2658482801422244,0.0,0.005952380952380952,0.023809523809523808,0.3517522861985933,0.36394752526945534,0.3669963350371709
SARN-v2 + EfficientNet-B0,20262022,sarn_v2,field_gauge_external_roi,FieldGauge-External-ROI,147,21,provisional capture session,blur_severe,blur_severe,147,1.0,0.2576666480532579,0.27610834350616587,0.006802721088435374,0.006802721088435374,0.006802721088435374,0.42440412243207287,0.47605092207590727,0.4912372549374898,1.0,0.2574398978015102,0.2746906286237498,0.015873015873015872,0.015873015873015872,0.015873015873015872,0.36702057178909814,0.37988740368286766,0.38310411165631003
SARN-v2 + EfficientNet-B0,20262022,sarn_v2,field_gauge_external_roi,FieldGauge-External-ROI,147,21,provisional capture session,perspective_moderate,perspective_moderate,147,1.0,0.2297118441047582,0.25519361579438077,0.013605442176870748,0.013605442176870748,0.05442176870748299,0.4113008435567219,0.46609909375508624,0.4992578188578287,1.0,0.2310790502961981,0.2522904712912208,0.011904761904761904,0.011904761904761904,0.06349206349206349,0.3565071004449375,0.3740100164245045,0.3783857454193963
SARN-v2 + EfficientNet-B0,20262022,sarn_v2,field_gauge_external_roi,FieldGauge-External-ROI,147,21,provisional capture session,perspective_severe,perspective_severe,147,1.0,0.23605594490931417,0.25705452182684796,0.006802721088435374,0.013605442176870748,0.034013605442176874,0.4025197589397429,0.44874095948537185,0.5027372558911641,1.0,0.23929169978256576,0.2575205374656192,0.005952380952380952,0.011904761904761904,0.02976190476190476,0.3546360670697121,0.36703882058707493,0.3701395089664156
SARN-v2 + EfficientNet-B0,20262022,sarn_v2,field_gauge_external_roi,FieldGauge-External-ROI,147,21,provisional capture session,combined_severe,combined_severe,147,1.0,0.24995323951011886,0.27758454852024766,0.034013605442176874,0.05442176870748299,0.08163265306122448,0.43096945484479265,0.4812130215962727,0.5352038025856019,1.0,0.2543132721486861,0.2795060346295545,0.02976190476190476,0.047619047619047616,0.08134920634920635,0.3884115925648855,0.402636523375057,0.40619275607759986
SARN-v2 + EfficientNet-B0,20262022,sarn_v2,field_gauge_external_roi,FieldGauge-External-ROI,147,21,provisional capture session,projective_pooled,perspective_moderate;perspective_severe;combined_severe,441,1.0,0.23857367617473038,0.2634729526352621,0.018140589569160998,0.027210884353741496,0.05668934240362812,0.4208969791730245,0.4727479354540508,0.5352038025856019,1.0,0.24156134074248334,0.2640901523800861,0.015873015873015872,0.023809523809523808,0.0582010582010582,0.3880544047980081,0.41527237740774,0.422605846420167
SARN-v2 + EfficientNet-B0,20262022,sarn_v2,field_gauge_roi_test_a,FieldGauge-ROI Test-A,434,11,source-directory group,all_conditions,clean;blur_moderate;blur_severe;perspective_moderate;perspective_severe;combined_severe,2604,1.0,0.12764241473924243,0.202683940499607,0.10407066052227343,0.2250384024577573,0.42319508448540705,0.5000783741474151,0.6624903720617287,0.8194000720977783,1.0,0.12404299997991995,0.15095926794854306,0.09716269459926964,0.2180571191861732,0.41220541356443924,0.2798920866268602,0.3525280969349634,0.3975059416348284
SARN-v2 + EfficientNet-B0,20262022,sarn_v2,field_gauge_roi_test_a,FieldGauge-ROI Test-A,434,11,source-directory group,clean,clean,434,1.0,0.11906835310322485,0.19844792969793404,0.12672811059907835,0.26036866359447003,0.45622119815668205,0.5037702769041058,0.6865112215280534,0.7823181748390198,1.0,0.11688455606702122,0.1386204841257526,0.11755237363059773,0.2433140150899136,0.4203380136873907,0.237121168451824,0.28537077514745973,0.3031774493916468
SARN-v2 + EfficientNet-B0,20262022,sarn_v2,field_gauge_roi_test_a,FieldGauge-ROI Test-A,434,11,source-directory group,blur_moderate,blur_moderate,434,1.0,0.11890840224962904,0.19845465030090745,0.1313364055299539,0.26036866359447003,0.4539170506912442,0.4926273614168165,0.6683501273393633,0.7884484529495239,1.0,0.11697425697221328,0.13900538282641167,0.1216846050355564,0.24357890171843663,0.4184037777106015,0.23859138800407,0.2884734569908543,0.30591612195426765
SARN-v2 + EfficientNet-B0,20262022,sarn_v2,field_gauge_roi_test_a,FieldGauge-ROI Test-A,434,11,source-directory group,blur_severe,blur_severe,434,1.0,0.12788971360307616,0.2076391259762527,0.10138248847926268,0.22811059907834103,0.43548387096774194,0.5132437437772747,0.6828577280044557,0.8194000720977783,1.0,0.1254270619266029,0.14812649822276702,0.09421968095329616,0.2139998127313138,0.4014904584717009,0.25440234979878773,0.30607668697847557,0.3248693147437139
SARN-v2 + EfficientNet-B0,20262022,sarn_v2,field_gauge_roi_test_a,FieldGauge-ROI Test-A,434,11,source-directory group,perspective_moderate,perspective_moderate,434,1.0,0.11343420263479383,0.17831725968561413,0.09216589861751152,0.2073732718894009,0.4377880184331797,0.4530705761909484,0.5847783517837525,0.7830177545547485,1.0,0.11071989507466551,0.13449835904620808,0.08730540073034788,0.19424912649014126,0.44758191143868803,0.23612828741520644,0.2925435398022153,0.3153176451704719
SARN-v2 + EfficientNet-B0,20262022,sarn_v2,field_gauge_roi_test_a,FieldGauge-ROI Test-A,434,11,source-directory group,perspective_severe,perspective_severe,434,1.0,0.1382862163277832,0.20986750141119836,0.07834101382488479,0.18202764976958524,0.38018433179723504,0.501567706465721,0.6181845706701279,0.7398937940597534,1.0,0.1341748658009024,0.1621401564682843,0.07330386315587162,0.17137770615571885,0.39495678927103517,0.2718481864639304,0.336480334642096,0.3580718825351108
SARN-v2 + EfficientNet-B0,20262022,sarn_v2,field_gauge_roi_test_a,FieldGauge-ROI Test-A,434,11,source-directory group,combined_severe,combined_severe,434,1.0,0.14826760051694743,0.22082443140352356,0.0944700460829493,0.2119815668202765,0.37557603686635943,0.5231118887662888,0.6261979806423189,0.6874239444732666,1.0,0.1400773640381144,0.16725379896676287,0.0889102440899481,0.24182315293151513,0.3904615308072193,0.2812608171507716,0.3263458191537586,0.34553341694853523
SARN-v2 + EfficientNet-B0,20262022,sarn_v2,field_gauge_roi_test_a,FieldGauge-ROI Test-A,434,11,source-directory group,projective_pooled,perspective_moderate;perspective_severe;combined_severe,1302,1.0,0.13332933982650816,0.20380124529800725,0.08832565284178187,0.20046082949308755,0.3978494623655914,0.4952089205384255,0.6179843002557754,0.7830177545547485,1.0,0.1283240416378941,0.1561558420082111,0.08317316932538919,0.20248332852579176,0.4110000771723142,0.27983244902356097,0.3486783106604489,0.38359929477626625
SARN-v2 + EfficientNet-B0,20262022,sarn_v2,field_gauge_roi_test_b,FieldGauge-ROI Test-B,814,20,source-directory group,all_conditions,clean;blur_moderate;blur_severe;perspective_moderate;perspective_severe;combined_severe,4884,1.0,0.12152205995063355,0.19967018196311387,0.06818181818181818,0.1588861588861589,0.4742014742014742,0.518380165100097,0.6750860583782211,0.8983989357948303,1.0,0.11780714610722927,0.14686207250980038,0.07164438546962487,0.16468324364123638,0.47846769442124115,0.2594814924307167,0.36934931317627434,0.42158727308511734
SARN-v2 + EfficientNet-B0,20262022,sarn_v2,field_gauge_roi_test_b,FieldGauge-ROI Test-B,814,20,source-directory group,clean,clean,814,1.0,0.12444592808296844,0.20995888977464275,0.0687960687960688,0.1597051597051597,0.4950859950859951,0.5422067791223526,0.6948507565259934,0.8116689920425415,1.0,0.12106876085225778,0.147141672880843,0.07236203718761858,0.16495546098787567,0.49709727519226704,0.24211857852257784,0.30597238233464946,0.33607115515321495
SARN-v2 + EfficientNet-B0,20262022,sarn_v2,field_gauge_roi_test_b,FieldGauge-ROI Test-B,814,20,source-directory group,blur_moderate,blur_moderate,814,1.0,0.12366033233968539,0.20901163049545396,0.06265356265356266,0.15601965601965603,0.49385749385749383,0.539371120929718,0.6991754579544067,0.8116785883903503,1.0,0.12030598532341327,0.14613245222849783,0.06612231437812834,0.16079477232216546,0.4961872308973674,0.24047625012479718,0.304446947392851,0.3352477114722133
SARN-v2 + EfficientNet-B0,20262022,sarn_v2,field_gauge_roi_test_b,FieldGauge-ROI Test-B,814,20,source-directory group,blur_severe,blur_severe,814,1.0,0.12638638551729098,0.20991625402918057,0.06511056511056511,0.14127764127764128,0.4864864864864865,0.5333807438611977,0.6936347234249115,0.8444901704788208,1.0,0.12286708288050814,0.14886972213656005,0.06836861458954482,0.14847670865571502,0.4890772058399932,0.24248792884685097,0.311530130845636,0.3431552390828729
SARN-v2 + EfficientNet-B0,20262022,sarn_v2,field_gauge_roi_test_b,FieldGauge-ROI Test-B,814,20,source-directory group,perspective_moderate,perspective_moderate,814,1.0,0.11836501549091875,0.19787342409251665,0.05896805896805897,0.16953316953316952,0.48525798525798525,0.51549654006958,0.667516372203827,0.8983989357948303,1.0,0.11440242907739277,0.14122906368636862,0.059710025117001866,0.1748948745136727,0.4944262273766628,0.2446187734171748,0.3179143806636035,0.3450655903086066
SARN-v2 + EfficientNet-B0,20262022,sarn_v2,field_gauge_roi_test_b,FieldGauge-ROI Test-B,814,20,source-directory group,perspective_severe,perspective_severe,814,1.0,0.12257757730468999,0.19540869385416848,0.07248157248157248,0.15724815724815724,0.43734643734643736,0.4898148670792576,0.6647283118963242,0.8541695475578308,1.0,0.11852067234966039,0.14600133764539597,0.07694186418536623,0.15955835947035774,0.43986637010293206,0.2621046942192316,0.32881714831349246,0.35893790161013606
SARN-v2 + EfficientNet-B0,20262022,sarn_v2,field_gauge_roi_test_b,FieldGauge-ROI Test-B,814,20,source-directory group,combined_severe,combined_severe,814,1.0,0.11369712096824786,0.17331246063626446,0.08108108108108109,0.16953316953316952,0.44717444717444715,0.40083153545856465,0.577304157614708,0.7705249190330505,1.0,0.10967794616014319,0.1383775014751958,0.08636145736008936,0.17941928589763162,0.45415185711822464,0.2506085363723337,0.33351662466061105,0.3653394453018904
SARN-v2 + EfficientNet-B0,20262022,sarn_v2,field_gauge_roi_test_b,FieldGauge-ROI Test-B,814,20,source-directory group,projective_pooled,perspective_moderate;perspective_severe;combined_severe,2442,1.0,0.1182132379212855,0.18918743669324856,0.07084357084357085,0.16543816543816545,0.45659295659295657,0.47506039887666623,0.6455835402011871,0.8983989357948303,1.0,0.11420034919573212,0.14319849943483726,0.07433778222081916,0.171290839960554,0.46281481819927317,0.26402537761449807,0.36836770837473864,0.4020211439371109
