family,method,dataset,seed,scope,images,rows,groups,nmae_pct_fs,acc_at_2_pct,acc_at_5_pct,coverage_pct,failures
main,geoprr,syncg,20262020,all_conditions,4000,24000,145,0.755681396661673,93.77499999999999,98.85416666666667,100.0,0
main,geoprr,syncg,20262020,clean,4000,4000,145,0.6080007952981837,96.475,99.45,100.0,0
main,geoprr,syncg,20262020,blur_moderate,4000,4000,145,0.6127985680284581,96.35000000000001,99.35000000000001,100.0,0
main,geoprr,syncg,20262020,blur_severe,4000,4000,145,0.6340069453080623,96.075,99.3,100.0,0
main,geoprr,syncg,20262020,perspective_moderate,4000,4000,145,0.74405126115501,93.825,99.2,100.0,0
main,geoprr,syncg,20262020,perspective_severe,4000,4000,145,0.8922225676919188,91.225,98.175,100.0,0
main,geoprr,syncg,20262020,combined_severe,4000,4000,145,1.0430082424884044,88.7,97.65,100.0,0
main,geoprr,syncg,20262020,perspective_pair,4000,8000,145,0.8181369144234644,92.525,98.6875,100.0,0
main,geoprr,syncg,20262020,projective_three,4000,12000,145,0.8930940237784445,91.25,98.34166666666667,100.0,0
main,geoprr,rf100,20262020,all_conditions,151,906,35,3.137734249876539,56.5121412803532,85.20971302428256,100.0,0
main,geoprr,rf100,20262020,clean,151,151,35,3.1827155736089163,58.94039735099338,86.09271523178808,100.0,0
main,geoprr,rf100,20262020,blur_moderate,151,151,35,3.2157857350259444,58.94039735099338,86.75496688741721,100.0,0
main,geoprr,rf100,20262020,blur_severe,151,151,35,3.3000414592971823,62.913907284768214,85.43046357615894,100.0,0
main,geoprr,rf100,20262020,perspective_moderate,151,151,35,2.90127558662268,53.64238410596026,85.43046357615894,100.0,0
main,geoprr,rf100,20262020,perspective_severe,151,151,35,2.897937436427347,52.980132450331126,86.09271523178808,100.0,0
main,geoprr,rf100,20262020,combined_severe,151,151,35,3.3286497082771622,51.65562913907284,81.45695364238411,100.0,0
main,geoprr,rf100,20262020,perspective_pair,151,302,35,2.899606511525013,53.31125827814569,85.76158940397352,100.0,0
main,geoprr,rf100,20262020,projective_three,151,453,35,3.042620910442396,52.75938189845475,84.32671081677704,100.0,0
main,geoprr,industrial,20262020,all_conditions,1395,8370,52,12.551707429968124,22.604540023894863,48.0884109916368,100.0,0
main,geoprr,industrial,20262020,clean,1395,1395,52,13.027492938306775,23.297491039426525,49.60573476702509,100.0,0
main,geoprr,industrial,20262020,blur_moderate,1395,1395,52,12.86102458824331,24.372759856630825,49.82078853046595,100.0,0
main,geoprr,industrial,20262020,blur_severe,1395,1395,52,12.672330784671267,24.229390681003586,49.82078853046595,100.0,0
main,geoprr,industrial,20262020,perspective_moderate,1395,1395,52,11.674413515053548,22.078853046594983,48.60215053763441,100.0,0
main,geoprr,industrial,20262020,perspective_severe,1395,1395,52,12.907939204160645,20.28673835125448,44.229390681003586,100.0,0
main,geoprr,industrial,20262020,combined_severe,1395,1395,52,12.167043549373197,21.36200716845878,46.45161290322581,100.0,0
main,geoprr,industrial,20262020,perspective_pair,1395,2790,52,12.291176359607096,21.182795698924732,46.415770609319,100.0,0
main,geoprr,industrial,20262020,projective_three,1395,4185,52,12.249798756195796,21.24253285543608,46.42771804062127,100.0,0
main,geoprr,syncg,20262021,all_conditions,4000,24000,145,0.7509757009158884,93.82083333333333,98.89583333333334,100.0,0
main,geoprr,syncg,20262021,clean,4000,4000,145,0.6093339738018463,95.95,99.425,100.0,0
main,geoprr,syncg,20262021,blur_moderate,4000,4000,145,0.6076681369925543,96.0,99.375,100.0,0
main,geoprr,syncg,20262021,blur_severe,4000,4000,145,0.6253795215962056,95.7,99.3,100.0,0
main,geoprr,syncg,20262021,perspective_moderate,4000,4000,145,0.7507200181998893,93.95,99.15,100.0,0
main,geoprr,syncg,20262021,perspective_severe,4000,4000,145,0.8851168887194241,91.725,98.375,100.0,0
main,geoprr,syncg,20262021,combined_severe,4000,4000,145,1.027635666185411,89.60000000000001,97.75,100.0,0
main,geoprr,syncg,20262021,perspective_pair,4000,8000,145,0.8179184534596567,92.83749999999999,98.7625,100.0,0
main,geoprr,syncg,20262021,projective_three,4000,12000,145,0.8878241910349081,91.75833333333333,98.425,100.0,0
main,geoprr,rf100,20262021,all_conditions,151,906,35,2.9923046503037463,56.07064017660044,85.32008830022076,100.0,0
main,geoprr,rf100,20262021,clean,151,151,35,2.8809174333708145,58.94039735099338,86.09271523178808,100.0,0
main,geoprr,rf100,20262021,blur_moderate,151,151,35,2.6930347134426103,60.9271523178808,86.75496688741721,100.0,0
main,geoprr,rf100,20262021,blur_severe,151,151,35,2.4647615002230174,62.913907284768214,88.0794701986755,100.0,0
main,geoprr,rf100,20262021,perspective_moderate,151,151,35,2.9479726183515553,53.64238410596026,84.10596026490066,100.0,0
main,geoprr,rf100,20262021,perspective_severe,151,151,35,3.5405269976681426,52.317880794701985,82.11920529801324,100.0,0
main,geoprr,rf100,20262021,combined_severe,151,151,35,3.4266146387663383,47.682119205298015,84.76821192052981,100.0,0
main,geoprr,rf100,20262021,perspective_pair,151,302,35,3.244249808009849,52.980132450331126,83.11258278145695,100.0,0
main,geoprr,rf100,20262021,projective_three,151,453,35,3.3050380849286785,51.21412803532009,83.6644591611479,100.0,0
main,geoprr,industrial,20262021,all_conditions,1395,8370,52,9.772491878873073,22.508960573476703,52.795698924731184,100.0,0
main,geoprr,industrial,20262021,clean,1395,1395,52,9.915666664277104,20.78853046594982,53.18996415770609,100.0,0
main,geoprr,industrial,20262021,blur_moderate,1395,1395,52,9.889505057890712,21.7921146953405,53.62007168458781,100.0,0
main,geoprr,industrial,20262021,blur_severe,1395,1395,52,9.857206308734085,21.648745519713263,53.76344086021505,100.0,0
main,geoprr,industrial,20262021,perspective_moderate,1395,1395,52,9.09432273429132,25.23297491039427,55.770609318996414,100.0,0
main,geoprr,industrial,20262021,perspective_severe,1395,1395,52,10.45953261179145,21.72043010752688,49.24731182795699,100.0,0
main,geoprr,industrial,20262021,combined_severe,1395,1395,52,9.418717896253764,23.870967741935484,51.182795698924735,100.0,0
main,geoprr,industrial,20262021,perspective_pair,1395,2790,52,9.776927673041385,23.476702508960575,52.508960573476706,100.0,0
main,geoprr,industrial,20262021,projective_three,1395,4185,52,9.657524414112178,23.608124253285542,52.06690561529271,100.0,0
main,geoprr,syncg,20262022,all_conditions,4000,24000,145,0.7153924478328951,94.27083333333334,98.94166666666668,100.0,0
main,geoprr,syncg,20262022,clean,4000,4000,145,0.5657914533875301,96.75,99.47500000000001,100.0,0
main,geoprr,syncg,20262022,blur_moderate,4000,4000,145,0.5606405256493507,96.775,99.47500000000001,100.0,0
main,geoprr,syncg,20262022,blur_severe,4000,4000,145,0.5820168575446764,96.325,99.5,100.0,0
main,geoprr,syncg,20262022,perspective_moderate,4000,4000,145,0.7205801835611427,94.675,99.35000000000001,100.0,0
main,geoprr,syncg,20262022,perspective_severe,4000,4000,145,0.8589006656329645,91.77499999999999,98.32499999999999,100.0,0
main,geoprr,syncg,20262022,combined_severe,4000,4000,145,1.0044250012217064,89.325,97.52499999999999,100.0,0
main,geoprr,syncg,20262022,perspective_pair,4000,8000,145,0.7897404245970536,93.22500000000001,98.8375,100.0,0
main,geoprr,syncg,20262022,projective_three,4000,12000,145,0.8613019501386046,91.925,98.4,100.0,0
main,geoprr,rf100,20262022,all_conditions,151,906,35,3.4857226435134234,55.40838852097131,84.87858719646799,100.0,0
main,geoprr,rf100,20262022,clean,151,151,35,3.901789841211037,56.29139072847682,80.79470198675497,100.0,0
main,geoprr,rf100,20262022,blur_moderate,151,151,35,3.6400392934863994,57.615894039735096,83.44370860927152,100.0,0
main,geoprr,rf100,20262022,blur_severe,151,151,35,3.1088041792362553,58.27814569536424,88.74172185430463,100.0,0
main,geoprr,rf100,20262022,perspective_moderate,151,151,35,3.3721803652759808,56.95364238410596,88.0794701986755,100.0,0
main,geoprr,rf100,20262022,perspective_severe,151,151,35,3.3912290780341454,51.65562913907284,82.78145695364239,100.0,0
main,geoprr,rf100,20262022,combined_severe,151,151,35,3.5002931038367215,51.65562913907284,85.43046357615894,100.0,0
main,geoprr,rf100,20262022,perspective_pair,151,302,35,3.3817047216550633,54.3046357615894,85.43046357615894,100.0,0
main,geoprr,rf100,20262022,projective_three,151,453,35,3.4212341823822836,53.42163355408388,85.43046357615894,100.0,0
main,geoprr,industrial,20262022,all_conditions,1395,8370,52,12.5463106109509,27.084826762246117,54.5400238948626,100.0,0
main,geoprr,industrial,20262022,clean,1395,1395,52,13.788853514137875,26.093189964157702,53.333333333333336,100.0,0
main,geoprr,industrial,20262022,blur_moderate,1395,1395,52,13.847438412213178,25.949820788530463,53.118279569892465,100.0,0
main,geoprr,industrial,20262022,blur_severe,1395,1395,52,14.432414512495948,24.874551971326163,51.971326164874554,100.0,0
main,geoprr,industrial,20262022,perspective_moderate,1395,1395,52,10.755478284993245,27.025089605734763,56.344086021505376,100.0,0
main,geoprr,industrial,20262022,perspective_severe,1395,1395,52,11.444294003364423,29.89247311827957,55.6989247311828,100.0,0
main,geoprr,industrial,20262022,combined_severe,1395,1395,52,11.009384938500736,28.673835125448026,56.774193548387096,100.0,0
main,geoprr,industrial,20262022,perspective_pair,1395,2790,52,11.099886144178834,28.45878136200717,56.02150537634408,100.0,0
main,geoprr,industrial,20262022,projective_three,1395,4185,52,11.069719075619467,28.530465949820787,56.272401433691755,100.0,0
main,resnet18,syncg,20262020,all_conditions,4000,24000,145,2.5559616358794868,70.45,85.67916666666666,100.0,0
main,resnet18,syncg,20262020,clean,4000,4000,145,0.6168120400093023,95.3,98.97500000000001,100.0,0
main,resnet18,syncg,20262020,blur_moderate,4000,4000,145,0.623194275736076,95.22500000000001,98.925,100.0,0
main,resnet18,syncg,20262020,blur_severe,4000,4000,145,0.6485704148635081,95.175,98.8,100.0,0
main,resnet18,syncg,20262020,perspective_moderate,4000,4000,145,1.684458071798085,77.17500000000001,95.72500000000001,100.0,0
main,resnet18,syncg,20262020,perspective_severe,4000,4000,145,5.733966225406595,30.675,61.4,100.0,0
main,resnet18,syncg,20262020,combined_severe,4000,4000,145,6.028768787463352,29.15,60.25,100.0,0
main,resnet18,syncg,20262020,perspective_pair,4000,8000,145,3.70921214860234,53.925,78.5625,100.0,0
main,resnet18,syncg,20262020,projective_three,4000,12000,145,4.482397694889344,45.666666666666664,72.45833333333334,100.0,0
sarn_v2,resnet18,syncg,20262020,all_conditions,4000,24000,145,1.3456762885230655,80.4625,95.92083333333333,100.0,0
sarn_v2,resnet18,syncg,20262020,clean,4000,4000,145,0.6168120400093023,95.3,98.97500000000001,100.0,0
sarn_v2,resnet18,syncg,20262020,blur_moderate,4000,4000,145,0.623194275736076,95.22500000000001,98.925,100.0,0
sarn_v2,resnet18,syncg,20262020,blur_severe,4000,4000,145,0.6485704148635081,95.175,98.8,100.0,0
sarn_v2,resnet18,syncg,20262020,perspective_moderate,4000,4000,145,1.2565267672997025,84.22500000000001,97.85000000000001,100.0,0
sarn_v2,resnet18,syncg,20262020,perspective_severe,4000,4000,145,2.3959796318351025,57.325,91.27499999999999,100.0,0
sarn_v2,resnet18,syncg,20262020,combined_severe,4000,4000,145,2.532974601394701,55.525000000000006,89.7,100.0,0
sarn_v2,resnet18,syncg,20262020,perspective_pair,4000,8000,145,1.8262531995674025,70.775,94.5625,100.0,0
sarn_v2,resnet18,syncg,20262020,projective_three,4000,12000,145,2.061827000176502,65.69166666666668,92.94166666666666,100.0,0
main,resnet18,rf100,20262020,all_conditions,151,906,35,7.265128919289575,39.29359823399559,61.920529801324506,100.0,0
main,resnet18,rf100,20262020,clean,151,151,35,5.8897645450771865,52.980132450331126,74.17218543046357,100.0,0
main,resnet18,rf100,20262020,blur_moderate,151,151,35,5.933358635875184,52.980132450331126,74.83443708609272,100.0,0
main,resnet18,rf100,20262020,blur_severe,151,151,35,6.171282862185777,52.980132450331126,75.49668874172185,100.0,0
main,resnet18,rf100,20262020,perspective_moderate,151,151,35,6.111489267149964,38.41059602649007,64.23841059602648,100.0,0
main,resnet18,rf100,20262020,perspective_severe,151,151,35,9.574840824256478,17.880794701986755,41.05960264900662,100.0,0
main,resnet18,rf100,20262020,combined_severe,151,151,35,9.910037381192867,20.52980132450331,41.72185430463576,100.0,0
main,resnet18,rf100,20262020,perspective_pair,151,302,35,7.843165045703221,28.14569536423841,52.64900662251656,100.0,0
main,resnet18,rf100,20262020,projective_three,151,453,35,8.532122490866437,25.607064017660043,49.00662251655629,100.0,0
sarn_v2,resnet18,rf100,20262020,all_conditions,151,906,35,6.468130170200065,43.70860927152318,68.43267108167771,100.0,0
sarn_v2,resnet18,rf100,20262020,clean,151,151,35,5.8897645450771865,52.980132450331126,74.17218543046357,100.0,0
sarn_v2,resnet18,rf100,20262020,blur_moderate,151,151,35,5.933358635875184,52.980132450331126,74.83443708609272,100.0,0
sarn_v2,resnet18,rf100,20262020,blur_severe,151,151,35,6.171282862185777,52.980132450331126,75.49668874172185,100.0,0
sarn_v2,resnet18,rf100,20262020,perspective_moderate,151,151,35,6.3793741551866745,42.384105960264904,70.86092715231787,100.0,0
sarn_v2,resnet18,rf100,20262020,perspective_severe,151,151,35,6.837630830502374,32.450331125827816,58.94039735099338,100.0,0
sarn_v2,resnet18,rf100,20262020,combined_severe,151,151,35,7.59736999237319,28.47682119205298,56.29139072847682,100.0,0
sarn_v2,resnet18,rf100,20262020,perspective_pair,151,302,35,6.608502492844524,37.41721854304636,64.90066225165563,100.0,0
sarn_v2,resnet18,rf100,20262020,projective_three,151,453,35,6.9381249926874125,34.437086092715234,62.03090507726269,100.0,0
main,resnet18,industrial,20262020,all_conditions,1395,8370,52,20.87730038660965,11.672640382317802,26.332138590203108,100.0,0
main,resnet18,industrial,20262020,clean,1395,1395,52,16.41062216800761,15.985663082437277,38.5663082437276,100.0,0
main,resnet18,industrial,20262020,blur_moderate,1395,1395,52,16.45643325284978,16.702508960573475,38.853046594982075,100.0,0
main,resnet18,industrial,20262020,blur_severe,1395,1395,52,17.102282750547076,18.996415770609318,37.8494623655914,100.0,0
main,resnet18,industrial,20262020,perspective_moderate,1395,1395,52,21.65351957438489,9.749103942652331,23.584229390681003,100.0,0
main,resnet18,industrial,20262020,perspective_severe,1395,1395,52,25.892537688043955,4.301075268817205,9.96415770609319,100.0,0
main,resnet18,industrial,20262020,combined_severe,1395,1395,52,27.748406885824608,4.301075268817205,9.175627240143369,100.0,0
main,resnet18,industrial,20262020,perspective_pair,1395,2790,52,23.773028631214423,7.025089605734768,16.7741935483871,100.0,0
main,resnet18,industrial,20262020,projective_three,1395,4185,52,25.09815471608448,6.1170848267622455,14.241338112305854,100.0,0
sarn_v2,resnet18,industrial,20262020,all_conditions,1395,8370,52,18.678127078954045,14.743130227001194,34.06212664277181,100.0,0
sarn_v2,resnet18,industrial,20262020,clean,1395,1395,52,16.41062216800761,15.985663082437277,38.5663082437276,100.0,0
sarn_v2,resnet18,industrial,20262020,blur_moderate,1395,1395,52,16.45643325284978,16.702508960573475,38.853046594982075,100.0,0
sarn_v2,resnet18,industrial,20262020,blur_severe,1395,1395,52,17.102282750547076,18.996415770609318,37.8494623655914,100.0,0
sarn_v2,resnet18,industrial,20262020,perspective_moderate,1395,1395,52,18.72084213194169,14.193548387096774,34.121863799283155,100.0,0
sarn_v2,resnet18,industrial,20262020,perspective_severe,1395,1395,52,20.273470123077306,11.97132616487455,30.39426523297491,100.0,0
sarn_v2,resnet18,industrial,20262020,combined_severe,1395,1395,52,23.105112047300832,10.60931899641577,24.587813620071685,100.0,0
sarn_v2,resnet18,industrial,20262020,perspective_pair,1395,2790,52,19.497156127509495,13.082437275985665,32.25806451612903,100.0,0
sarn_v2,resnet18,industrial,20262020,projective_three,1395,4185,52,20.699808100773275,12.258064516129032,29.701314217443247,100.0,0
main,resnet18,syncg,20262021,all_conditions,4000,24000,145,2.4666087411707505,70.47083333333333,86.0375,100.0,0
main,resnet18,syncg,20262021,clean,4000,4000,145,0.6104334875957713,94.95,99.0,100.0,0
main,resnet18,syncg,20262021,blur_moderate,4000,4000,145,0.6147600940432939,95.25,98.95,100.0,0
main,resnet18,syncg,20262021,blur_severe,4000,4000,145,0.6398535222609377,94.77499999999999,98.875,100.0,0
main,resnet18,syncg,20262021,perspective_moderate,4000,4000,145,1.775143344068468,74.0,95.125,100.0,0
main,resnet18,syncg,20262021,perspective_severe,4000,4000,145,5.451874410667744,32.824999999999996,62.8,100.0,0
main,resnet18,syncg,20262021,combined_severe,4000,4000,145,5.707587588388288,31.025000000000002,61.475,100.0,0
main,resnet18,syncg,20262021,perspective_pair,4000,8000,145,3.613508877368106,53.412499999999994,78.9625,100.0,0
main,resnet18,syncg,20262021,projective_three,4000,12000,145,4.311535114374833,45.95,73.13333333333333,100.0,0
sarn_v2,resnet18,syncg,20262021,all_conditions,4000,24000,145,1.2905218332077002,81.11666666666667,96.02916666666667,100.0,0
sarn_v2,resnet18,syncg,20262021,clean,4000,4000,145,0.6104334875957713,94.95,99.0,100.0,0
sarn_v2,resnet18,syncg,20262021,blur_moderate,4000,4000,145,0.6147600940432939,95.25,98.95,100.0,0
sarn_v2,resnet18,syncg,20262021,blur_severe,4000,4000,145,0.6398535222609377,94.77499999999999,98.875,100.0,0
sarn_v2,resnet18,syncg,20262021,perspective_moderate,4000,4000,145,1.2421509334171048,83.65,97.975,100.0,0
sarn_v2,resnet18,syncg,20262021,perspective_severe,4000,4000,145,2.250726541949098,59.62499999999999,91.375,100.0,0
sarn_v2,resnet18,syncg,20262021,combined_severe,4000,4000,145,2.3852064199799967,58.45,90.0,100.0,0
sarn_v2,resnet18,syncg,20262021,perspective_pair,4000,8000,145,1.7464387376831012,71.6375,94.675,100.0,0
sarn_v2,resnet18,syncg,20262021,projective_three,4000,12000,145,1.9593612984487332,67.24166666666666,93.11666666666667,100.0,0
main,resnet18,rf100,20262021,all_conditions,151,906,35,8.227674651991762,33.6644591611479,54.856512141280355,100.0,0
main,resnet18,rf100,20262021,clean,151,151,35,6.5828177106335835,44.370860927152314,64.23841059602648,100.0,0
main,resnet18,rf100,20262021,blur_moderate,151,151,35,6.511486026554929,44.370860927152314,64.90066225165563,100.0,0
main,resnet18,rf100,20262021,blur_severe,151,151,35,6.344323435141323,41.05960264900662,65.56291390728477,100.0,0
main,resnet18,rf100,20262021,perspective_moderate,151,151,35,7.2324786774530425,32.450331125827816,62.251655629139066,100.0,0
main,resnet18,rf100,20262021,perspective_severe,151,151,35,11.234640138703401,19.205298013245034,36.423841059602644,100.0,0
main,resnet18,rf100,20262021,combined_severe,151,151,35,11.460301923464304,20.52980132450331,35.76158940397351,100.0,0
main,resnet18,rf100,20262021,perspective_pair,151,302,35,9.233559408078222,25.82781456953642,49.337748344370866,100.0,0
main,resnet18,rf100,20262021,projective_three,151,453,35,9.975806913206915,24.061810154525386,44.81236203090508,100.0,0
sarn_v2,resnet18,rf100,20262021,all_conditions,151,906,35,7.227686712680849,33.33333333333333,60.48565121412803,100.0,0
sarn_v2,resnet18,rf100,20262021,clean,151,151,35,6.5828177106335835,44.370860927152314,64.23841059602648,100.0,0
sarn_v2,resnet18,rf100,20262021,blur_moderate,151,151,35,6.511486026554929,44.370860927152314,64.90066225165563,100.0,0
sarn_v2,resnet18,rf100,20262021,blur_severe,151,151,35,6.344323435141323,41.05960264900662,65.56291390728477,100.0,0
sarn_v2,resnet18,rf100,20262021,perspective_moderate,151,151,35,7.671734455523499,27.81456953642384,62.251655629139066,100.0,0
sarn_v2,resnet18,rf100,20262021,perspective_severe,151,151,35,8.221757068261669,22.516556291390728,54.3046357615894,100.0,0
sarn_v2,resnet18,rf100,20262021,combined_severe,151,151,35,8.0340015799701,19.867549668874172,51.65562913907284,100.0,0
sarn_v2,resnet18,rf100,20262021,perspective_pair,151,302,35,7.946745761892584,25.165562913907287,58.27814569536424,100.0,0
sarn_v2,resnet18,rf100,20262021,projective_three,151,453,35,7.975831034585089,23.399558498896248,56.07064017660044,100.0,0
main,resnet18,industrial,20262021,all_conditions,1395,8370,52,22.690479265376627,11.624850657108722,26.379928315412187,100.0,0
main,resnet18,industrial,20262021,clean,1395,1395,52,17.990260562208462,16.989247311827956,38.63799283154122,100.0,0
main,resnet18,industrial,20262021,blur_moderate,1395,1395,52,18.062013850977095,17.275985663082437,37.992831541218635,100.0,0
main,resnet18,industrial,20262021,blur_severe,1395,1395,52,18.662197441746756,16.989247311827956,37.41935483870968,100.0,0
main,resnet18,industrial,20262021,perspective_moderate,1395,1395,52,20.504565984179116,12.258064516129032,29.820788530465954,100.0,0
main,resnet18,industrial,20262021,perspective_severe,1395,1395,52,29.66028343040955,3.0824372759856633,6.953405017921146,100.0,0
main,resnet18,industrial,20262021,combined_severe,1395,1395,52,31.263554322738802,3.1541218637992836,7.4551971326164885,100.0,0
main,resnet18,industrial,20262021,perspective_pair,1395,2790,52,25.082424707294326,7.670250896057347,18.387096774193548,100.0,0
main,resnet18,industrial,20262021,projective_three,1395,4185,52,27.14280124577582,6.164874551971327,14.743130227001194,100.0,0
sarn_v2,resnet18,industrial,20262021,all_conditions,1395,8370,52,19.498771522151483,14.743130227001194,34.348864994026286,100.0,0
sarn_v2,resnet18,industrial,20262021,clean,1395,1395,52,17.990260562208462,16.989247311827956,38.63799283154122,100.0,0
sarn_v2,resnet18,industrial,20262021,blur_moderate,1395,1395,52,18.062013850977095,17.275985663082437,37.992831541218635,100.0,0
sarn_v2,resnet18,industrial,20262021,blur_severe,1395,1395,52,18.662197441746756,16.989247311827956,37.41935483870968,100.0,0
sarn_v2,resnet18,industrial,20262021,perspective_moderate,1395,1395,52,18.887791570991705,15.125448028673835,35.842293906810035,100.0,0
sarn_v2,resnet18,industrial,20262021,perspective_severe,1395,1395,52,20.57900828156349,11.75627240143369,30.32258064516129,100.0,0
sarn_v2,resnet18,industrial,20262021,combined_severe,1395,1395,52,22.81135742542137,10.32258064516129,25.878136200716845,100.0,0
sarn_v2,resnet18,industrial,20262021,perspective_pair,1395,2790,52,19.733399926277595,13.440860215053762,33.08243727598567,100.0,0
sarn_v2,resnet18,industrial,20262021,projective_three,1395,4185,52,20.759385759325518,12.401433691756273,30.681003584229387,100.0,0
main,resnet18,syncg,20262022,all_conditions,4000,24000,145,2.451564725488633,70.68333333333334,86.0375,100.0,0
main,resnet18,syncg,20262022,clean,4000,4000,145,0.6188532202642107,95.675,99.02499999999999,100.0,0
main,resnet18,syncg,20262022,blur_moderate,4000,4000,145,0.620309784443057,95.65,99.0,100.0,0
main,resnet18,syncg,20262022,blur_severe,4000,4000,145,0.6405702910016022,95.075,98.875,100.0,0
main,resnet18,syncg,20262022,perspective_moderate,4000,4000,145,1.7267132786103645,73.925,96.125,100.0,0
main,resnet18,syncg,20262022,perspective_severe,4000,4000,145,5.358345165009477,32.550000000000004,62.625,100.0,0
main,resnet18,syncg,20262022,combined_severe,4000,4000,145,5.744596613603088,31.225,60.575,100.0,0
main,resnet18,syncg,20262022,perspective_pair,4000,8000,145,3.542529221809921,53.237500000000004,79.375,100.0,0
main,resnet18,syncg,20262022,projective_three,4000,12000,145,4.276551685740977,45.9,73.10833333333333,100.0,0
sarn_v2,resnet18,syncg,20262022,all_conditions,4000,24000,145,1.3522594878090588,80.13333333333334,95.43333333333334,100.0,0
sarn_v2,resnet18,syncg,20262022,clean,4000,4000,145,0.6188532202642107,95.675,99.02499999999999,100.0,0
sarn_v2,resnet18,syncg,20262022,blur_moderate,4000,4000,145,0.620309784443057,95.65,99.0,100.0,0
sarn_v2,resnet18,syncg,20262022,blur_severe,4000,4000,145,0.6405702910016022,95.075,98.875,100.0,0
sarn_v2,resnet18,syncg,20262022,perspective_moderate,4000,4000,145,1.2806322240739827,82.27499999999999,98.175,100.0,0
sarn_v2,resnet18,syncg,20262022,perspective_severe,4000,4000,145,2.4252842363704707,56.474999999999994,89.0,100.0,0
sarn_v2,resnet18,syncg,20262022,combined_severe,4000,4000,145,2.527907170701028,55.65,88.52499999999999,100.0,0
sarn_v2,resnet18,syncg,20262022,perspective_pair,4000,8000,145,1.8529582302222267,69.375,93.5875,100.0,0
sarn_v2,resnet18,syncg,20262022,projective_three,4000,12000,145,2.077941210381827,64.8,91.9,100.0,0
main,resnet18,rf100,20262022,all_conditions,151,906,35,8.06006012523337,29.249448123620308,53.75275938189845,100.0,0
main,resnet18,rf100,20262022,clean,151,151,35,5.715295006915983,42.384105960264904,70.86092715231787,100.0,0
main,resnet18,rf100,20262022,blur_moderate,151,151,35,5.674751489352539,43.04635761589404,73.50993377483444,100.0,0
main,resnet18,rf100,20262022,blur_severe,151,151,35,5.700196429816079,41.05960264900662,75.49668874172185,100.0,0
main,resnet18,rf100,20262022,perspective_moderate,151,151,35,7.093776052142732,29.13907284768212,49.668874172185426,100.0,0
main,resnet18,rf100,20262022,perspective_severe,151,151,35,11.76775554435998,9.271523178807946,25.82781456953642,100.0,0
main,resnet18,rf100,20262022,combined_severe,151,151,35,12.408586228812915,10.596026490066226,27.1523178807947,100.0,0
main,resnet18,rf100,20262022,perspective_pair,151,302,35,9.430765798251356,19.205298013245034,37.74834437086093,100.0,0
main,resnet18,rf100,20262022,projective_three,151,453,35,10.423372608438543,16.335540838852097,34.216335540838855,100.0,0
sarn_v2,resnet18,rf100,20262022,all_conditions,151,906,35,6.504980086576351,34.65783664459161,65.01103752759381,100.0,0
sarn_v2,resnet18,rf100,20262022,clean,151,151,35,5.715295006915983,42.384105960264904,70.86092715231787,100.0,0
sarn_v2,resnet18,rf100,20262022,blur_moderate,151,151,35,5.674751489352539,43.04635761589404,73.50993377483444,100.0,0
sarn_v2,resnet18,rf100,20262022,blur_severe,151,151,35,5.700196429816079,41.05960264900662,75.49668874172185,100.0,0
sarn_v2,resnet18,rf100,20262022,perspective_moderate,151,151,35,6.18051817593064,34.437086092715234,64.23841059602648,100.0,0
sarn_v2,resnet18,rf100,20262022,perspective_severe,151,151,35,7.605929277970431,23.841059602649008,52.317880794701985,100.0,0
sarn_v2,resnet18,rf100,20262022,combined_severe,151,151,35,8.153190139472436,23.178807947019866,53.64238410596026,100.0,0
sarn_v2,resnet18,rf100,20262022,perspective_pair,151,302,35,6.893223726950534,29.13907284768212,58.27814569536424,100.0,0
sarn_v2,resnet18,rf100,20262022,projective_three,151,453,35,7.313212531124503,27.1523178807947,56.73289183222958,100.0,0
main,resnet18,industrial,20262022,all_conditions,1395,8370,52,22.492653775562722,8.697729988052568,20.812425328554358,100.0,0
main,resnet18,industrial,20262022,clean,1395,1395,52,16.675246364726032,14.480286738351255,32.75985663082437,100.0,0
main,resnet18,industrial,20262022,blur_moderate,1395,1395,52,16.556698110324366,14.551971326164875,33.33333333333333,100.0,0
main,resnet18,industrial,20262022,blur_severe,1395,1395,52,16.660481383971415,13.476702508960573,34.05017921146953,100.0,0
main,resnet18,industrial,20262022,perspective_moderate,1395,1395,52,22.89021775156865,6.594982078853047,16.702508960573475,100.0,0
main,resnet18,industrial,20262022,perspective_severe,1395,1395,52,30.585720770579083,1.935483870967742,4.516129032258064,100.0,0
main,resnet18,industrial,20262022,combined_severe,1395,1395,52,31.587558272206795,1.146953405017921,3.512544802867384,100.0,0
main,resnet18,industrial,20262022,perspective_pair,1395,2790,52,26.737969261073864,4.265232974910394,10.60931899641577,100.0,0
main,resnet18,industrial,20262022,projective_three,1395,4185,52,28.354498931451516,3.225806451612903,8.24372759856631,100.0,0
sarn_v2,resnet18,industrial,20262022,all_conditions,1395,8370,52,18.476926064049934,12.305854241338112,28.172043010752688,100.0,0
sarn_v2,resnet18,industrial,20262022,clean,1395,1395,52,16.675246364726032,14.480286738351255,32.75985663082437,100.0,0
sarn_v2,resnet18,industrial,20262022,blur_moderate,1395,1395,52,16.556698110324366,14.551971326164875,33.33333333333333,100.0,0
sarn_v2,resnet18,industrial,20262022,blur_severe,1395,1395,52,16.660481383971415,13.476702508960573,34.05017921146953,100.0,0
sarn_v2,resnet18,industrial,20262022,perspective_moderate,1395,1395,52,18.299927258641418,13.189964157706093,27.813620071684586,100.0,0
sarn_v2,resnet18,industrial,20262022,perspective_severe,1395,1395,52,20.242905359893783,9.89247311827957,22.508960573476703,100.0,0
sarn_v2,resnet18,industrial,20262022,combined_severe,1395,1395,52,22.426297906742587,8.24372759856631,18.566308243727597,100.0,0
sarn_v2,resnet18,industrial,20262022,perspective_pair,1395,2790,52,19.2714163092676,11.54121863799283,25.161290322580644,100.0,0
sarn_v2,resnet18,industrial,20262022,projective_three,1395,4185,52,20.323043508425933,10.442054958183991,22.962962962962962,100.0,0
main,efficientnet_b0,syncg,20262020,all_conditions,4000,24000,145,1.7189519345904087,76.2375,93.6875,100.0,0
main,efficientnet_b0,syncg,20262020,clean,4000,4000,145,0.638380310157963,96.325,99.45,100.0,0
main,efficientnet_b0,syncg,20262020,blur_moderate,4000,4000,145,0.6442764973042777,96.325,99.35000000000001,100.0,0
main,efficientnet_b0,syncg,20262020,blur_severe,4000,4000,145,0.664851003262519,96.05,99.325,100.0,0
main,efficientnet_b0,syncg,20262020,perspective_moderate,4000,4000,145,1.4530905338964788,79.85,97.875,100.0,0
main,efficientnet_b0,syncg,20262020,perspective_severe,4000,4000,145,3.34060794835474,45.2,83.89999999999999,100.0,0
main,efficientnet_b0,syncg,20262020,combined_severe,4000,4000,145,3.572505314566475,43.675000000000004,82.22500000000001,100.0,0
main,efficientnet_b0,syncg,20262020,perspective_pair,4000,8000,145,2.39684924112561,62.525,90.8875,100.0,0
main,efficientnet_b0,syncg,20262020,projective_three,4000,12000,145,2.7887345989392314,56.24166666666667,88.0,100.0,0
sarn_v2,efficientnet_b0,syncg,20262020,all_conditions,4000,24000,145,1.1929551995426932,82.30416666666667,98.11666666666666,100.0,0
sarn_v2,efficientnet_b0,syncg,20262020,clean,4000,4000,145,0.638380310157963,96.325,99.45,100.0,0
sarn_v2,efficientnet_b0,syncg,20262020,blur_moderate,4000,4000,145,0.6442764973042777,96.325,99.35000000000001,100.0,0
sarn_v2,efficientnet_b0,syncg,20262020,blur_severe,4000,4000,145,0.664851003262519,96.05,99.325,100.0,0
sarn_v2,efficientnet_b0,syncg,20262020,perspective_moderate,4000,4000,145,1.2371580577336438,83.39999999999999,98.875,100.0,0
sarn_v2,efficientnet_b0,syncg,20262020,perspective_severe,4000,4000,145,1.9061333714914819,62.275000000000006,96.25,100.0,0
sarn_v2,efficientnet_b0,syncg,20262020,combined_severe,4000,4000,145,2.0669319573062737,59.45,95.45,100.0,0
sarn_v2,efficientnet_b0,syncg,20262020,perspective_pair,4000,8000,145,1.5716457146125629,72.8375,97.5625,100.0,0
sarn_v2,efficientnet_b0,syncg,20262020,projective_three,4000,12000,145,1.7367411288438,68.375,96.85833333333333,100.0,0
main,efficientnet_b0,rf100,20262020,all_conditions,151,906,35,4.539475606179529,46.688741721854306,75.16556291390728,100.0,0
main,efficientnet_b0,rf100,20262020,clean,151,151,35,3.2149469044022134,56.95364238410596,85.43046357615894,100.0,0
main,efficientnet_b0,rf100,20262020,blur_moderate,151,151,35,3.2463971147019537,58.27814569536424,86.75496688741721,100.0,0
main,efficientnet_b0,rf100,20262020,blur_severe,151,151,35,3.3340498313959155,61.58940397350994,85.43046357615894,100.0,0
main,efficientnet_b0,rf100,20262020,perspective_moderate,151,151,35,3.438755802627457,50.331125827814574,80.13245033112582,100.0,0
main,efficientnet_b0,rf100,20262020,perspective_severe,151,151,35,6.90446474030465,25.165562913907287,57.615894039735096,100.0,0
main,efficientnet_b0,rf100,20262020,combined_severe,151,151,35,7.0982392436449855,27.81456953642384,55.62913907284768,100.0,0
main,efficientnet_b0,rf100,20262020,perspective_pair,151,302,35,5.171610271466053,37.74834437086093,68.87417218543047,100.0,0
main,efficientnet_b0,rf100,20262020,projective_three,151,453,35,5.813819928859029,34.437086092715234,64.45916114790286,100.0,0
sarn_v2,efficientnet_b0,rf100,20262020,all_conditions,151,906,35,3.332887998587123,53.09050772626932,83.44370860927152,100.0,0
sarn_v2,efficientnet_b0,rf100,20262020,clean,151,151,35,3.2149469044022134,56.95364238410596,85.43046357615894,100.0,0
sarn_v2,efficientnet_b0,rf100,20262020,blur_moderate,151,151,35,3.2463971147019537,58.27814569536424,86.75496688741721,100.0,0
sarn_v2,efficientnet_b0,rf100,20262020,blur_severe,151,151,35,3.3340498313959155,61.58940397350994,85.43046357615894,100.0,0
sarn_v2,efficientnet_b0,rf100,20262020,perspective_moderate,151,151,35,3.1013046493770653,50.331125827814574,84.76821192052981,100.0,0
sarn_v2,efficientnet_b0,rf100,20262020,perspective_severe,151,151,35,3.3152887032014764,45.033112582781456,82.11920529801324,100.0,0
sarn_v2,efficientnet_b0,rf100,20262020,combined_severe,151,151,35,3.7853407884441097,46.35761589403973,76.15894039735099,100.0,0
sarn_v2,efficientnet_b0,rf100,20262020,perspective_pair,151,302,35,3.208296676289271,47.682119205298015,83.44370860927152,100.0,0
sarn_v2,efficientnet_b0,rf100,20262020,projective_three,151,453,35,3.4006447136742177,47.24061810154526,81.01545253863135,100.0,0
main,efficientnet_b0,industrial,20262020,all_conditions,1395,8370,52,14.642355797008802,15.746714456391874,37.013142174432495,100.0,0
main,efficientnet_b0,industrial,20262020,clean,1395,1395,52,13.07679639147539,22.365591397849464,49.31899641577061,100.0,0
main,efficientnet_b0,industrial,20262020,blur_moderate,1395,1395,52,12.911160575894542,23.225806451612904,49.82078853046595,100.0,0
main,efficientnet_b0,industrial,20262020,blur_severe,1395,1395,52,12.728269081392293,22.65232974910394,49.749103942652326,100.0,0
main,efficientnet_b0,industrial,20262020,perspective_moderate,1395,1395,52,12.606928100528966,12.544802867383511,37.70609318996416,100.0,0
main,efficientnet_b0,industrial,20262020,perspective_severe,1395,1395,52,18.29197886489056,7.4551971326164885,18.42293906810036,100.0,0
main,efficientnet_b0,industrial,20262020,combined_severe,1395,1395,52,18.23900176787106,6.236559139784946,17.060931899641577,100.0,0
main,efficientnet_b0,industrial,20262020,perspective_pair,1395,2790,52,15.449453482709764,10.0,28.064516129032256,100.0,0
main,efficientnet_b0,industrial,20262020,projective_three,1395,4185,52,16.37930291109686,8.745519713261649,24.396654719235364,100.0,0
sarn_v2,efficientnet_b0,industrial,20262020,all_conditions,1395,8370,52,12.574686205661964,20.3584229390681,47.67025089605735,100.0,0
sarn_v2,efficientnet_b0,industrial,20262020,clean,1395,1395,52,13.07679639147539,22.365591397849464,49.31899641577061,100.0,0
sarn_v2,efficientnet_b0,industrial,20262020,blur_moderate,1395,1395,52,12.911160575894542,23.225806451612904,49.82078853046595,100.0,0
sarn_v2,efficientnet_b0,industrial,20262020,blur_severe,1395,1395,52,12.728269081392293,22.65232974910394,49.749103942652326,100.0,0
sarn_v2,efficientnet_b0,industrial,20262020,perspective_moderate,1395,1395,52,11.70452039725856,19.92831541218638,48.10035842293907,100.0,0
sarn_v2,efficientnet_b0,industrial,20262020,perspective_severe,1395,1395,52,12.886532720594957,16.7741935483871,43.655913978494624,100.0,0
sarn_v2,efficientnet_b0,industrial,20262020,combined_severe,1395,1395,52,12.140838067356048,17.20430107526882,45.376344086021504,100.0,0
sarn_v2,efficientnet_b0,industrial,20262020,perspective_pair,1395,2790,52,12.29552655892676,18.351254480286737,45.878136200716845,100.0,0
sarn_v2,efficientnet_b0,industrial,20262020,projective_three,1395,4185,52,12.243963728403187,17.968936678614096,45.71087216248507,100.0,0
main,efficientnet_b0,syncg,20262021,all_conditions,4000,24000,145,1.594028631519724,77.55,94.63333333333334,100.0,0
main,efficientnet_b0,syncg,20262021,clean,4000,4000,145,0.6284808190388239,95.825,99.5,100.0,0
main,efficientnet_b0,syncg,20262021,blur_moderate,4000,4000,145,0.6258693609204774,95.825,99.425,100.0,0
main,efficientnet_b0,syncg,20262021,blur_severe,4000,4000,145,0.64442471516878,95.675,99.325,100.0,0
main,efficientnet_b0,syncg,20262021,perspective_moderate,4000,4000,145,1.413405715019452,79.925,97.85000000000001,100.0,0
main,efficientnet_b0,syncg,20262021,perspective_severe,4000,4000,145,3.007207709928221,50.125,86.8,100.0,0
main,efficientnet_b0,syncg,20262021,combined_severe,4000,4000,145,3.24478346904259,47.925000000000004,84.89999999999999,100.0,0
main,efficientnet_b0,syncg,20262021,perspective_pair,4000,8000,145,2.2103067124738365,65.025,92.325,100.0,0
main,efficientnet_b0,syncg,20262021,projective_three,4000,12000,145,2.5551322979967543,59.325,89.85,100.0,0
sarn_v2,efficientnet_b0,syncg,20262021,all_conditions,4000,24000,145,1.1371673149363355,83.29583333333333,98.40416666666667,100.0,0
sarn_v2,efficientnet_b0,syncg,20262021,clean,4000,4000,145,0.6284808190388239,95.825,99.5,100.0,0
sarn_v2,efficientnet_b0,syncg,20262021,blur_moderate,4000,4000,145,0.6258693609204774,95.825,99.425,100.0,0
sarn_v2,efficientnet_b0,syncg,20262021,blur_severe,4000,4000,145,0.64442471516878,95.675,99.325,100.0,0
sarn_v2,efficientnet_b0,syncg,20262021,perspective_moderate,4000,4000,145,1.1800279265534384,84.65,99.15,100.0,0
sarn_v2,efficientnet_b0,syncg,20262021,perspective_severe,4000,4000,145,1.7878693720618413,65.75,97.15,100.0,0
sarn_v2,efficientnet_b0,syncg,20262021,combined_severe,4000,4000,145,1.956331695874652,62.050000000000004,95.875,100.0,0
sarn_v2,efficientnet_b0,syncg,20262021,perspective_pair,4000,8000,145,1.48394864930764,75.2,98.15,100.0,0
sarn_v2,efficientnet_b0,syncg,20262021,projective_three,4000,12000,145,1.6414096648299772,70.81666666666668,97.39166666666667,100.0,0
main,efficientnet_b0,rf100,20262021,all_conditions,151,906,35,4.084788264404997,46.688741721854306,76.60044150110376,100.0,0
main,efficientnet_b0,rf100,20262021,clean,151,151,35,2.852594085217365,59.60264900662252,86.09271523178808,100.0,0
main,efficientnet_b0,rf100,20262021,blur_moderate,151,151,35,2.6634365808173452,60.9271523178808,86.75496688741721,100.0,0
main,efficientnet_b0,rf100,20262021,blur_severe,151,151,35,2.432912001271878,62.913907284768214,88.0794701986755,100.0,0
main,efficientnet_b0,rf100,20262021,perspective_moderate,151,151,35,3.8995817560921977,43.70860927152318,78.80794701986756,100.0,0
main,efficientnet_b0,rf100,20262021,perspective_severe,151,151,35,6.390243459025697,27.1523178807947,60.9271523178808,100.0,0
main,efficientnet_b0,rf100,20262021,combined_severe,151,151,35,6.269961704005501,25.82781456953642,58.94039735099338,100.0,0
main,efficientnet_b0,rf100,20262021,perspective_pair,151,302,35,5.144912607558948,35.430463576158935,69.86754966887418,100.0,0
main,efficientnet_b0,rf100,20262021,projective_three,151,453,35,5.519928973041133,32.22958057395143,66.22516556291392,100.0,0
sarn_v2,efficientnet_b0,rf100,20262021,all_conditions,151,906,35,3.1040504244468488,52.86975717439294,84.76821192052981,100.0,0
sarn_v2,efficientnet_b0,rf100,20262021,clean,151,151,35,2.852594085217365,59.60264900662252,86.09271523178808,100.0,0
sarn_v2,efficientnet_b0,rf100,20262021,blur_moderate,151,151,35,2.6634365808173452,60.9271523178808,86.75496688741721,100.0,0
sarn_v2,efficientnet_b0,rf100,20262021,blur_severe,151,151,35,2.432912001271878,62.913907284768214,88.0794701986755,100.0,0
sarn_v2,efficientnet_b0,rf100,20262021,perspective_moderate,151,151,35,3.0111570772713745,52.317880794701985,86.09271523178808,100.0,0
sarn_v2,efficientnet_b0,rf100,20262021,perspective_severe,151,151,35,3.8501184929136025,41.72185430463576,80.13245033112582,100.0,0
sarn_v2,efficientnet_b0,rf100,20262021,combined_severe,151,151,35,3.814084309189525,39.735099337748345,81.45695364238411,100.0,0
sarn_v2,efficientnet_b0,rf100,20262021,perspective_pair,151,302,35,3.4306377850924887,47.019867549668874,83.11258278145695,100.0,0
sarn_v2,efficientnet_b0,rf100,20262021,projective_three,151,453,35,3.558453293124834,44.5916114790287,82.560706401766,100.0,0
main,efficientnet_b0,industrial,20262021,all_conditions,1395,8370,52,10.95933608425083,16.85782556750299,45.30465949820788,100.0,0
main,efficientnet_b0,industrial,20262021,clean,1395,1395,52,9.8223354235587,21.21863799283154,54.19354838709678,100.0,0
main,efficientnet_b0,industrial,20262021,blur_moderate,1395,1395,52,9.800933668367842,22.00716845878136,54.26523297491039,100.0,0
main,efficientnet_b0,industrial,20262021,blur_severe,1395,1395,52,9.77319296427445,21.863799283154123,54.40860215053763,100.0,0
main,efficientnet_b0,industrial,20262021,perspective_moderate,1395,1395,52,9.834744938210525,15.770609318996415,49.46236559139785,100.0,0
main,efficientnet_b0,industrial,20262021,perspective_severe,1395,1395,52,13.630488045969743,10.03584229390681,28.817204301075268,100.0,0
main,efficientnet_b0,industrial,20262021,combined_severe,1395,1395,52,12.894321465123722,10.25089605734767,30.681003584229387,100.0,0
main,efficientnet_b0,industrial,20262021,perspective_pair,1395,2790,52,11.732616492090136,12.903225806451612,39.13978494623656,100.0,0
main,efficientnet_b0,industrial,20262021,projective_three,1395,4185,52,12.11985148310133,12.019115890083631,36.32019115890084,100.0,0
sarn_v2,efficientnet_b0,industrial,20262021,all_conditions,1395,8370,52,9.584879720709173,21.62485065710872,54.16965352449223,100.0,0
sarn_v2,efficientnet_b0,industrial,20262021,clean,1395,1395,52,9.8223354235587,21.21863799283154,54.19354838709678,100.0,0
sarn_v2,efficientnet_b0,industrial,20262021,blur_moderate,1395,1395,52,9.800933668367842,22.00716845878136,54.26523297491039,100.0,0
sarn_v2,efficientnet_b0,industrial,20262021,blur_severe,1395,1395,52,9.77319296427445,21.863799283154123,54.40860215053763,100.0,0
sarn_v2,efficientnet_b0,industrial,20262021,perspective_moderate,1395,1395,52,8.933105216452155,22.43727598566308,56.702508960573475,100.0,0
sarn_v2,efficientnet_b0,industrial,20262021,perspective_severe,1395,1395,52,10.079362247205799,20.28673835125448,51.46953405017921,100.0,0
sarn_v2,efficientnet_b0,industrial,20262021,combined_severe,1395,1395,52,9.100348804396095,21.935483870967744,53.97849462365591,100.0,0
sarn_v2,efficientnet_b0,industrial,20262021,perspective_pair,1395,2790,52,9.506233731828976,21.36200716845878,54.086021505376344,100.0,0
sarn_v2,efficientnet_b0,industrial,20262021,projective_three,1395,4185,52,9.370938756018017,21.553166069295102,54.050179211469526,100.0,0
main,efficientnet_b0,syncg,20262022,all_conditions,4000,24000,145,1.665508597842182,74.6375,93.54583333333333,100.0,0
main,efficientnet_b0,syncg,20262022,clean,4000,4000,145,0.5860040176346127,96.7,99.47500000000001,100.0,0
main,efficientnet_b0,syncg,20262022,blur_moderate,4000,4000,145,0.5812202376329078,96.65,99.47500000000001,100.0,0
main,efficientnet_b0,syncg,20262022,blur_severe,4000,4000,145,0.6032671733406764,96.39999999999999,99.5,100.0,0
main,efficientnet_b0,syncg,20262022,perspective_moderate,4000,4000,145,1.4678677459659795,76.9,98.375,100.0,0
main,efficientnet_b0,syncg,20262022,perspective_severe,4000,4000,145,3.289482299545685,40.65,83.15,100.0,0
main,efficientnet_b0,syncg,20262022,combined_severe,4000,4000,145,3.4652101129332307,40.525,81.3,100.0,0
main,efficientnet_b0,syncg,20262022,perspective_pair,4000,8000,145,2.3786750227558326,58.775,90.7625,100.0,0
main,efficientnet_b0,syncg,20262022,projective_three,4000,12000,145,2.7408533861482987,52.69166666666667,87.60833333333333,100.0,0
sarn_v2,efficientnet_b0,syncg,20262022,all_conditions,4000,24000,145,1.177202635630677,81.65416666666667,98.17083333333333,100.0,0
sarn_v2,efficientnet_b0,syncg,20262022,clean,4000,4000,145,0.5860040176346127,96.7,99.47500000000001,100.0,0
sarn_v2,efficientnet_b0,syncg,20262022,blur_moderate,4000,4000,145,0.5812202376329078,96.65,99.47500000000001,100.0,0
sarn_v2,efficientnet_b0,syncg,20262022,blur_severe,4000,4000,145,0.6032671733406764,96.39999999999999,99.5,100.0,0
sarn_v2,efficientnet_b0,syncg,20262022,perspective_moderate,4000,4000,145,1.2330366707100433,82.22500000000001,99.225,100.0,0
sarn_v2,efficientnet_b0,syncg,20262022,perspective_severe,4000,4000,145,1.943217697729371,60.62499999999999,96.2,100.0,0
sarn_v2,efficientnet_b0,syncg,20262022,combined_severe,4000,4000,145,2.11647001673645,57.325,95.15,100.0,0
sarn_v2,efficientnet_b0,syncg,20262022,perspective_pair,4000,8000,145,1.588127184219707,71.42500000000001,97.7125,100.0,0
sarn_v2,efficientnet_b0,syncg,20262022,projective_three,4000,12000,145,1.7642414617252884,66.725,96.85833333333333,100.0,0
main,efficientnet_b0,rf100,20262022,all_conditions,151,906,35,5.192899262566831,42.27373068432671,71.30242825607064,100.0,0
main,efficientnet_b0,rf100,20262022,clean,151,151,35,3.876418904080851,57.615894039735096,80.79470198675497,100.0,0
main,efficientnet_b0,rf100,20262022,blur_moderate,151,151,35,3.6110826382639316,57.615894039735096,83.44370860927152,100.0,0
main,efficientnet_b0,rf100,20262022,blur_severe,151,151,35,3.0759272731700507,59.60264900662252,88.74172185430463,100.0,0
main,efficientnet_b0,rf100,20262022,perspective_moderate,151,151,35,4.46281930595693,40.397350993377486,80.13245033112582,100.0,0
main,efficientnet_b0,rf100,20262022,perspective_severe,151,151,35,7.911821475321496,20.52980132450331,46.35761589403973,100.0,0
main,efficientnet_b0,rf100,20262022,combined_severe,151,151,35,8.219325978607724,17.880794701986755,48.34437086092716,100.0,0
main,efficientnet_b0,rf100,20262022,perspective_pair,151,302,35,6.187320390639211,30.4635761589404,63.24503311258278,100.0,0
main,efficientnet_b0,rf100,20262022,projective_three,151,453,35,6.864655586628716,26.269315673289185,58.27814569536424,100.0,0
sarn_v2,efficientnet_b0,rf100,20262022,all_conditions,151,906,35,3.7021613845120585,51.324503311258276,82.6710816777042,100.0,0
sarn_v2,efficientnet_b0,rf100,20262022,clean,151,151,35,3.876418904080851,57.615894039735096,80.79470198675497,100.0,0
sarn_v2,efficientnet_b0,rf100,20262022,blur_moderate,151,151,35,3.6110826382639316,57.615894039735096,83.44370860927152,100.0,0
sarn_v2,efficientnet_b0,rf100,20262022,blur_severe,151,151,35,3.0759272731700507,59.60264900662252,88.74172185430463,100.0,0
sarn_v2,efficientnet_b0,rf100,20262022,perspective_moderate,151,151,35,3.537911188133248,50.993377483443716,86.75496688741721,100.0,0
sarn_v2,efficientnet_b0,rf100,20262022,perspective_severe,151,151,35,3.9806089697534595,43.70860927152318,78.1456953642384,100.0,0
sarn_v2,efficientnet_b0,rf100,20262022,combined_severe,151,151,35,4.131019333670804,38.41059602649007,78.1456953642384,100.0,0
sarn_v2,efficientnet_b0,rf100,20262022,perspective_pair,151,302,35,3.7592600789433543,47.35099337748344,82.45033112582782,100.0,0
sarn_v2,efficientnet_b0,rf100,20262022,projective_three,151,453,35,3.8831798305191714,44.370860927152314,81.01545253863135,100.0,0
main,efficientnet_b0,industrial,20262022,all_conditions,1395,8370,52,15.472376831722567,18.410991636798087,41.887694145758665,100.0,0
main,efficientnet_b0,industrial,20262022,clean,1395,1395,52,13.788515346073494,26.16487455197133,53.47670250896057,100.0,0
main,efficientnet_b0,industrial,20262022,blur_moderate,1395,1395,52,13.849216111676729,26.523297491039425,53.26164874551972,100.0,0
main,efficientnet_b0,industrial,20262022,blur_severe,1395,1395,52,14.432688692753674,25.734767025089607,52.1146953405018,100.0,0
main,efficientnet_b0,industrial,20262022,perspective_moderate,1395,1395,52,12.067434605220097,15.698924731182796,47.45519713261649,100.0,0
main,efficientnet_b0,industrial,20262022,perspective_severe,1395,1395,52,19.407390678113007,8.172043010752688,22.00716845878136,100.0,0
main,efficientnet_b0,industrial,20262022,combined_severe,1395,1395,52,19.28901555649838,8.172043010752688,23.010752688172044,100.0,0
main,efficientnet_b0,industrial,20262022,perspective_pair,1395,2790,52,15.737412641666554,11.935483870967742,34.73118279569892,100.0,0
main,efficientnet_b0,industrial,20262022,projective_three,1395,4185,52,16.921280279943833,10.68100358422939,30.824372759856633,100.0,0
sarn_v2,efficientnet_b0,industrial,20262022,all_conditions,1395,8370,52,12.787826359718585,24.492234169653525,52.520908004778974,100.0,0
sarn_v2,efficientnet_b0,industrial,20262022,clean,1395,1395,52,13.788515346073494,26.16487455197133,53.47670250896057,100.0,0
sarn_v2,efficientnet_b0,industrial,20262022,blur_moderate,1395,1395,52,13.849216111676729,26.523297491039425,53.26164874551972,100.0,0
sarn_v2,efficientnet_b0,industrial,20262022,blur_severe,1395,1395,52,14.432688692753674,25.734767025089607,52.1146953405018,100.0,0
sarn_v2,efficientnet_b0,industrial,20262022,perspective_moderate,1395,1395,52,11.023063891107569,25.734767025089607,53.97849462365591,100.0,0
sarn_v2,efficientnet_b0,industrial,20262022,perspective_severe,1395,1395,52,12.020925895398218,21.863799283154123,50.53763440860215,100.0,0
sarn_v2,efficientnet_b0,industrial,20262022,combined_severe,1395,1395,52,11.612548221301825,20.93189964157706,51.75627240143369,100.0,0
sarn_v2,efficientnet_b0,industrial,20262022,perspective_pair,1395,2790,52,11.521994893252895,23.799283154121863,52.25806451612903,100.0,0
sarn_v2,efficientnet_b0,industrial,20262022,projective_three,1395,4185,52,11.55217933593587,22.843488649940262,52.09080047789725,100.0,0
main,mobilenet_v3_large,syncg,20262020,all_conditions,4000,24000,145,2.54882570963257,69.6875,87.13333333333333,100.0,0
main,mobilenet_v3_large,syncg,20262020,clean,4000,4000,145,0.7025025134946189,94.65,99.25,100.0,0
main,mobilenet_v3_large,syncg,20262020,blur_moderate,4000,4000,145,0.7024039911687785,94.5,99.15,100.0,0
main,mobilenet_v3_large,syncg,20262020,blur_severe,4000,4000,145,0.7267735615318544,94.175,99.02499999999999,100.0,0
main,mobilenet_v3_large,syncg,20262020,perspective_moderate,4000,4000,145,1.814136632064319,72.2,95.3,100.0,0
main,mobilenet_v3_large,syncg,20262020,perspective_severe,4000,4000,145,5.520026578918951,31.674999999999997,65.375,100.0,0
main,mobilenet_v3_large,syncg,20262020,combined_severe,4000,4000,145,5.8271109806168955,30.925000000000004,64.7,100.0,0
main,mobilenet_v3_large,syncg,20262020,perspective_pair,4000,8000,145,3.667081605491635,51.9375,80.33749999999999,100.0,0
main,mobilenet_v3_large,syncg,20262020,projective_three,4000,12000,145,4.387091397200056,44.93333333333333,75.125,100.0,0
sarn_v2,mobilenet_v3_large,syncg,20262020,all_conditions,4000,24000,145,1.33757821658349,80.40416666666667,97.075,100.0,0
sarn_v2,mobilenet_v3_large,syncg,20262020,clean,4000,4000,145,0.7025025134946189,94.65,99.25,100.0,0
sarn_v2,mobilenet_v3_large,syncg,20262020,blur_moderate,4000,4000,145,0.7024039911687785,94.5,99.15,100.0,0
sarn_v2,mobilenet_v3_large,syncg,20262020,blur_severe,4000,4000,145,0.7267735615318544,94.175,99.02499999999999,100.0,0
sarn_v2,mobilenet_v3_large,syncg,20262020,perspective_moderate,4000,4000,145,1.3611262714604564,80.75,98.1,100.0,0
sarn_v2,mobilenet_v3_large,syncg,20262020,perspective_severe,4000,4000,145,2.154704058023728,60.0,94.22500000000001,100.0,0
sarn_v2,mobilenet_v3_large,syncg,20262020,combined_severe,4000,4000,145,2.3779589038215048,58.35,92.7,100.0,0
sarn_v2,mobilenet_v3_large,syncg,20262020,perspective_pair,4000,8000,145,1.757915164742092,70.375,96.1625,100.0,0
sarn_v2,mobilenet_v3_large,syncg,20262020,projective_three,4000,12000,145,1.9645964111018963,66.36666666666666,95.00833333333333,100.0,0
main,mobilenet_v3_large,rf100,20262020,all_conditions,151,906,35,5.172410770978851,30.4635761589404,65.56291390728477,100.0,0
main,mobilenet_v3_large,rf100,20262020,clean,151,151,35,4.20408686799094,33.77483443708609,70.86092715231787,100.0,0
main,mobilenet_v3_large,rf100,20262020,blur_moderate,151,151,35,4.073625118218769,34.437086092715234,73.50993377483444,100.0,0
main,mobilenet_v3_large,rf100,20262020,blur_severe,151,151,35,3.608399465930786,39.735099337748345,77.48344370860927,100.0,0
main,mobilenet_v3_large,rf100,20262020,perspective_moderate,151,151,35,4.4319111059591725,35.76158940397351,72.84768211920529,100.0,0
main,mobilenet_v3_large,rf100,20262020,perspective_severe,151,151,35,7.46564565861553,16.55629139072848,47.682119205298015,100.0,0
main,mobilenet_v3_large,rf100,20262020,combined_severe,151,151,35,7.250796409157902,22.516556291390728,50.993377483443716,100.0,0
main,mobilenet_v3_large,rf100,20262020,perspective_pair,151,302,35,5.948778382287352,26.158940397350992,60.264900662251655,100.0,0
main,mobilenet_v3_large,rf100,20262020,projective_three,151,453,35,6.382784391244201,24.944812362030905,57.17439293598234,100.0,0
sarn_v2,mobilenet_v3_large,rf100,20262020,all_conditions,151,906,35,4.191427371185343,34.87858719646799,73.17880794701986,100.0,0
sarn_v2,mobilenet_v3_large,rf100,20262020,clean,151,151,35,4.20408686799094,33.77483443708609,70.86092715231787,100.0,0
sarn_v2,mobilenet_v3_large,rf100,20262020,blur_moderate,151,151,35,4.073625118218769,34.437086092715234,73.50993377483444,100.0,0
sarn_v2,mobilenet_v3_large,rf100,20262020,blur_severe,151,151,35,3.608399465930786,39.735099337748345,77.48344370860927,100.0,0
sarn_v2,mobilenet_v3_large,rf100,20262020,perspective_moderate,151,151,35,3.8837387515778783,35.76158940397351,75.49668874172185,100.0,0
sarn_v2,mobilenet_v3_large,rf100,20262020,perspective_severe,151,151,35,4.479812793354948,33.11258278145696,74.17218543046357,100.0,0
sarn_v2,mobilenet_v3_large,rf100,20262020,combined_severe,151,151,35,4.89890123003874,32.450331125827816,67.54966887417218,100.0,0
sarn_v2,mobilenet_v3_large,rf100,20262020,perspective_pair,151,302,35,4.1817757724664135,34.437086092715234,74.83443708609272,100.0,0
sarn_v2,mobilenet_v3_large,rf100,20262020,projective_three,151,453,35,4.420817591657189,33.77483443708609,72.40618101545255,100.0,0
main,mobilenet_v3_large,industrial,20262020,all_conditions,1395,8370,52,13.0838213048528,15.902031063321386,39.27120669056153,100.0,0
main,mobilenet_v3_large,industrial,20262020,clean,1395,1395,52,13.717892881356706,18.494623655913976,45.08960573476703,100.0,0
main,mobilenet_v3_large,industrial,20262020,blur_moderate,1395,1395,52,13.675065014809368,19.426523297491038,45.23297491039426,100.0,0
main,mobilenet_v3_large,industrial,20262020,blur_severe,1395,1395,52,13.609236908618676,18.566308243727597,45.30465949820788,100.0,0
main,mobilenet_v3_large,industrial,20262020,perspective_moderate,1395,1395,52,10.501224636701398,17.419354838709676,48.17204301075269,100.0,0
main,mobilenet_v3_large,industrial,20262020,perspective_severe,1395,1395,52,12.62639810809792,11.039426523297491,27.956989247311824,100.0,0
main,mobilenet_v3_large,industrial,20262020,combined_severe,1395,1395,52,14.373110279532744,10.46594982078853,23.870967741935484,100.0,0
main,mobilenet_v3_large,industrial,20262020,perspective_pair,1395,2790,52,11.563811372399659,14.229390681003585,38.064516129032256,100.0,0
main,mobilenet_v3_large,industrial,20262020,projective_three,1395,4185,52,12.500244341444022,12.974910394265232,33.33333333333333,100.0,0
sarn_v2,mobilenet_v3_large,industrial,20262020,all_conditions,1395,8370,52,13.464329147697812,17.885304659498207,43.51254480286738,100.0,0
sarn_v2,mobilenet_v3_large,industrial,20262020,clean,1395,1395,52,13.717892881356706,18.494623655913976,45.08960573476703,100.0,0
sarn_v2,mobilenet_v3_large,industrial,20262020,blur_moderate,1395,1395,52,13.675065014809368,19.426523297491038,45.23297491039426,100.0,0
sarn_v2,mobilenet_v3_large,industrial,20262020,blur_severe,1395,1395,52,13.609236908618676,18.566308243727597,45.30465949820788,100.0,0
sarn_v2,mobilenet_v3_large,industrial,20262020,perspective_moderate,1395,1395,52,13.062408913299354,18.494623655913976,44.229390681003586,100.0,0
sarn_v2,mobilenet_v3_large,industrial,20262020,perspective_severe,1395,1395,52,13.47982035750334,16.989247311827956,40.86021505376344,100.0,0
sarn_v2,mobilenet_v3_large,industrial,20262020,combined_severe,1395,1395,52,13.241550810599415,15.340501792114694,40.3584229390681,100.0,0
sarn_v2,mobilenet_v3_large,industrial,20262020,perspective_pair,1395,2790,52,13.271114635401347,17.741935483870968,42.54480286738351,100.0,0
sarn_v2,mobilenet_v3_large,industrial,20262020,projective_three,1395,4185,52,13.261260027134036,16.941457586618878,41.816009557945044,100.0,0
main,mobilenet_v3_large,syncg,20262021,all_conditions,4000,24000,145,2.236825044206576,70.625,89.04166666666666,100.0,0
main,mobilenet_v3_large,syncg,20262021,clean,4000,4000,145,0.7006410172175657,94.65,99.125,100.0,0
main,mobilenet_v3_large,syncg,20262021,blur_moderate,4000,4000,145,0.6971492828931021,94.55,99.075,100.0,0
main,mobilenet_v3_large,syncg,20262021,blur_severe,4000,4000,145,0.7241390955921702,94.175,99.02499999999999,100.0,0
main,mobilenet_v3_large,syncg,20262021,perspective_moderate,4000,4000,145,1.7066592694944975,72.95,96.05,100.0,0
main,mobilenet_v3_large,syncg,20262021,perspective_severe,4000,4000,145,4.654024390580096,34.55,72.15,100.0,0
main,mobilenet_v3_large,syncg,20262021,combined_severe,4000,4000,145,4.938337209462026,32.875,68.825,100.0,0
main,mobilenet_v3_large,syncg,20262021,perspective_pair,4000,8000,145,3.180341830037296,53.75,84.1,100.0,0
main,mobilenet_v3_large,syncg,20262021,projective_three,4000,12000,145,3.766340289845539,46.791666666666664,79.00833333333334,100.0,0
sarn_v2,mobilenet_v3_large,syncg,20262021,all_conditions,4000,24000,145,1.3218226993124578,79.9375,97.03333333333333,100.0,0
sarn_v2,mobilenet_v3_large,syncg,20262021,clean,4000,4000,145,0.7006410172175657,94.65,99.125,100.0,0
sarn_v2,mobilenet_v3_large,syncg,20262021,blur_moderate,4000,4000,145,0.6971492828931021,94.55,99.075,100.0,0
sarn_v2,mobilenet_v3_large,syncg,20262021,blur_severe,4000,4000,145,0.7241390955921702,94.175,99.02499999999999,100.0,0
sarn_v2,mobilenet_v3_large,syncg,20262021,perspective_moderate,4000,4000,145,1.3691802037947094,79.57499999999999,98.225,100.0,0
sarn_v2,mobilenet_v3_large,syncg,20262021,perspective_severe,4000,4000,145,2.1263609506915313,59.199999999999996,93.875,100.0,0
sarn_v2,mobilenet_v3_large,syncg,20262021,combined_severe,4000,4000,145,2.313465645685669,57.475,92.875,100.0,0
sarn_v2,mobilenet_v3_large,syncg,20262021,perspective_pair,4000,8000,145,1.7477705772431205,69.3875,96.05,100.0,0
sarn_v2,mobilenet_v3_large,syncg,20262021,projective_three,4000,12000,145,1.9363356000573033,65.41666666666667,94.99166666666666,100.0,0
main,mobilenet_v3_large,rf100,20262021,all_conditions,151,906,35,5.483783124995488,34.98896247240618,64.56953642384106,100.0,0
main,mobilenet_v3_large,rf100,20262021,clean,151,151,35,3.0922198681629625,48.34437086092716,82.11920529801324,100.0,0
main,mobilenet_v3_large,rf100,20262021,blur_moderate,151,151,35,3.1033926849167894,46.35761589403973,82.11920529801324,100.0,0
main,mobilenet_v3_large,rf100,20262021,blur_severe,151,151,35,3.146465922176478,45.6953642384106,81.45695364238411,100.0,0
main,mobilenet_v3_large,rf100,20262021,perspective_moderate,151,151,35,4.415534523865738,34.437086092715234,67.54966887417218,100.0,0
main,mobilenet_v3_large,rf100,20262021,perspective_severe,151,151,35,9.84020176077529,17.218543046357617,35.76158940397351,100.0,0
main,mobilenet_v3_large,rf100,20262021,combined_severe,151,151,35,9.304883990075673,17.880794701986755,38.41059602649007,100.0,0
main,mobilenet_v3_large,rf100,20262021,perspective_pair,151,302,35,7.127868142320515,25.82781456953642,51.65562913907284,100.0,0
main,mobilenet_v3_large,rf100,20262021,projective_three,151,453,35,7.853540091572234,23.178807947019866,47.24061810154526,100.0,0
sarn_v2,mobilenet_v3_large,rf100,20262021,all_conditions,151,906,35,3.480430389699364,45.143487858719645,78.69757174392936,100.0,0
sarn_v2,mobilenet_v3_large,rf100,20262021,clean,151,151,35,3.0922198681629625,48.34437086092716,82.11920529801324,100.0,0
sarn_v2,mobilenet_v3_large,rf100,20262021,blur_moderate,151,151,35,3.1033926849167894,46.35761589403973,82.11920529801324,100.0,0
sarn_v2,mobilenet_v3_large,rf100,20262021,blur_severe,151,151,35,3.146465922176478,45.6953642384106,81.45695364238411,100.0,0
sarn_v2,mobilenet_v3_large,rf100,20262021,perspective_moderate,151,151,35,3.324244246700942,43.70860927152318,80.79470198675497,100.0,0
sarn_v2,mobilenet_v3_large,rf100,20262021,perspective_severe,151,151,35,4.126782779418811,41.72185430463576,71.52317880794702,100.0,0
sarn_v2,mobilenet_v3_large,rf100,20262021,combined_severe,151,151,35,4.089476836820203,45.033112582781456,74.17218543046357,100.0,0
sarn_v2,mobilenet_v3_large,rf100,20262021,perspective_pair,151,302,35,3.725513513059877,42.71523178807947,76.15894039735099,100.0,0
sarn_v2,mobilenet_v3_large,rf100,20262021,projective_three,151,453,35,3.846834620979986,43.4878587196468,75.49668874172185,100.0,0
main,mobilenet_v3_large,industrial,20262021,all_conditions,1395,8370,52,14.444795237572947,16.85782556750299,35.55555555555556,100.0,0
main,mobilenet_v3_large,industrial,20262021,clean,1395,1395,52,13.648047178423248,24.014336917562723,48.31541218637993,100.0,0
main,mobilenet_v3_large,industrial,20262021,blur_moderate,1395,1395,52,13.591046116590999,24.444444444444443,47.8853046594982,100.0,0
main,mobilenet_v3_large,industrial,20262021,blur_severe,1395,1395,52,13.936358208621774,23.9426523297491,45.878136200716845,100.0,0
main,mobilenet_v3_large,industrial,20262021,perspective_moderate,1395,1395,52,12.956674806988502,16.559139784946236,39.35483870967742,100.0,0
main,mobilenet_v3_large,industrial,20262021,perspective_severe,1395,1395,52,16.11773256647117,6.451612903225806,16.559139784946236,100.0,0
main,mobilenet_v3_large,industrial,20262021,combined_severe,1395,1395,52,16.41891254834199,5.734767025089606,15.340501792114694,100.0,0
main,mobilenet_v3_large,industrial,20262021,perspective_pair,1395,2790,52,14.537203686729836,11.505376344086022,27.956989247311824,100.0,0
main,mobilenet_v3_large,industrial,20262021,projective_three,1395,4185,52,15.164439973933883,9.58183990442055,23.751493428912784,100.0,0
sarn_v2,mobilenet_v3_large,industrial,20262021,all_conditions,1395,8370,52,14.268143365826857,22.795698924731184,45.137395459976105,100.0,0
sarn_v2,mobilenet_v3_large,industrial,20262021,clean,1395,1395,52,13.648047178423248,24.014336917562723,48.31541218637993,100.0,0
sarn_v2,mobilenet_v3_large,industrial,20262021,blur_moderate,1395,1395,52,13.591046116590999,24.444444444444443,47.8853046594982,100.0,0
sarn_v2,mobilenet_v3_large,industrial,20262021,blur_severe,1395,1395,52,13.936358208621774,23.9426523297491,45.878136200716845,100.0,0
sarn_v2,mobilenet_v3_large,industrial,20262021,perspective_moderate,1395,1395,52,14.272430422658475,23.440860215053764,44.87455197132616,100.0,0
sarn_v2,mobilenet_v3_large,industrial,20262021,perspective_severe,1395,1395,52,15.14226782536842,22.078853046594983,43.08243727598566,100.0,0
sarn_v2,mobilenet_v3_large,industrial,20262021,combined_severe,1395,1395,52,15.01871044329824,18.85304659498208,40.78853046594982,100.0,0
sarn_v2,mobilenet_v3_large,industrial,20262021,perspective_pair,1395,2790,52,14.707349124013447,22.759856630824373,43.97849462365591,100.0,0
sarn_v2,mobilenet_v3_large,industrial,20262021,projective_three,1395,4185,52,14.81113623044171,21.45758661887694,42.91517323775388,100.0,0
main,mobilenet_v3_large,syncg,20262022,all_conditions,4000,24000,145,2.216226552225542,71.8,88.12083333333334,100.0,0
main,mobilenet_v3_large,syncg,20262022,clean,4000,4000,145,0.6722896593147376,95.1,99.25,100.0,0
main,mobilenet_v3_large,syncg,20262022,blur_moderate,4000,4000,145,0.6736469798604243,95.0,99.225,100.0,0
main,mobilenet_v3_large,syncg,20262022,blur_severe,4000,4000,145,0.6964969588601084,94.825,99.05000000000001,100.0,0
main,mobilenet_v3_large,syncg,20262022,perspective_moderate,4000,4000,145,1.6677874208624273,74.775,96.075,100.0,0
main,mobilenet_v3_large,syncg,20262022,perspective_severe,4000,4000,145,4.614108140176847,36.3,68.75,100.0,0
main,mobilenet_v3_large,syncg,20262022,combined_severe,4000,4000,145,4.973030154278706,34.8,66.375,100.0,0
main,mobilenet_v3_large,syncg,20262022,perspective_pair,4000,8000,145,3.140947780519637,55.537499999999994,82.4125,100.0,0
main,mobilenet_v3_large,syncg,20262022,projective_three,4000,12000,145,3.751641905105993,48.625,77.06666666666668,100.0,0
sarn_v2,mobilenet_v3_large,syncg,20262022,all_conditions,4000,24000,145,1.3265404009468973,79.84166666666667,96.87083333333332,100.0,0
sarn_v2,mobilenet_v3_large,syncg,20262022,clean,4000,4000,145,0.6722896593147376,95.1,99.25,100.0,0
sarn_v2,mobilenet_v3_large,syncg,20262022,blur_moderate,4000,4000,145,0.6736469798604243,95.0,99.225,100.0,0
sarn_v2,mobilenet_v3_large,syncg,20262022,blur_severe,4000,4000,145,0.6964969588601084,94.825,99.05000000000001,100.0,0
sarn_v2,mobilenet_v3_large,syncg,20262022,perspective_moderate,4000,4000,145,1.3662359451475103,79.85,98.45,100.0,0
sarn_v2,mobilenet_v3_large,syncg,20262022,perspective_severe,4000,4000,145,2.218796012732237,57.325,93.2,100.0,0
sarn_v2,mobilenet_v3_large,syncg,20262022,combined_severe,4000,4000,145,2.331776849766366,56.95,92.05,100.0,0
sarn_v2,mobilenet_v3_large,syncg,20262022,perspective_pair,4000,8000,145,1.7925159789398732,68.5875,95.825,100.0,0
sarn_v2,mobilenet_v3_large,syncg,20262022,projective_three,4000,12000,145,1.9722696025487045,64.70833333333333,94.56666666666666,100.0,0
main,mobilenet_v3_large,rf100,20262022,all_conditions,151,906,35,7.1691260426908325,39.51434878587197,68.76379690949227,100.0,0
main,mobilenet_v3_large,rf100,20262022,clean,151,151,35,3.463773551693071,54.3046357615894,85.43046357615894,100.0,0
main,mobilenet_v3_large,rf100,20262022,blur_moderate,151,151,35,3.3857862241765853,54.3046357615894,87.41721854304636,100.0,0
main,mobilenet_v3_large,rf100,20262022,blur_severe,151,151,35,3.316436641527675,55.62913907284768,85.43046357615894,100.0,0
main,mobilenet_v3_large,rf100,20262022,perspective_moderate,151,151,35,5.966703247681131,39.735099337748345,74.83443708609272,100.0,0
main,mobilenet_v3_large,rf100,20262022,perspective_severe,151,151,35,13.428318361607431,15.894039735099339,40.397350993377486,100.0,0
main,mobilenet_v3_large,rf100,20262022,combined_severe,151,151,35,13.4537382294591,17.218543046357617,39.0728476821192,100.0,0
main,mobilenet_v3_large,rf100,20262022,perspective_pair,151,302,35,9.69751080464428,27.81456953642384,57.615894039735096,100.0,0
main,mobilenet_v3_large,rf100,20262022,projective_three,151,453,35,10.949586612915887,24.282560706401764,51.434878587196465,100.0,0
sarn_v2,mobilenet_v3_large,rf100,20262022,all_conditions,151,906,35,4.21094308489295,48.56512141280353,81.34657836644593,100.0,0
sarn_v2,mobilenet_v3_large,rf100,20262022,clean,151,151,35,3.463773551693071,54.3046357615894,85.43046357615894,100.0,0
sarn_v2,mobilenet_v3_large,rf100,20262022,blur_moderate,151,151,35,3.3857862241765853,54.3046357615894,87.41721854304636,100.0,0
sarn_v2,mobilenet_v3_large,rf100,20262022,blur_severe,151,151,35,3.316436641527675,55.62913907284768,85.43046357615894,100.0,0
sarn_v2,mobilenet_v3_large,rf100,20262022,perspective_moderate,151,151,35,3.79817090409826,47.682119205298015,84.76821192052981,100.0,0
sarn_v2,mobilenet_v3_large,rf100,20262022,perspective_severe,151,151,35,5.418220974004349,39.735099337748345,74.83443708609272,100.0,0
sarn_v2,mobilenet_v3_large,rf100,20262022,combined_severe,151,151,35,5.883270213857758,39.735099337748345,70.19867549668875,100.0,0
sarn_v2,mobilenet_v3_large,rf100,20262022,perspective_pair,151,302,35,4.608195939051305,43.70860927152318,79.80132450331125,100.0,0
sarn_v2,mobilenet_v3_large,rf100,20262022,projective_three,151,453,35,5.0332206973201234,42.384105960264904,76.60044150110376,100.0,0
main,mobilenet_v3_large,industrial,20262022,all_conditions,1395,8370,52,21.782715009835044,12.222222222222221,26.379928315412187,100.0,0
main,mobilenet_v3_large,industrial,20262022,clean,1395,1395,52,16.963500103221463,18.13620071684588,37.4910394265233,100.0,0
main,mobilenet_v3_large,industrial,20262022,blur_moderate,1395,1395,52,16.81646294946543,18.2078853046595,37.77777777777778,100.0,0
main,mobilenet_v3_large,industrial,20262022,blur_severe,1395,1395,52,16.210431382889404,18.351254480286737,38.064516129032256,100.0,0
main,mobilenet_v3_large,industrial,20262022,perspective_moderate,1395,1395,52,21.98723420699357,11.469534050179211,26.30824372759857,100.0,0
main,mobilenet_v3_large,industrial,20262022,perspective_severe,1395,1395,52,28.535176210155267,4.014336917562724,9.96415770609319,100.0,0
main,mobilenet_v3_large,industrial,20262022,combined_severe,1395,1395,52,30.18348520628511,3.1541218637992836,8.67383512544803,100.0,0
main,mobilenet_v3_large,industrial,20262022,perspective_pair,1395,2790,52,25.261205208574424,7.741935483870968,18.13620071684588,100.0,0
main,mobilenet_v3_large,industrial,20262022,projective_three,1395,4185,52,26.90196520781132,6.212664277180406,14.982078853046596,100.0,0
sarn_v2,mobilenet_v3_large,industrial,20262022,all_conditions,1395,8370,52,18.34281177098373,15.722819593787335,34.83870967741935,100.0,0
sarn_v2,mobilenet_v3_large,industrial,20262022,clean,1395,1395,52,16.963500103221463,18.13620071684588,37.4910394265233,100.0,0
sarn_v2,mobilenet_v3_large,industrial,20262022,blur_moderate,1395,1395,52,16.81646294946543,18.2078853046595,37.77777777777778,100.0,0
sarn_v2,mobilenet_v3_large,industrial,20262022,blur_severe,1395,1395,52,16.210431382889404,18.351254480286737,38.064516129032256,100.0,0
sarn_v2,mobilenet_v3_large,industrial,20262022,perspective_moderate,1395,1395,52,18.782478659300306,15.913978494623656,35.62724014336918,100.0,0
sarn_v2,mobilenet_v3_large,industrial,20262022,perspective_severe,1395,1395,52,20.63042063911578,12.401433691756273,31.039426523297493,100.0,0
sarn_v2,mobilenet_v3_large,industrial,20262022,combined_severe,1395,1395,52,20.65357689190998,11.32616487455197,29.03225806451613,100.0,0
sarn_v2,mobilenet_v3_large,industrial,20262022,perspective_pair,1395,2790,52,19.70644964920804,14.157706093189965,33.33333333333333,100.0,0
sarn_v2,mobilenet_v3_large,industrial,20262022,projective_three,1395,4185,52,20.02215873010869,13.213859020310634,31.899641577060933,100.0,0
main,yolo,syncg,20262020,all_conditions,4000,24000,145,5.582465395838362,66.87083333333334,80.53333333333333,98.3,408
main,yolo,syncg,20262020,clean,4000,4000,145,0.5250110553042941,97.8,99.725,100.0,0
main,yolo,syncg,20262020,blur_moderate,4000,4000,145,0.5327331147108211,97.6,99.75,100.0,0
main,yolo,syncg,20262020,blur_severe,4000,4000,145,0.6835152384458654,96.15,99.5,99.95,2
main,yolo,syncg,20262020,perspective_moderate,4000,4000,145,1.6788451638349342,71.3,96.875,99.95,2
main,yolo,syncg,20262020,perspective_severe,4000,4000,145,11.960930519908477,21.475,47.8,97.02499999999999,119
main,yolo,syncg,20262020,combined_severe,4000,4000,145,18.11375728282578,16.900000000000002,39.550000000000004,92.875,285
main,yolo,syncg,20262020,perspective_pair,4000,8000,145,6.8198878418717035,46.387499999999996,72.3375,98.4875,121
main,yolo,syncg,20262020,projective_three,4000,12000,145,10.584510988856396,36.55833333333333,61.40833333333333,96.61666666666666,406
main,yolo,rf100,20262020,all_conditions,151,906,35,16.002840482776527,31.788079470198678,52.64900662251656,96.46799116997794,32
main,yolo,rf100,20262020,clean,151,151,35,10.242923150928522,45.033112582781456,66.22516556291392,100.0,0
main,yolo,rf100,20262020,blur_moderate,151,151,35,9.749999908796958,43.70860927152318,66.88741721854305,100.0,0
main,yolo,rf100,20262020,blur_severe,151,151,35,9.75217586737291,47.682119205298015,70.19867549668875,100.0,0
main,yolo,rf100,20262020,perspective_moderate,151,151,35,11.200691193311267,29.13907284768212,60.264900662251655,100.0,0
main,yolo,rf100,20262020,perspective_severe,151,151,35,21.453915681832875,14.56953642384106,29.13907284768212,96.02649006622516,6
main,yolo,rf100,20262020,combined_severe,151,151,35,33.61733709441664,10.596026490066226,23.178807947019866,82.78145695364239,26
main,yolo,rf100,20262020,perspective_pair,151,302,35,16.32730343757207,21.85430463576159,44.70198675496689,98.01324503311258,6
main,yolo,rf100,20262020,projective_three,151,453,35,22.090647989853586,18.101545253863137,37.52759381898454,92.93598233995584,32
main,yolo,industrial,20262020,all_conditions,1395,8370,52,35.38016470130686,20.08363201911589,34.97013142174433,82.48506571087216,1466
main,yolo,industrial,20262020,clean,1395,1395,52,14.866184571071447,34.121863799283155,57.92114695340502,99.85663082437276,2
main,yolo,industrial,20262020,blur_moderate,1395,1395,52,14.98494571376742,34.623655913978496,57.060931899641574,99.42652329749104,8
main,yolo,industrial,20262020,blur_severe,1395,1395,52,11.291812667881953,36.702508960573475,61.86379928315412,99.71326164874552,4
main,yolo,industrial,20262020,perspective_moderate,1395,1395,52,37.04455018479595,11.54121863799283,25.448028673835125,83.29749103942652,233
main,yolo,industrial,20262020,perspective_severe,1395,1395,52,62.098003525474745,2.1505376344086025,4.731182795698925,62.65232974910394,521
main,yolo,industrial,20262020,combined_severe,1395,1395,52,71.99549154484963,1.3620071684587813,2.795698924731183,49.96415770609319,698
main,yolo,industrial,20262020,perspective_pair,1395,2790,52,49.57127685513535,6.845878136200717,15.089605734767025,72.97491039426524,754
main,yolo,industrial,20262020,projective_three,1395,4185,52,57.0460150850401,5.017921146953405,10.991636798088411,65.30465949820788,1452
main,yolo,syncg,20262021,all_conditions,4000,24000,145,8.019295594099594,68.175,81.44166666666666,94.69999999999999,1272
main,yolo,syncg,20262021,clean,4000,4000,145,0.5117714275542095,98.02499999999999,99.7,100.0,0
main,yolo,syncg,20262021,blur_moderate,4000,4000,145,0.5387588009504767,98.1,99.725,99.97500000000001,1
main,yolo,syncg,20262021,blur_severe,4000,4000,145,0.622054940131699,96.875,99.6,99.95,2
main,yolo,syncg,20262021,perspective_moderate,4000,4000,145,1.5443857104749963,74.175,97.675,99.97500000000001,1
main,yolo,syncg,20262021,perspective_severe,4000,4000,145,18.876733576194905,22.975,50.6,87.7,492
main,yolo,syncg,20262021,combined_severe,4000,4000,145,26.022069109291273,18.9,41.349999999999994,80.60000000000001,776
main,yolo,syncg,20262021,perspective_pair,4000,8000,145,10.21055964333495,48.575,74.1375,93.83749999999999,493
main,yolo,syncg,20262021,projective_three,4000,12000,145,15.481062798653728,38.68333333333333,63.208333333333336,89.425,1269
main,yolo,rf100,20262021,all_conditions,151,906,35,23.67870319754986,32.89183222958057,50.22075055187638,88.85209713024283,101
main,yolo,rf100,20262021,clean,151,151,35,10.371901375185283,47.682119205298015,68.21192052980133,100.0,0
main,yolo,rf100,20262021,blur_moderate,151,151,35,11.071502388808693,47.682119205298015,66.88741721854305,99.33774834437085,1
main,yolo,rf100,20262021,blur_severe,151,151,35,12.03249775757143,43.04635761589404,64.23841059602648,99.33774834437085,1
main,yolo,rf100,20262021,perspective_moderate,151,151,35,14.013171638270903,33.77483443708609,55.62913907284768,100.0,0
main,yolo,rf100,20262021,perspective_severe,151,151,35,44.58027991352199,11.258278145695364,23.178807947019866,70.86092715231787,44
main,yolo,rf100,20262021,combined_severe,151,151,35,50.00286611194088,13.90728476821192,23.178807947019866,63.576158940397356,55
main,yolo,rf100,20262021,perspective_pair,151,302,35,29.296725775896444,22.516556291390728,39.40397350993378,85.43046357615894,44
main,yolo,rf100,20262021,projective_three,151,453,35,36.19877255457792,19.646799116997794,33.99558498896248,78.1456953642384,99
main,yolo,industrial,20262021,all_conditions,1395,8370,52,37.38220124525382,22.67622461170848,35.221027479091994,87.14456391875747,1076
main,yolo,industrial,20262021,clean,1395,1395,52,19.900729164414336,37.77777777777778,55.053763440860216,99.85663082437276,2
main,yolo,industrial,20262021,blur_moderate,1395,1395,52,19.987257035363278,37.132616487455195,56.0573476702509,99.85663082437276,2
main,yolo,industrial,20262021,blur_severe,1395,1395,52,19.630858040315864,37.060931899641574,57.56272401433692,99.56989247311829,6
main,yolo,industrial,20262021,perspective_moderate,1395,1395,52,25.07554629270391,20.50179211469534,35.19713261648745,97.99283154121864,28
main,yolo,industrial,20262021,perspective_severe,1395,1395,52,67.94012747443544,1.7204301075268817,3.870967741935484,67.31182795698925,456
main,yolo,industrial,20262021,combined_severe,1395,1395,52,71.75868946429009,1.8637992831541221,3.584229390681003,58.27956989247311,582
main,yolo,industrial,20262021,perspective_pair,1395,2790,52,46.507836883569674,11.11111111111111,19.53405017921147,82.65232974910394,484
main,yolo,industrial,20262021,projective_three,1395,4185,52,54.92478774380981,8.028673835125447,14.217443249701315,74.52807646356034,1066
main,yolo,syncg,20262022,all_conditions,4000,24000,145,3.6415357044395025,69.24583333333332,84.75416666666666,99.9,24
main,yolo,syncg,20262022,clean,4000,4000,145,0.5012130717169653,97.89999999999999,99.675,99.97500000000001,1
main,yolo,syncg,20262022,blur_moderate,4000,4000,145,0.5168435697810727,97.75,99.65,99.97500000000001,1
main,yolo,syncg,20262022,blur_severe,4000,4000,145,0.6631941199053032,96.775,99.3,99.95,2
main,yolo,syncg,20262022,perspective_moderate,4000,4000,145,1.736146352323325,71.65,95.35,100.0,0
main,yolo,syncg,20262022,perspective_severe,4000,4000,145,8.959963272763694,26.974999999999998,58.9,99.8,8
main,yolo,syncg,20262022,combined_severe,4000,4000,145,9.47185384014666,24.425,55.65,99.7,12
main,yolo,syncg,20262022,perspective_pair,4000,8000,145,5.348054812543509,49.3125,77.125,99.9,8
main,yolo,syncg,20262022,projective_three,4000,12000,145,6.722654488411226,41.016666666666666,69.96666666666667,99.83333333333333,20
main,yolo,rf100,20262022,all_conditions,151,906,35,13.898265325612824,33.6644591611479,53.31125827814569,99.33774834437085,6
main,yolo,rf100,20262022,clean,151,151,35,10.450810440644998,41.05960264900662,66.22516556291392,100.0,0
main,yolo,rf100,20262022,blur_moderate,151,151,35,10.607142115717515,46.35761589403973,62.913907284768214,100.0,0
main,yolo,rf100,20262022,blur_severe,151,151,35,11.654594265679895,47.682119205298015,64.23841059602648,100.0,0
main,yolo,rf100,20262022,perspective_moderate,151,151,35,15.12081368417534,33.77483443708609,54.3046357615894,100.0,0
main,yolo,rf100,20262022,perspective_severe,151,151,35,18.204844003227986,19.867549668874172,35.76158940397351,98.67549668874173,2
main,yolo,rf100,20262022,combined_severe,151,151,35,17.351387444231207,13.245033112582782,36.423841059602644,97.35099337748345,4
main,yolo,rf100,20262022,perspective_pair,151,302,35,16.66282884370166,26.82119205298013,45.033112582781456,99.33774834437085,2
main,yolo,rf100,20262022,projective_three,151,453,35,16.892348377211512,22.29580573951435,42.16335540838852,98.67549668874173,6
main,yolo,industrial,20262022,all_conditions,1395,8370,52,25.330174636979276,20.023894862604543,38.2078853046595,98.6021505376344,117
main,yolo,industrial,20262022,clean,1395,1395,52,15.45763299307947,30.107526881720432,55.62724014336917,99.56989247311829,6
main,yolo,industrial,20262022,blur_moderate,1395,1395,52,14.165700337059189,29.89247311827957,56.20071684587814,99.49820788530465,7
main,yolo,industrial,20262022,blur_severe,1395,1395,52,11.831085687017287,29.89247311827957,58.996415770609325,99.78494623655914,3
main,yolo,industrial,20262022,perspective_moderate,1395,1395,52,28.855147482675576,15.985663082437277,31.684587813620073,99.78494623655914,3
main,yolo,industrial,20262022,perspective_severe,1395,1395,52,41.620339917635256,6.881720430107527,12.759856630824373,95.6989247311828,60
main,yolo,industrial,20262022,combined_severe,1395,1395,52,40.05114140440887,7.383512544802867,13.978494623655912,97.27598566308244,38
main,yolo,industrial,20262022,perspective_pair,1395,2790,52,35.23774370015541,11.433691756272403,22.22222222222222,97.74193548387096,63
main,yolo,industrial,20262022,projective_three,1395,4185,52,36.84220960157323,10.08363201911589,19.47431302270012,97.58661887694146,101
main,vdn,syncg,20262020,all_conditions,4000,24000,145,4.68495891961705,66.125,82.775,98.3,408
main,vdn,syncg,20262020,clean,4000,4000,145,1.0362231788601182,88.275,98.55000000000001,100.0,0
main,vdn,syncg,20262020,blur_moderate,4000,4000,145,1.0398393216070656,88.125,98.475,100.0,0
main,vdn,syncg,20262020,blur_severe,4000,4000,145,1.4111724028992247,85.35000000000001,97.675,99.95,2
main,vdn,syncg,20262020,perspective_moderate,4000,4000,145,1.2976111131446868,83.575,98.475,99.95,2
main,vdn,syncg,20262020,perspective_severe,4000,4000,145,8.733530325100606,28.499999999999996,55.925000000000004,97.02499999999999,119
main,vdn,syncg,20262020,combined_severe,4000,4000,145,14.591377176090594,22.925,47.55,92.875,285
main,vdn,syncg,20262020,perspective_pair,4000,8000,145,5.015570719122646,56.037499999999994,77.2,98.4875,121
main,vdn,syncg,20262020,projective_three,4000,12000,145,8.20750620477863,45.0,67.31666666666666,96.61666666666666,406
main,vdn,rf100,20262020,all_conditions,151,906,35,22.029327405870244,26.82119205298013,48.675496688741724,96.46799116997794,32
main,vdn,rf100,20262020,clean,151,151,35,18.57574888647222,31.125827814569533,52.980132450331126,100.0,0
main,vdn,rf100,20262020,blur_moderate,151,151,35,16.856760066393463,33.11258278145696,56.29139072847682,100.0,0
main,vdn,rf100,20262020,blur_severe,151,151,35,18.206368783365008,26.490066225165563,51.65562913907284,100.0,0
main,vdn,rf100,20262020,perspective_moderate,151,151,35,17.345148727735026,33.11258278145696,59.60264900662252,100.0,0
main,vdn,rf100,20262020,perspective_severe,151,151,35,23.788920288126494,19.205298013245034,41.05960264900662,96.02649006622516,6
main,vdn,rf100,20262020,combined_severe,151,151,35,37.40301768312925,17.880794701986755,30.4635761589404,82.78145695364239,26
main,vdn,rf100,20262020,perspective_pair,151,302,35,20.56703450793076,26.158940397350992,50.331125827814574,98.01324503311258,6
main,vdn,rf100,20262020,projective_three,151,453,35,26.179028899663585,23.399558498896248,43.70860927152318,92.93598233995584,32
main,vdn,industrial,20262020,all_conditions,1395,8370,52,38.79367282442959,23.118279569892472,35.11350059737157,82.48506571087216,1466
main,vdn,industrial,20262020,clean,1395,1395,52,25.07679754101834,29.605734767025087,44.587813620071685,99.85663082437276,2
main,vdn,industrial,20262020,blur_moderate,1395,1395,52,24.77998822136594,29.89247311827957,45.376344086021504,99.42652329749104,8
main,vdn,industrial,20262020,blur_severe,1395,1395,52,23.801404574515633,29.749103942652326,46.95340501792115,99.71326164874552,4
main,vdn,industrial,20262020,perspective_moderate,1395,1395,52,33.51574883057983,25.591397849462368,39.35483870967742,83.29749103942652,233
main,vdn,industrial,20262020,perspective_severe,1395,1395,52,58.34167782847894,12.043010752688172,18.27956989247312,62.65232974910394,521
main,vdn,industrial,20262020,combined_severe,1395,1395,52,67.24641995061886,11.827956989247312,16.129032258064516,49.96415770609319,698
main,vdn,industrial,20262020,perspective_pair,1395,2790,52,45.928713329529394,18.817204301075268,28.817204301075268,72.97491039426524,754
main,vdn,industrial,20262020,projective_three,1395,4185,52,53.034615536559215,16.48745519713262,24.587813620071685,65.30465949820788,1452
main,vdn,syncg,20262021,all_conditions,4000,24000,145,7.687416293001739,65.59583333333333,81.02916666666667,94.69999999999999,1272
main,vdn,syncg,20262021,clean,4000,4000,145,0.9021134867312597,91.35,99.175,100.0,0
main,vdn,syncg,20262021,blur_moderate,4000,4000,145,0.9323114964561415,90.95,98.825,99.97500000000001,1
main,vdn,syncg,20262021,blur_severe,4000,4000,145,1.2027559171900721,87.35000000000001,97.85000000000001,99.95,2
main,vdn,syncg,20262021,perspective_moderate,4000,4000,145,1.3355003295603372,80.825,98.175,99.97500000000001,1
main,vdn,syncg,20262021,perspective_severe,4000,4000,145,17.20765217912359,23.0,49.15,87.7,492
main,vdn,syncg,20262021,combined_severe,4000,4000,145,24.54416434894903,20.1,43.0,80.60000000000001,776
main,vdn,syncg,20262021,perspective_pair,4000,8000,145,9.271576254341964,51.912499999999994,73.6625,93.83749999999999,493
main,vdn,syncg,20262021,projective_three,4000,12000,145,14.36243895254432,41.30833333333334,63.44166666666666,89.425,1269
main,vdn,rf100,20262021,all_conditions,151,906,35,24.847551014828753,26.490066225165563,48.56512141280353,88.85209713024283,101
main,vdn,rf100,20262021,clean,151,151,35,13.758182566161103,34.437086092715234,60.264900662251655,100.0,0
main,vdn,rf100,20262021,blur_moderate,151,151,35,15.550455654791248,31.125827814569533,54.3046357615894,99.33774834437085,1
main,vdn,rf100,20262021,blur_severe,151,151,35,20.565925920080115,24.503311258278146,45.033112582781456,99.33774834437085,1
main,vdn,rf100,20262021,perspective_moderate,151,151,35,10.008286259855065,35.76158940397351,68.21192052980133,100.0,0
main,vdn,rf100,20262021,perspective_severe,151,151,35,39.92393800070015,18.543046357615893,36.423841059602644,70.86092715231787,44
main,vdn,rf100,20262021,combined_severe,151,151,35,49.278517687384834,14.56953642384106,27.1523178807947,63.576158940397356,55
main,vdn,rf100,20262021,perspective_pair,151,302,35,24.966112130277605,27.1523178807947,52.317880794701985,85.43046357615894,44
main,vdn,rf100,20262021,projective_three,151,453,35,33.07024731598002,22.958057395143488,43.92935982339956,78.1456953642384,99
main,vdn,industrial,20262021,all_conditions,1395,8370,52,37.23489358848737,21.350059737156514,33.070489844683394,87.14456391875747,1076
main,vdn,industrial,20262021,clean,1395,1395,52,26.608113004577632,24.301075268817204,41.50537634408602,99.85663082437276,2
main,vdn,industrial,20262021,blur_moderate,1395,1395,52,26.717253547671,24.802867383512545,40.07168458781362,99.85663082437276,2
main,vdn,industrial,20262021,blur_severe,1395,1395,52,26.007542203684174,23.51254480286738,41.29032258064516,99.56989247311829,6
main,vdn,industrial,20262021,perspective_moderate,1395,1395,52,23.693117977357176,31.397849462365592,42.58064516129032,97.99283154121864,28
main,vdn,industrial,20262021,perspective_severe,1395,1395,52,56.71979100331638,12.473118279569892,17.491039426523297,67.31182795698925,456
main,vdn,industrial,20262021,combined_severe,1395,1395,52,63.66354379431783,11.612903225806452,15.483870967741936,58.27956989247311,582
main,vdn,industrial,20262021,perspective_pair,1395,2790,52,40.20645449033677,21.935483870967744,30.03584229390681,82.65232974910394,484
main,vdn,industrial,20262021,projective_three,1395,4185,52,48.02548425833046,18.494623655913976,25.185185185185183,74.52807646356034,1066
main,vdn,syncg,20262022,all_conditions,4000,24000,145,2.6662579462991642,67.65416666666667,86.30416666666667,99.9,24
main,vdn,syncg,20262022,clean,4000,4000,145,0.9046678763238561,90.825,99.3,99.97500000000001,1
main,vdn,syncg,20262022,blur_moderate,4000,4000,145,0.9188464779066825,90.875,99.275,99.97500000000001,1
main,vdn,syncg,20262022,blur_severe,4000,4000,145,1.1472875781468403,88.5,98.375,99.95,2
main,vdn,syncg,20262022,perspective_moderate,4000,4000,145,1.2925296645592776,81.77499999999999,98.15,100.0,0
main,vdn,syncg,20262022,perspective_severe,4000,4000,145,5.449249200471641,26.375,61.95,99.8,8
main,vdn,syncg,20262022,combined_severe,4000,4000,145,6.284966880386687,27.575,60.775,99.7,12
main,vdn,syncg,20262022,perspective_pair,4000,8000,145,3.3708894325154586,54.074999999999996,80.05,99.9,8
main,vdn,syncg,20262022,projective_three,4000,12000,145,4.34224858180587,45.24166666666667,73.625,99.83333333333333,20
main,vdn,rf100,20262022,all_conditions,151,906,35,12.214566787870195,31.125827814569533,59.60264900662252,99.33774834437085,6
main,vdn,rf100,20262022,clean,151,151,35,11.24514184696993,37.74834437086093,68.87417218543047,100.0,0
main,vdn,rf100,20262022,blur_moderate,151,151,35,11.652603808248388,33.11258278145696,62.251655629139066,100.0,0
main,vdn,rf100,20262022,blur_severe,151,151,35,12.523491388848685,35.099337748344375,60.264900662251655,100.0,0
main,vdn,rf100,20262022,perspective_moderate,151,151,35,8.613035371834341,37.74834437086093,72.18543046357617,100.0,0
main,vdn,rf100,20262022,perspective_severe,151,151,35,12.866016043567768,21.85430463576159,49.668874172185426,98.67549668874173,2
main,vdn,rf100,20262022,combined_severe,151,151,35,16.387112267752073,21.192052980132452,44.370860927152314,97.35099337748345,4
main,vdn,rf100,20262022,perspective_pair,151,302,35,10.739525707701057,29.80132450331126,60.9271523178808,99.33774834437085,2
main,vdn,rf100,20262022,projective_three,151,453,35,12.622054561051394,26.93156732891832,55.40838852097131,98.67549668874173,6
main,vdn,industrial,20262022,all_conditions,1395,8370,52,23.12715832507508,27.62246117084827,42.48506571087216,98.6021505376344,117
main,vdn,industrial,20262022,clean,1395,1395,52,20.697576961235214,29.89247311827957,47.8853046594982,99.56989247311829,6
main,vdn,industrial,20262022,blur_moderate,1395,1395,52,20.311160765491408,29.24731182795699,48.817204301075265,99.49820788530465,7
main,vdn,industrial,20262022,blur_severe,1395,1395,52,19.267637304207387,30.46594982078853,50.82437275985663,99.78494623655914,3
main,vdn,industrial,20262022,perspective_moderate,1395,1395,52,18.895878001992948,33.763440860215056,46.81003584229391,99.78494623655914,3
main,vdn,industrial,20262022,perspective_severe,1395,1395,52,31.83044583013398,19.78494623655914,28.530465949820787,95.6989247311828,60
main,vdn,industrial,20262022,combined_severe,1395,1395,52,27.760251087389527,22.58064516129032,32.043010752688176,97.27598566308244,38
main,vdn,industrial,20262022,perspective_pair,1395,2790,52,25.36316191606347,26.7741935483871,37.67025089605735,97.74193548387096,63
main,vdn,industrial,20262022,projective_three,1395,4185,52,26.162191639838817,25.376344086021508,35.794504181600956,97.58661887694146,101
main,deeplab,syncg,20262020,all_conditions,4000,24000,145,11.012833997652168,67.4625,78.07916666666667,95.13333333333334,1168
main,deeplab,syncg,20262020,clean,4000,4000,145,0.4693341202500457,98.475,99.75,99.97500000000001,1
main,deeplab,syncg,20262020,blur_moderate,4000,4000,145,0.470924373465204,98.32499999999999,99.775,99.97500000000001,1
main,deeplab,syncg,20262020,blur_severe,4000,4000,145,0.6000466951431944,97.1,99.625,99.925,3
main,deeplab,syncg,20262020,perspective_moderate,4000,4000,145,1.726180747040514,72.975,97.75,99.85000000000001,6
main,deeplab,syncg,20262020,perspective_severe,4000,4000,145,25.951843394921614,21.15,39.725,90.325,387
main,deeplab,syncg,20262020,combined_severe,4000,4000,145,36.858674655092436,16.75,31.85,80.75,770
main,deeplab,syncg,20262020,perspective_pair,4000,8000,145,13.83901207098106,47.0625,68.7375,95.0875,393
main,deeplab,syncg,20262020,projective_three,4000,12000,145,21.512232932351523,36.95833333333333,56.44166666666667,90.30833333333334,1163
main,deeplab,rf100,20262020,all_conditions,151,906,35,28.758459767741044,25.275938189845476,47.24061810154526,87.63796909492274,112
main,deeplab,rf100,20262020,clean,151,151,35,13.023112644885867,41.05960264900662,69.5364238410596,98.01324503311258,3
main,deeplab,rf100,20262020,blur_moderate,151,151,35,12.965457766386299,37.086092715231786,68.87417218543047,98.01324503311258,3
main,deeplab,rf100,20262020,blur_severe,151,151,35,15.107079491936872,35.099337748344375,65.56291390728477,96.68874172185431,5
main,deeplab,rf100,20262020,perspective_moderate,151,151,35,17.692060379986657,30.4635761589404,56.95364238410596,94.70198675496688,8
main,deeplab,rf100,20262020,perspective_severe,151,151,35,55.003509113193495,3.9735099337748347,12.582781456953644,73.50993377483444,40
main,deeplab,rf100,20262020,combined_severe,151,151,35,58.7595392100571,3.9735099337748347,9.933774834437086,64.90066225165563,53
main,deeplab,rf100,20262020,perspective_pair,151,302,35,36.34778474659007,17.218543046357617,34.7682119205298,84.10596026490066,48
main,deeplab,rf100,20262020,projective_three,151,453,35,43.818369567745755,12.803532008830022,26.490066225165563,77.70419426048565,101
main,deeplab,industrial,20262020,all_conditions,1395,8370,52,40.81538566599689,19.8805256869773,33.95459976105138,75.4958183990442,2051
main,deeplab,industrial,20262020,clean,1395,1395,52,16.130818274359463,32.40143369175627,55.62724014336917,97.77777777777777,31
main,deeplab,industrial,20262020,blur_moderate,1395,1395,52,16.03265946269208,32.25806451612903,55.19713261648745,96.84587813620071,44
main,deeplab,industrial,20262020,blur_severe,1395,1395,52,14.637182272493943,32.11469534050179,56.702508960573475,96.63082437275986,47
main,deeplab,industrial,20262020,perspective_moderate,1395,1395,52,45.61618692570129,15.842293906810037,26.236559139784948,77.84946236559139,309
main,deeplab,industrial,20262020,perspective_severe,1395,1395,52,73.28793610226394,4.157706093189964,6.021505376344086,47.096774193548384,738
main,deeplab,industrial,20262020,combined_severe,1395,1395,52,79.18753095847062,2.5089605734767026,3.942652329749104,36.774193548387096,882
main,deeplab,industrial,20262020,perspective_pair,1395,2790,52,59.45206151398261,10.0,16.129032258064516,62.473118279569896,1047
main,deeplab,industrial,20262020,projective_three,1395,4185,52,66.03055132881195,7.502986857825568,12.066905615292713,53.90681003584229,1929
main,deeplab,syncg,20262021,all_conditions,4000,24000,145,12.466983098181576,67.47916666666667,79.21249999999999,92.17916666666667,1877
main,deeplab,syncg,20262021,clean,4000,4000,145,0.4501890822601859,98.8,99.8,99.925,3
main,deeplab,syncg,20262021,blur_moderate,4000,4000,145,0.4592771591792887,98.8,99.8,99.9,4
main,deeplab,syncg,20262021,blur_severe,4000,4000,145,0.5863482802264746,97.52499999999999,99.7,99.9,4
main,deeplab,syncg,20262021,perspective_moderate,4000,4000,145,2.079395393954979,68.05,96.25,99.675,13
main,deeplab,syncg,20262021,perspective_severe,4000,4000,145,32.03818679962103,23.0,43.1,80.525,779
main,deeplab,syncg,20262021,combined_severe,4000,4000,145,39.18850187384751,18.7,36.625,73.15,1074
main,deeplab,syncg,20262021,perspective_pair,4000,8000,145,17.058791096788,45.525,69.675,90.10000000000001,792
main,deeplab,syncg,20262021,projective_three,4000,12000,145,24.43536135580784,36.583333333333336,58.65833333333333,84.45,1866
main,deeplab,rf100,20262021,all_conditions,151,906,35,33.51760228877218,25.717439293598233,43.92935982339956,82.560706401766,158
main,deeplab,rf100,20262021,clean,151,151,35,14.887958232377935,43.70860927152318,66.88741721854305,94.03973509933775,9
main,deeplab,rf100,20262021,blur_moderate,151,151,35,16.116197855276877,38.41059602649007,64.90066225165563,93.37748344370861,10
main,deeplab,rf100,20262021,blur_severe,151,151,35,17.898194259459295,39.735099337748345,62.251655629139066,93.37748344370861,10
main,deeplab,rf100,20262021,perspective_moderate,151,151,35,27.93872661882486,20.52980132450331,45.6953642384106,94.70198675496688,8
main,deeplab,rf100,20262021,perspective_severe,151,151,35,58.650429345385405,5.298013245033113,12.582781456953644,65.56291390728477,52
main,deeplab,rf100,20262021,combined_severe,151,151,35,65.61410742130872,6.622516556291391,11.258278145695364,54.3046357615894,69
main,deeplab,rf100,20262021,perspective_pair,151,302,35,43.29457798210514,12.91390728476821,29.13907284768212,80.13245033112582,60
main,deeplab,rf100,20262021,projective_three,151,453,35,50.73442112850633,10.816777041942604,23.178807947019866,71.52317880794702,129
main,deeplab,industrial,20262021,all_conditions,1395,8370,52,40.199015963904145,20.537634408602152,33.608124253285546,77.43130227001195,1889
main,deeplab,industrial,20262021,clean,1395,1395,52,17.458176618998838,32.47311827956989,53.40501792114696,98.9247311827957,15
main,deeplab,industrial,20262021,blur_moderate,1395,1395,52,17.602637131547137,31.46953405017921,52.1146953405018,98.9247311827957,15
main,deeplab,industrial,20262021,blur_severe,1395,1395,52,18.55747386247639,30.17921146953405,49.67741935483871,98.06451612903226,27
main,deeplab,industrial,20262021,perspective_moderate,1395,1395,52,37.700677011386716,17.060931899641577,28.24372759856631,91.75627240143369,115
main,deeplab,industrial,20262021,perspective_severe,1395,1395,52,73.0403487473692,6.5232974910394255,10.17921146953405,40.57347670250896,829
main,deeplab,industrial,20262021,combined_severe,1395,1395,52,76.83478241164661,5.519713261648746,8.028673835125447,36.344086021505376,888
main,deeplab,industrial,20262021,perspective_pair,1395,2790,52,55.37051287937794,11.792114695340501,19.21146953405018,66.16487455197134,944
main,deeplab,industrial,20262021,projective_three,1395,4185,52,62.52526939013418,9.70131421744325,15.483870967741936,56.224611708482676,1832
main,deeplab,syncg,20262022,all_conditions,4000,24000,145,7.347289215855976,69.45,82.78333333333333,97.55416666666666,587
main,deeplab,syncg,20262022,clean,4000,4000,145,0.45866691292717,98.675,99.8,99.925,3
main,deeplab,syncg,20262022,blur_moderate,4000,4000,145,0.44498494081419443,98.625,99.85000000000001,99.925,3
main,deeplab,syncg,20262022,blur_severe,4000,4000,145,0.5378694142333517,97.82499999999999,99.775,99.9,4
main,deeplab,syncg,20262022,perspective_moderate,4000,4000,145,1.9796872240730627,67.525,96.075,99.8,8
main,deeplab,syncg,20262022,perspective_severe,4000,4000,145,19.947318714882396,27.775,51.24999999999999,93.025,279
main,deeplab,syncg,20262022,combined_severe,4000,4000,145,20.71520808820569,26.275,49.95,92.75,290
main,deeplab,syncg,20262022,perspective_pair,4000,8000,145,10.96350296947773,47.65,73.6625,96.4125,287
main,deeplab,syncg,20262022,projective_three,4000,12000,145,14.214071342387049,40.525,65.75833333333333,95.19166666666666,577
main,deeplab,rf100,20262022,all_conditions,151,906,35,28.935962736746003,26.048565121412803,46.24724061810154,86.42384105960265,123
main,deeplab,rf100,20262022,clean,151,151,35,21.963240279749773,37.086092715231786,63.576158940397356,90.06622516556291,15
main,deeplab,rf100,20262022,blur_moderate,151,151,35,22.07393791028114,35.099337748344375,58.27814569536424,90.06622516556291,15
main,deeplab,rf100,20262022,blur_severe,151,151,35,21.83088856253434,34.437086092715234,58.94039735099338,89.40397350993378,16
main,deeplab,rf100,20262022,perspective_moderate,151,151,35,22.505202506091717,25.165562913907287,51.65562913907284,90.06622516556291,15
main,deeplab,rf100,20262022,perspective_severe,151,151,35,41.41418784157148,12.582781456953644,23.841059602649008,78.80794701986756,32
main,deeplab,rf100,20262022,combined_severe,151,151,35,43.82831932024755,11.920529801324504,21.192052980132452,80.13245033112582,30
main,deeplab,rf100,20262022,perspective_pair,151,302,35,31.959695173831605,18.874172185430464,37.74834437086093,84.43708609271523,47
main,deeplab,rf100,20262022,projective_three,151,453,35,35.91590322263691,16.55629139072848,32.22958057395143,83.00220750551877,77
main,deeplab,industrial,20262022,all_conditions,1395,8370,52,37.41135039586213,25.328554360812426,39.474313022700116,76.2604540023895,1987
main,deeplab,industrial,20262022,clean,1395,1395,52,14.624074451299505,38.13620071684588,59.56989247311828,98.13620071684588,26
main,deeplab,industrial,20262022,blur_moderate,1395,1395,52,14.31161851973065,37.921146953405014,59.85663082437276,97.99283154121864,28
main,deeplab,industrial,20262022,blur_severe,1395,1395,52,14.004762851373856,37.4910394265233,61.4336917562724,97.77777777777777,31
main,deeplab,industrial,20262022,perspective_moderate,1395,1395,52,30.71970842577949,29.03225806451613,41.21863799283154,88.31541218637993,163
main,deeplab,industrial,20262022,perspective_severe,1395,1395,52,75.85576088888936,4.874551971326166,7.813620071684587,36.200716845878134,890
main,deeplab,industrial,20262022,combined_severe,1395,1395,52,74.95217723809998,4.516129032258064,6.953405017921146,39.13978494623656,849
main,deeplab,industrial,20262022,perspective_pair,1395,2790,52,53.287734657334425,16.953405017921146,24.516129032258064,62.25806451612903,1053
main,deeplab,industrial,20262022,projective_three,1395,4185,52,60.50921551758961,12.807646356033453,18.661887694145758,54.551971326164875,1902
annotation,vdn,syncg,20262020,all_conditions,4000,24000,145,1.5563846549671367,75.14999999999999,96.375,100.0,0
annotation,vdn,syncg,20262020,clean,4000,4000,145,0.9639806067562833,89.1,99.1,100.0,0
annotation,vdn,syncg,20262020,blur_moderate,4000,4000,145,0.9631371699895533,89.17500000000001,98.97500000000001,100.0,0
annotation,vdn,syncg,20262020,blur_severe,4000,4000,145,1.2284705245429044,87.05000000000001,98.4,100.0,0
annotation,vdn,syncg,20262020,perspective_moderate,4000,4000,145,0.8676448523910277,93.375,99.425,100.0,0
annotation,vdn,syncg,20262020,perspective_severe,4000,4000,145,2.5626647924462054,45.975,91.375,100.0,0
annotation,vdn,syncg,20262020,combined_severe,4000,4000,145,2.752409983676846,46.225,90.975,100.0,0
annotation,vdn,syncg,20262020,perspective_pair,4000,8000,145,1.7151548224186166,69.675,95.39999999999999,100.0,0
annotation,vdn,syncg,20262020,projective_three,4000,12000,145,2.060906542838026,61.858333333333334,93.925,100.0,0
annotation,vdn,rf100,20262020,all_conditions,151,906,35,16.98355809370508,36.9757174392936,58.27814569536424,100.0,0
annotation,vdn,rf100,20262020,clean,151,151,35,17.84951778450648,46.35761589403973,59.60264900662252,100.0,0
annotation,vdn,rf100,20262020,blur_moderate,151,151,35,16.02225574530558,44.370860927152314,58.94039735099338,100.0,0
annotation,vdn,rf100,20262020,blur_severe,151,151,35,18.45156970130073,39.735099337748345,56.29139072847682,100.0,0
annotation,vdn,rf100,20262020,perspective_moderate,151,151,35,15.426197726766222,46.35761589403973,68.87417218543047,100.0,0
annotation,vdn,rf100,20262020,perspective_severe,151,151,35,16.249424197193555,23.178807947019866,57.615894039735096,100.0,0
annotation,vdn,rf100,20262020,combined_severe,151,151,35,17.902383407157938,21.85430463576159,48.34437086092716,100.0,0
annotation,vdn,rf100,20262020,perspective_pair,151,302,35,15.837810961979889,34.7682119205298,63.24503311258278,100.0,0
annotation,vdn,rf100,20262020,projective_three,151,453,35,16.526001777039237,30.4635761589404,58.27814569536424,100.0,0
annotation,vdn,syncg,20262021,all_conditions,4000,24000,145,1.4628521758133668,77.07083333333333,96.58333333333333,100.0,0
annotation,vdn,syncg,20262021,clean,4000,4000,145,0.8433342510224722,92.675,99.125,100.0,0
annotation,vdn,syncg,20262021,blur_moderate,4000,4000,145,0.8439792349372678,92.2,99.075,100.0,0
annotation,vdn,syncg,20262021,blur_severe,4000,4000,145,1.031710886742231,89.55,98.175,100.0,0
annotation,vdn,syncg,20262021,perspective_moderate,4000,4000,145,0.9268016669044605,92.875,99.175,100.0,0
annotation,vdn,syncg,20262021,perspective_severe,4000,4000,145,2.518660003046754,47.325,92.35,100.0,0
annotation,vdn,syncg,20262021,combined_severe,4000,4000,145,2.6126270122270143,47.8,91.60000000000001,100.0,0
annotation,vdn,syncg,20262021,perspective_pair,4000,8000,145,1.7227308349756072,70.1,95.76249999999999,100.0,0
annotation,vdn,syncg,20262021,projective_three,4000,12000,145,2.0193628940594093,62.66666666666667,94.375,100.0,0
annotation,vdn,rf100,20262021,all_conditions,151,906,35,14.602526380354163,35.76158940397351,62.03090507726269,100.0,0
annotation,vdn,rf100,20262021,clean,151,151,35,12.90886015938769,37.74834437086093,67.54966887417218,100.0,0
annotation,vdn,rf100,20262021,blur_moderate,151,151,35,15.08049178478576,34.437086092715234,62.913907284768214,100.0,0
annotation,vdn,rf100,20262021,blur_severe,151,151,35,19.389026609699908,33.11258278145696,51.65562913907284,100.0,0
annotation,vdn,rf100,20262021,perspective_moderate,151,151,35,7.686288137498093,52.317880794701985,79.47019867549669,100.0,0
annotation,vdn,rf100,20262021,perspective_severe,151,151,35,13.19245968714167,35.099337748344375,62.913907284768214,100.0,0
annotation,vdn,rf100,20262021,combined_severe,151,151,35,19.358031903611874,21.85430463576159,47.682119205298015,100.0,0
annotation,vdn,rf100,20262021,perspective_pair,151,302,35,10.439373912319882,43.70860927152318,71.19205298013244,100.0,0
annotation,vdn,rf100,20262021,projective_three,151,453,35,13.412259909417212,36.423841059602644,63.35540838852097,100.0,0
annotation,vdn,syncg,20262022,all_conditions,4000,24000,145,1.4285377659942349,77.80833333333334,97.07083333333333,100.0,0
annotation,vdn,syncg,20262022,clean,4000,4000,145,0.8330080044558659,92.025,99.35000000000001,100.0,0
annotation,vdn,syncg,20262022,blur_moderate,4000,4000,145,0.8492195622546446,91.64999999999999,99.35000000000001,100.0,0
annotation,vdn,syncg,20262022,blur_severe,4000,4000,145,1.014602144850366,89.775,98.925,100.0,0
annotation,vdn,syncg,20262022,perspective_moderate,4000,4000,145,0.8480680346988292,93.65,99.52499999999999,100.0,0
annotation,vdn,syncg,20262022,perspective_severe,4000,4000,145,2.4389061175188176,50.0,93.27499999999999,100.0,0
annotation,vdn,syncg,20262022,combined_severe,4000,4000,145,2.587422732186886,49.75,92.0,100.0,0
annotation,vdn,syncg,20262022,perspective_pair,4000,8000,145,1.6434870761088234,71.825,96.39999999999999,100.0,0
annotation,vdn,syncg,20262022,projective_three,4000,12000,145,1.9581322948015105,64.46666666666667,94.93333333333334,100.0,0
annotation,vdn,rf100,20262022,all_conditions,151,906,35,9.894699610891818,41.94260485651214,69.97792494481236,100.0,0
annotation,vdn,rf100,20262022,clean,151,151,35,9.765262660002612,48.34437086092716,76.15894039735099,100.0,0
annotation,vdn,rf100,20262022,blur_moderate,151,151,35,9.965822955133591,47.682119205298015,71.52317880794702,100.0,0
annotation,vdn,rf100,20262022,blur_severe,151,151,35,11.720955457784834,39.0728476821192,67.54966887417218,100.0,0
annotation,vdn,rf100,20262022,perspective_moderate,151,151,35,5.759830684218968,55.62913907284768,83.44370860927152,100.0,0
annotation,vdn,rf100,20262022,perspective_severe,151,151,35,9.611207509574854,31.788079470198678,68.87417218543047,100.0,0
annotation,vdn,rf100,20262022,combined_severe,151,151,35,12.545118398636056,29.13907284768212,52.317880794701985,100.0,0
annotation,vdn,rf100,20262022,perspective_pair,151,302,35,7.68551909689691,43.70860927152318,76.15894039735099,100.0,0
annotation,vdn,rf100,20262022,projective_three,151,453,35,9.305385530809957,38.852097130242825,68.21192052980133,100.0,0
annotation,deeplab,syncg,20262020,all_conditions,4000,24000,145,2.235920049385772,79.11666666666667,94.32083333333333,99.34583333333333,157
annotation,deeplab,syncg,20262020,clean,4000,4000,145,0.15125933414251092,99.925,99.95,99.97500000000001,1
annotation,deeplab,syncg,20262020,blur_moderate,4000,4000,145,0.14692864447981663,99.925,99.95,99.97500000000001,1
annotation,deeplab,syncg,20262020,blur_severe,4000,4000,145,0.1497088029124515,99.875,99.95,99.97500000000001,1
annotation,deeplab,syncg,20262020,perspective_moderate,4000,4000,145,0.909287104483349,96.8,99.85000000000001,99.95,2
annotation,deeplab,syncg,20262020,perspective_severe,4000,4000,145,5.7336184393505425,39.300000000000004,83.525,98.3,68
annotation,deeplab,syncg,20262020,combined_severe,4000,4000,145,6.324717970945963,38.875,82.69999999999999,97.89999999999999,84
annotation,deeplab,syncg,20262020,perspective_pair,4000,8000,145,3.321452771916946,68.05,91.6875,99.125,70
annotation,deeplab,syncg,20262020,projective_three,4000,12000,145,4.322541171593285,58.325,88.69166666666666,98.71666666666667,154
annotation,deeplab,rf100,20262020,all_conditions,151,906,35,20.798044822094237,56.18101545253863,67.77041942604856,91.50110375275938,77
annotation,deeplab,rf100,20262020,clean,151,151,35,15.741691498861215,75.49668874172185,78.80794701986756,90.06622516556291,15
annotation,deeplab,rf100,20262020,blur_moderate,151,151,35,15.333191595185037,74.17218543046357,79.47019867549669,90.06622516556291,15
annotation,deeplab,rf100,20262020,blur_severe,151,151,35,17.955589909914238,73.50993377483444,78.1456953642384,88.0794701986755,18
annotation,deeplab,rf100,20262020,perspective_moderate,151,151,35,12.921062014565255,69.5364238410596,76.82119205298014,96.68874172185431,5
annotation,deeplab,rf100,20262020,perspective_severe,151,151,35,30.67581167127587,23.178807947019866,47.019867549668874,92.05298013245033,12
annotation,deeplab,rf100,20262020,combined_severe,151,151,35,32.1609222427638,21.192052980132452,46.35761589403973,92.05298013245033,12
annotation,deeplab,rf100,20262020,perspective_pair,151,302,35,21.798436842920562,46.35761589403973,61.920529801324506,94.37086092715232,17
annotation,deeplab,rf100,20262020,projective_three,151,453,35,25.252598642868307,37.969094922737305,56.73289183222958,93.59823399558499,29
annotation,deeplab,syncg,20262021,all_conditions,4000,24000,145,3.7313980182923117,78.48333333333333,92.55833333333334,98.92083333333333,259
annotation,deeplab,syncg,20262021,clean,4000,4000,145,0.1926064441319051,99.9,99.9,99.925,3
annotation,deeplab,syncg,20262021,blur_moderate,4000,4000,145,0.18472014610567986,99.9,99.925,99.925,3
annotation,deeplab,syncg,20262021,blur_severe,4000,4000,145,0.1688413253364065,99.9,99.925,99.95,2
annotation,deeplab,syncg,20262021,perspective_moderate,4000,4000,145,1.198323494922175,96.625,99.5,99.75,10
annotation,deeplab,syncg,20262021,perspective_severe,4000,4000,145,10.04510944384378,37.175000000000004,78.5,97.075,117
annotation,deeplab,syncg,20262021,combined_severe,4000,4000,145,10.598787255413926,37.4,77.60000000000001,96.89999999999999,124
annotation,deeplab,syncg,20262021,perspective_pair,4000,8000,145,5.621716469382977,66.9,89.0,98.41250000000001,127
annotation,deeplab,syncg,20262021,projective_three,4000,12000,145,7.2807400647266265,57.06666666666666,85.2,97.90833333333333,251
annotation,deeplab,rf100,20262021,all_conditions,151,906,35,25.266191897213393,54.52538631346579,65.23178807947019,87.63796909492274,112
annotation,deeplab,rf100,20262021,clean,151,151,35,14.989392883554565,78.80794701986756,81.45695364238411,89.40397350993378,16
annotation,deeplab,rf100,20262021,blur_moderate,151,151,35,15.110220734478416,78.80794701986756,80.13245033112582,89.40397350993378,16
annotation,deeplab,rf100,20262021,blur_severe,151,151,35,16.22870784187114,76.82119205298014,80.79470198675497,88.74172185430463,17
annotation,deeplab,rf100,20262021,perspective_moderate,151,151,35,25.101042976415517,60.264900662251655,64.90066225165563,88.0794701986755,18
annotation,deeplab,rf100,20262021,perspective_severe,151,151,35,39.29708074066586,15.894039735099339,41.72185430463576,86.09271523178808,21
annotation,deeplab,rf100,20262021,combined_severe,151,151,35,40.87070620629485,16.55629139072848,42.384105960264904,84.10596026490066,24
annotation,deeplab,rf100,20262021,perspective_pair,151,302,35,32.19906185854069,38.079470198675494,53.31125827814569,87.08609271523179,39
annotation,deeplab,rf100,20262021,projective_three,151,453,35,35.08960997445874,30.90507726269316,49.668874172185426,86.09271523178808,63
annotation,deeplab,syncg,20262022,all_conditions,4000,24000,145,2.874438220107343,78.55416666666667,93.33749999999999,98.925,258
annotation,deeplab,syncg,20262022,clean,4000,4000,145,0.17161319347903442,99.925,99.925,99.95,2
annotation,deeplab,syncg,20262022,blur_moderate,4000,4000,145,0.1632312568191535,99.95,99.95,99.95,2
annotation,deeplab,syncg,20262022,blur_severe,4000,4000,145,0.16561258044806604,99.925,99.95,99.95,2
annotation,deeplab,syncg,20262022,perspective_moderate,4000,4000,145,1.1423782548665815,96.7,99.55000000000001,99.775,9
annotation,deeplab,syncg,20262022,perspective_severe,4000,4000,145,7.667738089371534,37.574999999999996,80.625,97.075,117
annotation,deeplab,syncg,20262022,combined_severe,4000,4000,145,7.936055945659688,37.25,80.025,96.85000000000001,126
annotation,deeplab,syncg,20262022,perspective_pair,4000,8000,145,4.405058172119058,67.1375,90.08749999999999,98.425,126
annotation,deeplab,syncg,20262022,projective_three,4000,12000,145,5.582057429965935,57.175,86.73333333333333,97.89999999999999,252
annotation,deeplab,rf100,20262022,all_conditions,151,906,35,25.33367809704583,53.53200883002207,65.01103752759381,85.20971302428256,134
annotation,deeplab,rf100,20262022,clean,151,151,35,16.621186705535273,74.83443708609272,77.48344370860927,89.40397350993378,16
annotation,deeplab,rf100,20262022,blur_moderate,151,151,35,17.471092668463022,72.18543046357617,74.83443708609272,89.40397350993378,16
annotation,deeplab,rf100,20262022,blur_severe,151,151,35,17.26053222453067,68.87417218543047,73.50993377483444,88.74172185430463,17
annotation,deeplab,rf100,20262022,perspective_moderate,151,151,35,19.21720869527809,60.9271523178808,74.83443708609272,87.41721854304636,19
annotation,deeplab,rf100,20262022,perspective_severe,151,151,35,38.279409419940016,23.178807947019866,47.682119205298015,80.13245033112582,30
annotation,deeplab,rf100,20262022,combined_severe,151,151,35,43.152638868527916,21.192052980132452,41.72185430463576,76.15894039735099,36
annotation,deeplab,rf100,20262022,perspective_pair,151,302,35,28.74830905760905,42.05298013245033,61.258278145695364,83.77483443708608,49
annotation,deeplab,rf100,20262022,projective_three,151,453,35,33.549752327915336,35.099337748344375,54.746136865342166,81.23620309050773,85
ablation,no_geometry_fusion,syncg,20262020,all_conditions,4000,24000,145,1.3475447671647904,81.16666666666667,96.30833333333332,100.0,0
ablation,no_geometry_fusion,syncg,20262020,clean,4000,4000,145,0.6817977717950678,95.275,99.25,100.0,0
ablation,no_geometry_fusion,syncg,20262020,blur_moderate,4000,4000,145,0.6812218616850256,95.1,99.225,100.0,0
ablation,no_geometry_fusion,syncg,20262020,blur_severe,4000,4000,145,0.7037030617782914,94.35,99.25,100.0,0
ablation,no_geometry_fusion,syncg,20262020,perspective_moderate,4000,4000,145,1.2396971402100811,84.775,98.475,100.0,0
ablation,no_geometry_fusion,syncg,20262020,perspective_severe,4000,4000,145,2.3110049408916122,59.699999999999996,91.425,100.0,0
ablation,no_geometry_fusion,syncg,20262020,combined_severe,4000,4000,145,2.467843826628665,57.8,90.225,100.0,0
ablation,no_geometry_fusion,syncg,20262020,perspective_pair,4000,8000,145,1.7753510405508464,72.2375,94.95,100.0,0
ablation,no_geometry_fusion,syncg,20262020,projective_three,4000,12000,145,2.0061819692434524,67.425,93.375,100.0,0
ablation,no_geometry_fusion,syncg,20262021,all_conditions,4000,24000,145,1.3766569605499863,81.15416666666667,96.19583333333334,100.0,0
ablation,no_geometry_fusion,syncg,20262021,clean,4000,4000,145,0.7074168465946039,94.175,99.02499999999999,100.0,0
ablation,no_geometry_fusion,syncg,20262021,blur_moderate,4000,4000,145,0.7124077064630275,94.45,99.0,100.0,0
ablation,no_geometry_fusion,syncg,20262021,blur_severe,4000,4000,145,0.7337236051315755,94.22500000000001,99.05000000000001,100.0,0
ablation,no_geometry_fusion,syncg,20262021,perspective_moderate,4000,4000,145,1.3174312787894014,83.375,97.8,100.0,0
ablation,no_geometry_fusion,syncg,20262021,perspective_severe,4000,4000,145,2.3023812142568527,61.550000000000004,91.875,100.0,0
ablation,no_geometry_fusion,syncg,20262021,combined_severe,4000,4000,145,2.486581112064456,59.150000000000006,90.425,100.0,0
ablation,no_geometry_fusion,syncg,20262021,perspective_pair,4000,8000,145,1.809906246523127,72.46249999999999,94.83749999999999,100.0,0
ablation,no_geometry_fusion,syncg,20262021,projective_three,4000,12000,145,2.035464535036904,68.025,93.36666666666666,100.0,0
ablation,no_geometry_fusion,syncg,20262022,all_conditions,4000,24000,145,1.311451683274327,81.92916666666666,96.625,100.0,0
ablation,no_geometry_fusion,syncg,20262022,clean,4000,4000,145,0.6486724651679817,95.675,99.45,100.0,0
ablation,no_geometry_fusion,syncg,20262022,blur_moderate,4000,4000,145,0.6507360941130982,95.55,99.45,100.0,0
ablation,no_geometry_fusion,syncg,20262022,blur_severe,4000,4000,145,0.6759316039022822,95.22500000000001,99.375,100.0,0
ablation,no_geometry_fusion,syncg,20262022,perspective_moderate,4000,4000,145,1.2497051356259536,84.425,98.6,100.0,0
ablation,no_geometry_fusion,syncg,20262022,perspective_severe,4000,4000,145,2.2272063070369787,60.975,92.4,100.0,0
ablation,no_geometry_fusion,syncg,20262022,combined_severe,4000,4000,145,2.4164584937996674,59.724999999999994,90.47500000000001,100.0,0
ablation,no_geometry_fusion,syncg,20262022,perspective_pair,4000,8000,145,1.7384557213314662,72.7,95.5,100.0,0
ablation,no_geometry_fusion,syncg,20262022,projective_three,4000,12000,145,1.964456645487533,68.375,93.825,100.0,0
ablation,no_polar_evidence,syncg,20262020,all_conditions,4000,24000,145,0.872179678658984,92.07083333333334,98.6125,100.0,0
ablation,no_polar_evidence,syncg,20262020,clean,4000,4000,145,0.7375259964489747,94.45,99.225,100.0,0
ablation,no_polar_evidence,syncg,20262020,blur_moderate,4000,4000,145,0.7356015510349132,94.6,99.25,100.0,0
ablation,no_polar_evidence,syncg,20262020,blur_severe,4000,4000,145,0.7574580134842314,94.05,99.25,100.0,0
ablation,no_polar_evidence,syncg,20262020,perspective_moderate,4000,4000,145,0.8387773182261381,92.175,98.875,100.0,0
ablation,no_polar_evidence,syncg,20262020,perspective_severe,4000,4000,145,1.0018061082676923,89.825,98.05,100.0,0
ablation,no_polar_evidence,syncg,20262020,combined_severe,4000,4000,145,1.1619090844919548,87.325,97.02499999999999,100.0,0
ablation,no_polar_evidence,syncg,20262020,perspective_pair,4000,8000,145,0.9202917132469152,91.0,98.46249999999999,100.0,0
ablation,no_polar_evidence,syncg,20262020,projective_three,4000,12000,145,1.0008308369952619,89.775,97.98333333333333,100.0,0
ablation,no_polar_evidence,syncg,20262021,all_conditions,4000,24000,145,0.9099606915040099,91.4375,98.31666666666666,100.0,0
ablation,no_polar_evidence,syncg,20262021,clean,4000,4000,145,0.734001662813402,93.675,99.05000000000001,100.0,0
ablation,no_polar_evidence,syncg,20262021,blur_moderate,4000,4000,145,0.7399935466046077,94.27499999999999,99.05000000000001,100.0,0
ablation,no_polar_evidence,syncg,20262021,blur_severe,4000,4000,145,0.7617513048579957,94.0,99.075,100.0,0
ablation,no_polar_evidence,syncg,20262021,perspective_moderate,4000,4000,145,0.8852847334411194,91.85,98.475,100.0,0
ablation,no_polar_evidence,syncg,20262021,perspective_severe,4000,4000,145,1.0693658640907293,88.8,97.52499999999999,100.0,0
ablation,no_polar_evidence,syncg,20262021,combined_severe,4000,4000,145,1.2693670372162047,86.02499999999999,96.72500000000001,100.0,0
ablation,no_polar_evidence,syncg,20262021,perspective_pair,4000,8000,145,0.9773252987659242,90.325,98.0,100.0,0
ablation,no_polar_evidence,syncg,20262021,projective_three,4000,12000,145,1.0746725449160177,88.89166666666667,97.575,100.0,0
ablation,no_polar_evidence,syncg,20262022,all_conditions,4000,24000,145,0.8387711901395052,92.7,98.73333333333333,100.0,0
ablation,no_polar_evidence,syncg,20262022,clean,4000,4000,145,0.6890450742149937,95.45,99.45,100.0,0
ablation,no_polar_evidence,syncg,20262022,blur_moderate,4000,4000,145,0.6872441453364617,95.55,99.45,100.0,0
ablation,no_polar_evidence,syncg,20262022,blur_severe,4000,4000,145,0.7114588426878192,95.05,99.375,100.0,0
ablation,no_polar_evidence,syncg,20262022,perspective_moderate,4000,4000,145,0.8124103371304715,92.95,98.925,100.0,0
ablation,no_polar_evidence,syncg,20262022,perspective_severe,4000,4000,145,0.9748582070755688,90.0,98.1,100.0,0
ablation,no_polar_evidence,syncg,20262022,combined_severe,4000,4000,145,1.1576105343917165,87.2,97.1,100.0,0
ablation,no_polar_evidence,syncg,20262022,perspective_pair,4000,8000,145,0.8936342721030203,91.475,98.5125,100.0,0
ablation,no_polar_evidence,syncg,20262022,projective_three,4000,12000,145,0.9816263595325855,90.05,98.04166666666667,100.0,0
ablation,no_relational_transport,syncg,20262020,all_conditions,4000,24000,145,0.9116439933409415,90.9125,98.47916666666666,100.0,0
ablation,no_relational_transport,syncg,20262020,clean,4000,4000,145,0.6842519599365228,95.1,99.225,100.0,0
ablation,no_relational_transport,syncg,20262020,blur_moderate,4000,4000,145,0.6835065255333813,94.95,99.25,100.0,0
ablation,no_relational_transport,syncg,20262020,blur_severe,4000,4000,145,0.7067107977453391,94.375,99.225,100.0,0
ablation,no_relational_transport,syncg,20262020,perspective_moderate,4000,4000,145,0.9162908986328695,91.2,98.75,100.0,0
ablation,no_relational_transport,syncg,20262020,perspective_severe,4000,4000,145,1.148984521677942,86.325,97.75,100.0,0
ablation,no_relational_transport,syncg,20262020,combined_severe,4000,4000,145,1.3301192565195945,83.525,96.675,100.0,0
ablation,no_relational_transport,syncg,20262020,perspective_pair,4000,8000,145,1.0326377101554058,88.7625,98.25,100.0,0
ablation,no_relational_transport,syncg,20262020,projective_three,4000,12000,145,1.1317982256101355,87.01666666666667,97.725,100.0,0
ablation,no_relational_transport,syncg,20262021,all_conditions,4000,24000,145,0.9632165276267692,90.30833333333334,98.09166666666667,100.0,0
ablation,no_relational_transport,syncg,20262021,clean,4000,4000,145,0.7095088678004097,94.175,99.02499999999999,100.0,0
ablation,no_relational_transport,syncg,20262021,blur_moderate,4000,4000,145,0.71484490810016,94.39999999999999,98.97500000000001,100.0,0
ablation,no_relational_transport,syncg,20262021,blur_severe,4000,4000,145,0.7360014847964111,94.22500000000001,99.05000000000001,100.0,0
ablation,no_relational_transport,syncg,20262021,perspective_moderate,4000,4000,145,0.9653665252730983,91.0,98.3,100.0,0
ablation,no_relational_transport,syncg,20262021,perspective_severe,4000,4000,145,1.2214199608808187,85.32499999999999,97.125,100.0,0
ablation,no_relational_transport,syncg,20262021,combined_severe,4000,4000,145,1.4321574189097175,82.72500000000001,96.075,100.0,0
ablation,no_relational_transport,syncg,20262021,perspective_pair,4000,8000,145,1.0933932430769584,88.1625,97.7125,100.0,0
ablation,no_relational_transport,syncg,20262021,projective_three,4000,12000,145,1.2063146350212113,86.35000000000001,97.16666666666667,100.0,0
ablation,no_relational_transport,syncg,20262022,all_conditions,4000,24000,145,0.8880537836073933,91.69166666666668,98.65,100.0,0
ablation,no_relational_transport,syncg,20262022,clean,4000,4000,145,0.6519500943967008,95.75,99.45,100.0,0
ablation,no_relational_transport,syncg,20262022,blur_moderate,4000,4000,145,0.6531254327960898,95.625,99.45,100.0,0
ablation,no_relational_transport,syncg,20262022,blur_severe,4000,4000,145,0.6786207507488825,95.22500000000001,99.35000000000001,100.0,0
ablation,no_relational_transport,syncg,20262022,perspective_moderate,4000,4000,145,0.8920928089772915,92.225,98.925,100.0,0
ablation,no_relational_transport,syncg,20262022,perspective_severe,4000,4000,145,1.1183791283333693,87.25,97.925,100.0,0
ablation,no_relational_transport,syncg,20262022,combined_severe,4000,4000,145,1.334154486392027,84.075,96.8,100.0,0
ablation,no_relational_transport,syncg,20262022,perspective_pair,4000,8000,145,1.0052359686553305,89.7375,98.425,100.0,0
ablation,no_relational_transport,syncg,20262022,projective_three,4000,12000,145,1.1148754745675626,87.85,97.88333333333334,100.0,0
ablation,fixed_routing,syncg,20262020,all_conditions,4000,24000,145,1.0110245752349665,89.4125,97.91666666666666,100.0,0
ablation,fixed_routing,syncg,20262020,clean,4000,4000,145,0.706402141493086,94.875,99.225,100.0,0
ablation,fixed_routing,syncg,20262020,blur_moderate,4000,4000,145,0.7050675210805912,94.85,99.25,100.0,0
ablation,fixed_routing,syncg,20262020,blur_severe,4000,4000,145,0.7277853328803147,94.3,99.225,100.0,0
ablation,fixed_routing,syncg,20262020,perspective_moderate,4000,4000,145,0.9192222366103753,91.07499999999999,98.85000000000001,100.0,0
ablation,fixed_routing,syncg,20262020,perspective_severe,4000,4000,145,1.4070002506028787,82.425,96.075,100.0,0
ablation,fixed_routing,syncg,20262020,combined_severe,4000,4000,145,1.6006699687425525,78.95,94.875,100.0,0
ablation,fixed_routing,syncg,20262020,perspective_pair,4000,8000,145,1.163111243606627,86.75,97.46249999999999,100.0,0
ablation,fixed_routing,syncg,20262020,projective_three,4000,12000,145,1.3089641519852686,84.15,96.6,100.0,0
ablation,fixed_routing,syncg,20262021,all_conditions,4000,24000,145,1.0399865762652822,89.22083333333333,97.59583333333333,100.0,0
ablation,fixed_routing,syncg,20262021,clean,4000,4000,145,0.7183839662707668,93.975,99.02499999999999,100.0,0
ablation,fixed_routing,syncg,20262021,blur_moderate,4000,4000,145,0.7241822778355933,94.22500000000001,99.02499999999999,100.0,0
ablation,fixed_routing,syncg,20262021,blur_severe,4000,4000,145,0.7458943758602219,94.175,99.05000000000001,100.0,0
ablation,fixed_routing,syncg,20262021,perspective_moderate,4000,4000,145,0.9638297872728472,91.125,98.425,100.0,0
ablation,fixed_routing,syncg,20262021,perspective_severe,4000,4000,145,1.4244900608316844,82.825,95.675,100.0,0
ablation,fixed_routing,syncg,20262021,combined_severe,4000,4000,145,1.66313898952058,79.0,94.375,100.0,0
ablation,fixed_routing,syncg,20262021,perspective_pair,4000,8000,145,1.194159924052266,86.97500000000001,97.05,100.0,0
ablation,fixed_routing,syncg,20262021,projective_three,4000,12000,145,1.3504862792083707,84.31666666666666,96.15833333333333,100.0,0
ablation,fixed_routing,syncg,20262022,all_conditions,4000,24000,145,0.9802238803540867,90.275,98.07083333333333,100.0,0
ablation,fixed_routing,syncg,20262022,clean,4000,4000,145,0.6668731468906344,95.7,99.45,100.0,0
ablation,fixed_routing,syncg,20262022,blur_moderate,4000,4000,145,0.6657758948995554,95.65,99.45,100.0,0
ablation,fixed_routing,syncg,20262022,blur_severe,4000,4000,145,0.6900671265715845,95.125,99.35000000000001,100.0,0
ablation,fixed_routing,syncg,20262022,perspective_moderate,4000,4000,145,0.8917837352068331,92.425,98.875,100.0,0
ablation,fixed_routing,syncg,20262022,perspective_severe,4000,4000,145,1.373028922674595,83.025,96.275,100.0,0
ablation,fixed_routing,syncg,20262022,combined_severe,4000,4000,145,1.5938144558813176,79.725,95.025,100.0,0
ablation,fixed_routing,syncg,20262022,perspective_pair,4000,8000,145,1.132406328940714,87.725,97.575,100.0,0
ablation,fixed_routing,syncg,20262022,projective_three,4000,12000,145,1.2862090379209152,85.05833333333334,96.72500000000001,100.0,0
ablation,no_geometry_fixed_routing,syncg,20262020,all_conditions,4000,24000,145,1.484953284799168,79.08333333333334,95.42916666666666,100.0,0
ablation,no_geometry_fixed_routing,syncg,20262020,clean,4000,4000,145,0.706402141493086,94.875,99.225,100.0,0
ablation,no_geometry_fixed_routing,syncg,20262020,blur_moderate,4000,4000,145,0.7050675210805912,94.85,99.25,100.0,0
ablation,no_geometry_fixed_routing,syncg,20262020,blur_severe,4000,4000,145,0.7277853328803147,94.3,99.225,100.0,0
ablation,no_geometry_fixed_routing,syncg,20262020,perspective_moderate,4000,4000,145,1.327523898623125,83.075,98.225,100.0,0
ablation,no_geometry_fixed_routing,syncg,20262020,perspective_severe,4000,4000,145,2.6297615709472546,54.625,89.2,100.0,0
ablation,no_geometry_fixed_routing,syncg,20262020,combined_severe,4000,4000,145,2.813179243770636,52.775000000000006,87.45,100.0,0
ablation,no_geometry_fixed_routing,syncg,20262020,perspective_pair,4000,8000,145,1.9786427347851898,68.85,93.7125,100.0,0
ablation,no_geometry_fixed_routing,syncg,20262020,projective_three,4000,12000,145,2.2568215711136723,63.49166666666667,91.625,100.0,0
ablation,no_geometry_fixed_routing,syncg,20262021,all_conditions,4000,24000,145,1.494418668467291,79.10000000000001,95.4875,100.0,0
ablation,no_geometry_fixed_routing,syncg,20262021,clean,4000,4000,145,0.7183839662707668,93.975,99.02499999999999,100.0,0
ablation,no_geometry_fixed_routing,syncg,20262021,blur_moderate,4000,4000,145,0.7241822778355933,94.22500000000001,99.02499999999999,100.0,0
ablation,no_geometry_fixed_routing,syncg,20262021,blur_severe,4000,4000,145,0.7458943758602219,94.175,99.05000000000001,100.0,0
ablation,no_geometry_fixed_routing,syncg,20262021,perspective_moderate,4000,4000,145,1.3866451109002806,81.69999999999999,97.675,100.0,0
ablation,no_geometry_fixed_routing,syncg,20262021,perspective_severe,4000,4000,145,2.5866398477889914,56.474999999999994,89.97500000000001,100.0,0
ablation,no_geometry_fixed_routing,syncg,20262021,combined_severe,4000,4000,145,2.8047664321478933,54.05,88.175,100.0,0
ablation,no_geometry_fixed_routing,syncg,20262021,perspective_pair,4000,8000,145,1.9866424793446362,69.0875,93.825,100.0,0
ablation,no_geometry_fixed_routing,syncg,20262021,projective_three,4000,12000,145,2.2593504636123884,64.075,91.94166666666666,100.0,0
ablation,no_geometry_fixed_routing,syncg,20262022,all_conditions,4000,24000,145,1.4421364003951622,79.55,95.84166666666667,100.0,0
ablation,no_geometry_fixed_routing,syncg,20262022,clean,4000,4000,145,0.6668731468906344,95.7,99.45,100.0,0
ablation,no_geometry_fixed_routing,syncg,20262022,blur_moderate,4000,4000,145,0.6657758948995554,95.65,99.45,100.0,0
ablation,no_geometry_fixed_routing,syncg,20262022,blur_severe,4000,4000,145,0.6900671265715845,95.125,99.35000000000001,100.0,0
ablation,no_geometry_fixed_routing,syncg,20262022,perspective_moderate,4000,4000,145,1.3269879773294917,81.85,98.375,100.0,0
ablation,no_geometry_fixed_routing,syncg,20262022,perspective_severe,4000,4000,145,2.544793587456393,55.35,90.125,100.0,0
ablation,no_geometry_fixed_routing,syncg,20262022,combined_severe,4000,4000,145,2.758320669223316,53.625,88.3,100.0,0
ablation,no_geometry_fixed_routing,syncg,20262022,perspective_pair,4000,8000,145,1.9358907823929419,68.60000000000001,94.25,100.0,0
ablation,no_geometry_fixed_routing,syncg,20262022,projective_three,4000,12000,145,2.210034078003067,63.608333333333334,92.26666666666667,100.0,0
ablation,terminal_router,syncg,20262020,all_conditions,4000,24000,145,0.8628553419612925,91.9,98.5125,100.0,0
ablation,terminal_router,syncg,20262020,clean,4000,4000,145,0.672882616993227,95.275,99.225,100.0,0
ablation,terminal_router,syncg,20262020,blur_moderate,4000,4000,145,0.6720702786787897,95.075,99.25,100.0,0
ablation,terminal_router,syncg,20262020,blur_severe,4000,4000,145,0.694161975740854,94.525,99.25,100.0,0
ablation,terminal_router,syncg,20262020,perspective_moderate,4000,4000,145,0.872973540890122,91.375,98.8,100.0,0
ablation,terminal_router,syncg,20262020,perspective_severe,4000,4000,145,1.0482166330817537,88.775,97.82499999999999,100.0,0
ablation,terminal_router,syncg,20262020,combined_severe,4000,4000,145,1.2168270063830076,86.375,96.72500000000001,100.0,0
ablation,terminal_router,syncg,20262020,perspective_pair,4000,8000,145,0.9605950869859379,90.075,98.3125,100.0,0
ablation,terminal_router,syncg,20262020,projective_three,4000,12000,145,1.046005726784961,88.84166666666667,97.78333333333333,100.0,0
ablation,terminal_router,syncg,20262021,all_conditions,4000,24000,145,0.9202148487221932,91.09166666666667,98.2,100.0,0
ablation,terminal_router,syncg,20262021,clean,4000,4000,145,0.703065289781094,94.22500000000001,99.02499999999999,100.0,0
ablation,terminal_router,syncg,20262021,blur_moderate,4000,4000,145,0.707625404757605,94.5,99.0,100.0,0
ablation,terminal_router,syncg,20262021,blur_severe,4000,4000,145,0.7286697468800135,94.125,99.05000000000001,100.0,0
ablation,terminal_router,syncg,20262021,perspective_moderate,4000,4000,145,0.9149553516475559,91.3,98.425,100.0,0
ablation,terminal_router,syncg,20262021,perspective_severe,4000,4000,145,1.128845574679124,87.425,97.3,100.0,0
ablation,terminal_router,syncg,20262021,combined_severe,4000,4000,145,1.3381277245877672,84.975,96.39999999999999,100.0,0
ablation,terminal_router,syncg,20262021,perspective_pair,4000,8000,145,1.02190046316334,89.3625,97.8625,100.0,0
ablation,terminal_router,syncg,20262021,projective_three,4000,12000,145,1.1273095503048158,87.9,97.375,100.0,0
ablation,terminal_router,syncg,20262022,all_conditions,4000,24000,145,0.836333610683126,92.47083333333333,98.67083333333333,100.0,0
ablation,terminal_router,syncg,20262022,clean,4000,4000,145,0.6442973469967892,95.65,99.45,100.0,0
ablation,terminal_router,syncg,20262022,blur_moderate,4000,4000,145,0.646153957966943,95.525,99.425,100.0,0
ablation,terminal_router,syncg,20262022,blur_severe,4000,4000,145,0.6711335618308737,95.22500000000001,99.375,100.0,0
ablation,terminal_router,syncg,20262022,perspective_moderate,4000,4000,145,0.8433925001921456,92.45,98.9,100.0,0
ablation,terminal_router,syncg,20262022,perspective_severe,4000,4000,145,1.0125968880057816,89.4,97.975,100.0,0
ablation,terminal_router,syncg,20262022,combined_severe,4000,4000,145,1.2004274091062228,86.575,96.89999999999999,100.0,0
ablation,terminal_router,syncg,20262022,perspective_pair,4000,8000,145,0.9279946940989636,90.925,98.4375,100.0,0
ablation,terminal_router,syncg,20262022,projective_three,4000,12000,145,1.0188055991013834,89.47500000000001,97.925,100.0,0
adapted,geoprr,industrial,20262020,all_conditions,1395,8370,52,2.3387397563027226,61.57706093189964,86.67861409796893,100.0,0
adapted,geoprr,industrial,20262020,clean,1395,1395,52,2.37284483858196,61.362007168458774,86.73835125448028,100.0,0
adapted,geoprr,industrial,20262020,blur_moderate,1395,1395,52,2.3636508360689703,61.29032258064516,86.52329749103943,100.0,0
adapted,geoprr,industrial,20262020,blur_severe,1395,1395,52,2.3605857095008944,61.79211469534051,86.0931899641577,100.0,0
adapted,geoprr,industrial,20262020,perspective_moderate,1395,1395,52,2.273679396607253,64.22939068100358,88.38709677419355,100.0,0
adapted,geoprr,industrial,20262020,perspective_severe,1395,1395,52,2.3525914671699613,60.57347670250897,86.73835125448028,100.0,0
adapted,geoprr,industrial,20262020,combined_severe,1395,1395,52,2.309086289887297,60.215053763440864,85.59139784946237,100.0,0
adapted,geoprr,industrial,20262020,perspective_pair,1395,2790,52,2.3131354318886075,62.40143369175627,87.56272401433691,100.0,0
adapted,geoprr,industrial,20262020,projective_three,1395,4185,52,2.3117857178881707,61.6726403823178,86.90561529271207,100.0,0
frozen_fold_aligned,geoprr,industrial,20262020,all_conditions,1395,8370,52,12.551707429968124,22.604540023894863,48.0884109916368,100.0,0
frozen_fold_aligned,geoprr,industrial,20262020,clean,1395,1395,52,13.027492938306775,23.297491039426525,49.60573476702509,100.0,0
frozen_fold_aligned,geoprr,industrial,20262020,blur_moderate,1395,1395,52,12.86102458824331,24.372759856630825,49.82078853046595,100.0,0
frozen_fold_aligned,geoprr,industrial,20262020,blur_severe,1395,1395,52,12.672330784671267,24.229390681003586,49.82078853046595,100.0,0
frozen_fold_aligned,geoprr,industrial,20262020,perspective_moderate,1395,1395,52,11.674413515053548,22.078853046594983,48.60215053763441,100.0,0
frozen_fold_aligned,geoprr,industrial,20262020,perspective_severe,1395,1395,52,12.907939204160645,20.28673835125448,44.229390681003586,100.0,0
frozen_fold_aligned,geoprr,industrial,20262020,combined_severe,1395,1395,52,12.167043549373197,21.36200716845878,46.45161290322581,100.0,0
frozen_fold_aligned,geoprr,industrial,20262020,perspective_pair,1395,2790,52,12.291176359607096,21.182795698924732,46.415770609319,100.0,0
frozen_fold_aligned,geoprr,industrial,20262020,projective_three,1395,4185,52,12.249798756195796,21.24253285543608,46.42771804062127,100.0,0
adapted,geoprr,industrial,20262021,all_conditions,1395,8370,52,2.2972808293841,61.13500597371565,86.53524492234169,100.0,0
adapted,geoprr,industrial,20262021,clean,1395,1395,52,2.2196410267159674,63.369175627240146,87.95698924731182,100.0,0
adapted,geoprr,industrial,20262021,blur_moderate,1395,1395,52,2.210943884544958,63.01075268817205,88.02867383512545,100.0,0
adapted,geoprr,industrial,20262021,blur_severe,1395,1395,52,2.1194648571839227,63.94265232974911,88.6021505376344,100.0,0
adapted,geoprr,industrial,20262021,perspective_moderate,1395,1395,52,2.1758734293365825,61.935483870967744,87.02508960573476,100.0,0
adapted,geoprr,industrial,20262021,perspective_severe,1395,1395,52,2.5399837080543075,56.774193548387096,83.65591397849462,100.0,0
adapted,geoprr,industrial,20262021,combined_severe,1395,1395,52,2.517778070468859,57.77777777777777,83.9426523297491,100.0,0
adapted,geoprr,industrial,20262021,perspective_pair,1395,2790,52,2.357928568695445,59.354838709677416,85.3405017921147,100.0,0
adapted,geoprr,industrial,20262021,projective_three,1395,4185,52,2.41121173595325,58.82915173237754,84.87455197132616,100.0,0
frozen_fold_aligned,geoprr,industrial,20262021,all_conditions,1395,8370,52,9.772491878873073,22.508960573476703,52.795698924731184,100.0,0
frozen_fold_aligned,geoprr,industrial,20262021,clean,1395,1395,52,9.915666664277104,20.78853046594982,53.18996415770609,100.0,0
frozen_fold_aligned,geoprr,industrial,20262021,blur_moderate,1395,1395,52,9.889505057890712,21.7921146953405,53.62007168458781,100.0,0
frozen_fold_aligned,geoprr,industrial,20262021,blur_severe,1395,1395,52,9.857206308734085,21.648745519713263,53.76344086021505,100.0,0
frozen_fold_aligned,geoprr,industrial,20262021,perspective_moderate,1395,1395,52,9.09432273429132,25.23297491039427,55.770609318996414,100.0,0
frozen_fold_aligned,geoprr,industrial,20262021,perspective_severe,1395,1395,52,10.45953261179145,21.72043010752688,49.24731182795699,100.0,0
frozen_fold_aligned,geoprr,industrial,20262021,combined_severe,1395,1395,52,9.418717896253764,23.870967741935484,51.182795698924735,100.0,0
frozen_fold_aligned,geoprr,industrial,20262021,perspective_pair,1395,2790,52,9.776927673041385,23.476702508960575,52.508960573476706,100.0,0
frozen_fold_aligned,geoprr,industrial,20262021,projective_three,1395,4185,52,9.657524414112178,23.608124253285542,52.06690561529271,100.0,0
adapted,geoprr,industrial,20262022,all_conditions,1395,8370,52,2.5833654828594,56.463560334528076,82.23416965352449,100.0,0
adapted,geoprr,industrial,20262022,clean,1395,1395,52,2.6535952390601,57.060931899641574,80.7168458781362,100.0,0
adapted,geoprr,industrial,20262022,blur_moderate,1395,1395,52,2.618415999137631,57.1326164874552,81.14695340501792,100.0,0
adapted,geoprr,industrial,20262022,blur_severe,1395,1395,52,2.6208427092932935,57.8494623655914,81.4336917562724,100.0,0
adapted,geoprr,industrial,20262022,perspective_moderate,1395,1395,52,2.4398744589204884,58.06451612903226,84.44444444444444,100.0,0
adapted,geoprr,industrial,20262022,perspective_severe,1395,1395,52,2.584316341384535,54.26523297491039,82.65232974910394,100.0,0
adapted,geoprr,industrial,20262022,combined_severe,1395,1395,52,2.583148149360356,54.40860215053763,83.01075268817203,100.0,0
adapted,geoprr,industrial,20262022,perspective_pair,1395,2790,52,2.5120954001525115,56.16487455197132,83.54838709677419,100.0,0
adapted,geoprr,industrial,20262022,projective_three,1395,4185,52,2.5357796498884597,55.57945041816009,83.36917562724014,100.0,0
frozen_fold_aligned,geoprr,industrial,20262022,all_conditions,1395,8370,52,12.5463106109509,27.084826762246117,54.5400238948626,100.0,0
frozen_fold_aligned,geoprr,industrial,20262022,clean,1395,1395,52,13.788853514137875,26.093189964157702,53.333333333333336,100.0,0
frozen_fold_aligned,geoprr,industrial,20262022,blur_moderate,1395,1395,52,13.847438412213178,25.949820788530463,53.118279569892465,100.0,0
frozen_fold_aligned,geoprr,industrial,20262022,blur_severe,1395,1395,52,14.432414512495948,24.874551971326163,51.971326164874554,100.0,0
frozen_fold_aligned,geoprr,industrial,20262022,perspective_moderate,1395,1395,52,10.755478284993245,27.025089605734763,56.344086021505376,100.0,0
frozen_fold_aligned,geoprr,industrial,20262022,perspective_severe,1395,1395,52,11.444294003364423,29.89247311827957,55.6989247311828,100.0,0
frozen_fold_aligned,geoprr,industrial,20262022,combined_severe,1395,1395,52,11.009384938500736,28.673835125448026,56.774193548387096,100.0,0
frozen_fold_aligned,geoprr,industrial,20262022,perspective_pair,1395,2790,52,11.099886144178834,28.45878136200717,56.02150537634408,100.0,0
frozen_fold_aligned,geoprr,industrial,20262022,projective_three,1395,4185,52,11.069719075619467,28.530465949820787,56.272401433691755,100.0,0
adapted,efficientnet_b0,industrial,20262020,all_conditions,1395,8370,52,2.979185801516738,53.62007168458781,81.13500597371565,100.0,0
adapted,efficientnet_b0,industrial,20262020,clean,1395,1395,52,2.63905544788302,57.70609318996416,84.58781362007169,100.0,0
adapted,efficientnet_b0,industrial,20262020,blur_moderate,1395,1395,52,2.594018776013641,58.27956989247311,85.3763440860215,100.0,0
adapted,efficientnet_b0,industrial,20262020,blur_severe,1395,1395,52,2.582097163755933,57.70609318996416,84.51612903225806,100.0,0
adapted,efficientnet_b0,industrial,20262020,perspective_moderate,1395,1395,52,2.632847000166615,55.483870967741936,84.01433691756273,100.0,0
adapted,efficientnet_b0,industrial,20262020,perspective_severe,1395,1395,52,3.7661333609532783,45.448028673835125,73.69175627240143,100.0,0
adapted,efficientnet_b0,industrial,20262020,combined_severe,1395,1395,52,3.66096306032794,47.096774193548384,74.6236559139785,100.0,0
adapted,efficientnet_b0,industrial,20262020,perspective_pair,1395,2790,52,3.199490180559947,50.46594982078854,78.85304659498208,100.0,0
adapted,efficientnet_b0,industrial,20262020,projective_three,1395,4185,52,3.3533144738159453,49.34289127837515,77.44324970131422,100.0,0
frozen_fold_aligned,efficientnet_b0,industrial,20262020,all_conditions,1395,8370,52,14.642355797008802,15.746714456391874,37.013142174432495,100.0,0
frozen_fold_aligned,efficientnet_b0,industrial,20262020,clean,1395,1395,52,13.07679639147539,22.365591397849464,49.31899641577061,100.0,0
frozen_fold_aligned,efficientnet_b0,industrial,20262020,blur_moderate,1395,1395,52,12.911160575894542,23.225806451612904,49.82078853046595,100.0,0
frozen_fold_aligned,efficientnet_b0,industrial,20262020,blur_severe,1395,1395,52,12.728269081392293,22.65232974910394,49.749103942652326,100.0,0
frozen_fold_aligned,efficientnet_b0,industrial,20262020,perspective_moderate,1395,1395,52,12.606928100528966,12.544802867383511,37.70609318996416,100.0,0
frozen_fold_aligned,efficientnet_b0,industrial,20262020,perspective_severe,1395,1395,52,18.29197886489056,7.4551971326164885,18.42293906810036,100.0,0
frozen_fold_aligned,efficientnet_b0,industrial,20262020,combined_severe,1395,1395,52,18.23900176787106,6.236559139784946,17.060931899641577,100.0,0
frozen_fold_aligned,efficientnet_b0,industrial,20262020,perspective_pair,1395,2790,52,15.449453482709764,10.0,28.064516129032256,100.0,0
frozen_fold_aligned,efficientnet_b0,industrial,20262020,projective_three,1395,4185,52,16.37930291109686,8.745519713261649,24.396654719235364,100.0,0
adapted,efficientnet_b0,industrial,20262021,all_conditions,1395,8370,52,2.9821955724127718,54.92234169653525,79.5221027479092,100.0,0
adapted,efficientnet_b0,industrial,20262021,clean,1395,1395,52,2.6845559448547376,56.63082437275986,81.21863799283155,100.0,0
adapted,efficientnet_b0,industrial,20262021,blur_moderate,1395,1395,52,2.6822335561974735,56.774193548387096,81.0752688172043,100.0,0
adapted,efficientnet_b0,industrial,20262021,blur_severe,1395,1395,52,2.678891764834626,57.060931899641574,81.14695340501792,100.0,0
adapted,efficientnet_b0,industrial,20262021,perspective_moderate,1395,1395,52,2.5613794256844233,58.49462365591398,83.36917562724014,100.0,0
adapted,efficientnet_b0,industrial,20262021,perspective_severe,1395,1395,52,3.667775563237731,49.46236559139785,75.12544802867383,100.0,0
adapted,efficientnet_b0,industrial,20262021,combined_severe,1395,1395,52,3.618337179667639,51.11111111111111,75.19713261648745,100.0,0
adapted,efficientnet_b0,industrial,20262021,perspective_pair,1395,2790,52,3.1145774944610767,53.97849462365591,79.24731182795699,100.0,0
adapted,efficientnet_b0,industrial,20262021,projective_three,1395,4185,52,3.282497389529931,53.02270011947431,77.89725209080048,100.0,0
frozen_fold_aligned,efficientnet_b0,industrial,20262021,all_conditions,1395,8370,52,10.95933608425083,16.85782556750299,45.30465949820788,100.0,0
frozen_fold_aligned,efficientnet_b0,industrial,20262021,clean,1395,1395,52,9.8223354235587,21.21863799283154,54.19354838709678,100.0,0
frozen_fold_aligned,efficientnet_b0,industrial,20262021,blur_moderate,1395,1395,52,9.800933668367842,22.00716845878136,54.26523297491039,100.0,0
frozen_fold_aligned,efficientnet_b0,industrial,20262021,blur_severe,1395,1395,52,9.77319296427445,21.863799283154123,54.40860215053763,100.0,0
frozen_fold_aligned,efficientnet_b0,industrial,20262021,perspective_moderate,1395,1395,52,9.834744938210525,15.770609318996415,49.46236559139785,100.0,0
frozen_fold_aligned,efficientnet_b0,industrial,20262021,perspective_severe,1395,1395,52,13.630488045969743,10.03584229390681,28.817204301075268,100.0,0
frozen_fold_aligned,efficientnet_b0,industrial,20262021,combined_severe,1395,1395,52,12.894321465123722,10.25089605734767,30.681003584229387,100.0,0
frozen_fold_aligned,efficientnet_b0,industrial,20262021,perspective_pair,1395,2790,52,11.732616492090136,12.903225806451612,39.13978494623656,100.0,0
frozen_fold_aligned,efficientnet_b0,industrial,20262021,projective_three,1395,4185,52,12.11985148310133,12.019115890083631,36.32019115890084,100.0,0
adapted,efficientnet_b0,industrial,20262022,all_conditions,1395,8370,52,2.9404044585720412,57.204301075268816,79.65352449223417,100.0,0
adapted,efficientnet_b0,industrial,20262022,clean,1395,1395,52,2.4901612709088776,60.64516129032258,83.08243727598567,100.0,0
adapted,efficientnet_b0,industrial,20262022,blur_moderate,1395,1395,52,2.482445800685183,61.21863799283154,82.79569892473118,100.0,0
adapted,efficientnet_b0,industrial,20262022,blur_severe,1395,1395,52,2.515319659858279,61.146953405017925,82.00716845878136,100.0,0
adapted,efficientnet_b0,industrial,20262022,perspective_moderate,1395,1395,52,2.776671642192141,57.77777777777777,81.72043010752688,100.0,0
adapted,efficientnet_b0,industrial,20262022,perspective_severe,1395,1395,52,3.8222440223870406,49.60573476702509,72.831541218638,100.0,0
adapted,efficientnet_b0,industrial,20262022,combined_severe,1395,1395,52,3.5555843554007276,52.83154121863799,75.48387096774194,100.0,0
adapted,efficientnet_b0,industrial,20262022,perspective_pair,1395,2790,52,3.2994578322895913,53.691756272401435,77.27598566308244,100.0,0
adapted,efficientnet_b0,industrial,20262022,projective_three,1395,4185,52,3.3848333399933033,53.40501792114696,76.67861409796893,100.0,0
frozen_fold_aligned,efficientnet_b0,industrial,20262022,all_conditions,1395,8370,52,15.472376831722567,18.410991636798087,41.887694145758665,100.0,0
frozen_fold_aligned,efficientnet_b0,industrial,20262022,clean,1395,1395,52,13.788515346073494,26.16487455197133,53.47670250896057,100.0,0
frozen_fold_aligned,efficientnet_b0,industrial,20262022,blur_moderate,1395,1395,52,13.849216111676729,26.523297491039425,53.26164874551972,100.0,0
frozen_fold_aligned,efficientnet_b0,industrial,20262022,blur_severe,1395,1395,52,14.432688692753674,25.734767025089607,52.1146953405018,100.0,0
frozen_fold_aligned,efficientnet_b0,industrial,20262022,perspective_moderate,1395,1395,52,12.067434605220097,15.698924731182796,47.45519713261649,100.0,0
frozen_fold_aligned,efficientnet_b0,industrial,20262022,perspective_severe,1395,1395,52,19.407390678113007,8.172043010752688,22.00716845878136,100.0,0
frozen_fold_aligned,efficientnet_b0,industrial,20262022,combined_severe,1395,1395,52,19.28901555649838,8.172043010752688,23.010752688172044,100.0,0
frozen_fold_aligned,efficientnet_b0,industrial,20262022,perspective_pair,1395,2790,52,15.737412641666554,11.935483870967742,34.73118279569892,100.0,0
frozen_fold_aligned,efficientnet_b0,industrial,20262022,projective_three,1395,4185,52,16.921280279943833,10.68100358422939,30.824372759856633,100.0,0
adapted,resnet18,industrial,20262020,all_conditions,1395,8370,52,3.467587659916052,49.522102747909194,76.85782556750299,100.0,0
adapted,resnet18,industrial,20262020,clean,1395,1395,52,2.7090491645803008,53.5483870967742,83.65591397849462,100.0,0
adapted,resnet18,industrial,20262020,blur_moderate,1395,1395,52,2.6630600398015316,54.98207885304659,83.9426523297491,100.0,0
adapted,resnet18,industrial,20262020,blur_severe,1395,1395,52,2.617440309001374,56.12903225806451,84.73118279569893,100.0,0
adapted,resnet18,industrial,20262020,perspective_moderate,1395,1395,52,3.318370966219976,50.967741935483865,76.70250896057348,100.0,0
adapted,resnet18,industrial,20262020,perspective_severe,1395,1395,52,4.8678353878989675,40.0,64.37275985663082,100.0,0
adapted,resnet18,industrial,20262020,combined_severe,1395,1395,52,4.629770091994161,41.50537634408602,67.74193548387096,100.0,0
adapted,resnet18,industrial,20262020,perspective_pair,1395,2790,52,4.093103177059472,45.483870967741936,70.53763440860214,100.0,0
adapted,resnet18,industrial,20262020,projective_three,1395,4185,52,4.271992148704369,44.157706093189965,69.60573476702508,100.0,0
frozen_fold_aligned,resnet18,industrial,20262020,all_conditions,1395,8370,52,20.87730038660965,11.672640382317802,26.332138590203108,100.0,0
frozen_fold_aligned,resnet18,industrial,20262020,clean,1395,1395,52,16.41062216800761,15.985663082437277,38.5663082437276,100.0,0
frozen_fold_aligned,resnet18,industrial,20262020,blur_moderate,1395,1395,52,16.45643325284978,16.702508960573475,38.853046594982075,100.0,0
frozen_fold_aligned,resnet18,industrial,20262020,blur_severe,1395,1395,52,17.102282750547076,18.996415770609318,37.8494623655914,100.0,0
frozen_fold_aligned,resnet18,industrial,20262020,perspective_moderate,1395,1395,52,21.65351957438489,9.749103942652331,23.584229390681003,100.0,0
frozen_fold_aligned,resnet18,industrial,20262020,perspective_severe,1395,1395,52,25.892537688043955,4.301075268817205,9.96415770609319,100.0,0
frozen_fold_aligned,resnet18,industrial,20262020,combined_severe,1395,1395,52,27.748406885824608,4.301075268817205,9.175627240143369,100.0,0
frozen_fold_aligned,resnet18,industrial,20262020,perspective_pair,1395,2790,52,23.773028631214423,7.025089605734768,16.7741935483871,100.0,0
frozen_fold_aligned,resnet18,industrial,20262020,projective_three,1395,4185,52,25.09815471608448,6.1170848267622455,14.241338112305854,100.0,0
adapted,resnet18,industrial,20262021,all_conditions,1395,8370,52,3.2457888463693045,53.83512544802868,79.22341696535244,100.0,0
adapted,resnet18,industrial,20262021,clean,1395,1395,52,2.758400029605996,57.70609318996416,83.9426523297491,100.0,0
adapted,resnet18,industrial,20262021,blur_moderate,1395,1395,52,2.7532149790355223,57.92114695340502,83.87096774193549,100.0,0
adapted,resnet18,industrial,20262021,blur_severe,1395,1395,52,2.7691951181269876,58.63799283154122,84.01433691756273,100.0,0
adapted,resnet18,industrial,20262021,perspective_moderate,1395,1395,52,3.158882031490223,53.26164874551972,79.13978494623656,100.0,0
adapted,resnet18,industrial,20262021,perspective_severe,1395,1395,52,4.033830431865983,47.38351254480287,72.25806451612902,100.0,0
adapted,resnet18,industrial,20262021,combined_severe,1395,1395,52,4.001210488091115,48.10035842293907,72.11469534050178,100.0,0
adapted,resnet18,industrial,20262021,perspective_pair,1395,2790,52,3.596356231678103,50.32258064516129,75.6989247311828,100.0,0
adapted,resnet18,industrial,20262021,projective_three,1395,4185,52,3.7313076504824396,49.58183990442055,74.5041816009558,100.0,0
frozen_fold_aligned,resnet18,industrial,20262021,all_conditions,1395,8370,52,22.690479265376627,11.624850657108722,26.379928315412187,100.0,0
frozen_fold_aligned,resnet18,industrial,20262021,clean,1395,1395,52,17.990260562208462,16.989247311827956,38.63799283154122,100.0,0
frozen_fold_aligned,resnet18,industrial,20262021,blur_moderate,1395,1395,52,18.062013850977095,17.275985663082437,37.992831541218635,100.0,0
frozen_fold_aligned,resnet18,industrial,20262021,blur_severe,1395,1395,52,18.662197441746756,16.989247311827956,37.41935483870968,100.0,0
frozen_fold_aligned,resnet18,industrial,20262021,perspective_moderate,1395,1395,52,20.504565984179116,12.258064516129032,29.820788530465954,100.0,0
frozen_fold_aligned,resnet18,industrial,20262021,perspective_severe,1395,1395,52,29.66028343040955,3.0824372759856633,6.953405017921146,100.0,0
frozen_fold_aligned,resnet18,industrial,20262021,combined_severe,1395,1395,52,31.263554322738802,3.1541218637992836,7.4551971326164885,100.0,0
frozen_fold_aligned,resnet18,industrial,20262021,perspective_pair,1395,2790,52,25.082424707294326,7.670250896057347,18.387096774193548,100.0,0
frozen_fold_aligned,resnet18,industrial,20262021,projective_three,1395,4185,52,27.14280124577582,6.164874551971327,14.743130227001194,100.0,0
adapted,resnet18,industrial,20262022,all_conditions,1395,8370,52,3.3401637812106895,52.41338112305854,78.43488649940262,100.0,0
adapted,resnet18,industrial,20262022,clean,1395,1395,52,2.66299125981794,56.774193548387096,84.15770609318997,100.0,0
adapted,resnet18,industrial,20262022,blur_moderate,1395,1395,52,2.645357212513897,57.70609318996416,84.58781362007169,100.0,0
adapted,resnet18,industrial,20262022,blur_severe,1395,1395,52,2.5946308849333195,58.2078853046595,84.80286738351255,100.0,0
adapted,resnet18,industrial,20262022,perspective_moderate,1395,1395,52,3.186913627050319,51.46953405017921,79.71326164874552,100.0,0
adapted,resnet18,industrial,20262022,perspective_severe,1395,1395,52,4.5631034570499995,44.37275985663082,67.74193548387096,100.0,0
adapted,resnet18,industrial,20262022,combined_severe,1395,1395,52,4.387986245898662,45.94982078853047,69.60573476702508,100.0,0
adapted,resnet18,industrial,20262022,perspective_pair,1395,2790,52,3.8750085420501588,47.92114695340502,73.72759856630825,100.0,0
adapted,resnet18,industrial,20262022,projective_three,1395,4185,52,4.0460011099996605,47.26403823178017,72.35364396654718,100.0,0
frozen_fold_aligned,resnet18,industrial,20262022,all_conditions,1395,8370,52,22.492653775562722,8.697729988052568,20.812425328554358,100.0,0
frozen_fold_aligned,resnet18,industrial,20262022,clean,1395,1395,52,16.675246364726032,14.480286738351255,32.75985663082437,100.0,0
frozen_fold_aligned,resnet18,industrial,20262022,blur_moderate,1395,1395,52,16.556698110324366,14.551971326164875,33.33333333333333,100.0,0
frozen_fold_aligned,resnet18,industrial,20262022,blur_severe,1395,1395,52,16.660481383971415,13.476702508960573,34.05017921146953,100.0,0
frozen_fold_aligned,resnet18,industrial,20262022,perspective_moderate,1395,1395,52,22.89021775156865,6.594982078853047,16.702508960573475,100.0,0
frozen_fold_aligned,resnet18,industrial,20262022,perspective_severe,1395,1395,52,30.585720770579083,1.935483870967742,4.516129032258064,100.0,0
frozen_fold_aligned,resnet18,industrial,20262022,combined_severe,1395,1395,52,31.587558272206795,1.146953405017921,3.512544802867384,100.0,0
frozen_fold_aligned,resnet18,industrial,20262022,perspective_pair,1395,2790,52,26.737969261073864,4.265232974910394,10.60931899641577,100.0,0
frozen_fold_aligned,resnet18,industrial,20262022,projective_three,1395,4185,52,28.354498931451516,3.225806451612903,8.24372759856631,100.0,0
adapted,mobilenet_v3_large,industrial,20262020,all_conditions,1395,8370,52,3.1110200370385357,53.95459976105137,78.13620071684588,100.0,0
adapted,mobilenet_v3_large,industrial,20262020,clean,1395,1395,52,3.020919798386373,56.63082437275986,76.84587813620072,100.0,0
adapted,mobilenet_v3_large,industrial,20262020,blur_moderate,1395,1395,52,2.9902473760185324,56.98924731182796,77.77777777777779,100.0,0
adapted,mobilenet_v3_large,industrial,20262020,blur_severe,1395,1395,52,3.050159195872187,55.12544802867384,77.92114695340501,100.0,0
adapted,mobilenet_v3_large,industrial,20262020,perspective_moderate,1395,1395,52,2.649870772375473,56.344086021505376,84.08602150537634,100.0,0
adapted,mobilenet_v3_large,industrial,20262020,perspective_severe,1395,1395,52,3.55916168773761,48.96057347670251,75.55555555555556,100.0,0
adapted,mobilenet_v3_large,industrial,20262020,combined_severe,1395,1395,52,3.3957613918410368,49.67741935483871,76.63082437275986,100.0,0
adapted,mobilenet_v3_large,industrial,20262020,perspective_pair,1395,2790,52,3.104516230056542,52.65232974910394,79.82078853046595,100.0,0
adapted,mobilenet_v3_large,industrial,20262020,projective_three,1395,4185,52,3.201597950651373,51.66069295101553,78.75746714456392,100.0,0
frozen_fold_aligned,mobilenet_v3_large,industrial,20262020,all_conditions,1395,8370,52,13.0838213048528,15.902031063321386,39.27120669056153,100.0,0
frozen_fold_aligned,mobilenet_v3_large,industrial,20262020,clean,1395,1395,52,13.717892881356706,18.494623655913976,45.08960573476703,100.0,0
frozen_fold_aligned,mobilenet_v3_large,industrial,20262020,blur_moderate,1395,1395,52,13.675065014809368,19.426523297491038,45.23297491039426,100.0,0
frozen_fold_aligned,mobilenet_v3_large,industrial,20262020,blur_severe,1395,1395,52,13.609236908618676,18.566308243727597,45.30465949820788,100.0,0
frozen_fold_aligned,mobilenet_v3_large,industrial,20262020,perspective_moderate,1395,1395,52,10.501224636701398,17.419354838709676,48.17204301075269,100.0,0
frozen_fold_aligned,mobilenet_v3_large,industrial,20262020,perspective_severe,1395,1395,52,12.62639810809792,11.039426523297491,27.956989247311824,100.0,0
frozen_fold_aligned,mobilenet_v3_large,industrial,20262020,combined_severe,1395,1395,52,14.373110279532744,10.46594982078853,23.870967741935484,100.0,0
frozen_fold_aligned,mobilenet_v3_large,industrial,20262020,perspective_pair,1395,2790,52,11.563811372399659,14.229390681003585,38.064516129032256,100.0,0
frozen_fold_aligned,mobilenet_v3_large,industrial,20262020,projective_three,1395,4185,52,12.500244341444022,12.974910394265232,33.33333333333333,100.0,0
adapted,mobilenet_v3_large,industrial,20262021,all_conditions,1395,8370,52,3.1297944822112527,51.230585424133814,78.82915173237754,100.0,0
adapted,mobilenet_v3_large,industrial,20262021,clean,1395,1395,52,2.7504423737943378,52.68817204301075,81.86379928315412,100.0,0
adapted,mobilenet_v3_large,industrial,20262021,blur_moderate,1395,1395,52,2.757223619671381,53.26164874551972,81.29032258064515,100.0,0
adapted,mobilenet_v3_large,industrial,20262021,blur_severe,1395,1395,52,2.793428981053159,53.90681003584229,81.36200716845879,100.0,0
adapted,mobilenet_v3_large,industrial,20262021,perspective_moderate,1395,1395,52,3.053388822579747,52.32974910394266,79.78494623655914,100.0,0
adapted,mobilenet_v3_large,industrial,20262021,perspective_severe,1395,1395,52,3.779409871259207,46.88172043010753,73.83512544802868,100.0,0
adapted,mobilenet_v3_large,industrial,20262021,combined_severe,1395,1395,52,3.644873224909686,48.31541218637993,74.83870967741936,100.0,0
adapted,mobilenet_v3_large,industrial,20262021,perspective_pair,1395,2790,52,3.416399346919477,49.60573476702509,76.81003584229391,100.0,0
adapted,mobilenet_v3_large,industrial,20262021,projective_three,1395,4185,52,3.4925573062495463,49.17562724014337,76.15292712066906,100.0,0
frozen_fold_aligned,mobilenet_v3_large,industrial,20262021,all_conditions,1395,8370,52,14.444795237572947,16.85782556750299,35.55555555555556,100.0,0
frozen_fold_aligned,mobilenet_v3_large,industrial,20262021,clean,1395,1395,52,13.648047178423248,24.014336917562723,48.31541218637993,100.0,0
frozen_fold_aligned,mobilenet_v3_large,industrial,20262021,blur_moderate,1395,1395,52,13.591046116590999,24.444444444444443,47.8853046594982,100.0,0
frozen_fold_aligned,mobilenet_v3_large,industrial,20262021,blur_severe,1395,1395,52,13.936358208621774,23.9426523297491,45.878136200716845,100.0,0
frozen_fold_aligned,mobilenet_v3_large,industrial,20262021,perspective_moderate,1395,1395,52,12.956674806988502,16.559139784946236,39.35483870967742,100.0,0
frozen_fold_aligned,mobilenet_v3_large,industrial,20262021,perspective_severe,1395,1395,52,16.11773256647117,6.451612903225806,16.559139784946236,100.0,0
frozen_fold_aligned,mobilenet_v3_large,industrial,20262021,combined_severe,1395,1395,52,16.41891254834199,5.734767025089606,15.340501792114694,100.0,0
frozen_fold_aligned,mobilenet_v3_large,industrial,20262021,perspective_pair,1395,2790,52,14.537203686729836,11.505376344086022,27.956989247311824,100.0,0
frozen_fold_aligned,mobilenet_v3_large,industrial,20262021,projective_three,1395,4185,52,15.164439973933883,9.58183990442055,23.751493428912784,100.0,0
adapted,mobilenet_v3_large,industrial,20262022,all_conditions,1395,8370,52,3.040256643513362,55.17323775388292,80.58542413381123,100.0,0
adapted,mobilenet_v3_large,industrial,20262022,clean,1395,1395,52,2.5458642158734013,59.42652329749104,84.58781362007169,100.0,0
adapted,mobilenet_v3_large,industrial,20262022,blur_moderate,1395,1395,52,2.514934002400205,60.50179211469534,84.73118279569893,100.0,0
adapted,mobilenet_v3_large,industrial,20262022,blur_severe,1395,1395,52,2.39823330249901,61.00358422939068,86.16487455197132,100.0,0
adapted,mobilenet_v3_large,industrial,20262022,perspective_moderate,1395,1395,52,2.8683948821302243,55.91397849462365,82.15053763440861,100.0,0
adapted,mobilenet_v3_large,industrial,20262022,perspective_severe,1395,1395,52,4.018875974069829,46.81003584229391,72.54480286738352,100.0,0
adapted,mobilenet_v3_large,industrial,20262022,combined_severe,1395,1395,52,3.8952374841074993,47.38351254480287,73.33333333333333,100.0,0
adapted,mobilenet_v3_large,industrial,20262022,perspective_pair,1395,2790,52,3.443635428100026,51.36200716845878,77.34767025089606,100.0,0
adapted,mobilenet_v3_large,industrial,20262022,projective_three,1395,4185,52,3.594169446769184,50.03584229390681,76.00955794504182,100.0,0
frozen_fold_aligned,mobilenet_v3_large,industrial,20262022,all_conditions,1395,8370,52,21.782715009835044,12.222222222222221,26.379928315412187,100.0,0
frozen_fold_aligned,mobilenet_v3_large,industrial,20262022,clean,1395,1395,52,16.963500103221463,18.13620071684588,37.4910394265233,100.0,0
frozen_fold_aligned,mobilenet_v3_large,industrial,20262022,blur_moderate,1395,1395,52,16.81646294946543,18.2078853046595,37.77777777777778,100.0,0
frozen_fold_aligned,mobilenet_v3_large,industrial,20262022,blur_severe,1395,1395,52,16.210431382889404,18.351254480286737,38.064516129032256,100.0,0
frozen_fold_aligned,mobilenet_v3_large,industrial,20262022,perspective_moderate,1395,1395,52,21.98723420699357,11.469534050179211,26.30824372759857,100.0,0
frozen_fold_aligned,mobilenet_v3_large,industrial,20262022,perspective_severe,1395,1395,52,28.535176210155267,4.014336917562724,9.96415770609319,100.0,0
frozen_fold_aligned,mobilenet_v3_large,industrial,20262022,combined_severe,1395,1395,52,30.18348520628511,3.1541218637992836,8.67383512544803,100.0,0
frozen_fold_aligned,mobilenet_v3_large,industrial,20262022,perspective_pair,1395,2790,52,25.261205208574424,7.741935483870968,18.13620071684588,100.0,0
frozen_fold_aligned,mobilenet_v3_large,industrial,20262022,projective_three,1395,4185,52,26.90196520781132,6.212664277180406,14.982078853046596,100.0,0
frozen_fold_aligned_ensemble,geoprr,industrial,equal_three_seed_ensemble,all_conditions,1395,8370,52,10.27662131268258,17.419354838709676,47.62246117084827,100.0,0
frozen_fold_aligned_ensemble,geoprr,industrial,equal_three_seed_ensemble,clean,1395,1395,52,10.358505679928701,18.064516129032256,49.82078853046595,100.0,0
frozen_fold_aligned_ensemble,geoprr,industrial,equal_three_seed_ensemble,blur_moderate,1395,1395,52,10.262128551212655,17.8494623655914,50.250896057347674,100.0,0
frozen_fold_aligned_ensemble,geoprr,industrial,equal_three_seed_ensemble,blur_severe,1395,1395,52,10.220912655133358,17.060931899641577,47.956989247311824,100.0,0
frozen_fold_aligned_ensemble,geoprr,industrial,equal_three_seed_ensemble,perspective_moderate,1395,1395,52,9.513229627906652,16.845878136200717,48.96057347670251,100.0,0
frozen_fold_aligned_ensemble,geoprr,industrial,equal_three_seed_ensemble,perspective_severe,1395,1395,52,10.63024538011498,18.27956989247312,46.0931899641577,100.0,0
frozen_fold_aligned_ensemble,geoprr,industrial,equal_three_seed_ensemble,combined_severe,1395,1395,52,10.674705981799136,16.415770609318997,42.65232974910394,100.0,0
frozen_fold_aligned_ensemble,geoprr,industrial,equal_three_seed_ensemble,perspective_pair,1395,2790,52,10.071737504010818,17.562724014336915,47.52688172043011,100.0,0
frozen_fold_aligned_ensemble,geoprr,industrial,equal_three_seed_ensemble,projective_three,1395,4185,52,10.272726996606925,17.180406212664277,45.90203106332139,100.0,0
adapted_ensemble,geoprr,industrial,equal_three_seed_ensemble,all_conditions,1395,8370,52,2.1257863900471916,62.867383512544805,88.05256869772998,100.0,0
adapted_ensemble,geoprr,industrial,equal_three_seed_ensemble,clean,1395,1395,52,2.1287529160201566,63.584229390681,88.45878136200717,100.0,0
adapted_ensemble,geoprr,industrial,equal_three_seed_ensemble,blur_moderate,1395,1395,52,2.1120687444909994,63.584229390681,88.24372759856631,100.0,0
adapted_ensemble,geoprr,industrial,equal_three_seed_ensemble,blur_severe,1395,1395,52,2.0906992686263224,63.87096774193548,87.95698924731182,100.0,0
adapted_ensemble,geoprr,industrial,equal_three_seed_ensemble,perspective_moderate,1395,1395,52,2.050919594766251,63.799283154121866,89.6774193548387,100.0,0
adapted_ensemble,geoprr,industrial,equal_three_seed_ensemble,perspective_severe,1395,1395,52,2.198527023029338,61.21863799283154,87.09677419354838,100.0,0
adapted_ensemble,geoprr,industrial,equal_three_seed_ensemble,combined_severe,1395,1395,52,2.1737507933500826,61.146953405017925,86.88172043010752,100.0,0
adapted_ensemble,geoprr,industrial,equal_three_seed_ensemble,perspective_pair,1395,2790,52,2.1247233088977944,62.5089605734767,88.38709677419355,100.0,0
adapted_ensemble,geoprr,industrial,equal_three_seed_ensemble,projective_three,1395,4185,52,2.1410658037152235,62.054958183990436,87.8853046594982,100.0,0
frozen_fold_aligned_ensemble,efficientnet_b0,industrial,equal_three_seed_ensemble,all_conditions,1395,8370,52,13.313572645996254,16.009557945041816,38.853046594982075,100.0,0
frozen_fold_aligned_ensemble,efficientnet_b0,industrial,equal_three_seed_ensemble,clean,1395,1395,52,11.951511218073014,22.22222222222222,50.03584229390681,100.0,0
frozen_fold_aligned_ensemble,efficientnet_b0,industrial,equal_three_seed_ensemble,blur_moderate,1395,1395,52,11.894404567362185,23.08243727598566,50.10752688172043,100.0,0
frozen_fold_aligned_ensemble,efficientnet_b0,industrial,equal_three_seed_ensemble,blur_severe,1395,1395,52,12.015592446169297,21.935483870967744,49.89247311827957,100.0,0
frozen_fold_aligned_ensemble,efficientnet_b0,industrial,equal_three_seed_ensemble,perspective_moderate,1395,1395,52,11.185688076474511,14.336917562724013,43.727598566308245,100.0,0
frozen_fold_aligned_ensemble,efficientnet_b0,industrial,equal_three_seed_ensemble,perspective_severe,1395,1395,52,16.574160122525665,7.885304659498208,19.78494623655914,100.0,0
frozen_fold_aligned_ensemble,efficientnet_b0,industrial,equal_three_seed_ensemble,combined_severe,1395,1395,52,16.260079445372845,6.594982078853047,19.56989247311828,100.0,0
frozen_fold_aligned_ensemble,efficientnet_b0,industrial,equal_three_seed_ensemble,perspective_pair,1395,2790,52,13.879924099500087,11.11111111111111,31.756272401433694,100.0,0
frozen_fold_aligned_ensemble,efficientnet_b0,industrial,equal_three_seed_ensemble,projective_three,1395,4185,52,14.673309214791006,9.60573476702509,27.694145758661886,100.0,0
adapted_ensemble,efficientnet_b0,industrial,equal_three_seed_ensemble,all_conditions,1395,8370,52,2.6342413192955365,58.21983273596176,82.8673835125448,100.0,0
adapted_ensemble,efficientnet_b0,industrial,equal_three_seed_ensemble,clean,1395,1395,52,2.345507505770797,61.79211469534051,85.94982078853046,100.0,0
adapted_ensemble,efficientnet_b0,industrial,equal_three_seed_ensemble,blur_moderate,1395,1395,52,2.3284841270519245,61.72043010752688,85.73476702508961,100.0,0
adapted_ensemble,efficientnet_b0,industrial,equal_three_seed_ensemble,blur_severe,1395,1395,52,2.3263913710971305,61.79211469534051,84.87455197132616,100.0,0
adapted_ensemble,efficientnet_b0,industrial,equal_three_seed_ensemble,perspective_moderate,1395,1395,52,2.3770362415927946,61.648745519713266,85.66308243727599,100.0,0
adapted_ensemble,efficientnet_b0,industrial,equal_three_seed_ensemble,perspective_severe,1395,1395,52,3.269817929835556,50.03584229390681,77.34767025089606,100.0,0
adapted_ensemble,efficientnet_b0,industrial,equal_three_seed_ensemble,combined_severe,1395,1395,52,3.158210740425017,52.32974910394266,77.63440860215054,100.0,0
adapted_ensemble,efficientnet_b0,industrial,equal_three_seed_ensemble,perspective_pair,1395,2790,52,2.823427085714176,55.842293906810035,81.50537634408602,100.0,0
adapted_ensemble,efficientnet_b0,industrial,equal_three_seed_ensemble,projective_three,1395,4185,52,2.9350216372844558,54.671445639187574,80.21505376344086,100.0,0
frozen_fold_aligned_ensemble,resnet18,industrial,equal_three_seed_ensemble,all_conditions,1395,8370,52,21.779702074902584,10.203106332138589,23.835125448028673,100.0,0
frozen_fold_aligned_ensemble,resnet18,industrial,equal_three_seed_ensemble,clean,1395,1395,52,16.760708857667737,15.985663082437277,37.132616487455195,100.0,0
frozen_fold_aligned_ensemble,resnet18,industrial,equal_three_seed_ensemble,blur_moderate,1395,1395,52,16.782049910567494,15.985663082437277,36.91756272401434,100.0,0
frozen_fold_aligned_ensemble,resnet18,industrial,equal_three_seed_ensemble,blur_severe,1395,1395,52,17.239315600244236,16.057347670250895,35.12544802867383,100.0,0
frozen_fold_aligned_ensemble,resnet18,industrial,equal_three_seed_ensemble,perspective_moderate,1395,1395,52,21.481509808521974,8.960573476702509,22.293906810035843,100.0,0
frozen_fold_aligned_ensemble,resnet18,industrial,equal_three_seed_ensemble,perspective_severe,1395,1395,52,28.44956937555059,2.293906810035842,5.878136200716845,100.0,0
frozen_fold_aligned_ensemble,resnet18,industrial,equal_three_seed_ensemble,combined_severe,1395,1395,52,29.96505889686347,1.935483870967742,5.663082437275985,100.0,0
frozen_fold_aligned_ensemble,resnet18,industrial,equal_three_seed_ensemble,perspective_pair,1395,2790,52,24.965539592036283,5.627240143369176,14.086021505376344,100.0,0
frozen_fold_aligned_ensemble,resnet18,industrial,equal_three_seed_ensemble,projective_three,1395,4185,52,26.632046026978678,4.396654719235364,11.27837514934289,100.0,0
adapted_ensemble,resnet18,industrial,equal_three_seed_ensemble,all_conditions,1395,8370,52,2.9908909837201723,52.473118279569896,81.66069295101553,100.0,0
adapted_ensemble,resnet18,industrial,equal_three_seed_ensemble,clean,1395,1395,52,2.4672859735986217,58.27956989247311,87.74193548387098,100.0,0
adapted_ensemble,resnet18,industrial,equal_three_seed_ensemble,blur_moderate,1395,1395,52,2.455627766627239,58.422939068100355,88.02867383512545,100.0,0
adapted_ensemble,resnet18,industrial,equal_three_seed_ensemble,blur_severe,1395,1395,52,2.4367737483144847,59.49820788530465,87.81362007168458,100.0,0
adapted_ensemble,resnet18,industrial,equal_three_seed_ensemble,perspective_moderate,1395,1395,52,2.931361122692421,52.25806451612903,81.4336917562724,100.0,0
adapted_ensemble,resnet18,industrial,equal_three_seed_ensemble,perspective_severe,1395,1395,52,3.885232485721166,42.795698924731184,72.11469534050178,100.0,0
adapted_ensemble,resnet18,industrial,equal_three_seed_ensemble,combined_severe,1395,1395,52,3.769064805367099,43.584229390681,72.831541218638,100.0,0
adapted_ensemble,resnet18,industrial,equal_three_seed_ensemble,perspective_pair,1395,2790,52,3.408296804206793,47.52688172043011,76.77419354838709,100.0,0
adapted_ensemble,resnet18,industrial,equal_three_seed_ensemble,projective_three,1395,4185,52,3.528552804593563,46.2126642771804,75.4599761051374,100.0,0
frozen_fold_aligned_ensemble,mobilenet_v3_large,industrial,equal_three_seed_ensemble,all_conditions,1395,8370,52,15.793561586819372,13.667861409796894,29.868578255675033,100.0,0
frozen_fold_aligned_ensemble,mobilenet_v3_large,industrial,equal_three_seed_ensemble,clean,1395,1395,52,14.563606626320647,18.781362007168457,39.6415770609319,100.0,0
frozen_fold_aligned_ensemble,mobilenet_v3_large,industrial,equal_three_seed_ensemble,blur_moderate,1395,1395,52,14.477822761189197,19.35483870967742,39.35483870967742,100.0,0
frozen_fold_aligned_ensemble,mobilenet_v3_large,industrial,equal_three_seed_ensemble,blur_severe,1395,1395,52,14.327849368421338,19.2831541218638,40.57347670250896,100.0,0
frozen_fold_aligned_ensemble,mobilenet_v3_large,industrial,equal_three_seed_ensemble,perspective_moderate,1395,1395,52,14.582293674776924,14.336917562724013,32.903225806451616,100.0,0
frozen_fold_aligned_ensemble,mobilenet_v3_large,industrial,equal_three_seed_ensemble,perspective_severe,1395,1395,52,17.68831368303694,5.591397849462366,13.620071684587815,100.0,0
frozen_fold_aligned_ensemble,mobilenet_v3_large,industrial,equal_three_seed_ensemble,combined_severe,1395,1395,52,19.121483407171187,4.659498207885305,13.118279569892474,100.0,0
frozen_fold_aligned_ensemble,mobilenet_v3_large,industrial,equal_three_seed_ensemble,perspective_pair,1395,2790,52,16.135303678906933,9.96415770609319,23.261648745519715,100.0,0
frozen_fold_aligned_ensemble,mobilenet_v3_large,industrial,equal_three_seed_ensemble,projective_three,1395,4185,52,17.13069692166168,8.195937873357229,19.8805256869773,100.0,0
adapted_ensemble,mobilenet_v3_large,industrial,equal_three_seed_ensemble,all_conditions,1395,8370,52,2.7234449056428502,55.209080047789726,82.04301075268818,100.0,0
adapted_ensemble,mobilenet_v3_large,industrial,equal_three_seed_ensemble,clean,1395,1395,52,2.477219838479074,58.422939068100355,83.44086021505376,100.0,0
adapted_ensemble,mobilenet_v3_large,industrial,equal_three_seed_ensemble,blur_moderate,1395,1395,52,2.46765631948945,58.56630824372759,83.87096774193549,100.0,0
adapted_ensemble,mobilenet_v3_large,industrial,equal_three_seed_ensemble,blur_severe,1395,1395,52,2.4868732246407728,57.77777777777777,84.08602150537634,100.0,0
adapted_ensemble,mobilenet_v3_large,industrial,equal_three_seed_ensemble,perspective_moderate,1395,1395,52,2.508098363361464,59.06810035842294,84.6594982078853,100.0,0
adapted_ensemble,mobilenet_v3_large,industrial,equal_three_seed_ensemble,perspective_severe,1395,1395,52,3.2629209390372003,47.67025089605735,77.63440860215054,100.0,0
adapted_ensemble,mobilenet_v3_large,industrial,equal_three_seed_ensemble,combined_severe,1395,1395,52,3.1379007488491393,49.749103942652326,78.5663082437276,100.0,0
adapted_ensemble,mobilenet_v3_large,industrial,equal_three_seed_ensemble,perspective_pair,1395,2790,52,2.8855096511993326,53.36917562724014,81.14695340501792,100.0,0
adapted_ensemble,mobilenet_v3_large,industrial,equal_three_seed_ensemble,projective_three,1395,4185,52,2.9696400170826016,52.162485065710875,80.28673835125448,100.0,0
