figure_id,panel,source_table,cohort,method,reference,aggregation,scope,condition,angle_degrees,metric,value,sample_sd,ci95_low,ci95_high,images,groups,unit
table_main,frozen_transfer,syncg/summary.csv,syncg,base_only,,seed_mean,all_conditions,,,nmae_pct_fs,0.7951795721640035,0.022404992227516643,,,4000,145,percent_full_scale_or_percent
table_main,frozen_transfer,syncg/summary.csv,syncg,base_only,,seed_mean,all_conditions,,,acc_at_2_pct,93.33888888888889,0.30237294546329496,,,4000,145,percent_full_scale_or_percent
table_main,frozen_transfer,syncg/summary.csv,syncg,base_only,,seed_mean,all_conditions,,,acc_at_5_pct,98.85555555555557,0.057785122396428454,,,4000,145,percent_full_scale_or_percent
table_main,frozen_transfer,syncg/summary.csv,syncg,base_only,,seed_mean,all_conditions,,,coverage_pct,100.0,0.0,,,4000,145,percent_full_scale_or_percent
table_main,frozen_transfer,syncg/summary.csv,syncg,dual_view,,seed_mean,all_conditions,,,nmae_pct_fs,0.7313561542797187,0.020678724958452754,,,4000,145,percent_full_scale_or_percent
table_main,frozen_transfer,syncg/summary.csv,syncg,dual_view,,seed_mean,all_conditions,,,acc_at_2_pct,93.925,0.2787932826386613,,,4000,145,percent_full_scale_or_percent
table_main,frozen_transfer,syncg/summary.csv,syncg,dual_view,,seed_mean,all_conditions,,,acc_at_5_pct,99.04305555555555,0.057785122396436316,,,4000,145,percent_full_scale_or_percent
table_main,frozen_transfer,syncg/summary.csv,syncg,dual_view,,seed_mean,all_conditions,,,coverage_pct,100.0,0.0,,,4000,145,percent_full_scale_or_percent
table_main,frozen_transfer,syncg/summary.csv,syncg,fixed_prior,,seed_mean,all_conditions,,,nmae_pct_fs,0.8953224769829022,0.020763231109294556,,,4000,145,percent_full_scale_or_percent
table_main,frozen_transfer,syncg/summary.csv,syncg,fixed_prior,,seed_mean,all_conditions,,,acc_at_2_pct,91.59166666666665,0.28894564079309765,,,4000,145,percent_full_scale_or_percent
table_main,frozen_transfer,syncg/summary.csv,syncg,fixed_prior,,seed_mean,all_conditions,,,acc_at_5_pct,98.38194444444444,0.14217637064706018,,,4000,145,percent_full_scale_or_percent
table_main,frozen_transfer,syncg/summary.csv,syncg,fixed_prior,,seed_mean,all_conditions,,,coverage_pct,100.0,0.0,,,4000,145,percent_full_scale_or_percent
table_main,frozen_transfer,syncg/summary.csv,syncg,full,,seed_mean,all_conditions,,,nmae_pct_fs,0.7403240998553681,0.02201024194363677,,,4000,145,percent_full_scale_or_percent
table_main,frozen_transfer,syncg/summary.csv,syncg,full,,seed_mean,all_conditions,,,acc_at_2_pct,93.90416666666668,0.2905932629027081,,,4000,145,percent_full_scale_or_percent
table_main,frozen_transfer,syncg/summary.csv,syncg,full,,seed_mean,all_conditions,,,acc_at_5_pct,98.89722222222223,0.04376653126830484,,,4000,145,percent_full_scale_or_percent
table_main,frozen_transfer,syncg/summary.csv,syncg,full,,seed_mean,all_conditions,,,coverage_pct,100.0,0.0,,,4000,145,percent_full_scale_or_percent
table_main,frozen_transfer,syncg/summary.csv,syncg,linear_gate,,seed_mean,all_conditions,,,nmae_pct_fs,0.7409502462818637,0.022055205788464472,,,4000,145,percent_full_scale_or_percent
table_main,frozen_transfer,syncg/summary.csv,syncg,linear_gate,,seed_mean,all_conditions,,,acc_at_2_pct,93.95555555555556,0.2765214645743998,,,4000,145,percent_full_scale_or_percent
table_main,frozen_transfer,syncg/summary.csv,syncg,linear_gate,,seed_mean,all_conditions,,,acc_at_5_pct,98.88333333333334,0.03145764348029347,,,4000,145,percent_full_scale_or_percent
table_main,frozen_transfer,syncg/summary.csv,syncg,linear_gate,,seed_mean,all_conditions,,,coverage_pct,100.0,0.0,,,4000,145,percent_full_scale_or_percent
table_main,frozen_transfer,syncg/summary.csv,syncg,no_geometry_fixed_routing,,seed_mean,all_conditions,,,nmae_pct_fs,1.3692082070344542,0.046797726063919395,,,4000,145,percent_full_scale_or_percent
table_main,frozen_transfer,syncg/summary.csv,syncg,no_geometry_fixed_routing,,seed_mean,all_conditions,,,acc_at_2_pct,80.07083333333333,1.4958507427027792,,,4000,145,percent_full_scale_or_percent
table_main,frozen_transfer,syncg/summary.csv,syncg,no_geometry_fixed_routing,,seed_mean,all_conditions,,,acc_at_5_pct,96.23194444444444,0.2342368419957595,,,4000,145,percent_full_scale_or_percent
table_main,frozen_transfer,syncg/summary.csv,syncg,no_geometry_fixed_routing,,seed_mean,all_conditions,,,coverage_pct,100.0,0.0,,,4000,145,percent_full_scale_or_percent
table_main,frozen_transfer,syncg/summary.csv,syncg,no_geometry_fusion,,seed_mean,all_conditions,,,nmae_pct_fs,1.2417925761181525,0.041691718408584565,,,4000,145,percent_full_scale_or_percent
table_main,frozen_transfer,syncg/summary.csv,syncg,no_geometry_fusion,,seed_mean,all_conditions,,,acc_at_2_pct,82.49166666666667,1.3937546711431412,,,4000,145,percent_full_scale_or_percent
table_main,frozen_transfer,syncg/summary.csv,syncg,no_geometry_fusion,,seed_mean,all_conditions,,,acc_at_5_pct,97.00277777777778,0.25243031675061006,,,4000,145,percent_full_scale_or_percent
table_main,frozen_transfer,syncg/summary.csv,syncg,no_geometry_fusion,,seed_mean,all_conditions,,,coverage_pct,100.0,0.0,,,4000,145,percent_full_scale_or_percent
table_main,frozen_transfer,syncg/summary.csv,syncg,no_polar_evidence,,seed_mean,all_conditions,,,nmae_pct_fs,0.752396757093892,0.022896863985545777,,,4000,145,percent_full_scale_or_percent
table_main,frozen_transfer,syncg/summary.csv,syncg,no_polar_evidence,,seed_mean,all_conditions,,,acc_at_2_pct,93.92222222222222,0.24791958448330056,,,4000,145,percent_full_scale_or_percent
table_main,frozen_transfer,syncg/summary.csv,syncg,no_polar_evidence,,seed_mean,all_conditions,,,acc_at_5_pct,98.89305555555556,0.03780738219115122,,,4000,145,percent_full_scale_or_percent
table_main,frozen_transfer,syncg/summary.csv,syncg,no_polar_evidence,,seed_mean,all_conditions,,,coverage_pct,100.0,0.0,,,4000,145,percent_full_scale_or_percent
table_main,frozen_transfer,syncg/summary.csv,syncg,no_relational_transport,,seed_mean,all_conditions,,,nmae_pct_fs,0.7914886640501209,0.020551502656500627,,,4000,145,percent_full_scale_or_percent
table_main,frozen_transfer,syncg/summary.csv,syncg,no_relational_transport,,seed_mean,all_conditions,,,acc_at_2_pct,93.16111111111111,0.2724736650543456,,,4000,145,percent_full_scale_or_percent
table_main,frozen_transfer,syncg/summary.csv,syncg,no_relational_transport,,seed_mean,all_conditions,,,acc_at_5_pct,98.84305555555557,0.07087417123430141,,,4000,145,percent_full_scale_or_percent
table_main,frozen_transfer,syncg/summary.csv,syncg,no_relational_transport,,seed_mean,all_conditions,,,coverage_pct,100.0,0.0,,,4000,145,percent_full_scale_or_percent
table_main,frozen_transfer,syncg/summary.csv,syncg,polar_only,,seed_mean,all_conditions,,,nmae_pct_fs,1.6355317900885389,0.044032328142669774,,,4000,145,percent_full_scale_or_percent
table_main,frozen_transfer,syncg/summary.csv,syncg,polar_only,,seed_mean,all_conditions,,,acc_at_2_pct,76.61805555555556,0.8898183075046119,,,4000,145,percent_full_scale_or_percent
table_main,frozen_transfer,syncg/summary.csv,syncg,polar_only,,seed_mean,all_conditions,,,acc_at_5_pct,93.91944444444444,0.4473365105864917,,,4000,145,percent_full_scale_or_percent
table_main,frozen_transfer,syncg/summary.csv,syncg,polar_only,,seed_mean,all_conditions,,,coverage_pct,100.0,0.0,,,4000,145,percent_full_scale_or_percent
table_main,frozen_transfer,syncg/summary.csv,syncg,raw_efficientnet_b0_six_condition,,seed_mean,all_conditions,,,nmae_pct_fs,0.726439705925198,0.006902152732278678,,,4000,145,percent_full_scale_or_percent
table_main,frozen_transfer,syncg/summary.csv,syncg,raw_efficientnet_b0_six_condition,,seed_mean,all_conditions,,,acc_at_2_pct,95.1375,0.12956926504555025,,,4000,145,percent_full_scale_or_percent
table_main,frozen_transfer,syncg/summary.csv,syncg,raw_efficientnet_b0_six_condition,,seed_mean,all_conditions,,,acc_at_5_pct,99.20694444444445,0.0800751961411074,,,4000,145,percent_full_scale_or_percent
table_main,frozen_transfer,syncg/summary.csv,syncg,raw_efficientnet_b0_six_condition,,seed_mean,all_conditions,,,coverage_pct,100.0,0.0,,,4000,145,percent_full_scale_or_percent
table_main,frozen_transfer,syncg/summary.csv,syncg,relational_only,,seed_mean,all_conditions,,,nmae_pct_fs,0.7514470879362003,0.02311677204074034,,,4000,145,percent_full_scale_or_percent
table_main,frozen_transfer,syncg/summary.csv,syncg,relational_only,,seed_mean,all_conditions,,,acc_at_2_pct,93.81388888888888,0.33224649205293844,,,4000,145,percent_full_scale_or_percent
table_main,frozen_transfer,syncg/summary.csv,syncg,relational_only,,seed_mean,all_conditions,,,acc_at_5_pct,98.88611111111112,0.02956082868582444,,,4000,145,percent_full_scale_or_percent
table_main,frozen_transfer,syncg/summary.csv,syncg,relational_only,,seed_mean,all_conditions,,,coverage_pct,100.0,0.0,,,4000,145,percent_full_scale_or_percent
table_main,frozen_transfer,syncg/summary.csv,syncg,scalar_gate,,seed_mean,all_conditions,,,nmae_pct_fs,0.738954023481185,0.021423537228487294,,,4000,145,percent_full_scale_or_percent
table_main,frozen_transfer,syncg/summary.csv,syncg,scalar_gate,,seed_mean,all_conditions,,,acc_at_2_pct,93.96388888888889,0.2714842605082336,,,4000,145,percent_full_scale_or_percent
table_main,frozen_transfer,syncg/summary.csv,syncg,scalar_gate,,seed_mean,all_conditions,,,acc_at_5_pct,98.89722222222223,0.054220059155398154,,,4000,145,percent_full_scale_or_percent
table_main,frozen_transfer,syncg/summary.csv,syncg,scalar_gate,,seed_mean,all_conditions,,,coverage_pct,100.0,0.0,,,4000,145,percent_full_scale_or_percent
table_main,frozen_transfer,syncg/summary.csv,syncg,uniform,,seed_mean,all_conditions,,,nmae_pct_fs,0.9566457161615188,0.02243253707858861,,,4000,145,percent_full_scale_or_percent
table_main,frozen_transfer,syncg/summary.csv,syncg,uniform,,seed_mean,all_conditions,,,acc_at_2_pct,90.375,0.2572220722341784,,,4000,145,percent_full_scale_or_percent
table_main,frozen_transfer,syncg/summary.csv,syncg,uniform,,seed_mean,all_conditions,,,acc_at_5_pct,98.12222222222222,0.20452066815777628,,,4000,145,percent_full_scale_or_percent
table_main,frozen_transfer,syncg/summary.csv,syncg,uniform,,seed_mean,all_conditions,,,coverage_pct,100.0,0.0,,,4000,145,percent_full_scale_or_percent
table_paired,all_conditions,syncg/paired.csv,syncg,base_only,full,seed_mean,all_conditions,,,candidate_minus_reference,0.0548554723086353,,0.05045311159626289,0.05925160099793041,4000,145,native_metric
table_paired,all_conditions,syncg/paired.csv,syncg,base_only,full,seed_mean,all_conditions,,,candidate_minus_reference,-0.04166666666666667,,-0.08157676899196473,-7.350326205772764e-18,4000,145,native_metric
table_paired,all_conditions,syncg/paired.csv,syncg,dual_view,full,seed_mean,all_conditions,,,candidate_minus_reference,-0.008967945575649434,,-0.018938450746858508,0.0005751958421087788,4000,145,native_metric
table_paired,all_conditions,syncg/paired.csv,syncg,dual_view,full,seed_mean,all_conditions,,,candidate_minus_reference,0.14583333333333334,,0.0584795321637427,0.23578360623569336,4000,145,native_metric
table_paired,all_conditions,syncg/paired.csv,syncg,fixed_prior,full,seed_mean,all_conditions,,,candidate_minus_reference,0.1549983771275341,,0.14519193027711222,0.16522589799117482,4000,145,native_metric
table_paired,all_conditions,syncg/paired.csv,syncg,fixed_prior,full,seed_mean,all_conditions,,,candidate_minus_reference,-0.5152777777777778,,-0.6211356700243251,-0.415006392383339,4000,145,native_metric
table_paired,all_conditions,syncg/paired.csv,syncg,linear_gate,full,seed_mean,all_conditions,,,candidate_minus_reference,0.0006261464264955272,,-0.0002188606637551743,0.0014630548461958374,4000,145,native_metric
table_paired,all_conditions,syncg/paired.csv,syncg,linear_gate,full,seed_mean,all_conditions,,,candidate_minus_reference,-0.013888888888888888,,-0.02762600744126377,7.083329960560299e-19,4000,145,native_metric
table_paired,all_conditions,syncg/paired.csv,syncg,no_geometry_fixed_routing,full,seed_mean,all_conditions,,,candidate_minus_reference,0.628884107179086,,0.6031496700875172,0.6554920401513042,4000,145,native_metric
table_paired,all_conditions,syncg/paired.csv,syncg,no_geometry_fixed_routing,full,seed_mean,all_conditions,,,candidate_minus_reference,-2.6652777777777783,,-2.9102507594197777,-2.426578042175013,4000,145,native_metric
table_paired,all_conditions,syncg/paired.csv,syncg,no_geometry_fusion,full,seed_mean,all_conditions,,,candidate_minus_reference,0.5014684762627843,,0.48053835998897765,0.523129813742021,4000,145,native_metric
table_paired,all_conditions,syncg/paired.csv,syncg,no_geometry_fusion,full,seed_mean,all_conditions,,,candidate_minus_reference,-1.8944444444444444,,-2.09763633036248,-1.696855132884884,4000,145,native_metric
table_paired,all_conditions,syncg/paired.csv,syncg,no_polar_evidence,full,seed_mean,all_conditions,,,candidate_minus_reference,0.01207265723852389,,0.010430260632589608,0.013705475791836015,4000,145,native_metric
table_paired,all_conditions,syncg/paired.csv,syncg,no_polar_evidence,full,seed_mean,all_conditions,,,candidate_minus_reference,-0.004166666666666668,,-0.0250439835343113,0.017961370645460138,4000,145,native_metric
table_paired,all_conditions,syncg/paired.csv,syncg,no_relational_transport,full,seed_mean,all_conditions,,,candidate_minus_reference,0.05116456419475274,,0.046971286115394785,0.05535925002289045,4000,145,native_metric
table_paired,all_conditions,syncg/paired.csv,syncg,no_relational_transport,full,seed_mean,all_conditions,,,candidate_minus_reference,-0.054166666666666675,,-0.09568842868760014,-0.013951233998916625,4000,145,native_metric
table_paired,all_conditions,syncg/paired.csv,syncg,polar_only,full,seed_mean,all_conditions,,,candidate_minus_reference,0.8952076902331707,,0.8536866266765344,0.9383370010026288,4000,145,native_metric
table_paired,all_conditions,syncg/paired.csv,syncg,polar_only,full,seed_mean,all_conditions,,,candidate_minus_reference,-4.977777777777778,,-5.276220333398128,-4.677756364548085,4000,145,native_metric
table_paired,all_conditions,syncg/paired.csv,syncg,raw_efficientnet_b0_six_condition,full,seed_mean,all_conditions,,,candidate_minus_reference,-0.01388439393017001,,-0.038878237401252624,0.012044085339993052,4000,145,native_metric
table_paired,all_conditions,syncg/paired.csv,syncg,raw_efficientnet_b0_six_condition,full,seed_mean,all_conditions,,,candidate_minus_reference,0.30972222222222223,,0.16199870894860002,0.45700162636256886,4000,145,native_metric
table_paired,all_conditions,syncg/paired.csv,syncg,relational_only,full,seed_mean,all_conditions,,,candidate_minus_reference,0.011122988080832228,,0.009045444733221433,0.013199027442567852,4000,145,native_metric
table_paired,all_conditions,syncg/paired.csv,syncg,relational_only,full,seed_mean,all_conditions,,,candidate_minus_reference,-0.011111111111111113,,-0.03211323970986218,0.009964164992867675,4000,145,native_metric
table_paired,all_conditions,syncg/paired.csv,syncg,scalar_gate,full,seed_mean,all_conditions,,,candidate_minus_reference,-0.0013700763741831504,,-0.0022530374672800045,-0.000517823934829628,4000,145,native_metric
table_paired,all_conditions,syncg/paired.csv,syncg,scalar_gate,full,seed_mean,all_conditions,,,candidate_minus_reference,4.625929269271486e-19,,-0.015224586900412887,0.015213122009238515,4000,145,native_metric
table_paired,all_conditions,syncg/paired.csv,syncg,uniform,full,seed_mean,all_conditions,,,candidate_minus_reference,0.21632161630615077,,0.20320864199516206,0.23004758604825967,4000,145,native_metric
table_paired,all_conditions,syncg/paired.csv,syncg,uniform,full,seed_mean,all_conditions,,,candidate_minus_reference,-0.775,,-0.9057846063007801,-0.6490926144327077,4000,145,native_metric
table_main,frozen_transfer,rf100/summary.csv,rf100,base_only,,seed_mean,all_conditions,,,nmae_pct_fs,3.2463084145314096,0.3026655148161195,,,151,35,percent_full_scale_or_percent
table_main,frozen_transfer,rf100/summary.csv,rf100,base_only,,seed_mean,all_conditions,,,acc_at_2_pct,55.555555555555564,1.1488222955111096,,,151,35,percent_full_scale_or_percent
table_main,frozen_transfer,rf100/summary.csv,rf100,base_only,,seed_mean,all_conditions,,,acc_at_5_pct,84.84179543782193,0.8921527338471053,,,151,35,percent_full_scale_or_percent
table_main,frozen_transfer,rf100/summary.csv,rf100,base_only,,seed_mean,all_conditions,,,coverage_pct,100.0,0.0,,,151,35,percent_full_scale_or_percent
table_main,frozen_transfer,rf100/summary.csv,rf100,dual_view,,seed_mean,all_conditions,,,nmae_pct_fs,3.263785350554491,0.2341727099706094,,,151,35,percent_full_scale_or_percent
table_main,frozen_transfer,rf100/summary.csv,rf100,dual_view,,seed_mean,all_conditions,,,acc_at_2_pct,53.863134657836646,1.0116061136767864,,,151,35,percent_full_scale_or_percent
table_main,frozen_transfer,rf100/summary.csv,rf100,dual_view,,seed_mean,all_conditions,,,acc_at_5_pct,84.1795437821928,1.2405971523243156,,,151,35,percent_full_scale_or_percent
table_main,frozen_transfer,rf100/summary.csv,rf100,dual_view,,seed_mean,all_conditions,,,coverage_pct,100.0,0.0,,,151,35,percent_full_scale_or_percent
table_main,frozen_transfer,rf100/summary.csv,rf100,fixed_prior,,seed_mean,all_conditions,,,nmae_pct_fs,3.398789697435682,0.3243949995128831,,,151,35,percent_full_scale_or_percent
table_main,frozen_transfer,rf100/summary.csv,rf100,fixed_prior,,seed_mean,all_conditions,,,acc_at_2_pct,53.01692420897718,1.469829606728343,,,151,35,percent_full_scale_or_percent
table_main,frozen_transfer,rf100/summary.csv,rf100,fixed_prior,,seed_mean,all_conditions,,,acc_at_5_pct,83.14937454010303,1.316816053581554,,,151,35,percent_full_scale_or_percent
table_main,frozen_transfer,rf100/summary.csv,rf100,fixed_prior,,seed_mean,all_conditions,,,coverage_pct,100.0,0.0,,,151,35,percent_full_scale_or_percent
table_main,frozen_transfer,rf100/summary.csv,rf100,full,,seed_mean,all_conditions,,,nmae_pct_fs,3.1905881625362356,0.2567741982284028,,,151,35,percent_full_scale_or_percent
table_main,frozen_transfer,rf100/summary.csv,rf100,full,,seed_mean,all_conditions,,,acc_at_2_pct,56.07064017660044,0.8760765930677419,,,151,35,percent_full_scale_or_percent
table_main,frozen_transfer,rf100/summary.csv,rf100,full,,seed_mean,all_conditions,,,acc_at_5_pct,85.28329654157469,0.2297644591022274,,,151,35,percent_full_scale_or_percent
table_main,frozen_transfer,rf100/summary.csv,rf100,full,,seed_mean,all_conditions,,,coverage_pct,100.0,0.0,,,151,35,percent_full_scale_or_percent
table_main,frozen_transfer,rf100/summary.csv,rf100,linear_gate,,seed_mean,all_conditions,,,nmae_pct_fs,3.2008544412545032,0.2469817923753757,,,151,35,percent_full_scale_or_percent
table_main,frozen_transfer,rf100/summary.csv,rf100,linear_gate,,seed_mean,all_conditions,,,acc_at_2_pct,55.997056659308306,0.6078996189057466,,,151,35,percent_full_scale_or_percent
table_main,frozen_transfer,rf100/summary.csv,rf100,linear_gate,,seed_mean,all_conditions,,,acc_at_5_pct,85.1729212656365,0.3372020378922674,,,151,35,percent_full_scale_or_percent
table_main,frozen_transfer,rf100/summary.csv,rf100,linear_gate,,seed_mean,all_conditions,,,coverage_pct,100.0,0.0,,,151,35,percent_full_scale_or_percent
table_main,frozen_transfer,rf100/summary.csv,rf100,polar_only,,seed_mean,all_conditions,,,nmae_pct_fs,4.616128931965095,0.5541633710158747,,,151,35,percent_full_scale_or_percent
table_main,frozen_transfer,rf100/summary.csv,rf100,polar_only,,seed_mean,all_conditions,,,acc_at_2_pct,44.334069168506254,3.697709024062469,,,151,35,percent_full_scale_or_percent
table_main,frozen_transfer,rf100/summary.csv,rf100,polar_only,,seed_mean,all_conditions,,,acc_at_5_pct,74.39293598233996,2.7461049237582253,,,151,35,percent_full_scale_or_percent
table_main,frozen_transfer,rf100/summary.csv,rf100,polar_only,,seed_mean,all_conditions,,,coverage_pct,100.0,0.0,,,151,35,percent_full_scale_or_percent
table_main,frozen_transfer,rf100/summary.csv,rf100,raw_efficientnet_b0_six_condition,,seed_mean,all_conditions,,,nmae_pct_fs,4.1613452915295674,0.6111833122500357,,,151,35,percent_full_scale_or_percent
table_main,frozen_transfer,rf100/summary.csv,rf100,raw_efficientnet_b0_six_condition,,seed_mean,all_conditions,,,acc_at_2_pct,50.33112582781457,2.8377395435281345,,,151,35,percent_full_scale_or_percent
table_main,frozen_transfer,rf100/summary.csv,rf100,raw_efficientnet_b0_six_condition,,seed_mean,all_conditions,,,acc_at_5_pct,76.56364974245768,3.806480399228129,,,151,35,percent_full_scale_or_percent
table_main,frozen_transfer,rf100/summary.csv,rf100,raw_efficientnet_b0_six_condition,,seed_mean,all_conditions,,,coverage_pct,100.0,0.0,,,151,35,percent_full_scale_or_percent
table_main,frozen_transfer,rf100/summary.csv,rf100,relational_only,,seed_mean,all_conditions,,,nmae_pct_fs,3.1979767824530003,0.24782425013573356,,,151,35,percent_full_scale_or_percent
table_main,frozen_transfer,rf100/summary.csv,rf100,relational_only,,seed_mean,all_conditions,,,acc_at_2_pct,55.923473142016185,0.06372519527479269,,,151,35,percent_full_scale_or_percent
table_main,frozen_transfer,rf100/summary.csv,rf100,relational_only,,seed_mean,all_conditions,,,acc_at_5_pct,84.98896247240617,0.11037527593818908,,,151,35,percent_full_scale_or_percent
table_main,frozen_transfer,rf100/summary.csv,rf100,relational_only,,seed_mean,all_conditions,,,coverage_pct,100.0,0.0,,,151,35,percent_full_scale_or_percent
table_main,frozen_transfer,rf100/summary.csv,rf100,scalar_gate,,seed_mean,all_conditions,,,nmae_pct_fs,3.2059971982581685,0.2548741914505724,,,151,35,percent_full_scale_or_percent
table_main,frozen_transfer,rf100/summary.csv,rf100,scalar_gate,,seed_mean,all_conditions,,,acc_at_2_pct,55.776306107431935,0.6276203866531211,,,151,35,percent_full_scale_or_percent
table_main,frozen_transfer,rf100/summary.csv,rf100,scalar_gate,,seed_mean,all_conditions,,,acc_at_5_pct,85.09933774834438,0.22075055187638526,,,151,35,percent_full_scale_or_percent
table_main,frozen_transfer,rf100/summary.csv,rf100,scalar_gate,,seed_mean,all_conditions,,,coverage_pct,100.0,0.0,,,151,35,percent_full_scale_or_percent
table_main,frozen_transfer,rf100/summary.csv,rf100,uniform,,seed_mean,all_conditions,,,nmae_pct_fs,3.487841999418677,0.3381087229476564,,,151,35,percent_full_scale_or_percent
table_main,frozen_transfer,rf100/summary.csv,rf100,uniform,,seed_mean,all_conditions,,,acc_at_2_pct,52.060338484179546,2.279011135533269,,,151,35,percent_full_scale_or_percent
table_main,frozen_transfer,rf100/summary.csv,rf100,uniform,,seed_mean,all_conditions,,,acc_at_5_pct,82.30316409124357,1.3075316882941,,,151,35,percent_full_scale_or_percent
table_main,frozen_transfer,rf100/summary.csv,rf100,uniform,,seed_mean,all_conditions,,,coverage_pct,100.0,0.0,,,151,35,percent_full_scale_or_percent
table_paired,all_conditions,rf100/paired.csv,rf100,base_only,full,seed_mean,all_conditions,,,candidate_minus_reference,0.055720251995173775,,0.0017232461723604704,0.12311284779335814,151,35,native_metric
table_paired,all_conditions,rf100/paired.csv,rf100,base_only,full,seed_mean,all_conditions,,,candidate_minus_reference,-0.44150110375275936,,-1.056014692378329,0.2267739454456232,151,35,native_metric
table_paired,all_conditions,rf100/paired.csv,rf100,dual_view,full,seed_mean,all_conditions,,,candidate_minus_reference,0.07319718801825582,,-0.32993406173508716,0.3230302409872638,151,35,native_metric
table_paired,all_conditions,rf100/paired.csv,rf100,dual_view,full,seed_mean,all_conditions,,,candidate_minus_reference,-1.1037527593818988,,-4.756847183317771,2.264967637540452,151,35,native_metric
table_paired,all_conditions,rf100/paired.csv,rf100,fixed_prior,full,seed_mean,all_conditions,,,candidate_minus_reference,0.20820153489944643,,0.08634440531587828,0.35417588068165123,151,35,native_metric
table_paired,all_conditions,rf100/paired.csv,rf100,fixed_prior,full,seed_mean,all_conditions,,,candidate_minus_reference,-2.1339220014716704,,-3.253291169957837,-1.1280211142941716,151,35,native_metric
table_paired,all_conditions,rf100/paired.csv,rf100,linear_gate,full,seed_mean,all_conditions,,,candidate_minus_reference,0.010266278718267196,,0.0011704407598791412,0.020211259620189184,151,35,native_metric
table_paired,all_conditions,rf100/paired.csv,rf100,linear_gate,full,seed_mean,all_conditions,,,candidate_minus_reference,-0.11037527593818984,,-0.27100271002710025,0.0,151,35,native_metric
table_paired,all_conditions,rf100/paired.csv,rf100,polar_only,full,seed_mean,all_conditions,,,candidate_minus_reference,1.4255407694288589,,1.0639258539931302,1.8843694260974397,151,35,native_metric
table_paired,all_conditions,rf100/paired.csv,rf100,polar_only,full,seed_mean,all_conditions,,,candidate_minus_reference,-10.890360559234733,,-13.710507658328764,-7.8566470684305125,151,35,native_metric
table_paired,all_conditions,rf100/paired.csv,rf100,raw_efficientnet_b0_six_condition,full,seed_mean,all_conditions,,,candidate_minus_reference,0.970757128993331,,-0.19965756861067807,2.2547016935272426,151,35,native_metric
table_paired,all_conditions,rf100/paired.csv,rf100,raw_efficientnet_b0_six_condition,full,seed_mean,all_conditions,,,candidate_minus_reference,-8.719646799116997,,-17.474174888419075,-1.2096774193548396,151,35,native_metric
table_paired,all_conditions,rf100/paired.csv,rf100,relational_only,full,seed_mean,all_conditions,,,candidate_minus_reference,0.007388619916764395,,-0.006202880876971963,0.021591851812126705,151,35,native_metric
table_paired,all_conditions,rf100/paired.csv,rf100,relational_only,full,seed_mean,all_conditions,,,candidate_minus_reference,-0.2943340691685063,,-0.6903353057199211,0.049603174603174593,151,35,native_metric
table_paired,all_conditions,rf100/paired.csv,rf100,scalar_gate,full,seed_mean,all_conditions,,,candidate_minus_reference,0.015409035721932203,,0.0043988086726874836,0.027716512134948842,151,35,native_metric
table_paired,all_conditions,rf100/paired.csv,rf100,scalar_gate,full,seed_mean,all_conditions,,,candidate_minus_reference,-0.1839587932303164,,-0.4386171407803878,0.04177109440267334,151,35,native_metric
table_paired,all_conditions,rf100/paired.csv,rf100,uniform,full,seed_mean,all_conditions,,,candidate_minus_reference,0.2972538368824411,,0.14719466207987003,0.4760446885020876,151,35,native_metric
table_paired,all_conditions,rf100/paired.csv,rf100,uniform,full,seed_mean,all_conditions,,,candidate_minus_reference,-2.980132450331126,,-4.27929318207096,-1.7676349588601274,151,35,native_metric
table_main,frozen_transfer,industrial/summary.csv,industrial,base_only,,seed_mean,all_conditions,,,nmae_pct_fs,11.61220040832999,1.7797288791286765,,,1395,52,percent_full_scale_or_percent
table_main,frozen_transfer,industrial/summary.csv,industrial,base_only,,seed_mean,all_conditions,,,acc_at_2_pct,22.512943050577462,1.79785354858147,,,1395,52,percent_full_scale_or_percent
table_main,frozen_transfer,industrial/summary.csv,industrial,base_only,,seed_mean,all_conditions,,,acc_at_5_pct,51.77220230983672,3.4732383545901673,,,1395,52,percent_full_scale_or_percent
table_main,frozen_transfer,industrial/summary.csv,industrial,base_only,,seed_mean,all_conditions,,,coverage_pct,100.0,0.0,,,1395,52,percent_full_scale_or_percent
table_main,frozen_transfer,industrial/summary.csv,industrial,dual_view,,seed_mean,all_conditions,,,nmae_pct_fs,10.473200832603945,0.7301580830585901,,,1395,52,percent_full_scale_or_percent
table_main,frozen_transfer,industrial/summary.csv,industrial,dual_view,,seed_mean,all_conditions,,,acc_at_2_pct,31.692552767821585,1.8560223333701398,,,1395,52,percent_full_scale_or_percent
table_main,frozen_transfer,industrial/summary.csv,industrial,dual_view,,seed_mean,all_conditions,,,acc_at_5_pct,56.72640382317801,4.045789058694744,,,1395,52,percent_full_scale_or_percent
table_main,frozen_transfer,industrial/summary.csv,industrial,dual_view,,seed_mean,all_conditions,,,coverage_pct,100.0,0.0,,,1395,52,percent_full_scale_or_percent
table_main,frozen_transfer,industrial/summary.csv,industrial,fixed_prior,,seed_mean,all_conditions,,,nmae_pct_fs,11.955802544676233,1.790520030595801,,,1395,52,percent_full_scale_or_percent
table_main,frozen_transfer,industrial/summary.csv,industrial,fixed_prior,,seed_mean,all_conditions,,,acc_at_2_pct,20.07566706491438,1.6140238300770215,,,1395,52,percent_full_scale_or_percent
table_main,frozen_transfer,industrial/summary.csv,industrial,fixed_prior,,seed_mean,all_conditions,,,acc_at_5_pct,48.247710075667065,3.4302723844328975,,,1395,52,percent_full_scale_or_percent
table_main,frozen_transfer,industrial/summary.csv,industrial,fixed_prior,,seed_mean,all_conditions,,,coverage_pct,100.0,0.0,,,1395,52,percent_full_scale_or_percent
table_main,frozen_transfer,industrial/summary.csv,industrial,full,,seed_mean,all_conditions,,,nmae_pct_fs,11.620398338431116,1.6076668922390212,,,1395,52,percent_full_scale_or_percent
table_main,frozen_transfer,industrial/summary.csv,industrial,full,,seed_mean,all_conditions,,,acc_at_2_pct,24.0900039824771,2.834899966749374,,,1395,52,percent_full_scale_or_percent
table_main,frozen_transfer,industrial/summary.csv,industrial,full,,seed_mean,all_conditions,,,acc_at_5_pct,51.86778176025488,3.505880700607662,,,1395,52,percent_full_scale_or_percent
table_main,frozen_transfer,industrial/summary.csv,industrial,full,,seed_mean,all_conditions,,,coverage_pct,100.0,0.0,,,1395,52,percent_full_scale_or_percent
table_main,frozen_transfer,industrial/summary.csv,industrial,linear_gate,,seed_mean,all_conditions,,,nmae_pct_fs,11.616485653152283,1.5995860330181495,,,1395,52,percent_full_scale_or_percent
table_main,frozen_transfer,industrial/summary.csv,industrial,linear_gate,,seed_mean,all_conditions,,,acc_at_2_pct,24.125846276383914,2.8097130941097923,,,1395,52,percent_full_scale_or_percent
table_main,frozen_transfer,industrial/summary.csv,industrial,linear_gate,,seed_mean,all_conditions,,,acc_at_5_pct,51.979291119076066,3.441862602344559,,,1395,52,percent_full_scale_or_percent
table_main,frozen_transfer,industrial/summary.csv,industrial,linear_gate,,seed_mean,all_conditions,,,coverage_pct,100.0,0.0,,,1395,52,percent_full_scale_or_percent
table_main,frozen_transfer,industrial/summary.csv,industrial,polar_only,,seed_mean,all_conditions,,,nmae_pct_fs,13.734709822873379,2.1853535393296144,,,1395,52,percent_full_scale_or_percent
table_main,frozen_transfer,industrial/summary.csv,industrial,polar_only,,seed_mean,all_conditions,,,acc_at_2_pct,17.025089605734767,1.4681249375680405,,,1395,52,percent_full_scale_or_percent
table_main,frozen_transfer,industrial/summary.csv,industrial,polar_only,,seed_mean,all_conditions,,,acc_at_5_pct,40.78853046594981,2.6617042936847644,,,1395,52,percent_full_scale_or_percent
table_main,frozen_transfer,industrial/summary.csv,industrial,polar_only,,seed_mean,all_conditions,,,coverage_pct,100.0,0.0,,,1395,52,percent_full_scale_or_percent
table_main,frozen_transfer,industrial/summary.csv,industrial,raw_efficientnet_b0_six_condition,,seed_mean,all_conditions,,,nmae_pct_fs,14.388345251623813,2.1932916875823203,,,1395,52,percent_full_scale_or_percent
table_main,frozen_transfer,industrial/summary.csv,industrial,raw_efficientnet_b0_six_condition,,seed_mean,all_conditions,,,acc_at_2_pct,19.406610911987254,1.1654921827582168,,,1395,52,percent_full_scale_or_percent
table_main,frozen_transfer,industrial/summary.csv,industrial,raw_efficientnet_b0_six_condition,,seed_mean,all_conditions,,,acc_at_5_pct,42.61648745519714,3.4205351848001753,,,1395,52,percent_full_scale_or_percent
table_main,frozen_transfer,industrial/summary.csv,industrial,raw_efficientnet_b0_six_condition,,seed_mean,all_conditions,,,coverage_pct,100.0,0.0,,,1395,52,percent_full_scale_or_percent
table_main,frozen_transfer,industrial/summary.csv,industrial,relational_only,,seed_mean,all_conditions,,,nmae_pct_fs,11.611227592113243,1.6230947785511194,,,1395,52,percent_full_scale_or_percent
table_main,frozen_transfer,industrial/summary.csv,industrial,relational_only,,seed_mean,all_conditions,,,acc_at_2_pct,24.408602150537636,3.181047054633116,,,1395,52,percent_full_scale_or_percent
table_main,frozen_transfer,industrial/summary.csv,industrial,relational_only,,seed_mean,all_conditions,,,acc_at_5_pct,51.95141377937077,3.7067150307376973,,,1395,52,percent_full_scale_or_percent
table_main,frozen_transfer,industrial/summary.csv,industrial,relational_only,,seed_mean,all_conditions,,,coverage_pct,100.0,0.0,,,1395,52,percent_full_scale_or_percent
table_main,frozen_transfer,industrial/summary.csv,industrial,scalar_gate,,seed_mean,all_conditions,,,nmae_pct_fs,11.635249102575054,1.6107436097775372,,,1395,52,percent_full_scale_or_percent
table_main,frozen_transfer,industrial/summary.csv,industrial,scalar_gate,,seed_mean,all_conditions,,,acc_at_2_pct,23.882915173237752,2.8095522141708114,,,1395,52,percent_full_scale_or_percent
table_main,frozen_transfer,industrial/summary.csv,industrial,scalar_gate,,seed_mean,all_conditions,,,acc_at_5_pct,51.784149741139,3.3823963671134263,,,1395,52,percent_full_scale_or_percent
table_main,frozen_transfer,industrial/summary.csv,industrial,scalar_gate,,seed_mean,all_conditions,,,coverage_pct,100.0,0.0,,,1395,52,percent_full_scale_or_percent
table_main,frozen_transfer,industrial/summary.csv,industrial,uniform,,seed_mean,all_conditions,,,nmae_pct_fs,12.112046276421884,1.8070683284718665,,,1395,52,percent_full_scale_or_percent
table_main,frozen_transfer,industrial/summary.csv,industrial,uniform,,seed_mean,all_conditions,,,acc_at_2_pct,19.677419354838708,1.2713212190482888,,,1395,52,percent_full_scale_or_percent
table_main,frozen_transfer,industrial/summary.csv,industrial,uniform,,seed_mean,all_conditions,,,acc_at_5_pct,47.16049382716049,3.3430896846773543,,,1395,52,percent_full_scale_or_percent
table_main,frozen_transfer,industrial/summary.csv,industrial,uniform,,seed_mean,all_conditions,,,coverage_pct,100.0,0.0,,,1395,52,percent_full_scale_or_percent
table_paired,all_conditions,industrial/paired.csv,industrial,base_only,full,seed_mean,all_conditions,,,candidate_minus_reference,-0.008197930101127453,,-0.06087899984716241,0.04154129996744652,1395,52,native_metric
table_paired,all_conditions,industrial/paired.csv,industrial,base_only,full,seed_mean,all_conditions,,,candidate_minus_reference,-0.09557945041816004,,-0.7287386261875837,0.4820447093155738,1395,52,native_metric
table_paired,all_conditions,industrial/paired.csv,industrial,dual_view,full,seed_mean,all_conditions,,,candidate_minus_reference,-1.1471975058271715,,-1.6270132710578293,-0.6954668704768846,1395,52,native_metric
table_paired,all_conditions,industrial/paired.csv,industrial,dual_view,full,seed_mean,all_conditions,,,candidate_minus_reference,4.858622062923138,,2.4954244519847744,7.279594026505365,1395,52,native_metric
table_paired,all_conditions,industrial/paired.csv,industrial,fixed_prior,full,seed_mean,all_conditions,,,candidate_minus_reference,0.3354042062451167,,0.15960773300748693,0.500536509549979,1395,52,native_metric
table_paired,all_conditions,industrial/paired.csv,industrial,fixed_prior,full,seed_mean,all_conditions,,,candidate_minus_reference,-3.620071684587814,,-4.909474442483901,-2.377321082708969,1395,52,native_metric
table_paired,all_conditions,industrial/paired.csv,industrial,linear_gate,full,seed_mean,all_conditions,,,candidate_minus_reference,-0.003912685278832603,,-0.01251540969791137,0.005017838065506895,1395,52,native_metric
table_paired,all_conditions,industrial/paired.csv,industrial,linear_gate,full,seed_mean,all_conditions,,,candidate_minus_reference,0.11150935882118679,,0.008334949256276142,0.22425319455022424,1395,52,native_metric
table_paired,all_conditions,industrial/paired.csv,industrial,polar_only,full,seed_mean,all_conditions,,,candidate_minus_reference,2.1143114844422635,,1.5010107746526609,2.6976014273595617,1395,52,native_metric
table_paired,all_conditions,industrial/paired.csv,industrial,polar_only,full,seed_mean,all_conditions,,,candidate_minus_reference,-11.079251294305056,,-13.518640301808388,-8.605803235042611,1395,52,native_metric
table_paired,all_conditions,industrial/paired.csv,industrial,raw_efficientnet_b0_six_condition,full,seed_mean,all_conditions,,,candidate_minus_reference,2.767946913192695,,0.4425489573297427,5.073835912884233,1395,52,native_metric
table_paired,all_conditions,industrial/paired.csv,industrial,raw_efficientnet_b0_six_condition,full,seed_mean,all_conditions,,,candidate_minus_reference,-9.251294305057746,,-12.881478205856531,-5.6706642892922945,1395,52,native_metric
table_paired,all_conditions,industrial/paired.csv,industrial,relational_only,full,seed_mean,all_conditions,,,candidate_minus_reference,-0.009170746317873289,,-0.02284929084837743,0.004649436189649021,1395,52,native_metric
table_paired,all_conditions,industrial/paired.csv,industrial,relational_only,full,seed_mean,all_conditions,,,candidate_minus_reference,0.0836320191158901,,-0.03416188722481639,0.2041923593473495,1395,52,native_metric
table_paired,all_conditions,industrial/paired.csv,industrial,scalar_gate,full,seed_mean,all_conditions,,,candidate_minus_reference,0.014850764143937772,,0.005576471614547907,0.025194149500126932,1395,52,native_metric
table_paired,all_conditions,industrial/paired.csv,industrial,scalar_gate,full,seed_mean,all_conditions,,,candidate_minus_reference,-0.08363201911589009,,-0.18951418047229454,0.02349246453927188,1395,52,native_metric
table_paired,all_conditions,industrial/paired.csv,industrial,uniform,full,seed_mean,all_conditions,,,candidate_minus_reference,0.4916479379907679,,0.2729120355108484,0.6997583774847341,1395,52,native_metric
table_paired,all_conditions,industrial/paired.csv,industrial,uniform,full,seed_mean,all_conditions,,,candidate_minus_reference,-4.707287933094385,,-6.1356269517392255,-3.3191433386244498,1395,52,native_metric
figure_ablation,component_ablation,syncg/summary.csv,syncg,base_only,,seed_mean,all_conditions,,,nmae_pct_fs,0.7951795721640035,0.022404992227516643,,,4000,145,percent_full_scale_or_percent
figure_ablation,component_ablation,syncg/summary.csv,syncg,base_only,,seed_mean,all_conditions,,,acc_at_2_pct,93.33888888888889,0.30237294546329496,,,4000,145,percent_full_scale_or_percent
figure_ablation,component_ablation,syncg/summary.csv,syncg,dual_view,,seed_mean,all_conditions,,,nmae_pct_fs,0.7313561542797187,0.020678724958452754,,,4000,145,percent_full_scale_or_percent
figure_ablation,component_ablation,syncg/summary.csv,syncg,dual_view,,seed_mean,all_conditions,,,acc_at_2_pct,93.925,0.2787932826386613,,,4000,145,percent_full_scale_or_percent
figure_ablation,component_ablation,syncg/summary.csv,syncg,fixed_prior,,seed_mean,all_conditions,,,nmae_pct_fs,0.8953224769829022,0.020763231109294556,,,4000,145,percent_full_scale_or_percent
figure_ablation,component_ablation,syncg/summary.csv,syncg,fixed_prior,,seed_mean,all_conditions,,,acc_at_2_pct,91.59166666666665,0.28894564079309765,,,4000,145,percent_full_scale_or_percent
figure_ablation,component_ablation,syncg/summary.csv,syncg,full,,seed_mean,all_conditions,,,nmae_pct_fs,0.7403240998553681,0.02201024194363677,,,4000,145,percent_full_scale_or_percent
figure_ablation,component_ablation,syncg/summary.csv,syncg,full,,seed_mean,all_conditions,,,acc_at_2_pct,93.90416666666668,0.2905932629027081,,,4000,145,percent_full_scale_or_percent
figure_ablation,component_ablation,syncg/summary.csv,syncg,linear_gate,,seed_mean,all_conditions,,,nmae_pct_fs,0.7409502462818637,0.022055205788464472,,,4000,145,percent_full_scale_or_percent
figure_ablation,component_ablation,syncg/summary.csv,syncg,linear_gate,,seed_mean,all_conditions,,,acc_at_2_pct,93.95555555555556,0.2765214645743998,,,4000,145,percent_full_scale_or_percent
figure_ablation,component_ablation,syncg/summary.csv,syncg,no_geometry_fixed_routing,,seed_mean,all_conditions,,,nmae_pct_fs,1.3692082070344542,0.046797726063919395,,,4000,145,percent_full_scale_or_percent
figure_ablation,component_ablation,syncg/summary.csv,syncg,no_geometry_fixed_routing,,seed_mean,all_conditions,,,acc_at_2_pct,80.07083333333333,1.4958507427027792,,,4000,145,percent_full_scale_or_percent
figure_ablation,component_ablation,syncg/summary.csv,syncg,no_geometry_fusion,,seed_mean,all_conditions,,,nmae_pct_fs,1.2417925761181525,0.041691718408584565,,,4000,145,percent_full_scale_or_percent
figure_ablation,component_ablation,syncg/summary.csv,syncg,no_geometry_fusion,,seed_mean,all_conditions,,,acc_at_2_pct,82.49166666666667,1.3937546711431412,,,4000,145,percent_full_scale_or_percent
figure_ablation,component_ablation,syncg/summary.csv,syncg,no_polar_evidence,,seed_mean,all_conditions,,,nmae_pct_fs,0.752396757093892,0.022896863985545777,,,4000,145,percent_full_scale_or_percent
figure_ablation,component_ablation,syncg/summary.csv,syncg,no_polar_evidence,,seed_mean,all_conditions,,,acc_at_2_pct,93.92222222222222,0.24791958448330056,,,4000,145,percent_full_scale_or_percent
figure_ablation,component_ablation,syncg/summary.csv,syncg,no_relational_transport,,seed_mean,all_conditions,,,nmae_pct_fs,0.7914886640501209,0.020551502656500627,,,4000,145,percent_full_scale_or_percent
figure_ablation,component_ablation,syncg/summary.csv,syncg,no_relational_transport,,seed_mean,all_conditions,,,acc_at_2_pct,93.16111111111111,0.2724736650543456,,,4000,145,percent_full_scale_or_percent
figure_ablation,component_ablation,syncg/summary.csv,syncg,polar_only,,seed_mean,all_conditions,,,nmae_pct_fs,1.6355317900885389,0.044032328142669774,,,4000,145,percent_full_scale_or_percent
figure_ablation,component_ablation,syncg/summary.csv,syncg,polar_only,,seed_mean,all_conditions,,,acc_at_2_pct,76.61805555555556,0.8898183075046119,,,4000,145,percent_full_scale_or_percent
figure_ablation,component_ablation,syncg/summary.csv,syncg,raw_efficientnet_b0_six_condition,,seed_mean,all_conditions,,,nmae_pct_fs,0.726439705925198,0.006902152732278678,,,4000,145,percent_full_scale_or_percent
figure_ablation,component_ablation,syncg/summary.csv,syncg,raw_efficientnet_b0_six_condition,,seed_mean,all_conditions,,,acc_at_2_pct,95.1375,0.12956926504555025,,,4000,145,percent_full_scale_or_percent
figure_ablation,component_ablation,syncg/summary.csv,syncg,relational_only,,seed_mean,all_conditions,,,nmae_pct_fs,0.7514470879362003,0.02311677204074034,,,4000,145,percent_full_scale_or_percent
figure_ablation,component_ablation,syncg/summary.csv,syncg,relational_only,,seed_mean,all_conditions,,,acc_at_2_pct,93.81388888888888,0.33224649205293844,,,4000,145,percent_full_scale_or_percent
figure_ablation,component_ablation,syncg/summary.csv,syncg,scalar_gate,,seed_mean,all_conditions,,,nmae_pct_fs,0.738954023481185,0.021423537228487294,,,4000,145,percent_full_scale_or_percent
figure_ablation,component_ablation,syncg/summary.csv,syncg,scalar_gate,,seed_mean,all_conditions,,,acc_at_2_pct,93.96388888888889,0.2714842605082336,,,4000,145,percent_full_scale_or_percent
figure_ablation,component_ablation,syncg/summary.csv,syncg,uniform,,seed_mean,all_conditions,,,nmae_pct_fs,0.9566457161615188,0.02243253707858861,,,4000,145,percent_full_scale_or_percent
figure_ablation,component_ablation,syncg/summary.csv,syncg,uniform,,seed_mean,all_conditions,,,acc_at_2_pct,90.375,0.2572220722341784,,,4000,145,percent_full_scale_or_percent
figure3,condition_curve,figure3/condition_curves.csv,syncg,full,,,all_conditions,,,nmae_pct_fs,0.7403240998553681,0.02201024194363677,0.7005633117011467,0.7838372214036295,,145,percent_full_scale_or_percent
figure3,condition_curve,figure3/condition_curves.csv,syncg,full,,,all_conditions,,,acc_at_2_pct,93.90416666666668,0.2905932629027081,93.33973004117726,94.45009647414473,,145,percent_full_scale_or_percent
figure3,condition_curve,figure3/condition_curves.csv,syncg,full,,,all_conditions,,,acc_at_5_pct,98.89722222222223,0.04376653126830484,98.64661724963112,99.13054518166328,,145,percent_full_scale_or_percent
figure3,condition_curve,figure3/condition_curves.csv,syncg,fixed_prior,,,all_conditions,,,nmae_pct_fs,0.8953224769829022,0.020763231109294556,0.8526804448329213,0.9409003724716515,,145,percent_full_scale_or_percent
figure3,condition_curve,figure3/condition_curves.csv,syncg,fixed_prior,,,all_conditions,,,acc_at_2_pct,91.59166666666665,0.28894564079309765,90.99193798082936,92.18556362561225,,145,percent_full_scale_or_percent
figure3,condition_curve,figure3/condition_curves.csv,syncg,fixed_prior,,,all_conditions,,,acc_at_5_pct,98.38194444444444,0.14217637064706018,98.09440231530108,98.65133503786966,,145,percent_full_scale_or_percent
figure3,condition_curve,figure3/condition_curves.csv,syncg,no_geometry_fusion,,,all_conditions,,,nmae_pct_fs,1.2417925761181525,0.041691718408584565,1.1951743784964046,1.2917312494668365,,145,percent_full_scale_or_percent
figure3,condition_curve,figure3/condition_curves.csv,syncg,no_geometry_fusion,,,all_conditions,,,acc_at_2_pct,82.49166666666667,1.3937546711431412,81.89504561306634,83.08231603795608,,145,percent_full_scale_or_percent
figure3,condition_curve,figure3/condition_curves.csv,syncg,no_geometry_fusion,,,all_conditions,,,acc_at_5_pct,97.00277777777778,0.25243031675061006,96.66637573878283,97.32541588066006,,145,percent_full_scale_or_percent
figure3,condition_curve,figure3/condition_curves.csv,syncg,no_geometry_fixed_routing,,,all_conditions,,,nmae_pct_fs,1.3692082070344542,0.046797726063919395,1.319212845660042,1.4221435941939442,,145,percent_full_scale_or_percent
figure3,condition_curve,figure3/condition_curves.csv,syncg,no_geometry_fixed_routing,,,all_conditions,,,acc_at_2_pct,80.07083333333333,1.4958507427027792,79.499528990649,80.64206099327207,,145,percent_full_scale_or_percent
figure3,condition_curve,figure3/condition_curves.csv,syncg,no_geometry_fixed_routing,,,all_conditions,,,acc_at_5_pct,96.23194444444444,0.2342368419957595,95.86933686308203,96.57944899431534,,145,percent_full_scale_or_percent
figure3,condition_curve,figure3/condition_curves.csv,syncg,raw_efficientnet_b0_six_condition,,,all_conditions,,,nmae_pct_fs,0.726439705925198,0.006902152732278678,0.6788779143098629,0.7791471948981918,,145,percent_full_scale_or_percent
figure3,condition_curve,figure3/condition_curves.csv,syncg,raw_efficientnet_b0_six_condition,,,all_conditions,,,acc_at_2_pct,95.1375,0.12956926504555025,94.60534974899738,95.65218150309798,,145,percent_full_scale_or_percent
figure3,condition_curve,figure3/condition_curves.csv,syncg,raw_efficientnet_b0_six_condition,,,all_conditions,,,acc_at_5_pct,99.20694444444445,0.0800751961411074,98.97876166946736,99.4181619701261,,145,percent_full_scale_or_percent
figure3,condition_curve,figure3/condition_curves.csv,syncg,full,,,clean,,,nmae_pct_fs,0.5923961228768652,0.025134927011657173,0.56303915179623,0.6237211570779803,,145,percent_full_scale_or_percent
figure3,condition_curve,figure3/condition_curves.csv,syncg,full,,,clean,,,acc_at_2_pct,96.35833333333333,0.2919046648022845,95.82397091335831,96.86360366203893,,145,percent_full_scale_or_percent
figure3,condition_curve,figure3/condition_curves.csv,syncg,full,,,clean,,,acc_at_5_pct,99.44166666666668,0.038188130791299596,99.22717557872748,99.63651546056187,,145,percent_full_scale_or_percent
figure3,condition_curve,figure3/condition_curves.csv,syncg,fixed_prior,,,clean,,,nmae_pct_fs,0.6011320958884122,0.026474606898900268,0.5720641894784159,0.6321095314473337,,145,percent_full_scale_or_percent
figure3,condition_curve,figure3/condition_curves.csv,syncg,fixed_prior,,,clean,,,acc_at_2_pct,96.375,0.4422951503238607,95.84876606207479,96.87656203384454,,145,percent_full_scale_or_percent
figure3,condition_curve,figure3/condition_curves.csv,syncg,fixed_prior,,,clean,,,acc_at_5_pct,99.45833333333333,0.014433756729743926,99.24412235460308,99.65235097443215,,145,percent_full_scale_or_percent
figure3,condition_curve,figure3/condition_curves.csv,syncg,no_geometry_fusion,,,clean,,,nmae_pct_fs,0.5912653219633891,0.024838746621797667,0.561813838527056,0.6226954563817403,,145,percent_full_scale_or_percent
figure3,condition_curve,figure3/condition_curves.csv,syncg,no_geometry_fusion,,,clean,,,acc_at_2_pct,96.35000000000001,0.3750000000000071,95.81699023482912,96.8553536976741,,145,percent_full_scale_or_percent
figure3,condition_curve,figure3/condition_curves.csv,syncg,no_geometry_fusion,,,clean,,,acc_at_5_pct,99.44166666666668,0.038188130791299596,99.22717557872748,99.63651546056187,,145,percent_full_scale_or_percent
figure3,condition_curve,figure3/condition_curves.csv,syncg,no_geometry_fixed_routing,,,clean,,,nmae_pct_fs,0.6011320766701829,0.026474606567506866,0.5720642129019394,0.6321095213373389,,145,percent_full_scale_or_percent
figure3,condition_curve,figure3/condition_curves.csv,syncg,no_geometry_fixed_routing,,,clean,,,acc_at_2_pct,96.375,0.4422951503238607,95.84876606207479,96.87656203384454,,145,percent_full_scale_or_percent
figure3,condition_curve,figure3/condition_curves.csv,syncg,no_geometry_fixed_routing,,,clean,,,acc_at_5_pct,99.45833333333333,0.014433756729743926,99.24412235460308,99.65235097443215,,145,percent_full_scale_or_percent
figure3,condition_curve,figure3/condition_curves.csv,syncg,raw_efficientnet_b0_six_condition,,,clean,,,nmae_pct_fs,0.5785508045883034,0.012141619971741334,0.5470092056300482,0.616447330126961,,145,percent_full_scale_or_percent
figure3,condition_curve,figure3/condition_curves.csv,syncg,raw_efficientnet_b0_six_condition,,,clean,,,acc_at_2_pct,97.33333333333333,0.33942353090693356,96.88536899247485,97.77445673049107,,145,percent_full_scale_or_percent
figure3,condition_curve,figure3/condition_curves.csv,syncg,raw_efficientnet_b0_six_condition,,,clean,,,acc_at_5_pct,99.51666666666667,0.0520416499866515,99.32608684269528,99.69340880721069,,145,percent_full_scale_or_percent
figure3,condition_curve,figure3/condition_curves.csv,syncg,full,,,blur_moderate,,,nmae_pct_fs,0.5919963375975688,0.02911306665804086,0.5616498275458186,0.6243879729503827,,145,percent_full_scale_or_percent
figure3,condition_curve,figure3/condition_curves.csv,syncg,full,,,blur_moderate,,,acc_at_2_pct,96.34166666666668,0.36429154990657786,95.80326480693101,96.85374531320608,,145,percent_full_scale_or_percent
figure3,condition_curve,figure3/condition_curves.csv,syncg,full,,,blur_moderate,,,acc_at_5_pct,99.38333333333333,0.06291528696058978,99.15516046771916,99.58816607833249,,145,percent_full_scale_or_percent
figure3,condition_curve,figure3/condition_curves.csv,syncg,fixed_prior,,,blur_moderate,,,nmae_pct_fs,0.60066140833466,0.030565076602199596,0.5705722851548816,0.6329511341373919,,145,percent_full_scale_or_percent
figure3,condition_curve,figure3/condition_curves.csv,syncg,fixed_prior,,,blur_moderate,,,acc_at_2_pct,96.34999999999998,0.42720018726588055,95.81602719958883,96.86051848818116,,145,percent_full_scale_or_percent
figure3,condition_curve,figure3/condition_curves.csv,syncg,fixed_prior,,,blur_moderate,,,acc_at_5_pct,99.39999999999999,0.06614378277661369,99.1738288533304,99.60484070140775,,145,percent_full_scale_or_percent
figure3,condition_curve,figure3/condition_curves.csv,syncg,no_geometry_fusion,,,blur_moderate,,,nmae_pct_fs,0.5907535593723879,0.028638359425600696,0.5602104670732541,0.6233070560199301,,145,percent_full_scale_or_percent
figure3,condition_curve,figure3/condition_curves.csv,syncg,no_geometry_fusion,,,blur_moderate,,,acc_at_2_pct,96.35000000000001,0.3881043674065032,95.80371796733087,96.86906576945398,,145,percent_full_scale_or_percent
figure3,condition_curve,figure3/condition_curves.csv,syncg,no_geometry_fusion,,,blur_moderate,,,acc_at_5_pct,99.375,0.06614378277661369,99.14613100706687,99.58210679568012,,145,percent_full_scale_or_percent
figure3,condition_curve,figure3/condition_curves.csv,syncg,no_geometry_fixed_routing,,,blur_moderate,,,nmae_pct_fs,0.6006614029640331,0.03056506586402482,0.5705722930310381,0.6329511583452645,,145,percent_full_scale_or_percent
figure3,condition_curve,figure3/condition_curves.csv,syncg,no_geometry_fixed_routing,,,blur_moderate,,,acc_at_2_pct,96.34999999999998,0.42720018726588055,95.81602719958883,96.86051848818116,,145,percent_full_scale_or_percent
figure3,condition_curve,figure3/condition_curves.csv,syncg,no_geometry_fixed_routing,,,blur_moderate,,,acc_at_5_pct,99.39999999999999,0.06614378277661369,99.1738288533304,99.60484070140775,,145,percent_full_scale_or_percent
figure3,condition_curve,figure3/condition_curves.csv,syncg,raw_efficientnet_b0_six_condition,,,blur_moderate,,,nmae_pct_fs,0.5776278438099932,0.011742899430084228,0.5456705219002859,0.6155457299573796,,145,percent_full_scale_or_percent
figure3,condition_curve,figure3/condition_curves.csv,syncg,raw_efficientnet_b0_six_condition,,,blur_moderate,,,acc_at_2_pct,97.38333333333333,0.34125992049072085,96.93282241165149,97.82061155948566,,145,percent_full_scale_or_percent
figure3,condition_curve,figure3/condition_curves.csv,syncg,raw_efficientnet_b0_six_condition,,,blur_moderate,,,acc_at_5_pct,99.5,0.04330127018921537,99.30017058235441,99.68150397128049,,145,percent_full_scale_or_percent
figure3,condition_curve,figure3/condition_curves.csv,syncg,full,,,blur_severe,,,nmae_pct_fs,0.6125304216654816,0.028369090959729896,0.5771692286983019,0.6506316944329938,,145,percent_full_scale_or_percent
figure3,condition_curve,figure3/condition_curves.csv,syncg,full,,,blur_severe,,,acc_at_2_pct,96.06666666666668,0.33008837200564295,95.4890812468779,96.62728984762882,,145,percent_full_scale_or_percent
figure3,condition_curve,figure3/condition_curves.csv,syncg,full,,,blur_severe,,,acc_at_5_pct,99.36666666666667,0.1181453906563125,99.12589800186835,99.5809726067523,,145,percent_full_scale_or_percent
figure3,condition_curve,figure3/condition_curves.csv,syncg,fixed_prior,,,blur_severe,,,nmae_pct_fs,0.6210626477472639,0.029767069928251955,0.5859896876989239,0.658972820075141,,145,percent_full_scale_or_percent
figure3,condition_curve,figure3/condition_curves.csv,syncg,fixed_prior,,,blur_severe,,,acc_at_2_pct,96.00833333333334,0.3502974926163964,95.42628876195316,96.56959895359483,,145,percent_full_scale_or_percent
figure3,condition_curve,figure3/condition_curves.csv,syncg,fixed_prior,,,blur_severe,,,acc_at_5_pct,99.39166666666667,0.09464847243000168,99.15938252380411,99.59791158726487,,145,percent_full_scale_or_percent
figure3,condition_curve,figure3/condition_curves.csv,syncg,no_geometry_fusion,,,blur_severe,,,nmae_pct_fs,0.6114294595492539,0.027841595268312837,0.5758854770322598,0.6496669966282261,,145,percent_full_scale_or_percent
figure3,condition_curve,figure3/condition_curves.csv,syncg,no_geometry_fusion,,,blur_severe,,,acc_at_2_pct,96.09999999999998,0.35266839949164164,95.5143960324572,96.66666666666666,,145,percent_full_scale_or_percent
figure3,condition_curve,figure3/condition_curves.csv,syncg,no_geometry_fusion,,,blur_severe,,,acc_at_5_pct,99.375,0.10897247358851717,99.1369612294806,99.58617473047319,,145,percent_full_scale_or_percent
figure3,condition_curve,figure3/condition_curves.csv,syncg,no_geometry_fixed_routing,,,blur_severe,,,nmae_pct_fs,0.6210626151781374,0.02976702492503909,0.5859896674934794,0.658972771178585,,145,percent_full_scale_or_percent
figure3,condition_curve,figure3/condition_curves.csv,syncg,no_geometry_fixed_routing,,,blur_severe,,,acc_at_2_pct,96.00833333333334,0.3502974926163964,95.42628876195316,96.56959895359483,,145,percent_full_scale_or_percent
figure3,condition_curve,figure3/condition_curves.csv,syncg,no_geometry_fixed_routing,,,blur_severe,,,acc_at_5_pct,99.39166666666667,0.09464847243000168,99.15938252380411,99.59791158726487,,145,percent_full_scale_or_percent
figure3,condition_curve,figure3/condition_curves.csv,syncg,raw_efficientnet_b0_six_condition,,,blur_severe,,,nmae_pct_fs,0.6032160897986615,0.008738629718343069,0.5661451544637716,0.6470174813708464,,145,percent_full_scale_or_percent
figure3,condition_curve,figure3/condition_curves.csv,syncg,raw_efficientnet_b0_six_condition,,,blur_severe,,,acc_at_2_pct,96.9833333333333,0.36429154990657037,96.48469495977942,97.47075707012252,,145,percent_full_scale_or_percent
figure3,condition_curve,figure3/condition_curves.csv,syncg,raw_efficientnet_b0_six_condition,,,blur_severe,,,acc_at_5_pct,99.42500000000001,0.05000000000000426,99.2116836777031,99.62261287203576,,145,percent_full_scale_or_percent
figure3,condition_curve,figure3/condition_curves.csv,syncg,full,,,perspective_moderate,,,nmae_pct_fs,0.7397622305337185,0.015244277470396849,0.6891441944492815,0.7979966138680561,,145,percent_full_scale_or_percent
figure3,condition_curve,figure3/condition_curves.csv,syncg,full,,,perspective_moderate,,,acc_at_2_pct,94.14999999999999,0.4981214711292885,93.53458848405985,94.75294099427849,,145,percent_full_scale_or_percent
figure3,condition_curve,figure3/condition_curves.csv,syncg,full,,,perspective_moderate,,,acc_at_5_pct,99.25833333333334,0.08779711460711195,99.00636599367671,99.48823476257554,,145,percent_full_scale_or_percent
figure3,condition_curve,figure3/condition_curves.csv,syncg,fixed_prior,,,perspective_moderate,,,nmae_pct_fs,0.818238231058543,0.0205343493089798,0.7664805380445116,0.8773672360799837,,145,percent_full_scale_or_percent
figure3,condition_curve,figure3/condition_curves.csv,syncg,fixed_prior,,,perspective_moderate,,,acc_at_2_pct,93.35833333333333,0.873689494805412,92.66984905842959,94.03788666024887,,145,percent_full_scale_or_percent
figure3,condition_curve,figure3/condition_curves.csv,syncg,fixed_prior,,,perspective_moderate,,,acc_at_5_pct,99.13333333333333,0.12829003598617958,98.8545809551247,99.39086400301561,,145,percent_full_scale_or_percent
figure3,condition_curve,figure3/condition_curves.csv,syncg,no_geometry_fusion,,,perspective_moderate,,,nmae_pct_fs,1.1734162752729995,0.041343765421759715,1.121205369899782,1.2322732081087124,,145,percent_full_scale_or_percent
figure3,condition_curve,figure3/condition_curves.csv,syncg,no_geometry_fusion,,,perspective_moderate,,,acc_at_2_pct,86.70833333333333,0.9254503408251185,85.86162817108799,87.56021196946254,,145,percent_full_scale_or_percent
figure3,condition_curve,figure3/condition_curves.csv,syncg,no_geometry_fusion,,,perspective_moderate,,,acc_at_5_pct,98.73333333333335,0.07216878364870323,98.40222898598456,99.04643449419568,,145,percent_full_scale_or_percent
figure3,condition_curve,figure3/condition_curves.csv,syncg,no_geometry_fixed_routing,,,perspective_moderate,,,nmae_pct_fs,1.260205262810147,0.035173945931957835,1.2068656555477426,1.3200685595426878,,145,percent_full_scale_or_percent
figure3,condition_curve,figure3/condition_curves.csv,syncg,no_geometry_fixed_routing,,,perspective_moderate,,,acc_at_2_pct,84.46666666666667,1.4984019264981423,83.55262326799819,85.35289985952873,,145,percent_full_scale_or_percent
figure3,condition_curve,figure3/condition_curves.csv,syncg,no_geometry_fixed_routing,,,perspective_moderate,,,acc_at_5_pct,98.56666666666666,0.07216878364871143,98.21882951653943,98.89933213042525,,145,percent_full_scale_or_percent
figure3,condition_curve,figure3/condition_curves.csv,syncg,raw_efficientnet_b0_six_condition,,,perspective_moderate,,,nmae_pct_fs,0.6875402984437339,0.004207243039654798,0.6397613163276864,0.7421912962675191,,145,percent_full_scale_or_percent
figure3,condition_curve,figure3/condition_curves.csv,syncg,raw_efficientnet_b0_six_condition,,,perspective_moderate,,,acc_at_2_pct,95.64166666666667,0.06291528696058978,95.04480675997095,96.21933762641304,,145,percent_full_scale_or_percent
figure3,condition_curve,figure3/condition_curves.csv,syncg,raw_efficientnet_b0_six_condition,,,perspective_moderate,,,acc_at_5_pct,99.38333333333334,0.08779711460711195,99.15009230958844,99.59750287497945,,145,percent_full_scale_or_percent
figure3,condition_curve,figure3/condition_curves.csv,syncg,full,,,perspective_severe,,,nmae_pct_fs,0.8798733879928479,0.01730501757573105,0.8278613844788305,0.9381363676722033,,145,percent_full_scale_or_percent
figure3,condition_curve,figure3/condition_curves.csv,syncg,full,,,perspective_severe,,,acc_at_2_pct,91.38333333333333,0.37109073463687564,90.4749833657959,92.2419627749577,,145,percent_full_scale_or_percent
figure3,condition_curve,figure3/condition_curves.csv,syncg,full,,,perspective_severe,,,acc_at_5_pct,98.30833333333332,0.12583057392117858,97.93638410788103,98.65378299017252,,145,percent_full_scale_or_percent
figure3,condition_curve,figure3/condition_curves.csv,syncg,fixed_prior,,,perspective_severe,,,nmae_pct_fs,1.2676506078685634,0.03590900138470639,1.2075668997370073,1.330941235383594,,145,percent_full_scale_or_percent
figure3,condition_curve,figure3/condition_curves.csv,syncg,fixed_prior,,,perspective_severe,,,acc_at_2_pct,85.41666666666667,0.8255048960080894,84.39803031120397,86.43982035236016,,145,percent_full_scale_or_percent
figure3,condition_curve,figure3/condition_curves.csv,syncg,fixed_prior,,,perspective_severe,,,acc_at_5_pct,96.95,0.25372228912730577,96.44960485818758,97.4198409824226,,145,percent_full_scale_or_percent
figure3,condition_curve,figure3/condition_curves.csv,syncg,no_geometry_fusion,,,perspective_severe,,,nmae_pct_fs,2.159500044308758,0.13171101571186739,2.081922637431388,2.240511103794645,,145,percent_full_scale_or_percent
figure3,condition_curve,figure3/condition_curves.csv,syncg,no_geometry_fusion,,,perspective_severe,,,acc_at_2_pct,60.80833333333334,4.558257159631661,59.69779331826035,61.93912550425016,,145,percent_full_scale_or_percent
figure3,condition_curve,figure3/condition_curves.csv,syncg,no_geometry_fusion,,,perspective_severe,,,acc_at_5_pct,93.14166666666667,0.7522189397597903,92.47845616215533,93.79310771172277,,145,percent_full_scale_or_percent
figure3,condition_curve,figure3/condition_curves.csv,syncg,no_geometry_fixed_routing,,,perspective_severe,,,nmae_pct_fs,2.4702861528339173,0.13932011862725605,2.38137174974632,2.562728447207063,,145,percent_full_scale_or_percent
figure3,condition_curve,figure3/condition_curves.csv,syncg,no_geometry_fixed_routing,,,perspective_severe,,,acc_at_2_pct,54.56666666666666,4.6109471189044635,53.480397624725896,55.675727808156395,,145,percent_full_scale_or_percent
figure3,condition_curve,figure3/condition_curves.csv,syncg,no_geometry_fixed_routing,,,perspective_severe,,,acc_at_5_pct,91.14166666666667,0.7023769168568458,90.37419652493578,91.89679396549388,,145,percent_full_scale_or_percent
figure3,condition_curve,figure3/condition_curves.csv,syncg,raw_efficientnet_b0_six_condition,,,perspective_severe,,,nmae_pct_fs,0.9195313495384956,0.0017459373989113696,0.8462808542962054,1.0012900994211509,,145,percent_full_scale_or_percent
figure3,condition_curve,figure3/condition_curves.csv,syncg,raw_efficientnet_b0_six_condition,,,perspective_severe,,,acc_at_2_pct,92.175,0.13228756555323545,91.3475993304384,92.97891378083085,,145,percent_full_scale_or_percent
figure3,condition_curve,figure3/condition_curves.csv,syncg,raw_efficientnet_b0_six_condition,,,perspective_severe,,,acc_at_5_pct,98.91666666666667,0.20207259421636514,98.61632074685339,99.19915635427233,,145,percent_full_scale_or_percent
figure3,condition_curve,figure3/condition_curves.csv,syncg,full,,,combined_severe,,,nmae_pct_fs,1.025386098465727,0.019099507057811174,0.9556070288094756,1.1003871072092224,,145,percent_full_scale_or_percent
figure3,condition_curve,figure3/condition_curves.csv,syncg,full,,,combined_severe,,,acc_at_2_pct,89.125,0.32787192621509653,88.12591279644245,90.08449431662508,,145,percent_full_scale_or_percent
figure3,condition_curve,figure3/condition_curves.csv,syncg,full,,,combined_severe,,,acc_at_5_pct,97.625,0.09013878188659856,97.16238486432663,98.06811068602585,,145,percent_full_scale_or_percent
figure3,condition_curve,figure3/condition_curves.csv,syncg,fixed_prior,,,combined_severe,,,nmae_pct_fs,1.4631898709999707,0.033388036674258416,1.386312884898131,1.5441547495312515,,145,percent_full_scale_or_percent
figure3,condition_curve,figure3/condition_curves.csv,syncg,fixed_prior,,,combined_severe,,,acc_at_2_pct,82.04166666666667,0.8931451916308634,80.98758990103609,83.11066317738197,,145,percent_full_scale_or_percent
figure3,condition_curve,figure3/condition_curves.csv,syncg,fixed_prior,,,combined_severe,,,acc_at_5_pct,95.95833333333333,0.3403429642777045,95.37222163389693,96.51681065050877,,145,percent_full_scale_or_percent
figure3,condition_curve,figure3/condition_curves.csv,syncg,no_geometry_fusion,,,combined_severe,,,nmae_pct_fs,2.324390796242126,0.1172187829476696,2.2346797769722713,2.4186556853180905,,145,percent_full_scale_or_percent
figure3,condition_curve,figure3/condition_curves.csv,syncg,no_geometry_fusion,,,combined_severe,,,acc_at_2_pct,58.633333333333326,4.005100914250889,57.46923815432966,59.81316539373721,,145,percent_full_scale_or_percent
figure3,condition_curve,figure3/condition_curves.csv,syncg,no_geometry_fusion,,,combined_severe,,,acc_at_5_pct,91.95,0.614410286372228,91.19113594727244,92.68436578171091,,145,percent_full_scale_or_percent
figure3,condition_curve,figure3/condition_curves.csv,syncg,no_geometry_fixed_routing,,,combined_severe,,,nmae_pct_fs,2.661901731750307,0.12581392097073166,2.560630126456807,2.768198480010567,,145,percent_full_scale_or_percent
figure3,condition_curve,figure3/condition_curves.csv,syncg,no_geometry_fixed_routing,,,combined_severe,,,acc_at_2_pct,52.65833333333334,4.100101624756796,51.54655688785238,53.80819327017844,,145,percent_full_scale_or_percent
figure3,condition_curve,figure3/condition_curves.csv,syncg,no_geometry_fixed_routing,,,combined_severe,,,acc_at_5_pct,89.43333333333334,0.6525590650150618,88.5969138902624,90.2565434356518,,145,percent_full_scale_or_percent
figure3,condition_curve,figure3/condition_curves.csv,syncg,raw_efficientnet_b0_six_condition,,,combined_severe,,,nmae_pct_fs,0.9921718493720012,0.008252958117504502,0.9021870736567281,1.0936067923961188,,145,percent_full_scale_or_percent
figure3,condition_curve,figure3/condition_curves.csv,syncg,raw_efficientnet_b0_six_condition,,,combined_severe,,,acc_at_2_pct,91.30833333333334,0.35384789575936754,90.38969783347181,92.20551898876312,,145,percent_full_scale_or_percent
figure3,condition_curve,figure3/condition_curves.csv,syncg,raw_efficientnet_b0_six_condition,,,combined_severe,,,acc_at_5_pct,98.5,0.30413812651491007,98.0895903366759,98.8743751034995,,145,percent_full_scale_or_percent
figure3,factorial_interaction,figure3/geometry_routing_interaction.csv,syncg,,,,all_conditions,,,nmae_pct_fs,-0.027582746211232412,0.011306681903836536,-0.033978391347283345,-0.02124566443866891,,145,percent_full_scale_or_percent
figure3,factorial_interaction,figure3/geometry_routing_interaction.csv,syncg,,,,clean,,,nmae_pct_fs,0.0011307816952466966,0.0008143305336500963,0.0005517509491544506,0.001698359304146855,,145,percent_full_scale_or_percent
figure3,factorial_interaction,figure3/geometry_routing_interaction.csv,syncg,,,,blur_moderate,,,nmae_pct_fs,0.0012427728545541562,0.0008252109332937303,0.0006971745656081124,0.0017814636359145513,,145,percent_full_scale_or_percent
figure3,factorial_interaction,figure3/geometry_routing_interaction.csv,syncg,,,,blur_severe,,,nmae_pct_fs,0.001100929547101259,0.0006314644550863609,0.0005646082227739583,0.0016257546888951136,,145,percent_full_scale_or_percent
figure3,factorial_interaction,figure3/geometry_routing_interaction.csv,syncg,,,,perspective_moderate,,,nmae_pct_fs,0.008312987012322992,0.00924152288015657,0.0010852720318165732,0.0152844443573855,,145,percent_full_scale_or_percent
figure3,factorial_interaction,figure3/geometry_routing_interaction.csv,syncg,,,,perspective_severe,,,nmae_pct_fs,-0.07699111135055621,0.03702445303485053,-0.09522778725018136,-0.05864975951384165,,145,percent_full_scale_or_percent
figure3,factorial_interaction,figure3/geometry_routing_interaction.csv,syncg,,,,combined_severe,,,nmae_pct_fs,-0.10029283702606336,0.026035299472559316,-0.11885215742442563,-0.08177975969095382,,145,percent_full_scale_or_percent
figure3,perspective_curve,figure3/perspective_curves.csv,syncg,full,,,,,0,nmae_pct_fs,0.592417120597844,0.025169400008967408,0.5630726918991847,0.6237439547933042,4000,145,percent_full_scale_or_percent
figure3,perspective_curve,figure3/perspective_curves.csv,syncg,full,,,,,0,acc_at_2_pct,96.35000000000001,0.30310889132455093,95.8097106021503,96.85812560884027,4000,145,percent_full_scale_or_percent
figure3,perspective_curve,figure3/perspective_curves.csv,syncg,full,,,,,0,acc_at_5_pct,99.44166666666668,0.038188130791299596,99.22717557872748,99.63651546056187,4000,145,percent_full_scale_or_percent
figure3,perspective_curve,figure3/perspective_curves.csv,syncg,no_geometry_fusion,,,,,0,nmae_pct_fs,0.591291861428896,0.024872503184770647,0.5618281423484137,0.6227073784209705,4000,145,percent_full_scale_or_percent
figure3,perspective_curve,figure3/perspective_curves.csv,syncg,no_geometry_fusion,,,,,0,acc_at_2_pct,96.34166666666668,0.3752776749732638,95.80923522862491,96.84753318267745,4000,145,percent_full_scale_or_percent
figure3,perspective_curve,figure3/perspective_curves.csv,syncg,no_geometry_fusion,,,,,0,acc_at_5_pct,99.44166666666668,0.038188130791299596,99.22717557872748,99.63651546056187,4000,145,percent_full_scale_or_percent
figure3,perspective_curve,figure3/perspective_curves.csv,syncg,raw_efficientnet_b0,,,,,0,nmae_pct_fs,0.6176217035149133,0.02782553416113905,0.5889765073746474,0.6482228463131275,4000,145,percent_full_scale_or_percent
figure3,perspective_curve,figure3/perspective_curves.csv,syncg,raw_efficientnet_b0,,,,,0,acc_at_2_pct,96.28333333333335,0.4389855730355308,95.77760825188773,96.76942226556335,4000,145,percent_full_scale_or_percent
figure3,perspective_curve,figure3/perspective_curves.csv,syncg,raw_efficientnet_b0,,,,,0,acc_at_5_pct,99.47500000000001,0.02499999999999858,99.26730672056594,99.66507787934425,4000,145,percent_full_scale_or_percent
figure3,perspective_curve,figure3/perspective_curves.csv,syncg,full,,,,,15,nmae_pct_fs,0.7345653581282211,0.034200544913494675,0.6894141001597315,0.7879679222342064,4000,145,percent_full_scale_or_percent
figure3,perspective_curve,figure3/perspective_curves.csv,syncg,full,,,,,15,acc_at_2_pct,94.60833333333333,0.6866282351704863,93.99652582587933,95.20992765399613,4000,145,percent_full_scale_or_percent
figure3,perspective_curve,figure3/perspective_curves.csv,syncg,full,,,,,15,acc_at_5_pct,99.35833333333335,0.10408329997330869,99.12042203171286,99.57457723547917,4000,145,percent_full_scale_or_percent
figure3,perspective_curve,figure3/perspective_curves.csv,syncg,no_geometry_fusion,,,,,15,nmae_pct_fs,0.9058838417974059,0.013653191232920825,0.8574579139277664,0.961959922756396,4000,145,percent_full_scale_or_percent
figure3,perspective_curve,figure3/perspective_curves.csv,syncg,no_geometry_fusion,,,,,15,acc_at_2_pct,92.85000000000001,0.3929058411375453,92.09263476693661,93.61471993518113,4000,145,percent_full_scale_or_percent
figure3,perspective_curve,figure3/perspective_curves.csv,syncg,no_geometry_fusion,,,,,15,acc_at_5_pct,99.175,0.08660254037843894,98.88065843621399,99.43893480301193,4000,145,percent_full_scale_or_percent
figure3,perspective_curve,figure3/perspective_curves.csv,syncg,raw_efficientnet_b0,,,,,15,nmae_pct_fs,1.0619828724127987,0.00620040264904889,1.0081716168166013,1.1235715339994272,4000,145,percent_full_scale_or_percent
figure3,perspective_curve,figure3/perspective_curves.csv,syncg,raw_efficientnet_b0,,,,,15,acc_at_2_pct,89.89166666666667,0.07637626158260075,89.04678724826799,90.73373298620453,4000,145,percent_full_scale_or_percent
figure3,perspective_curve,figure3/perspective_curves.csv,syncg,raw_efficientnet_b0,,,,,15,acc_at_5_pct,98.95833333333333,0.17017148213885225,98.65617503926529,99.23586410210787,4000,145,percent_full_scale_or_percent
figure3,perspective_curve,figure3/perspective_curves.csv,syncg,full,,,,,25,nmae_pct_fs,0.7397693119701206,0.015242454347612724,0.6891569590327811,0.7980357770701726,4000,145,percent_full_scale_or_percent
figure3,perspective_curve,figure3/perspective_curves.csv,syncg,full,,,,,25,acc_at_2_pct,94.14999999999999,0.4981214711292885,93.53408543390131,94.75355455947562,4000,145,percent_full_scale_or_percent
figure3,perspective_curve,figure3/perspective_curves.csv,syncg,full,,,,,25,acc_at_5_pct,99.25833333333334,0.08779711460711195,99.00636599367671,99.48823476257554,4000,145,percent_full_scale_or_percent
figure3,perspective_curve,figure3/perspective_curves.csv,syncg,no_geometry_fusion,,,,,25,nmae_pct_fs,1.1734377345246187,0.04126868310355301,1.1212288892691917,1.2322949594972683,4000,145,percent_full_scale_or_percent
figure3,perspective_curve,figure3/perspective_curves.csv,syncg,no_geometry_fusion,,,,,25,acc_at_2_pct,86.71666666666665,0.9381941874331419,85.86612710225607,87.57411568793998,4000,145,percent_full_scale_or_percent
figure3,perspective_curve,figure3/perspective_curves.csv,syncg,no_geometry_fusion,,,,,25,acc_at_5_pct,98.72500000000001,0.06614378277661369,98.39327323403451,99.03773537669565,4000,145,percent_full_scale_or_percent
figure3,perspective_curve,figure3/perspective_curves.csv,syncg,raw_efficientnet_b0,,,,,25,nmae_pct_fs,1.4447879977701,0.028164313478167044,1.3856533870649823,1.5110921922251153,4000,145,percent_full_scale_or_percent
figure3,perspective_curve,figure3/perspective_curves.csv,syncg,raw_efficientnet_b0,,,,,25,acc_at_2_pct,78.89166666666667,1.725241528984656,77.90830060587042,79.86870674161646,4000,145,percent_full_scale_or_percent
figure3,perspective_curve,figure3/perspective_curves.csv,syncg,raw_efficientnet_b0,,,,,25,acc_at_5_pct,98.03333333333335,0.29615592739861174,97.64394770990316,98.40801039060258,4000,145,percent_full_scale_or_percent
figure3,perspective_curve,figure3/perspective_curves.csv,syncg,full,,,,,35,nmae_pct_fs,0.7864686906171229,0.013994878123270627,0.7378639799573732,0.8420233946034148,4000,145,percent_full_scale_or_percent
figure3,perspective_curve,figure3/perspective_curves.csv,syncg,full,,,,,35,acc_at_2_pct,93.21666666666665,0.2765110003839498,92.5381683066728,93.9049609036944,4000,145,percent_full_scale_or_percent
figure3,perspective_curve,figure3/perspective_curves.csv,syncg,full,,,,,35,acc_at_5_pct,98.97500000000001,0.11456439237389258,98.68917679876608,99.23979842481546,4000,145,percent_full_scale_or_percent
figure3,perspective_curve,figure3/perspective_curves.csv,syncg,no_geometry_fusion,,,,,35,nmae_pct_fs,1.5579037032110863,0.08110856130974145,1.4983611509470334,1.622160190458853,4000,145,percent_full_scale_or_percent
figure3,perspective_curve,figure3/perspective_curves.csv,syncg,no_geometry_fusion,,,,,35,acc_at_2_pct,74.75,4.143443616124156,73.7046137184844,75.81136797646825,4000,145,percent_full_scale_or_percent
figure3,perspective_curve,figure3/perspective_curves.csv,syncg,no_geometry_fusion,,,,,35,acc_at_5_pct,97.48333333333335,0.3511884584284263,97.007553000995,97.93518740091532,4000,145,percent_full_scale_or_percent
figure3,perspective_curve,figure3/perspective_curves.csv,syncg,raw_efficientnet_b0,,,,,35,nmae_pct_fs,2.0880299114126952,0.06551103987511155,2.001871840354433,2.1808000328731123,4000,145,percent_full_scale_or_percent
figure3,perspective_curve,figure3/perspective_curves.csv,syncg,raw_efficientnet_b0,,,,,35,acc_at_2_pct,62.04999999999999,4.389120071267131,60.93619261797673,63.182932062825635,4000,145,percent_full_scale_or_percent
figure3,perspective_curve,figure3/perspective_curves.csv,syncg,raw_efficientnet_b0,,,,,35,acc_at_5_pct,94.59166666666665,0.6276610019216846,93.94906533050084,95.21072796934865,4000,145,percent_full_scale_or_percent
figure3,perspective_curve,figure3/perspective_curves.csv,syncg,full,,,,,45,nmae_pct_fs,0.879916577869237,0.017226402187926634,0.8279605797321641,0.9382327194777389,4000,145,percent_full_scale_or_percent
figure3,perspective_curve,figure3/perspective_curves.csv,syncg,full,,,,,45,acc_at_2_pct,91.40833333333332,0.38269875010683824,90.49429102462314,92.267288082103,4000,145,percent_full_scale_or_percent
figure3,perspective_curve,figure3/perspective_curves.csv,syncg,full,,,,,45,acc_at_5_pct,98.30833333333332,0.12583057392117858,97.93638410788103,98.65378299017252,4000,145,percent_full_scale_or_percent
figure3,perspective_curve,figure3/perspective_curves.csv,syncg,no_geometry_fusion,,,,,45,nmae_pct_fs,2.1592593341466766,0.13144575283581234,2.081667659698181,2.2402226581984195,4000,145,percent_full_scale_or_percent
figure3,perspective_curve,figure3/perspective_curves.csv,syncg,no_geometry_fusion,,,,,45,acc_at_2_pct,60.81666666666666,4.587028813222494,59.705107914463994,61.94736210851828,4000,145,percent_full_scale_or_percent
figure3,perspective_curve,figure3/perspective_curves.csv,syncg,no_geometry_fusion,,,,,45,acc_at_5_pct,93.15000000000002,0.7603453162872856,92.48800830199399,93.79885432570266,4000,145,percent_full_scale_or_percent
figure3,perspective_curve,figure3/perspective_curves.csv,syncg,raw_efficientnet_b0,,,,,45,nmae_pct_fs,3.21243261682154,0.17955894450618096,3.0819655321761767,3.3473019065699243,4000,145,percent_full_scale_or_percent
figure3,perspective_curve,figure3/perspective_curves.csv,syncg,raw_efficientnet_b0,,,,,45,acc_at_2_pct,45.324999999999996,4.738736645984877,44.15026489862355,46.51997880517404,4000,145,percent_full_scale_or_percent
figure3,perspective_curve,figure3/perspective_curves.csv,syncg,raw_efficientnet_b0,,,,,45,acc_at_5_pct,84.61666666666666,1.9276496915501335,83.73346811557579,85.49773958993828,4000,145,percent_full_scale_or_percent
figure3,perspective_curve,figure3/perspective_curves.csv,syncg,full,,,,,60,nmae_pct_fs,11.416272018053766,1.598569147525814,10.987121129371625,11.857684434750368,4000,145,percent_full_scale_or_percent
figure3,perspective_curve,figure3/perspective_curves.csv,syncg,full,,,,,60,acc_at_2_pct,16.099999999999998,2.926068181023812,15.280511013153998,16.91900702154229,4000,145,percent_full_scale_or_percent
figure3,perspective_curve,figure3/perspective_curves.csv,syncg,full,,,,,60,acc_at_5_pct,38.15833333333333,5.612560318903781,36.90976990347378,39.42877143733511,4000,145,percent_full_scale_or_percent
figure3,perspective_curve,figure3/perspective_curves.csv,syncg,no_geometry_fusion,,,,,60,nmae_pct_fs,11.40639446756125,1.5809194404434124,10.977682167172077,11.84774868344474,4000,145,percent_full_scale_or_percent
figure3,perspective_curve,figure3/perspective_curves.csv,syncg,no_geometry_fusion,,,,,60,acc_at_2_pct,16.041666666666668,2.9084288427488363,15.234043046350127,16.864983454131938,4000,145,percent_full_scale_or_percent
figure3,perspective_curve,figure3/perspective_curves.csv,syncg,no_geometry_fusion,,,,,60,acc_at_5_pct,38.35833333333333,5.476217520637151,37.088157039204276,39.63803322409532,4000,145,percent_full_scale_or_percent
figure3,perspective_curve,figure3/perspective_curves.csv,syncg,raw_efficientnet_b0,,,,,60,nmae_pct_fs,11.440247109810931,1.6515172666237379,11.011654098930173,11.881173328083012,4000,145,percent_full_scale_or_percent
figure3,perspective_curve,figure3/perspective_curves.csv,syncg,raw_efficientnet_b0,,,,,60,acc_at_2_pct,15.949999999999998,3.0688963814374697,15.13444033912395,16.771162826023144,4000,145,percent_full_scale_or_percent
figure3,perspective_curve,figure3/perspective_curves.csv,syncg,raw_efficientnet_b0,,,,,60,acc_at_5_pct,38.23333333333333,5.979461374850858,36.947979624816824,39.526783718564545,4000,145,percent_full_scale_or_percent
figure3,perspective_paired,figure3/perspective_paired.csv,syncg,no_geometry_fusion,full,,,,0,nmae_pct_fs,-0.0011252591689480354,0.0008127257566398984,-0.0016920755601431412,-0.0005457146100127508,4000,145,percent_full_scale_or_percent
figure3,perspective_paired,figure3/perspective_paired.csv,syncg,no_geometry_fusion,full,,,,0,acc_at_2_pct,-0.008333333333333337,0.08036375634160797,-0.05996860302290925,0.04873324040461048,4000,145,percent_full_scale_or_percent
figure3,perspective_paired,figure3/perspective_paired.csv,syncg,no_geometry_fusion,full,,,,0,acc_at_5_pct,0.0,0.0,0.0,0.0,4000,145,percent_full_scale_or_percent
figure3,perspective_paired,figure3/perspective_paired.csv,syncg,raw_efficientnet_b0,full,,,,0,nmae_pct_fs,0.025204582917069365,0.006007676878998878,0.022709384480827568,0.02767783038827207,4000,145,percent_full_scale_or_percent
figure3,perspective_paired,figure3/perspective_paired.csv,syncg,raw_efficientnet_b0,full,,,,0,acc_at_2_pct,-0.06666666666666667,0.1587713240271471,-0.1872682057984704,0.056857529233818496,4000,145,percent_full_scale_or_percent
figure3,perspective_paired,figure3/perspective_paired.csv,syncg,raw_efficientnet_b0,full,,,,0,acc_at_5_pct,0.03333333333333333,0.05773502691896259,0.008194034742707308,0.0675789829363068,4000,145,percent_full_scale_or_percent
figure3,perspective_paired,figure3/perspective_paired.csv,syncg,no_geometry_fusion,full,,,,15,nmae_pct_fs,0.17131848366918412,0.04093706359438801,0.1588278572634885,0.18455653414353468,4000,145,percent_full_scale_or_percent
figure3,perspective_paired,figure3/perspective_paired.csv,syncg,no_geometry_fusion,full,,,,15,acc_at_2_pct,-1.758333333333333,0.36855573979159967,-2.165357177953797,-1.3591361362751428,4000,145,percent_full_scale_or_percent
figure3,perspective_paired,figure3/perspective_paired.csv,syncg,no_geometry_fusion,full,,,,15,acc_at_5_pct,-0.18333333333333335,0.07637626158259733,-0.31431910772724236,-0.05913161006926846,4000,145,percent_full_scale_or_percent
figure3,perspective_paired,figure3/perspective_paired.csv,syncg,raw_efficientnet_b0,full,,,,15,nmae_pct_fs,0.3274175142845774,0.036472169733267196,0.3049069749316455,0.3524482028055274,4000,145,percent_full_scale_or_percent
figure3,perspective_paired,figure3/perspective_paired.csv,syncg,raw_efficientnet_b0,full,,,,15,acc_at_2_pct,-4.716666666666666,0.7559486314117734,-5.281195895954141,-4.166666666666666,4000,145,percent_full_scale_or_percent
figure3,perspective_paired,figure3/perspective_paired.csv,syncg,raw_efficientnet_b0,full,,,,15,acc_at_5_pct,-0.39999999999999997,0.06614378277661476,-0.5686045576493417,-0.2462447672986949,4000,145,percent_full_scale_or_percent
figure3,perspective_paired,figure3/perspective_paired.csv,syncg,no_geometry_fusion,full,,,,25,nmae_pct_fs,0.43366842255449606,0.05487525933503438,0.41430626197944237,0.4536529503291482,4000,145,percent_full_scale_or_percent
figure3,perspective_paired,figure3/perspective_paired.csv,syncg,no_geometry_fusion,full,,,,25,acc_at_2_pct,-7.433333333333333,1.3897691654851652,-8.047724764720085,-6.837809235148855,4000,145,percent_full_scale_or_percent
figure3,perspective_paired,figure3/perspective_paired.csv,syncg,no_geometry_fusion,full,,,,25,acc_at_5_pct,-0.5333333333333333,0.09464847243000452,-0.7296849087893863,-0.3474848669458474,4000,145,percent_full_scale_or_percent
figure3,perspective_paired,figure3/perspective_paired.csv,syncg,raw_efficientnet_b0,full,,,,25,nmae_pct_fs,0.7050186857999794,0.041711603105951824,0.6740809985956314,0.7384489888850019,4000,145,percent_full_scale_or_percent
figure3,perspective_paired,figure3/perspective_paired.csv,syncg,raw_efficientnet_b0,full,,,,25,acc_at_2_pct,-15.258333333333335,2.2233608194203045,-16.072627320895844,-14.460155331864103,4000,145,percent_full_scale_or_percent
figure3,perspective_paired,figure3/perspective_paired.csv,syncg,raw_efficientnet_b0,full,,,,25,acc_at_5_pct,-1.225,0.21794494717703367,-1.5070082655626822,-0.9491735392674896,4000,145,percent_full_scale_or_percent
figure3,perspective_paired,figure3/perspective_paired.csv,syncg,no_geometry_fusion,full,,,,35,nmae_pct_fs,0.7714350125939647,0.09241467183323646,0.7361337043479534,0.80852733727768,4000,145,percent_full_scale_or_percent
figure3,perspective_paired,figure3/perspective_paired.csv,syncg,no_geometry_fusion,full,,,,35,acc_at_2_pct,-18.46666666666667,4.315476026272575,-19.493439690876176,-17.471756764996478,4000,145,percent_full_scale_or_percent
figure3,perspective_paired,figure3/perspective_paired.csv,syncg,no_geometry_fusion,full,,,,35,acc_at_5_pct,-1.4916666666666665,0.24281337140555778,-1.8387329311944847,-1.1697325485607168,4000,145,percent_full_scale_or_percent
figure3,perspective_paired,figure3/perspective_paired.csv,syncg,raw_efficientnet_b0,full,,,,35,nmae_pct_fs,1.301561220795575,0.07642397994196021,1.2374911225697502,1.3710736104005823,4000,145,percent_full_scale_or_percent
figure3,perspective_paired,figure3/perspective_paired.csv,syncg,raw_efficientnet_b0,full,,,,35,acc_at_2_pct,-31.166666666666668,4.544868901666286,-32.30457943740846,-30.024669458815794,4000,145,percent_full_scale_or_percent
figure3,perspective_paired,figure3/perspective_paired.csv,syncg,raw_efficientnet_b0,full,,,,35,acc_at_5_pct,-4.383333333333333,0.5186119294167207,-4.940467368522248,-3.849739627007722,4000,145,percent_full_scale_or_percent
figure3,perspective_paired,figure3/perspective_paired.csv,syncg,no_geometry_fusion,full,,,,45,nmae_pct_fs,1.2793427562774442,0.1407101081476698,1.2203450603826977,1.3408825537175133,4000,145,percent_full_scale_or_percent
figure3,perspective_paired,figure3/perspective_paired.csv,syncg,no_geometry_fusion,full,,,,45,acc_at_2_pct,-30.59166666666667,4.703478322830171,-31.835678466009416,-29.365648943290605,4000,145,percent_full_scale_or_percent
figure3,perspective_paired,figure3/perspective_paired.csv,syncg,no_geometry_fusion,full,,,,45,acc_at_5_pct,-5.158333333333334,0.6520800053163207,-5.7301973982451635,-4.599944828765987,4000,145,percent_full_scale_or_percent
figure3,perspective_paired,figure3/perspective_paired.csv,syncg,raw_efficientnet_b0,full,,,,45,nmae_pct_fs,2.3325160389522988,0.18352309433763922,2.217653039318391,2.453455688899674,4000,145,percent_full_scale_or_percent
figure3,perspective_paired,figure3/perspective_paired.csv,syncg,raw_efficientnet_b0,full,,,,45,acc_at_2_pct,-46.083333333333336,4.819902315745967,-47.445832954479506,-44.70153774283466,4000,145,percent_full_scale_or_percent
figure3,perspective_paired,figure3/perspective_paired.csv,syncg,raw_efficientnet_b0,full,,,,45,acc_at_5_pct,-13.691666666666665,1.8454899981667012,-14.519393503906638,-12.869198312236287,4000,145,percent_full_scale_or_percent
figure3,perspective_paired,figure3/perspective_paired.csv,syncg,no_geometry_fusion,full,,,,60,nmae_pct_fs,-0.009877550492510165,0.01768523543561477,-0.014449767263701875,-0.005379707126617397,4000,145,percent_full_scale_or_percent
figure3,perspective_paired,figure3/perspective_paired.csv,syncg,no_geometry_fusion,full,,,,60,acc_at_2_pct,-0.05833333333333334,0.12583057392117916,-0.21188407289449712,0.09864486673645699,4000,145,percent_full_scale_or_percent
figure3,perspective_paired,figure3/perspective_paired.csv,syncg,no_geometry_fusion,full,,,,60,acc_at_5_pct,0.20000000000000004,0.28831406486676986,0.049987503124218936,0.35487347537679986,4000,145,percent_full_scale_or_percent
figure3,perspective_paired,figure3/perspective_paired.csv,syncg,raw_efficientnet_b0,full,,,,60,nmae_pct_fs,0.023975091757169328,0.06572507243414218,0.017547846971711262,0.03041139291999425,4000,145,percent_full_scale_or_percent
figure3,perspective_paired,figure3/perspective_paired.csv,syncg,raw_efficientnet_b0,full,,,,60,acc_at_2_pct,-0.15,0.1520690632574555,-0.3417938247941367,0.042024134525560565,4000,145,percent_full_scale_or_percent
figure3,perspective_paired,figure3/perspective_paired.csv,syncg,raw_efficientnet_b0,full,,,,60,acc_at_5_pct,0.075,0.7128288714691626,-0.12272950417280314,0.2706640399764818,4000,145,percent_full_scale_or_percent
figure_routing,routing_diagnostic,routing_seed_mean.csv,syncg,full,,,all_conditions,,,mean_weight_base_mean,0.3910768097205987,,,,,,native_metric
figure_routing,routing_diagnostic,routing_seed_mean.csv,syncg,full,,,all_conditions,,,mean_weight_polar_mean,0.23114684038126507,,,,,,native_metric
figure_routing,routing_diagnostic,routing_seed_mean.csv,syncg,full,,,all_conditions,,,mean_weight_relational_mean,0.377776349944761,,,,,,native_metric
figure_routing,routing_diagnostic,routing_seed_mean.csv,syncg,full,,,all_conditions,,,normalized_routing_entropy_mean,0.827192626741542,,,,,,native_metric
figure_routing,routing_diagnostic,routing_seed_mean.csv,syncg,full,,,all_conditions,,,fraction_max_weight_gt_095_mean,0.00786111111111111,,,,,,native_metric
figure_routing,routing_diagnostic,routing_seed_mean.csv,syncg,full,,,clean,,,mean_weight_base_mean,0.44352064580470324,,,,,,native_metric
figure_routing,routing_diagnostic,routing_seed_mean.csv,syncg,full,,,clean,,,mean_weight_polar_mean,0.3717711528452734,,,,,,native_metric
figure_routing,routing_diagnostic,routing_seed_mean.csv,syncg,full,,,clean,,,mean_weight_relational_mean,0.18470820181956515,,,,,,native_metric
figure_routing,routing_diagnostic,routing_seed_mean.csv,syncg,full,,,clean,,,normalized_routing_entropy_mean,0.930339469810595,,,,,,native_metric
figure_routing,routing_diagnostic,routing_seed_mean.csv,syncg,full,,,clean,,,fraction_max_weight_gt_095_mean,0.0,,,,,,native_metric
figure_routing,routing_diagnostic,routing_seed_mean.csv,syncg,full,,,blur_moderate,,,mean_weight_base_mean,0.4442639211909845,,,,,,native_metric
figure_routing,routing_diagnostic,routing_seed_mean.csv,syncg,full,,,blur_moderate,,,mean_weight_polar_mean,0.37070277282471453,,,,,,native_metric
figure_routing,routing_diagnostic,routing_seed_mean.csv,syncg,full,,,blur_moderate,,,mean_weight_relational_mean,0.1850333058235701,,,,,,native_metric
figure_routing,routing_diagnostic,routing_seed_mean.csv,syncg,full,,,blur_moderate,,,normalized_routing_entropy_mean,0.9305503515870605,,,,,,native_metric
figure_routing,routing_diagnostic,routing_seed_mean.csv,syncg,full,,,blur_moderate,,,fraction_max_weight_gt_095_mean,0.0,,,,,,native_metric
figure_routing,routing_diagnostic,routing_seed_mean.csv,syncg,full,,,blur_severe,,,mean_weight_base_mean,0.44485940488458925,,,,,,native_metric
figure_routing,routing_diagnostic,routing_seed_mean.csv,syncg,full,,,blur_severe,,,mean_weight_polar_mean,0.369748185976098,,,,,,native_metric
figure_routing,routing_diagnostic,routing_seed_mean.csv,syncg,full,,,blur_severe,,,mean_weight_relational_mean,0.18539240919247582,,,,,,native_metric
figure_routing,routing_diagnostic,routing_seed_mean.csv,syncg,full,,,blur_severe,,,normalized_routing_entropy_mean,0.9302865163804457,,,,,,native_metric
figure_routing,routing_diagnostic,routing_seed_mean.csv,syncg,full,,,blur_severe,,,fraction_max_weight_gt_095_mean,0.0,,,,,,native_metric
figure_routing,routing_diagnostic,routing_seed_mean.csv,syncg,full,,,perspective_moderate,,,mean_weight_base_mean,0.38019187033805063,,,,,,native_metric
figure_routing,routing_diagnostic,routing_seed_mean.csv,syncg,full,,,perspective_moderate,,,mean_weight_polar_mean,0.127894612592526,,,,,,native_metric
figure_routing,routing_diagnostic,routing_seed_mean.csv,syncg,full,,,perspective_moderate,,,mean_weight_relational_mean,0.4919135177570084,,,,,,native_metric
figure_routing,routing_diagnostic,routing_seed_mean.csv,syncg,full,,,perspective_moderate,,,normalized_routing_entropy_mean,0.8239290493717452,,,,,,native_metric
figure_routing,routing_diagnostic,routing_seed_mean.csv,syncg,full,,,perspective_moderate,,,fraction_max_weight_gt_095_mean,0.00375,,,,,,native_metric
figure_routing,routing_diagnostic,routing_seed_mean.csv,syncg,full,,,perspective_severe,,,mean_weight_base_mean,0.33181680844941486,,,,,,native_metric
figure_routing,routing_diagnostic,routing_seed_mean.csv,syncg,full,,,perspective_severe,,,mean_weight_polar_mean,0.07499732112863777,,,,,,native_metric
figure_routing,routing_diagnostic,routing_seed_mean.csv,syncg,full,,,perspective_severe,,,mean_weight_relational_mean,0.5931858698780027,,,,,,native_metric
figure_routing,routing_diagnostic,routing_seed_mean.csv,syncg,full,,,perspective_severe,,,normalized_routing_entropy_mean,0.6902002344387054,,,,,,native_metric
figure_routing,routing_diagnostic,routing_seed_mean.csv,syncg,full,,,perspective_severe,,,fraction_max_weight_gt_095_mean,0.01625,,,,,,native_metric
figure_routing,routing_diagnostic,routing_seed_mean.csv,syncg,full,,,combined_severe,,,mean_weight_base_mean,0.3018082076558494,,,,,,native_metric
figure_routing,routing_diagnostic,routing_seed_mean.csv,syncg,full,,,combined_severe,,,mean_weight_polar_mean,0.07176699692034014,,,,,,native_metric
figure_routing,routing_diagnostic,routing_seed_mean.csv,syncg,full,,,combined_severe,,,mean_weight_relational_mean,0.6264247951979439,,,,,,native_metric
figure_routing,routing_diagnostic,routing_seed_mean.csv,syncg,full,,,combined_severe,,,normalized_routing_entropy_mean,0.6578501388607001,,,,,,native_metric
figure_routing,routing_diagnostic,routing_seed_mean.csv,syncg,full,,,combined_severe,,,fraction_max_weight_gt_095_mean,0.027166666666666662,,,,,,native_metric
figure_routing,routing_diagnostic,routing_seed_mean.csv,syncg,linear_gate,,,all_conditions,,,mean_weight_base_mean,0.3943901847055329,,,,,,native_metric
figure_routing,routing_diagnostic,routing_seed_mean.csv,syncg,linear_gate,,,all_conditions,,,mean_weight_polar_mean,0.23042073820906764,,,,,,native_metric
figure_routing,routing_diagnostic,routing_seed_mean.csv,syncg,linear_gate,,,all_conditions,,,mean_weight_relational_mean,0.37518907727523604,,,,,,native_metric
figure_routing,routing_diagnostic,routing_seed_mean.csv,syncg,linear_gate,,,all_conditions,,,normalized_routing_entropy_mean,0.8306058004679407,,,,,,native_metric
figure_routing,routing_diagnostic,routing_seed_mean.csv,syncg,linear_gate,,,all_conditions,,,fraction_max_weight_gt_095_mean,0.009930555555555555,,,,,,native_metric
figure_routing,routing_diagnostic,routing_seed_mean.csv,syncg,linear_gate,,,clean,,,mean_weight_base_mean,0.44413789476593957,,,,,,native_metric
figure_routing,routing_diagnostic,routing_seed_mean.csv,syncg,linear_gate,,,clean,,,mean_weight_polar_mean,0.36867102608829744,,,,,,native_metric
figure_routing,routing_diagnostic,routing_seed_mean.csv,syncg,linear_gate,,,clean,,,mean_weight_relational_mean,0.1871910791565509,,,,,,native_metric
figure_routing,routing_diagnostic,routing_seed_mean.csv,syncg,linear_gate,,,clean,,,normalized_routing_entropy_mean,0.9357053002454615,,,,,,native_metric
figure_routing,routing_diagnostic,routing_seed_mean.csv,syncg,linear_gate,,,clean,,,fraction_max_weight_gt_095_mean,8.333333333333333e-05,,,,,,native_metric
figure_routing,routing_diagnostic,routing_seed_mean.csv,syncg,linear_gate,,,blur_moderate,,,mean_weight_base_mean,0.4441386810162415,,,,,,native_metric
figure_routing,routing_diagnostic,routing_seed_mean.csv,syncg,linear_gate,,,blur_moderate,,,mean_weight_polar_mean,0.36876633511173224,,,,,,native_metric
figure_routing,routing_diagnostic,routing_seed_mean.csv,syncg,linear_gate,,,blur_moderate,,,mean_weight_relational_mean,0.18709498416190037,,,,,,native_metric
figure_routing,routing_diagnostic,routing_seed_mean.csv,syncg,linear_gate,,,blur_moderate,,,normalized_routing_entropy_mean,0.9354775566489629,,,,,,native_metric
figure_routing,routing_diagnostic,routing_seed_mean.csv,syncg,linear_gate,,,blur_moderate,,,fraction_max_weight_gt_095_mean,8.333333333333333e-05,,,,,,native_metric
figure_routing,routing_diagnostic,routing_seed_mean.csv,syncg,linear_gate,,,blur_severe,,,mean_weight_base_mean,0.44368161984036364,,,,,,native_metric
figure_routing,routing_diagnostic,routing_seed_mean.csv,syncg,linear_gate,,,blur_severe,,,mean_weight_polar_mean,0.36960831690517565,,,,,,native_metric
figure_routing,routing_diagnostic,routing_seed_mean.csv,syncg,linear_gate,,,blur_severe,,,mean_weight_relational_mean,0.18671006274564814,,,,,,native_metric
figure_routing,routing_diagnostic,routing_seed_mean.csv,syncg,linear_gate,,,blur_severe,,,normalized_routing_entropy_mean,0.9348567487148619,,,,,,native_metric
figure_routing,routing_diagnostic,routing_seed_mean.csv,syncg,linear_gate,,,blur_severe,,,fraction_max_weight_gt_095_mean,8.333333333333333e-05,,,,,,native_metric
figure_routing,routing_diagnostic,routing_seed_mean.csv,syncg,linear_gate,,,perspective_moderate,,,mean_weight_base_mean,0.3873018125437084,,,,,,native_metric
figure_routing,routing_diagnostic,routing_seed_mean.csv,syncg,linear_gate,,,perspective_moderate,,,mean_weight_polar_mean,0.13012419498257907,,,,,,native_metric
figure_routing,routing_diagnostic,routing_seed_mean.csv,syncg,linear_gate,,,perspective_moderate,,,mean_weight_relational_mean,0.4825739931262409,,,,,,native_metric
figure_routing,routing_diagnostic,routing_seed_mean.csv,syncg,linear_gate,,,perspective_moderate,,,normalized_routing_entropy_mean,0.8302099872071026,,,,,,native_metric
figure_routing,routing_diagnostic,routing_seed_mean.csv,syncg,linear_gate,,,perspective_moderate,,,fraction_max_weight_gt_095_mean,0.004083333333333334,,,,,,native_metric
figure_routing,routing_diagnostic,routing_seed_mean.csv,syncg,linear_gate,,,perspective_severe,,,mean_weight_base_mean,0.3383552902296069,,,,,,native_metric
figure_routing,routing_diagnostic,routing_seed_mean.csv,syncg,linear_gate,,,perspective_severe,,,mean_weight_polar_mean,0.07398330703636712,,,,,,native_metric
figure_routing,routing_diagnostic,routing_seed_mean.csv,syncg,linear_gate,,,perspective_severe,,,mean_weight_relational_mean,0.5876614034231752,,,,,,native_metric
figure_routing,routing_diagnostic,routing_seed_mean.csv,syncg,linear_gate,,,perspective_severe,,,normalized_routing_entropy_mean,0.6887798178635243,,,,,,native_metric
figure_routing,routing_diagnostic,routing_seed_mean.csv,syncg,linear_gate,,,perspective_severe,,,fraction_max_weight_gt_095_mean,0.020916666666666667,,,,,,native_metric
figure_routing,routing_diagnostic,routing_seed_mean.csv,syncg,linear_gate,,,combined_severe,,,mean_weight_base_mean,0.3087258098373374,,,,,,native_metric
figure_routing,routing_diagnostic,routing_seed_mean.csv,syncg,linear_gate,,,combined_severe,,,mean_weight_polar_mean,0.07137124913025489,,,,,,native_metric
figure_routing,routing_diagnostic,routing_seed_mean.csv,syncg,linear_gate,,,combined_severe,,,mean_weight_relational_mean,0.6199029410379008,,,,,,native_metric
figure_routing,routing_diagnostic,routing_seed_mean.csv,syncg,linear_gate,,,combined_severe,,,normalized_routing_entropy_mean,0.6586053921277318,,,,,,native_metric
figure_routing,routing_diagnostic,routing_seed_mean.csv,syncg,linear_gate,,,combined_severe,,,fraction_max_weight_gt_095_mean,0.034333333333333334,,,,,,native_metric
figure_routing,routing_diagnostic,routing_seed_mean.csv,syncg,scalar_gate,,,all_conditions,,,mean_weight_base_mean,0.35771657592137407,,,,,,native_metric
figure_routing,routing_diagnostic,routing_seed_mean.csv,syncg,scalar_gate,,,all_conditions,,,mean_weight_polar_mean,0.21701205376089228,,,,,,native_metric
figure_routing,routing_diagnostic,routing_seed_mean.csv,syncg,scalar_gate,,,all_conditions,,,mean_weight_relational_mean,0.42527137038442825,,,,,,native_metric
figure_routing,routing_diagnostic,routing_seed_mean.csv,syncg,scalar_gate,,,all_conditions,,,normalized_routing_entropy_mean,0.8189700422050229,,,,,,native_metric
figure_routing,routing_diagnostic,routing_seed_mean.csv,syncg,scalar_gate,,,all_conditions,,,fraction_max_weight_gt_095_mean,0.003847222222222222,,,,,,native_metric
figure_routing,routing_diagnostic,routing_seed_mean.csv,syncg,scalar_gate,,,clean,,,mean_weight_base_mean,0.4410706684614221,,,,,,native_metric
figure_routing,routing_diagnostic,routing_seed_mean.csv,syncg,scalar_gate,,,clean,,,mean_weight_polar_mean,0.3676974833905697,,,,,,native_metric
figure_routing,routing_diagnostic,routing_seed_mean.csv,syncg,scalar_gate,,,clean,,,mean_weight_relational_mean,0.19123184885581335,,,,,,native_metric
figure_routing,routing_diagnostic,routing_seed_mean.csv,syncg,scalar_gate,,,clean,,,normalized_routing_entropy_mean,0.9502384659116658,,,,,,native_metric
figure_routing,routing_diagnostic,routing_seed_mean.csv,syncg,scalar_gate,,,clean,,,fraction_max_weight_gt_095_mean,0.0,,,,,,native_metric
figure_routing,routing_diagnostic,routing_seed_mean.csv,syncg,scalar_gate,,,blur_moderate,,,mean_weight_base_mean,0.44106227015952265,,,,,,native_metric
figure_routing,routing_diagnostic,routing_seed_mean.csv,syncg,scalar_gate,,,blur_moderate,,,mean_weight_polar_mean,0.3677258424336712,,,,,,native_metric
figure_routing,routing_diagnostic,routing_seed_mean.csv,syncg,scalar_gate,,,blur_moderate,,,mean_weight_relational_mean,0.19121188742356995,,,,,,native_metric
figure_routing,routing_diagnostic,routing_seed_mean.csv,syncg,scalar_gate,,,blur_moderate,,,normalized_routing_entropy_mean,0.9502299429152975,,,,,,native_metric
figure_routing,routing_diagnostic,routing_seed_mean.csv,syncg,scalar_gate,,,blur_moderate,,,fraction_max_weight_gt_095_mean,0.0,,,,,,native_metric
figure_routing,routing_diagnostic,routing_seed_mean.csv,syncg,scalar_gate,,,blur_severe,,,mean_weight_base_mean,0.4409537513727943,,,,,,native_metric
figure_routing,routing_diagnostic,routing_seed_mean.csv,syncg,scalar_gate,,,blur_severe,,,mean_weight_polar_mean,0.36786723226432994,,,,,,native_metric
figure_routing,routing_diagnostic,routing_seed_mean.csv,syncg,scalar_gate,,,blur_severe,,,mean_weight_relational_mean,0.19117901677824556,,,,,,native_metric
figure_routing,routing_diagnostic,routing_seed_mean.csv,syncg,scalar_gate,,,blur_severe,,,normalized_routing_entropy_mean,0.9502335350388177,,,,,,native_metric
figure_routing,routing_diagnostic,routing_seed_mean.csv,syncg,scalar_gate,,,blur_severe,,,fraction_max_weight_gt_095_mean,0.0,,,,,,native_metric
figure_routing,routing_diagnostic,routing_seed_mean.csv,syncg,scalar_gate,,,perspective_moderate,,,mean_weight_base_mean,0.29153229132154956,,,,,,native_metric
figure_routing,routing_diagnostic,routing_seed_mean.csv,syncg,scalar_gate,,,perspective_moderate,,,mean_weight_polar_mean,0.08388355358152089,,,,,,native_metric
figure_routing,routing_diagnostic,routing_seed_mean.csv,syncg,scalar_gate,,,perspective_moderate,,,mean_weight_relational_mean,0.6245841549783945,,,,,,native_metric
figure_routing,routing_diagnostic,routing_seed_mean.csv,syncg,scalar_gate,,,perspective_moderate,,,normalized_routing_entropy_mean,0.7576614557623778,,,,,,native_metric
figure_routing,routing_diagnostic,routing_seed_mean.csv,syncg,scalar_gate,,,perspective_moderate,,,fraction_max_weight_gt_095_mean,0.0004166666666666667,,,,,,native_metric
figure_routing,routing_diagnostic,routing_seed_mean.csv,syncg,scalar_gate,,,perspective_severe,,,mean_weight_base_mean,0.2659920811931661,,,,,,native_metric
figure_routing,routing_diagnostic,routing_seed_mean.csv,syncg,scalar_gate,,,perspective_severe,,,mean_weight_polar_mean,0.05631845639274611,,,,,,native_metric
figure_routing,routing_diagnostic,routing_seed_mean.csv,syncg,scalar_gate,,,perspective_severe,,,mean_weight_relational_mean,0.6776894620023669,,,,,,native_metric
figure_routing,routing_diagnostic,routing_seed_mean.csv,syncg,scalar_gate,,,perspective_severe,,,normalized_routing_entropy_mean,0.6537547130504464,,,,,,native_metric
figure_routing,routing_diagnostic,routing_seed_mean.csv,syncg,scalar_gate,,,perspective_severe,,,fraction_max_weight_gt_095_mean,0.010416666666666666,,,,,,native_metric
figure_routing,routing_diagnostic,routing_seed_mean.csv,syncg,scalar_gate,,,combined_severe,,,mean_weight_base_mean,0.26568839301978975,,,,,,native_metric
figure_routing,routing_diagnostic,routing_seed_mean.csv,syncg,scalar_gate,,,combined_severe,,,mean_weight_polar_mean,0.05857975450251642,,,,,,native_metric
figure_routing,routing_diagnostic,routing_seed_mean.csv,syncg,scalar_gate,,,combined_severe,,,mean_weight_relational_mean,0.6757318522681793,,,,,,native_metric
figure_routing,routing_diagnostic,routing_seed_mean.csv,syncg,scalar_gate,,,combined_severe,,,normalized_routing_entropy_mean,0.6517021405515324,,,,,,native_metric
figure_routing,routing_diagnostic,routing_seed_mean.csv,syncg,scalar_gate,,,combined_severe,,,fraction_max_weight_gt_095_mean,0.012250000000000002,,,,,,native_metric
figure_routing,routing_diagnostic,routing_seed_mean.csv,syncg,uniform,,,all_conditions,,,mean_weight_base_mean,0.3333333432674408,,,,,,native_metric
figure_routing,routing_diagnostic,routing_seed_mean.csv,syncg,uniform,,,all_conditions,,,mean_weight_polar_mean,0.3333333432674408,,,,,,native_metric
figure_routing,routing_diagnostic,routing_seed_mean.csv,syncg,uniform,,,all_conditions,,,mean_weight_relational_mean,0.3333333432674408,,,,,,native_metric
figure_routing,routing_diagnostic,routing_seed_mean.csv,syncg,uniform,,,all_conditions,,,normalized_routing_entropy_mean,1.0000000026750793,,,,,,native_metric
figure_routing,routing_diagnostic,routing_seed_mean.csv,syncg,uniform,,,all_conditions,,,fraction_max_weight_gt_095_mean,0.0,,,,,,native_metric
figure_routing,routing_diagnostic,routing_seed_mean.csv,syncg,uniform,,,clean,,,mean_weight_base_mean,0.3333333432674408,,,,,,native_metric
figure_routing,routing_diagnostic,routing_seed_mean.csv,syncg,uniform,,,clean,,,mean_weight_polar_mean,0.3333333432674408,,,,,,native_metric
figure_routing,routing_diagnostic,routing_seed_mean.csv,syncg,uniform,,,clean,,,mean_weight_relational_mean,0.3333333432674408,,,,,,native_metric
figure_routing,routing_diagnostic,routing_seed_mean.csv,syncg,uniform,,,clean,,,normalized_routing_entropy_mean,1.0000000026750793,,,,,,native_metric
figure_routing,routing_diagnostic,routing_seed_mean.csv,syncg,uniform,,,clean,,,fraction_max_weight_gt_095_mean,0.0,,,,,,native_metric
figure_routing,routing_diagnostic,routing_seed_mean.csv,syncg,uniform,,,blur_moderate,,,mean_weight_base_mean,0.3333333432674408,,,,,,native_metric
figure_routing,routing_diagnostic,routing_seed_mean.csv,syncg,uniform,,,blur_moderate,,,mean_weight_polar_mean,0.3333333432674408,,,,,,native_metric
figure_routing,routing_diagnostic,routing_seed_mean.csv,syncg,uniform,,,blur_moderate,,,mean_weight_relational_mean,0.3333333432674408,,,,,,native_metric
figure_routing,routing_diagnostic,routing_seed_mean.csv,syncg,uniform,,,blur_moderate,,,normalized_routing_entropy_mean,1.0000000026750793,,,,,,native_metric
figure_routing,routing_diagnostic,routing_seed_mean.csv,syncg,uniform,,,blur_moderate,,,fraction_max_weight_gt_095_mean,0.0,,,,,,native_metric
figure_routing,routing_diagnostic,routing_seed_mean.csv,syncg,uniform,,,blur_severe,,,mean_weight_base_mean,0.3333333432674408,,,,,,native_metric
figure_routing,routing_diagnostic,routing_seed_mean.csv,syncg,uniform,,,blur_severe,,,mean_weight_polar_mean,0.3333333432674408,,,,,,native_metric
figure_routing,routing_diagnostic,routing_seed_mean.csv,syncg,uniform,,,blur_severe,,,mean_weight_relational_mean,0.3333333432674408,,,,,,native_metric
figure_routing,routing_diagnostic,routing_seed_mean.csv,syncg,uniform,,,blur_severe,,,normalized_routing_entropy_mean,1.0000000026750793,,,,,,native_metric
figure_routing,routing_diagnostic,routing_seed_mean.csv,syncg,uniform,,,blur_severe,,,fraction_max_weight_gt_095_mean,0.0,,,,,,native_metric
figure_routing,routing_diagnostic,routing_seed_mean.csv,syncg,uniform,,,perspective_moderate,,,mean_weight_base_mean,0.3333333432674408,,,,,,native_metric
figure_routing,routing_diagnostic,routing_seed_mean.csv,syncg,uniform,,,perspective_moderate,,,mean_weight_polar_mean,0.3333333432674408,,,,,,native_metric
figure_routing,routing_diagnostic,routing_seed_mean.csv,syncg,uniform,,,perspective_moderate,,,mean_weight_relational_mean,0.3333333432674408,,,,,,native_metric
figure_routing,routing_diagnostic,routing_seed_mean.csv,syncg,uniform,,,perspective_moderate,,,normalized_routing_entropy_mean,1.0000000026750793,,,,,,native_metric
figure_routing,routing_diagnostic,routing_seed_mean.csv,syncg,uniform,,,perspective_moderate,,,fraction_max_weight_gt_095_mean,0.0,,,,,,native_metric
figure_routing,routing_diagnostic,routing_seed_mean.csv,syncg,uniform,,,perspective_severe,,,mean_weight_base_mean,0.3333333432674408,,,,,,native_metric
figure_routing,routing_diagnostic,routing_seed_mean.csv,syncg,uniform,,,perspective_severe,,,mean_weight_polar_mean,0.3333333432674408,,,,,,native_metric
figure_routing,routing_diagnostic,routing_seed_mean.csv,syncg,uniform,,,perspective_severe,,,mean_weight_relational_mean,0.3333333432674408,,,,,,native_metric
figure_routing,routing_diagnostic,routing_seed_mean.csv,syncg,uniform,,,perspective_severe,,,normalized_routing_entropy_mean,1.0000000026750793,,,,,,native_metric
figure_routing,routing_diagnostic,routing_seed_mean.csv,syncg,uniform,,,perspective_severe,,,fraction_max_weight_gt_095_mean,0.0,,,,,,native_metric
figure_routing,routing_diagnostic,routing_seed_mean.csv,syncg,uniform,,,combined_severe,,,mean_weight_base_mean,0.3333333432674408,,,,,,native_metric
figure_routing,routing_diagnostic,routing_seed_mean.csv,syncg,uniform,,,combined_severe,,,mean_weight_polar_mean,0.3333333432674408,,,,,,native_metric
figure_routing,routing_diagnostic,routing_seed_mean.csv,syncg,uniform,,,combined_severe,,,mean_weight_relational_mean,0.3333333432674408,,,,,,native_metric
figure_routing,routing_diagnostic,routing_seed_mean.csv,syncg,uniform,,,combined_severe,,,normalized_routing_entropy_mean,1.0000000026750793,,,,,,native_metric
figure_routing,routing_diagnostic,routing_seed_mean.csv,syncg,uniform,,,combined_severe,,,fraction_max_weight_gt_095_mean,0.0,,,,,,native_metric
figure_routing,routing_diagnostic,routing_seed_mean.csv,syncg,fixed_prior,,,all_conditions,,,mean_weight_base_mean,0.5,,,,,,native_metric
figure_routing,routing_diagnostic,routing_seed_mean.csv,syncg,fixed_prior,,,all_conditions,,,mean_weight_polar_mean,0.25,,,,,,native_metric
figure_routing,routing_diagnostic,routing_seed_mean.csv,syncg,fixed_prior,,,all_conditions,,,mean_weight_relational_mean,0.25,,,,,,native_metric
figure_routing,routing_diagnostic,routing_seed_mean.csv,syncg,fixed_prior,,,all_conditions,,,normalized_routing_entropy_mean,0.9463946303571863,,,,,,native_metric
figure_routing,routing_diagnostic,routing_seed_mean.csv,syncg,fixed_prior,,,all_conditions,,,fraction_max_weight_gt_095_mean,0.0,,,,,,native_metric
figure_routing,routing_diagnostic,routing_seed_mean.csv,syncg,fixed_prior,,,clean,,,mean_weight_base_mean,0.5,,,,,,native_metric
figure_routing,routing_diagnostic,routing_seed_mean.csv,syncg,fixed_prior,,,clean,,,mean_weight_polar_mean,0.25,,,,,,native_metric
figure_routing,routing_diagnostic,routing_seed_mean.csv,syncg,fixed_prior,,,clean,,,mean_weight_relational_mean,0.25,,,,,,native_metric
figure_routing,routing_diagnostic,routing_seed_mean.csv,syncg,fixed_prior,,,clean,,,normalized_routing_entropy_mean,0.9463946303571861,,,,,,native_metric
figure_routing,routing_diagnostic,routing_seed_mean.csv,syncg,fixed_prior,,,clean,,,fraction_max_weight_gt_095_mean,0.0,,,,,,native_metric
figure_routing,routing_diagnostic,routing_seed_mean.csv,syncg,fixed_prior,,,blur_moderate,,,mean_weight_base_mean,0.5,,,,,,native_metric
figure_routing,routing_diagnostic,routing_seed_mean.csv,syncg,fixed_prior,,,blur_moderate,,,mean_weight_polar_mean,0.25,,,,,,native_metric
figure_routing,routing_diagnostic,routing_seed_mean.csv,syncg,fixed_prior,,,blur_moderate,,,mean_weight_relational_mean,0.25,,,,,,native_metric
figure_routing,routing_diagnostic,routing_seed_mean.csv,syncg,fixed_prior,,,blur_moderate,,,normalized_routing_entropy_mean,0.9463946303571861,,,,,,native_metric
figure_routing,routing_diagnostic,routing_seed_mean.csv,syncg,fixed_prior,,,blur_moderate,,,fraction_max_weight_gt_095_mean,0.0,,,,,,native_metric
figure_routing,routing_diagnostic,routing_seed_mean.csv,syncg,fixed_prior,,,blur_severe,,,mean_weight_base_mean,0.5,,,,,,native_metric
figure_routing,routing_diagnostic,routing_seed_mean.csv,syncg,fixed_prior,,,blur_severe,,,mean_weight_polar_mean,0.25,,,,,,native_metric
figure_routing,routing_diagnostic,routing_seed_mean.csv,syncg,fixed_prior,,,blur_severe,,,mean_weight_relational_mean,0.25,,,,,,native_metric
figure_routing,routing_diagnostic,routing_seed_mean.csv,syncg,fixed_prior,,,blur_severe,,,normalized_routing_entropy_mean,0.9463946303571861,,,,,,native_metric
figure_routing,routing_diagnostic,routing_seed_mean.csv,syncg,fixed_prior,,,blur_severe,,,fraction_max_weight_gt_095_mean,0.0,,,,,,native_metric
figure_routing,routing_diagnostic,routing_seed_mean.csv,syncg,fixed_prior,,,perspective_moderate,,,mean_weight_base_mean,0.5,,,,,,native_metric
figure_routing,routing_diagnostic,routing_seed_mean.csv,syncg,fixed_prior,,,perspective_moderate,,,mean_weight_polar_mean,0.25,,,,,,native_metric
figure_routing,routing_diagnostic,routing_seed_mean.csv,syncg,fixed_prior,,,perspective_moderate,,,mean_weight_relational_mean,0.25,,,,,,native_metric
figure_routing,routing_diagnostic,routing_seed_mean.csv,syncg,fixed_prior,,,perspective_moderate,,,normalized_routing_entropy_mean,0.9463946303571861,,,,,,native_metric
figure_routing,routing_diagnostic,routing_seed_mean.csv,syncg,fixed_prior,,,perspective_moderate,,,fraction_max_weight_gt_095_mean,0.0,,,,,,native_metric
figure_routing,routing_diagnostic,routing_seed_mean.csv,syncg,fixed_prior,,,perspective_severe,,,mean_weight_base_mean,0.5,,,,,,native_metric
figure_routing,routing_diagnostic,routing_seed_mean.csv,syncg,fixed_prior,,,perspective_severe,,,mean_weight_polar_mean,0.25,,,,,,native_metric
figure_routing,routing_diagnostic,routing_seed_mean.csv,syncg,fixed_prior,,,perspective_severe,,,mean_weight_relational_mean,0.25,,,,,,native_metric
figure_routing,routing_diagnostic,routing_seed_mean.csv,syncg,fixed_prior,,,perspective_severe,,,normalized_routing_entropy_mean,0.9463946303571861,,,,,,native_metric
figure_routing,routing_diagnostic,routing_seed_mean.csv,syncg,fixed_prior,,,perspective_severe,,,fraction_max_weight_gt_095_mean,0.0,,,,,,native_metric
figure_routing,routing_diagnostic,routing_seed_mean.csv,syncg,fixed_prior,,,combined_severe,,,mean_weight_base_mean,0.5,,,,,,native_metric
figure_routing,routing_diagnostic,routing_seed_mean.csv,syncg,fixed_prior,,,combined_severe,,,mean_weight_polar_mean,0.25,,,,,,native_metric
figure_routing,routing_diagnostic,routing_seed_mean.csv,syncg,fixed_prior,,,combined_severe,,,mean_weight_relational_mean,0.25,,,,,,native_metric
figure_routing,routing_diagnostic,routing_seed_mean.csv,syncg,fixed_prior,,,combined_severe,,,normalized_routing_entropy_mean,0.9463946303571861,,,,,,native_metric
figure_routing,routing_diagnostic,routing_seed_mean.csv,syncg,fixed_prior,,,combined_severe,,,fraction_max_weight_gt_095_mean,0.0,,,,,,native_metric
table_industrial_oof,target_supervised_oof,adaptation/summary.csv,industrial,geoprr_oof,,seed_mean,all_conditions,,,nmae_pct_fs,2.721454733007025,0.05022631126515366,,,1395,52,percent_full_scale_or_percent
table_industrial_oof,target_supervised_oof,adaptation/summary.csv,industrial,geoprr_oof,,seed_mean,all_conditions,,,acc_at_2_pct,56.439665471923526,1.5549571512693734,,,1395,52,percent_full_scale_or_percent
table_industrial_oof,target_supervised_oof,adaptation/summary.csv,industrial,geoprr_oof,,seed_mean,all_conditions,,,acc_at_5_pct,81.91158900836321,0.41092911641385266,,,1395,52,percent_full_scale_or_percent
table_industrial_oof,target_supervised_oof,adaptation/summary.csv,industrial,geoprr_oof,,seed_mean,all_conditions,,,coverage_pct,100.0,0.0,,,1395,52,percent_full_scale_or_percent
table_industrial_oof,target_supervised_oof,adaptation/summary.csv,industrial,geoprr_oof,,equal_ensemble,all_conditions,,,nmae_pct_fs,2.447729025404981,,,,1395,52,percent_full_scale_or_percent
table_industrial_oof,target_supervised_oof,adaptation/summary.csv,industrial,geoprr_oof,,equal_ensemble,all_conditions,,,acc_at_2_pct,59.390681003584234,,,,1395,52,percent_full_scale_or_percent
table_industrial_oof,target_supervised_oof,adaptation/summary.csv,industrial,geoprr_oof,,equal_ensemble,all_conditions,,,acc_at_5_pct,84.0621266427718,,,,1395,52,percent_full_scale_or_percent
table_industrial_oof,target_supervised_oof,adaptation/summary.csv,industrial,geoprr_oof,,equal_ensemble,all_conditions,,,coverage_pct,100.0,,,,1395,52,percent_full_scale_or_percent
table_industrial_oof,target_supervised_oof,adaptation/summary.csv,industrial,geoprr_oof,,seed_mean,clean,,,nmae_pct_fs,2.7170972472868917,0.14496661014475304,,,1395,52,percent_full_scale_or_percent
table_industrial_oof,target_supervised_oof,adaptation/summary.csv,industrial,geoprr_oof,,seed_mean,clean,,,acc_at_2_pct,56.51135005973716,1.9038073392632748,,,1395,52,percent_full_scale_or_percent
table_industrial_oof,target_supervised_oof,adaptation/summary.csv,industrial,geoprr_oof,,seed_mean,clean,,,acc_at_5_pct,81.93548387096774,0.9373976222668099,,,1395,52,percent_full_scale_or_percent
table_industrial_oof,target_supervised_oof,adaptation/summary.csv,industrial,geoprr_oof,,seed_mean,clean,,,coverage_pct,100.0,0.0,,,1395,52,percent_full_scale_or_percent
table_industrial_oof,target_supervised_oof,adaptation/summary.csv,industrial,geoprr_oof,,equal_ensemble,clean,,,nmae_pct_fs,2.439350192272412,,,,1395,52,percent_full_scale_or_percent
table_industrial_oof,target_supervised_oof,adaptation/summary.csv,industrial,geoprr_oof,,equal_ensemble,clean,,,acc_at_2_pct,60.50179211469534,,,,1395,52,percent_full_scale_or_percent
table_industrial_oof,target_supervised_oof,adaptation/summary.csv,industrial,geoprr_oof,,equal_ensemble,clean,,,acc_at_5_pct,84.15770609318997,,,,1395,52,percent_full_scale_or_percent
table_industrial_oof,target_supervised_oof,adaptation/summary.csv,industrial,geoprr_oof,,equal_ensemble,clean,,,coverage_pct,100.0,,,,1395,52,percent_full_scale_or_percent
table_industrial_oof,target_supervised_oof,adaptation/summary.csv,industrial,geoprr_oof,,seed_mean,blur_moderate,,,nmae_pct_fs,2.6879925957953312,0.14437733418630883,,,1395,52,percent_full_scale_or_percent
table_industrial_oof,target_supervised_oof,adaptation/summary.csv,industrial,geoprr_oof,,seed_mean,blur_moderate,,,acc_at_2_pct,57.013142174432495,2.846097816005316,,,1395,52,percent_full_scale_or_percent
table_industrial_oof,target_supervised_oof,adaptation/summary.csv,industrial,geoprr_oof,,seed_mean,blur_moderate,,,acc_at_5_pct,82.22222222222223,1.343010322236214,,,1395,52,percent_full_scale_or_percent
table_industrial_oof,target_supervised_oof,adaptation/summary.csv,industrial,geoprr_oof,,seed_mean,blur_moderate,,,coverage_pct,100.0,0.0,,,1395,52,percent_full_scale_or_percent
table_industrial_oof,target_supervised_oof,adaptation/summary.csv,industrial,geoprr_oof,,equal_ensemble,blur_moderate,,,nmae_pct_fs,2.404255895317023,,,,1395,52,percent_full_scale_or_percent
table_industrial_oof,target_supervised_oof,adaptation/summary.csv,industrial,geoprr_oof,,equal_ensemble,blur_moderate,,,acc_at_2_pct,60.86021505376345,,,,1395,52,percent_full_scale_or_percent
table_industrial_oof,target_supervised_oof,adaptation/summary.csv,industrial,geoprr_oof,,equal_ensemble,blur_moderate,,,acc_at_5_pct,84.87455197132616,,,,1395,52,percent_full_scale_or_percent
table_industrial_oof,target_supervised_oof,adaptation/summary.csv,industrial,geoprr_oof,,equal_ensemble,blur_moderate,,,coverage_pct,100.0,,,,1395,52,percent_full_scale_or_percent
table_industrial_oof,target_supervised_oof,adaptation/summary.csv,industrial,geoprr_oof,,seed_mean,blur_severe,,,nmae_pct_fs,2.673599589758062,0.16067917209303265,,,1395,52,percent_full_scale_or_percent
table_industrial_oof,target_supervised_oof,adaptation/summary.csv,industrial,geoprr_oof,,seed_mean,blur_severe,,,acc_at_2_pct,57.15651135005974,2.119650755903949,,,1395,52,percent_full_scale_or_percent
table_industrial_oof,target_supervised_oof,adaptation/summary.csv,industrial,geoprr_oof,,seed_mean,blur_severe,,,acc_at_5_pct,82.31780167264039,1.971434774894464,,,1395,52,percent_full_scale_or_percent
table_industrial_oof,target_supervised_oof,adaptation/summary.csv,industrial,geoprr_oof,,seed_mean,blur_severe,,,coverage_pct,100.0,0.0,,,1395,52,percent_full_scale_or_percent
table_industrial_oof,target_supervised_oof,adaptation/summary.csv,industrial,geoprr_oof,,equal_ensemble,blur_severe,,,nmae_pct_fs,2.378472986758246,,,,1395,52,percent_full_scale_or_percent
table_industrial_oof,target_supervised_oof,adaptation/summary.csv,industrial,geoprr_oof,,equal_ensemble,blur_severe,,,acc_at_2_pct,60.716845878136205,,,,1395,52,percent_full_scale_or_percent
table_industrial_oof,target_supervised_oof,adaptation/summary.csv,industrial,geoprr_oof,,equal_ensemble,blur_severe,,,acc_at_5_pct,85.0179211469534,,,,1395,52,percent_full_scale_or_percent
table_industrial_oof,target_supervised_oof,adaptation/summary.csv,industrial,geoprr_oof,,equal_ensemble,blur_severe,,,coverage_pct,100.0,,,,1395,52,percent_full_scale_or_percent
table_industrial_oof,target_supervised_oof,adaptation/summary.csv,industrial,geoprr_oof,,seed_mean,perspective_moderate,,,nmae_pct_fs,2.558895058897344,0.07834408911064664,,,1395,52,percent_full_scale_or_percent
table_industrial_oof,target_supervised_oof,adaptation/summary.csv,industrial,geoprr_oof,,seed_mean,perspective_moderate,,,acc_at_2_pct,58.183990442054956,3.0634854024088933,,,1395,52,percent_full_scale_or_percent
table_industrial_oof,target_supervised_oof,adaptation/summary.csv,industrial,geoprr_oof,,seed_mean,perspective_moderate,,,acc_at_5_pct,83.46475507765831,0.528395325866093,,,1395,52,percent_full_scale_or_percent
table_industrial_oof,target_supervised_oof,adaptation/summary.csv,industrial,geoprr_oof,,seed_mean,perspective_moderate,,,coverage_pct,100.0,0.0,,,1395,52,percent_full_scale_or_percent
table_industrial_oof,target_supervised_oof,adaptation/summary.csv,industrial,geoprr_oof,,equal_ensemble,perspective_moderate,,,nmae_pct_fs,2.348028963189509,,,,1395,52,percent_full_scale_or_percent
table_industrial_oof,target_supervised_oof,adaptation/summary.csv,industrial,geoprr_oof,,equal_ensemble,perspective_moderate,,,acc_at_2_pct,60.143369175627235,,,,1395,52,percent_full_scale_or_percent
table_industrial_oof,target_supervised_oof,adaptation/summary.csv,industrial,geoprr_oof,,equal_ensemble,perspective_moderate,,,acc_at_5_pct,84.22939068100358,,,,1395,52,percent_full_scale_or_percent
table_industrial_oof,target_supervised_oof,adaptation/summary.csv,industrial,geoprr_oof,,equal_ensemble,perspective_moderate,,,coverage_pct,100.0,,,,1395,52,percent_full_scale_or_percent
table_industrial_oof,target_supervised_oof,adaptation/summary.csv,industrial,geoprr_oof,,seed_mean,perspective_severe,,,nmae_pct_fs,2.8842022216237777,0.11808075016891241,,,1395,52,percent_full_scale_or_percent
table_industrial_oof,target_supervised_oof,adaptation/summary.csv,industrial,geoprr_oof,,seed_mean,perspective_severe,,,acc_at_2_pct,54.81481481481481,0.48794690219025383,,,1395,52,percent_full_scale_or_percent
table_industrial_oof,target_supervised_oof,adaptation/summary.csv,industrial,geoprr_oof,,seed_mean,perspective_severe,,,acc_at_5_pct,80.52568697729987,1.0445635839615026,,,1395,52,percent_full_scale_or_percent
table_industrial_oof,target_supervised_oof,adaptation/summary.csv,industrial,geoprr_oof,,seed_mean,perspective_severe,,,coverage_pct,100.0,0.0,,,1395,52,percent_full_scale_or_percent
table_industrial_oof,target_supervised_oof,adaptation/summary.csv,industrial,geoprr_oof,,equal_ensemble,perspective_severe,,,nmae_pct_fs,2.5873533716471955,,,,1395,52,percent_full_scale_or_percent
table_industrial_oof,target_supervised_oof,adaptation/summary.csv,industrial,geoprr_oof,,equal_ensemble,perspective_severe,,,acc_at_2_pct,57.060931899641574,,,,1395,52,percent_full_scale_or_percent
table_industrial_oof,target_supervised_oof,adaptation/summary.csv,industrial,geoprr_oof,,equal_ensemble,perspective_severe,,,acc_at_5_pct,82.79569892473118,,,,1395,52,percent_full_scale_or_percent
table_industrial_oof,target_supervised_oof,adaptation/summary.csv,industrial,geoprr_oof,,equal_ensemble,perspective_severe,,,coverage_pct,100.0,,,,1395,52,percent_full_scale_or_percent
table_industrial_oof,target_supervised_oof,adaptation/summary.csv,industrial,geoprr_oof,,seed_mean,combined_severe,,,nmae_pct_fs,2.8069416846807425,0.19493243811351813,,,1395,52,percent_full_scale_or_percent
table_industrial_oof,target_supervised_oof,adaptation/summary.csv,industrial,geoprr_oof,,seed_mean,combined_severe,,,acc_at_2_pct,54.95818399044206,1.7224201950719351,,,1395,52,percent_full_scale_or_percent
table_industrial_oof,target_supervised_oof,adaptation/summary.csv,industrial,geoprr_oof,,seed_mean,combined_severe,,,acc_at_5_pct,81.00358422939068,1.9917482422150241,,,1395,52,percent_full_scale_or_percent
table_industrial_oof,target_supervised_oof,adaptation/summary.csv,industrial,geoprr_oof,,seed_mean,combined_severe,,,coverage_pct,100.0,0.0,,,1395,52,percent_full_scale_or_percent
table_industrial_oof,target_supervised_oof,adaptation/summary.csv,industrial,geoprr_oof,,equal_ensemble,combined_severe,,,nmae_pct_fs,2.5289127432455007,,,,1395,52,percent_full_scale_or_percent
table_industrial_oof,target_supervised_oof,adaptation/summary.csv,industrial,geoprr_oof,,equal_ensemble,combined_severe,,,acc_at_2_pct,57.060931899641574,,,,1395,52,percent_full_scale_or_percent
table_industrial_oof,target_supervised_oof,adaptation/summary.csv,industrial,geoprr_oof,,equal_ensemble,combined_severe,,,acc_at_5_pct,83.29749103942652,,,,1395,52,percent_full_scale_or_percent
table_industrial_oof,target_supervised_oof,adaptation/summary.csv,industrial,geoprr_oof,,equal_ensemble,combined_severe,,,coverage_pct,100.0,,,,1395,52,percent_full_scale_or_percent
table_efficiency,complete_roi_timing,efficiency/summary.csv,,full,,,,,,million_parameters_mean,4.885096,,,,,,native_metric
table_efficiency,complete_roi_timing,efficiency/summary.csv,,full,,,,,,median_ms_mean,38.50055,,,,,,milliseconds
table_efficiency,complete_roi_timing,efficiency/summary.csv,,full,,,,,,p95_ms_mean,41.17241666666666,,,,,,milliseconds
table_efficiency,complete_roi_timing,efficiency/summary.csv,,full,,,,,,failed_calls_total,0,,,,,,native_metric
table_efficiency,complete_roi_timing,efficiency/summary.csv,,base_only,,,,,,million_parameters_mean,4.271638,,,,,,native_metric
table_efficiency,complete_roi_timing,efficiency/summary.csv,,base_only,,,,,,median_ms_mean,30.518483333333336,,,,,,milliseconds
table_efficiency,complete_roi_timing,efficiency/summary.csv,,base_only,,,,,,p95_ms_mean,33.336076666666656,,,,,,milliseconds
table_efficiency,complete_roi_timing,efficiency/summary.csv,,base_only,,,,,,failed_calls_total,0,,,,,,native_metric
table_efficiency,complete_roi_timing,efficiency/summary.csv,,dual_view,,,,,,million_parameters_mean,4.832509,,,,,,native_metric
table_efficiency,complete_roi_timing,efficiency/summary.csv,,dual_view,,,,,,median_ms_mean,10.63135,,,,,,milliseconds
table_efficiency,complete_roi_timing,efficiency/summary.csv,,dual_view,,,,,,p95_ms_mean,13.223849999999999,,,,,,milliseconds
table_efficiency,complete_roi_timing,efficiency/summary.csv,,dual_view,,,,,,failed_calls_total,0,,,,,,native_metric
