comparison,dataset,scope,candidate_nmae_pct_fs,reference_nmae_pct_fs,candidate_minus_reference_pct_fs,relative_error_reduction_pct,acc_at_2_gain_percentage_points,acc_at_5_gain_percentage_points,replicates,seed,rows_per_seed,ci95_low_pct_fs,ci95_high_pct_fs,relative_reduction_ci95_low_pct,relative_reduction_ci95_high_pct,groups,source_seed_count
geoprr_minus_resnet18,syncg,all_conditions,0.8726076663887843,2.4913783675129566,-1.618770701124172,64.97490394203456,21.381944444444436,12.563888888888886,20000,20260907,24000,-1.6979853294931886,-1.541849661184238,63.51872894388177,66.38301882341459,145,3
geoprr_minus_resnet18,syncg,clean,0.6803549756196825,0.6153662492897615,0.06498872632992098,-10.560983220143962,-0.30000000000000027,0.23333333333331874,20000,20260908,4000,0.03306549478552111,0.09447271708270874,-16.22455582519614,-5.06643377299212,145,3
geoprr_minus_resnet18,syncg,blur_moderate,0.6819986990337821,0.619421384740809,0.0625773142929731,-10.102543411406113,-0.3583333333333383,0.28333333333333544,20000,20260909,4000,0.0283400254778353,0.09236287798850493,-15.824470127934092,-4.319022161821762,145,3
geoprr_minus_resnet18,syncg,blur_severe,0.7049512423059899,0.642998076042016,0.06195316626397404,-9.635046911077506,-0.39166666666666794,0.374999999999992,20000,20260910,4000,0.025335182736211395,0.09444539883172914,-15.583938644005949,-3.6808405368156185,145,3
geoprr_minus_resnet18,syncg,perspective_moderate,0.8715777790626952,1.7287715648256388,-0.8571937857629436,49.58398224518454,16.866666666666664,3.0749999999999833,20000,20260911,4000,-0.9241756831340274,-0.7933656240121051,47.422448685601125,51.74178029293323,145,3
geoprr_minus_resnet18,syncg,perspective_severe,1.055643228172077,5.514728600361272,-4.459085372189195,80.85774831960141,56.69166666666668,35.475,20000,20260912,4000,-4.663877808779665,-4.261175246758994,79.65996398839602,81.93146127920528,145,3
geoprr_minus_resnet18,syncg,combined_severe,1.2411200741384791,5.826984329818242,-4.5858642556797635,78.70047345438472,55.78333333333334,35.94166666666667,20000,20260913,4000,-4.791812936601738,-4.385078168273233,77.33472798225306,79.97400860916105,145,3
geoprr_minus_resnet18,syncg,perspective_pair,0.963610503617386,3.6217500825934557,-2.6581395789760696,73.39378804052194,36.77916666666666,19.275,20000,20260914,8000,-2.7844827050423206,-2.5361328127595204,71.95848854153388,74.72951854553733,145,3
geoprr_minus_resnet18,syncg,projective_three,1.0561136937910836,4.356828165001717,-3.3007144712106333,75.75957430970502,43.11388888888889,24.830555555555566,20000,20260915,12000,-3.449494737504409,-3.1557085757596246,74.35985596181783,77.02904295243867,145,3
geoprr_minus_efficientnet_b0,syncg,all_conditions,0.8726076663887843,1.6594963879841056,-0.7868887215953212,47.41732053729893,15.774999999999984,4.526388888888877,20000,20260907,24000,-0.8274363999124479,-0.7473656879874886,45.485677155974386,49.27689058559342,145,3
geoprr_minus_efficientnet_b0,syncg,clean,0.6803549756196825,0.6176217156104666,0.06273326000921586,-10.15723029544215,-1.275000000000004,-0.24166666666668446,20000,20260908,4000,0.04589218410831133,0.08124361269973424,-13.021614643850898,-7.4545558447383415,145,3
geoprr_minus_efficientnet_b0,syncg,blur_moderate,0.6819986990337821,0.6171220319525544,0.06487666708122766,-10.512777655330172,-1.2500000000000067,-0.17499999999999183,20000,20260909,4000,0.04830095650288828,0.08337372836405885,-13.408261054658015,-7.847299575124539,145,3
geoprr_minus_efficientnet_b0,syncg,blur_severe,0.7049512423059899,0.637514297257325,0.0674369450486649,-10.57810708540781,-1.4250000000000096,-0.1583333333333381,20000,20260910,4000,0.05023997869284131,0.08601808594704505,-13.446053599907607,-7.839839553367518,145,3
geoprr_minus_efficientnet_b0,syncg,perspective_moderate,0.8715777790626952,1.44478799829397,-0.5732102192312748,39.67434806408491,13.008333333333333,0.6999999999999895,20000,20260911,4000,-0.6064485753276257,-0.5399598500388273,37.3223675768848,41.93501898496603,145,3
geoprr_minus_efficientnet_b0,syncg,perspective_severe,1.055643228172077,3.2124326526095497,-2.1567894244374726,67.13882149982044,43.38333333333333,13.133333333333342,20000,20260912,4000,-2.2746478900653684,-2.045831035304777,65.30769601053065,68.88416247217856,145,3
geoprr_minus_efficientnet_b0,syncg,combined_severe,1.2411200741384791,3.427499632180765,-2.1863795580422862,63.789344789839994,42.20833333333335,13.900000000000002,20000,20260913,4000,-2.3100924310323947,-2.067860929860228,61.62632259789852,65.85548716807399,145,3
geoprr_minus_efficientnet_b0,syncg,perspective_pair,0.963610503617386,2.3286103254517596,-1.3649998218343737,58.61864507405542,28.195833333333333,6.91666666666666,20000,20260914,8000,-1.4318538898509272,-1.30116244254073,56.70561380221144,60.450673248739015,145,3
geoprr_minus_efficientnet_b0,syncg,projective_three,1.0561136937910836,2.694906761028095,-1.6387930672370112,60.81075200582521,32.86666666666667,9.244444444444467,20000,20260915,12000,-1.7205879536723254,-1.5607958438013856,58.856421307177214,62.662211073592474,145,3
geoprr_minus_mobilenet_v3_large,syncg,all_conditions,0.8726076663887843,2.333959102021563,-1.4613514356327784,62.612555394266614,21.21249999999999,10.383333333333322,20000,20260907,24000,-1.5360122495384654,-1.3895356234036043,60.897658762965904,64.25968826057799,145,3
geoprr_minus_mobilenet_v3_large,syncg,clean,0.6803549756196825,0.6918110633423075,-0.011456087722624964,1.6559561316174705,0.2083333333333326,0.024999999999986144,20000,20260908,4000,-0.03985183085243244,0.015876067169989107,-2.3373804787512866,5.596635621116615,145,3
geoprr_minus_mobilenet_v3_large,syncg,blur_moderate,0.6819986990337821,0.6910667513074349,-0.009068052273652864,1.3121818198454693,0.33333333333334103,0.09166666666667878,20000,20260909,4000,-0.03727336348058102,0.017579721257527138,-2.592214031364587,5.2411637930931505,145,3
geoprr_minus_mobilenet_v3_large,syncg,blur_severe,0.7049512423059899,0.7158032053280443,-0.010851963022054378,1.5160539854080493,0.22499999999999742,0.19166666666665666,20000,20260910,4000,-0.03910485990548426,0.015747372988311557,-2.2539853725404884,5.27674443368512,145,3
geoprr_minus_mobilenet_v3_large,syncg,perspective_moderate,0.8715777790626952,1.7295277741404147,-0.8579499950777195,49.60602587050825,18.59166666666666,2.925,20000,20260911,4000,-0.936291110343212,-0.790981786887185,46.75095452384547,52.46236742595833,145,3
geoprr_minus_mobilenet_v3_large,syncg,perspective_severe,1.055643228172077,4.929386369891963,-3.8737431417198867,78.58469292202767,54.53333333333333,28.99166666666666,20000,20260912,4000,-4.063446025290489,-3.6876742143332795,77.2140016996433,79.84586979178606,145,3
geoprr_minus_mobilenet_v3_large,syncg,combined_severe,1.2411200741384791,5.246159448119209,-4.00503937398073,76.34231123906402,53.38333333333335,30.075000000000006,20000,20260913,4000,-4.209417810190618,-3.806549049291445,74.76675288658275,77.80882578524458,145,3
geoprr_minus_mobilenet_v3_large,syncg,perspective_pair,0.963610503617386,3.32945707201619,-2.3658465683988035,71.0580288985717,36.5625,15.958333333333341,20000,20260914,8000,-2.4880894150012893,-2.248669621413743,69.34369032251557,72.63930492246907,145,3
geoprr_minus_mobilenet_v3_large,syncg,projective_three,1.0561136937910836,3.968357864050529,-2.9122441702594455,73.38663170077353,42.16944444444445,20.663888888888906,20000,20260915,12000,-3.058488464851921,-2.773881568442455,71.8014010223732,74.85583739024145,145,3
geoprr_minus_yolo,syncg,all_conditions,0.8726076663887843,5.747765564792487,-4.875157898403702,84.81831493382613,23.819444444444436,16.23888888888888,20000,20260907,24000,-5.063614863457463,-4.684845841535248,83.93984848288717,85.6289026571371,145,3
geoprr_minus_yolo,syncg,clean,0.6803549756196825,0.5126651848584897,0.16768979076119284,-32.70941653810178,-2.9000000000000137,-0.4666666666666708,20000,20260908,4000,0.13087791018890918,0.20145859258277593,-41.167568754575385,-24.006684384928676,145,3
geoprr_minus_yolo,syncg,blur_moderate,0.6819986990337821,0.5294451618141234,0.15255353721965867,-28.81385046506797,-2.8000000000000025,-0.4666666666666597,20000,20260909,4000,0.1021970943056639,0.19635757877920032,-40.2164870516158,-17.55404763261159,145,3
geoprr_minus_yolo,syncg,blur_severe,0.7049512423059899,0.6562547661609559,0.04869647614503406,-7.420361520557788,-1.983333333333348,-0.24166666666667336,20000,20260910,4000,-0.03268545602557401,0.11907040475637629,-20.16988165444169,4.493832030718887,145,3
geoprr_minus_yolo,syncg,perspective_moderate,0.8715777790626952,1.6531257422110848,-0.7815479631483895,47.27698221570583,19.525000000000002,2.0999999999999908,20000,20260911,4000,-0.8463355780497976,-0.7152644104839222,43.86064755389461,50.30953713933566,145,3
geoprr_minus_yolo,syncg,perspective_severe,1.055643228172077,13.265875789622358,-12.210232561450281,92.04241585770096,64.9,45.31666666666667,20000,20260912,4000,-12.720856793247105,-11.683724328463546,91.48782448685007,92.53259347982312,145,3
geoprr_minus_yolo,syncg,combined_severe,1.2411200741384791,17.869226744087904,-16.628106669949425,93.05442763745158,66.17500000000001,51.19166666666668,20000,20260913,4000,-17.310920283740366,-15.946290976926857,92.54313928583007,93.52577167101455,145,3
geoprr_minus_yolo,syncg,perspective_pair,0.963610503617386,7.459500765916722,-6.495890262299336,87.0821046360069,42.2125,23.708333333333332,20000,20260914,8000,-6.758658755310546,-6.235581111539046,86.2269587919211,87.84875047186692,145,3
geoprr_minus_yolo,syncg,projective_three,1.0561136937910836,10.929409425307115,-9.873295731516032,90.33695552345542,50.2,32.869444444444454,20000,20260915,12000,-10.237961620220359,-9.492711348806603,89.6855157043672,90.90994206114085,145,3
geoprr_minus_vdn,syncg,all_conditions,0.8726076663887843,5.0128777196393175,-4.140270053250533,82.59267998957755,25.45833333333333,15.112499999999995,20000,20260907,24000,-4.311756301954478,-3.968817384605877,81.55821282275164,83.55114931213508,145,3
geoprr_minus_vdn,syncg,clean,0.6803549756196825,0.9476681806384113,-0.26731320501872885,28.20746865623885,4.85833333333332,0.22499999999999742,20000,20260908,4000,-0.32186613609864667,-0.2180270713999409,23.868284465683566,32.57020072588668,145,3
geoprr_minus_vdn,syncg,blur_moderate,0.6819986990337821,0.9636657653232966,-0.28166706628951454,29.228709416175963,5.033333333333323,0.3833333333333466,20000,20260909,4000,-0.34587090720804003,-0.22539196949029924,24.465996299937668,33.819087485146234,145,3
geoprr_minus_vdn,syncg,blur_severe,0.7049512423059899,1.2537386327453792,-0.5487873904393893,43.7720730705793,7.54999999999999,1.258333333333328,20000,20260910,4000,-0.6438680285466599,-0.4618366959115086,39.499973391555095,47.82306233251426,145,3
geoprr_minus_vdn,syncg,perspective_moderate,0.8715777790626952,1.3085470357547673,-0.436969256692072,33.39346960807023,9.84166666666666,0.4666666666666597,20000,20260911,4000,-0.49872783166056356,-0.37398607632718733,28.975848847214007,37.280020698652,145,3
geoprr_minus_vdn,syncg,perspective_severe,1.055643228172077,10.463477234898612,-9.407834006726535,89.91116237486317,62.74999999999999,42.074999999999996,20000,20260912,4000,-9.850046824117545,-8.971371102201942,89.1705094137515,90.57712584053385,145,3
geoprr_minus_vdn,syncg,combined_severe,1.2411200741384791,15.140169468475436,-13.899049394336958,91.80246907590622,62.71666666666669,46.26666666666668,20000,20260913,4000,-14.527062390369455,-13.274956048121558,91.18269834438762,92.37211685141632,145,3
geoprr_minus_vdn,syncg,perspective_pair,0.963610503617386,5.88601213532669,-4.922401631709304,83.62880535305075,36.29583333333333,21.27083333333333,20000,20260914,8000,-5.145889320898166,-4.7023813756980335,82.50158105154864,84.65908287230664,145,3
geoprr_minus_vdn,syncg,projective_three,1.0561136937910836,8.970731246376273,-7.91461755258519,88.22711700099475,45.102777777777774,29.60277777777779,20000,20260915,12000,-8.241677155902662,-7.5807159948248275,87.40426618094446,88.95443760939423,145,3
geoprr_minus_deeplab,syncg,all_conditions,0.8726076663887843,10.275702103896574,-9.40309443750779,91.50804823294858,23.786111111111108,18.456944444444435,20000,20260907,24000,-9.66686515146517,-9.142485094345785,91.03058695881624,91.9579872072023,145,3
geoprr_minus_deeplab,syncg,clean,0.6803549756196825,0.45939670514580055,0.22095827047388192,-48.097486986493635,-3.6416666666666764,-0.550000000000006,20000,20260908,4000,0.15242648741340098,0.28093261800364405,-68.62140985040683,-29.19851443618425,145,3
geoprr_minus_deeplab,syncg,blur_moderate,0.6819986990337821,0.4583954911528957,0.22360320788088636,-48.779539109014614,-3.5666666666666735,-0.5666666666666598,20000,20260909,4000,0.15368194611568312,0.28366711006651046,-69.74869532314965,-29.44497914096184,145,3
geoprr_minus_deeplab,syncg,blur_severe,0.7049512423059899,0.5747547965343403,0.13019644577164977,-22.652520093213496,-2.866666666666673,-0.4750000000000032,20000,20260910,4000,0.04229783073981902,0.20684909294959167,-40.91798105207057,-6.378014751260509,145,3
geoprr_minus_deeplab,syncg,perspective_moderate,0.8715777790626952,1.9284211216895188,-1.0568433426268236,54.803555651833314,22.383333333333333,2.041666666666664,20000,20260911,4000,-1.1763403372664665,-0.9444893798825983,51.097818265635574,58.14750339876874,145,3
geoprr_minus_deeplab,syncg,perspective_severe,1.055643228172077,25.979116303141677,-24.9234730749696,95.93656991310202,64.73333333333333,53.05833333333334,20000,20260912,4000,-25.69011819821227,-24.14879933632798,95.66682298730532,96.18265558367422,145,3
geoprr_minus_deeplab,syncg,combined_severe,1.2411200741384791,32.25412820571521,-31.01300813157673,96.15205822267873,65.67500000000001,57.233333333333334,20000,20260913,4000,-31.879914597099592,-30.12844297751784,95.8807475818521,96.40292324662583,145,3
geoprr_minus_deeplab,syncg,perspective_pair,0.963610503617386,13.953768712415599,-12.990158208798213,93.09426346761792,43.55833333333333,27.549999999999986,20000,20260914,8000,-13.384757301287049,-12.590103033859116,92.64822409313948,93.4992941647495,145,3
geoprr_minus_deeplab,syncg,projective_three,1.0561136937910836,20.05388854351547,-18.997774849724387,94.73362140464981,50.93055555555556,37.44444444444445,20000,20260915,12000,-19.50483886756121,-18.48127714515532,94.39010224916754,95.04030584148376,145,3
resnet18_sarn_minus_raw,syncg,all_conditions,1.329485869846608,2.4913783675129566,-1.1618924976663483,46.63653312628781,10.036111111111111,9.876388888888886,20000,20260907,24000,-1.2337225176825883,-1.092120135930805,44.866458516696994,48.34227155070062,145,3
resnet18_sarn_minus_raw,syncg,clean,0.6153662492897615,0.6153662492897615,0.0,0.0,0.0,0.0,20000,20260908,4000,0.0,0.0,0.0,0.0,145,3
resnet18_sarn_minus_raw,syncg,blur_moderate,0.619421384740809,0.619421384740809,0.0,0.0,0.0,0.0,20000,20260909,4000,0.0,0.0,0.0,0.0,145,3
resnet18_sarn_minus_raw,syncg,blur_severe,0.642998076042016,0.642998076042016,0.0,0.0,0.0,0.0,20000,20260910,4000,0.0,0.0,0.0,0.0,145,3
resnet18_sarn_minus_raw,syncg,perspective_moderate,1.259769974930263,1.7287715648256388,-0.46900158989537577,27.129182330268055,8.34999999999999,2.341666666666653,20000,20260911,4000,-0.5283982086194536,-0.414129191197567,24.865103675414137,29.42837252716589,145,3
resnet18_sarn_minus_raw,syncg,perspective_severe,2.3573301367182236,5.514728600361272,-3.1573984636430485,57.25392294801609,25.791666666666664,28.274999999999995,20000,20260912,4000,-3.354548875837485,-2.9631466580773234,55.435416250011116,58.961006701299745,145,3
resnet18_sarn_minus_raw,syncg,combined_severe,2.482029397358575,5.826984329818242,-3.3449549324596677,57.40456371819357,26.075,28.641666666666676,20000,20260913,4000,-3.5502152630594224,-3.148077862426992,55.60486540312647,59.12598223290336,145,3
resnet18_sarn_minus_raw,syncg,perspective_pair,1.8085500558242436,3.6217500825934557,-1.813200026769212,50.064195083025155,17.070833333333336,15.308333333333323,20000,20260914,8000,-1.93251965068422,-1.6983622273808616,48.26073331361072,51.80974775151382,145,3
resnet18_sarn_minus_raw,syncg,projective_three,2.0330431696690208,4.356828165001717,-2.3237849953326966,53.33662259162752,20.07222222222223,19.752777777777787,20000,20260915,12000,-2.465881196337639,-2.1866533783995314,51.55686474645014,55.042165548520614,145,3
efficientnet_b0_sarn_minus_raw,syncg,all_conditions,1.1691083833699016,1.6594963879841056,-0.49038800461420373,29.550411086456705,6.276388888888884,4.274999999999995,20000,20260907,24000,-0.5357412337006642,-0.4471604597277867,27.611953849395757,31.459648999314616,145,3
efficientnet_b0_sarn_minus_raw,syncg,clean,0.6176217156104666,0.6176217156104666,0.0,0.0,0.0,0.0,20000,20260908,4000,0.0,0.0,0.0,0.0,145,3
efficientnet_b0_sarn_minus_raw,syncg,blur_moderate,0.6171220319525544,0.6171220319525544,0.0,0.0,0.0,0.0,20000,20260909,4000,0.0,0.0,0.0,0.0,145,3
efficientnet_b0_sarn_minus_raw,syncg,blur_severe,0.637514297257325,0.637514297257325,0.0,0.0,0.0,0.0,20000,20260910,4000,0.0,0.0,0.0,0.0,145,3
efficientnet_b0_sarn_minus_raw,syncg,perspective_moderate,1.2167408849990415,1.44478799829397,-0.22804711329492844,15.784122899983272,4.533333333333323,1.0499999999999954,20000,20260911,4000,-0.26427519033957964,-0.1934661373031415,13.612162023039197,17.916661981186678,145,3
efficientnet_b0_sarn_minus_raw,syncg,perspective_severe,1.8790734804275646,3.2124326526095497,-1.3333591721819849,41.506214024404834,17.558333333333337,11.916666666666664,20000,20260912,4000,-1.4633023462003774,-1.2114538575186187,39.002082739164095,44.00614375269286,145,3
efficientnet_b0_sarn_minus_raw,syncg,combined_severe,2.0465778899724585,3.427499632180765,-1.3809217422083069,40.28947893218848,15.566666666666674,12.683333333333325,20000,20260913,4000,-1.5127171303390643,-1.2558280279964031,37.82509065787316,42.72055863445243,145,3
efficientnet_b0_sarn_minus_raw,syncg,perspective_pair,1.5479071827133033,2.3286103254517596,-0.7807031427384564,33.52656879536068,11.045833333333343,6.48333333333333,20000,20260914,8000,-0.8568414726067378,-0.7080789196000603,31.26829198821819,35.799377800297776,145,3
efficientnet_b0_sarn_minus_raw,syncg,projective_three,1.7141307517996882,2.694906761028095,-0.9807760092284065,36.393689882400416,12.552777777777768,8.550000000000002,20000,20260915,12000,-1.0726626216456718,-0.8948048700202649,34.15224965902322,38.653710025277206,145,3
mobilenet_v3_large_sarn_minus_raw,syncg,all_conditions,1.3286471056142817,2.333959102021563,-1.005311996407281,43.0732481788789,9.356944444444437,8.894444444444439,20000,20260907,24000,-1.0749140951415017,-0.9380728797793494,41.28446179934321,44.861351531526,145,3
mobilenet_v3_large_sarn_minus_raw,syncg,clean,0.6918110633423075,0.6918110633423075,0.0,0.0,0.0,0.0,20000,20260908,4000,0.0,0.0,0.0,0.0,145,3
mobilenet_v3_large_sarn_minus_raw,syncg,blur_moderate,0.6910667513074349,0.6910667513074349,0.0,0.0,0.0,0.0,20000,20260909,4000,0.0,0.0,0.0,0.0,145,3
mobilenet_v3_large_sarn_minus_raw,syncg,blur_severe,0.7158032053280443,0.7158032053280443,0.0,0.0,0.0,0.0,20000,20260910,4000,0.0,0.0,0.0,0.0,145,3
mobilenet_v3_large_sarn_minus_raw,syncg,perspective_moderate,1.3655141401342255,1.7295277741404147,-0.3640136340061894,21.046995570054158,6.749999999999989,2.4500000000000077,20000,20260911,4000,-0.41746078888881744,-0.314641670863596,18.838961422882974,23.240025126626687,145,3
mobilenet_v3_large_sarn_minus_raw,syncg,perspective_severe,2.1666203404824986,4.929386369891963,-2.762766029409465,56.04685496523608,24.66666666666667,25.008333333333333,20000,20260912,4000,-2.9534308938300873,-2.5765124075288055,54.03229289947037,57.98292015501265,145,3
mobilenet_v3_large_sarn_minus_raw,syncg,combined_severe,2.34106713309118,5.246159448119209,-2.905092315028029,55.375600832520036,24.724999999999998,25.90833333333333,20000,20260913,4000,-3.1049624437086676,-2.7087113299822843,53.2994686538247,57.37508082967344,145,3
mobilenet_v3_large_sarn_minus_raw,syncg,perspective_pair,1.7660672403083624,3.32945707201619,-1.5633898317078274,46.95629941734312,15.708333333333336,13.729166666666682,20000,20260914,8000,-1.6802615567860335,-1.452074383417536,45.004091835797624,48.898900911742,145,3
mobilenet_v3_large_sarn_minus_raw,syncg,projective_three,1.9577338712359684,3.968357864050529,-2.0106239928145606,50.66639808442839,18.713888888888885,17.788888888888888,20000,20260915,12000,-2.15212044209261,-1.8763259198019047,48.73086373345319,52.58734106011435,145,3
geoprr_minus_resnet18,rf100,all_conditions,5.686782224149123,7.850954565504903,-2.1641723413557794,27.56572240100079,10.77998528329654,16.813833701250914,20000,20261007,906,-3.6145586860795267,-0.5946748787386514,7.449283369991161,49.47772231534617,35,3
geoprr_minus_resnet18,rf100,clean,6.052349743046702,6.062625754208916,-0.010276011162214937,0.1694976991624614,1.9867549668874218,4.194260485651213,20000,20261008,151,-1.9693119160148889,2.715174923669534,-60.34422058900678,32.81065972270856,35,3
geoprr_minus_resnet18,rf100,blur_moderate,5.867338530937182,6.039865383927551,-0.17252685299036785,2.8564685141737147,2.8697571743929284,2.8697571743929395,20000,20261009,151,-2.029442627034492,2.4275745084748923,-55.53547087257445,33.44291348166044,35,3
geoprr_minus_resnet18,rf100,blur_severe,5.513550515957374,6.071934242381059,-0.5583837264236856,9.196142516272046,5.077262693156731,4.856512141280367,20000,20261010,151,-2.155656515768842,1.5154194642577945,-35.44523660377825,33.77615473172989,35,3
geoprr_minus_resnet18,rf100,perspective_moderate,5.38770546776546,6.812581332248578,-1.424875864483119,20.915359318181096,9.050772626931568,13.907284768211925,20000,20261011,151,-3.330983731278393,0.14808993840205548,-2.0389475441564224,46.58162996343388,35,3
geoprr_minus_resnet18,rf100,perspective_severe,5.832153110156627,10.859078835773287,-5.02692572561666,46.292377112654854,25.82781456953643,37.52759381898455,20000,20261012,151,-6.939207425201835,-3.1412029908903745,29.003706319776317,61.77143145999599,35,3
geoprr_minus_resnet18,rf100,combined_severe,5.467595977031389,11.259641844490025,-5.7920458674586355,51.440764701525644,19.86754966887417,37.52759381898455,20000,20261013,151,-7.6025227006844025,-3.952687866773161,36.308386774324426,64.2812547425199,35,3
geoprr_minus_resnet18,rf100,perspective_pair,5.609929288961045,8.835830084010931,-3.2259007950498866,36.50931224772402,17.439293598234,25.717439293598236,20000,20261014,302,-4.977659951997296,-1.71810290462304,18.533225608558023,55.68887255355477,35,3
geoprr_minus_resnet18,rf100,projective_three,5.562484851651159,9.643767337503963,-4.081282485852804,42.320416316774576,18.248712288447386,29.65415746872701,20000,20261015,453,-5.753359107847464,-2.6066357133599984,25.987812883927365,58.62772975609072,35,3
geoprr_minus_efficientnet_b0,rf100,all_conditions,5.686782224149123,4.605721044383785,1.0810611797653387,-23.47213757297751,-0.36791758646062545,-0.6990434142752022,20000,20261007,906,-0.8397280182917338,3.623221756195907,-74.79315043782898,18.808098309590292,35,3
geoprr_minus_efficientnet_b0,rf100,clean,6.052349743046702,3.3146532979001435,2.7376964451465584,-82.59374960515203,-9.492273730684332,-10.154525386313473,20000,20261008,151,0.6779140898014006,5.625593043136629,-150.64124968463105,-23.92157900821314,35,3
geoprr_minus_efficientnet_b0,rf100,blur_moderate,5.867338530937182,3.173638777927743,2.6936997530094398,-84.87732667447162,-9.271523178807955,-11.699779249448117,20000,20261009,151,0.644474454827915,5.5814742708495775,-150.67349075497086,-23.93240280674528,35,3
geoprr_minus_efficientnet_b0,rf100,blur_severe,5.513550515957374,2.9476297019459476,2.565920814011426,-87.05031070617426,-11.258278145695366,-10.375275938189843,20000,20261010,151,0.5893480989747842,5.346686115597628,-153.05913207210187,-22.584246417285,35,3
geoprr_minus_efficientnet_b0,rf100,perspective_moderate,5.38770546776546,3.933718954892195,1.453986512873264,-36.962135057081404,-2.428256070640178,-7.064017660044142,20000,20261011,151,-0.32343502576108607,3.6847496815123373,-90.27075808266696,8.33432543250294,35,3
geoprr_minus_efficientnet_b0,rf100,perspective_severe,5.832153110156627,7.0688432248839455,-1.2366901147273186,17.49494330803499,16.997792494481242,16.997792494481235,20000,20261012,151,-3.4882991210713703,1.2051455899964505,-18.30569249418742,45.244446646331966,35,3
geoprr_minus_efficientnet_b0,rf100,combined_severe,5.467595977031389,7.195842308752737,-1.7282463317213477,24.017290229097675,13.245033112582776,18.101545253863137,20000,20261013,151,-3.6549644503628427,0.3135049287854473,-4.636887839108441,46.61541161484766,35,3
geoprr_minus_efficientnet_b0,rf100,perspective_pair,5.609929288961045,5.50128108988807,0.10864819907297485,-1.97496178249611,7.2847682119205395,4.966887417218535,20000,20261014,302,-1.86079333884973,2.40640392591379,-44.521146201390145,32.266561007980926,35,3
geoprr_minus_efficientnet_b0,rf100,projective_three,5.562484851651159,6.066134829509627,-0.5036499778584682,8.302650567679224,9.271523178807945,9.345106696100093,20000,20261015,453,-2.4213522348143592,1.6636731627204129,-28.352986662617262,37.743380960471455,35,3
geoprr_minus_mobilenet_v3_large,rf100,all_conditions,5.686782224149123,5.94177331288839,-0.2549910887392669,4.291498098491267,9.860191317144967,7.358351729212664,20000,20261007,906,-2.461532271496905,2.5429272687386635,-42.32965327030037,41.092517849566335,35,3
geoprr_minus_mobilenet_v3_large,rf100,clean,6.052349743046702,3.5866934292823243,2.4656563137643777,-68.74455155922654,3.090507726269326,-5.518763796909498,20000,20261008,151,0.02931237907090233,5.522004246251239,-137.8814972526613,-0.8872392436229475,35,3
geoprr_minus_mobilenet_v3_large,rf100,blur_moderate,5.867338530937182,3.520934675770714,2.3464038551664688,-66.64150491950984,4.635761589403975,-7.064017660044152,20000,20261009,151,-0.08061957115106548,5.449611512896752,-138.49298949109289,2.525421743294112,35,3
geoprr_minus_mobilenet_v3_large,rf100,blur_severe,5.513550515957374,3.3571006765449796,2.156449839412394,-64.23548315005387,3.0905077262693204,-4.415011037527594,20000,20261010,151,-0.18368880919323843,5.220875156430162,-139.6741232811765,5.903390190480005,35,3
geoprr_minus_mobilenet_v3_large,rf100,perspective_moderate,5.38770546776546,4.9380496258353475,0.44965584193011193,-9.105940118089553,5.7395143487858675,0.8830022075055233,20000,20261011,151,-2.0953487943184452,3.2128141458945643,-70.514181862039,36.85344330173045,35,3
geoprr_minus_mobilenet_v3_large,rf100,perspective_severe,5.832153110156627,10.244721926999418,-4.41256881684279,43.07163091673284,24.72406181015453,30.684326710816773,20000,20261012,151,-6.852508057193178,-1.822785462738502,18.986987235515073,61.62901692180771,35,3
geoprr_minus_mobilenet_v3_large,rf100,combined_severe,5.467595977031389,10.003139542897557,-4.535543565866168,45.34120059423245,17.880794701986748,29.58057395143488,20000,20261013,151,-6.90777742342744,-2.0066460331608837,22.187451068384703,62.345187102619214,35,3
geoprr_minus_mobilenet_v3_large,rf100,perspective_pair,5.609929288961045,7.591385776417383,-1.9814564874563372,26.10138050962614,15.231788079470205,15.783664459161162,20000,20261014,302,-4.389053919772636,0.6516763259290743,-9.27675649104223,52.8349956545706,35,3
geoprr_minus_mobilenet_v3_large,rf100,projective_three,5.562484851651159,8.39530369857744,-2.832818846926281,33.74289899013772,16.114790286975715,20.382634289919068,20000,20261015,453,-5.1817310248152815,-0.29492395763871965,3.851364478870077,56.189095914484916,35,3
geoprr_minus_yolo,rf100,all_conditions,5.686782224149123,17.85993633531307,-12.173154111163948,68.15900058442487,12.067696835908759,21.596762325239148,20000,20261007,906,-15.030519384107844,-9.918042721984063,57.83135307022635,78.07302810727147,35,3
geoprr_minus_yolo,rf100,clean,6.052349743046702,10.355211655586267,-4.302861912539564,41.5526215750339,3.9735099337748325,7.064017660044152,20000,20261008,151,-9.349407916596245,-0.7920689787175503,11.681345902915652,60.17777890505117,35,3
geoprr_minus_yolo,rf100,blur_moderate,5.867338530937182,10.476214804441053,-4.608876273503871,43.99371681029379,3.7527593818984517,8.388520971302427,20000,20261009,151,-9.608623385681968,-0.9895919274082651,14.850783655970023,62.265567663281395,35,3
geoprr_minus_yolo,rf100,blur_severe,5.513550515957374,11.146422630208075,-5.632872114250701,50.535246160368764,3.973509933774838,10.816777041942615,20000,20261010,151,-10.192598436096823,-1.8652278778683493,24.79420522676718,68.7405829997367,35,3
geoprr_minus_yolo,rf100,perspective_moderate,5.38770546776546,13.444892171919168,-8.05718670415371,59.92749217417933,10.154525386313463,15.89403973509934,20000,20261011,151,-12.682848104010285,-4.479906684285436,47.52232716343139,72.79243532405282,35,3
geoprr_minus_yolo,rf100,perspective_severe,5.832153110156627,28.07967986619428,-22.247526756037654,79.22998717240336,26.04856512141281,42.60485651214128,20000,20261012,151,-27.13014272846398,-18.72996426289257,71.55832296064332,85.90427587970929,35,3
geoprr_minus_yolo,rf100,combined_severe,5.467595977031389,33.657196883529565,-28.18960090649818,83.7550465181282,24.503311258278142,44.81236203090508,20000,20261013,151,-32.20671016119668,-24.758607458163635,77.44413845093345,88.83476890769921,35,3
geoprr_minus_yolo,rf100,perspective_pair,5.609929288961045,20.762286019056724,-15.15235673009568,72.98019455173697,18.101545253863137,29.249448123620308,20000,20261014,302,-19.189199324626138,-12.358374367759868,64.95366851597522,81.46947946075143,35,3
geoprr_minus_yolo,rf100,projective_three,5.562484851651159,25.060589640547676,-19.498104788896516,77.8038548516387,20.2354672553348,34.43708609271524,20000,20261015,453,-23.111084698261184,-17.041472536850414,70.53424911036855,84.655481529316,35,3
geoprr_minus_vdn,rf100,all_conditions,5.686782224149123,19.697148402856396,-14.010366178707272,71.12890603329947,16.703458425312732,21.37601177336276,20000,20261007,906,-17.562710979387425,-10.67443561070619,61.158165497480184,80.5789796497017,35,3
geoprr_minus_vdn,rf100,clean,6.052349743046702,14.526357766534417,-8.474008023487716,58.33539390727381,14.128035320088305,13.245033112582782,20000,20261008,151,-13.53697493289098,-4.16539385994371,37.89986543066634,74.22850523104592,35,3
geoprr_minus_vdn,rf100,blur_moderate,5.867338530937182,14.686606509811032,-8.81926797887385,60.049732884055615,17.21854304635761,16.33554083885209,20000,20261009,151,-13.670197248150602,-4.520671028599535,41.33676583933889,75.54758901369239,35,3
geoprr_minus_vdn,rf100,blur_severe,5.513550515957374,17.09859536409794,-11.585044848140566,67.75436579115603,21.41280353200883,24.72406181015453,20000,20261010,151,-16.567670082152933,-7.248121325508285,50.51238642253068,81.42250374018658,35,3
geoprr_minus_vdn,rf100,perspective_moderate,5.38770546776546,11.988823453141478,-6.601117985376019,55.060598825035676,6.8432671081677725,5.96026490066226,20000,20261011,151,-10.24646900497259,-3.2711383478271165,44.809990538137725,64.6426961228704,35,3
geoprr_minus_vdn,rf100,perspective_severe,5.832153110156627,25.52629144413147,-19.694138333974845,77.15236808714943,21.412803532008834,29.580573951434886,20000,20261012,151,-23.824403204364327,-15.887658768312999,70.04288610644203,83.66918261605747,35,3
geoprr_minus_vdn,rf100,combined_severe,5.467595977031389,34.35621587942206,-28.888619902390666,84.08556985373278,19.205298013245027,38.41059602649007,20000,20261013,151,-32.865885751723944,-24.445067685483874,77.7172987769013,88.63977443818676,35,3
geoprr_minus_vdn,rf100,perspective_pair,5.609929288961045,18.757557448636476,-13.147628159675428,70.09243178744019,14.128035320088305,17.770419426048566,20000,20261014,302,-16.449400104362716,-9.913728135563025,63.37002911698105,77.71396453047036,35,3
geoprr_minus_vdn,rf100,projective_three,5.562484851651159,23.957110258898336,-18.39462540724718,76.78148661696335,15.82045621780721,24.650478292862406,20000,20261015,453,-21.521664545120014,-15.277821587446134,70.24605494927783,83.03402352691066,35,3
geoprr_minus_deeplab,rf100,all_conditions,5.686782224149123,30.404008264419748,-24.717226040270624,81.29594567041323,19.168506254598977,27.8513612950699,20000,20261007,906,-29.46969947644946,-20.73936701216283,74.8885313395542,87.61203105959923,35,3
geoprr_minus_deeplab,rf100,clean,6.052349743046702,16.62477038567119,-10.572420642624488,63.594385951560604,7.94701986754967,7.284768211920534,20000,20261008,151,-16.951307991195886,-5.287748325110048,48.766364656714835,74.95137141766858,35,3
geoprr_minus_deeplab,rf100,blur_moderate,5.867338530937182,17.051864510648105,-11.184525979710921,65.591220084623,12.80353200883001,9.93377483443708,20000,20261009,151,-17.82324654482499,-5.742660752743455,52.04789602365182,76.93378345906089,35,3
geoprr_minus_deeplab,rf100,blur_severe,5.513550515957374,18.278720771310173,-12.765170255352798,69.83623424779644,13.686534216335538,14.790286975717438,20000,20261010,151,-19.35968982206769,-7.172743460407288,60.17207145098457,79.80332236227116,35,3
geoprr_minus_deeplab,rf100,perspective_moderate,5.38770546776546,22.711996501634406,-17.32429103386895,76.27815120798496,16.99779249448124,21.19205298013245,20000,20261011,151,-24.465022390478573,-10.842383227419425,63.542251975909394,84.64931979230859,35,3
geoprr_minus_deeplab,rf100,perspective_severe,5.832153110156627,51.689375433383454,-45.85722232322683,88.71692091216497,33.99558498896248,55.62913907284768,20000,20261012,151,-49.265561583576705,-42.346941573529136,84.37793320538596,92.33145779864795,35,3
geoprr_minus_deeplab,rf100,combined_severe,5.467595977031389,56.06732198387113,-50.59972600683974,90.2481592065263,29.580573951434875,58.278145695364245,20000,20261013,151,-53.58080850055725,-46.821813301532465,86.41838053010336,93.1749710102208,35,3
geoprr_minus_deeplab,rf100,perspective_pair,5.609929288961045,37.20068596750893,-31.590756678547887,84.91982300041253,25.49668874172186,38.41059602649007,20000,20261014,302,-35.919985591996266,-27.528645956394083,79.25360345229822,89.94883685106413,35,3
geoprr_minus_deeplab,rf100,projective_three,5.562484851651159,43.48956463962966,-37.9270797879785,87.20961017259214,26.857983811626195,45.03311258278147,20000,20261015,453,-41.35717669752338,-34.535138098129515,82.50422464426076,91.2804434587133,35,3
resnet18_sarn_minus_raw,rf100,all_conditions,6.733598989819088,7.850954565504903,-1.1173555756858147,14.23209835648764,3.164091243561434,7.799852832965404,20000,20261007,906,-2.1569198330208366,0.06368935856440208,-0.664137298393486,29.69759440157659,35,3
resnet18_sarn_minus_raw,rf100,clean,6.062625754208916,6.062625754208916,0.0,0.0,0.0,0.0,20000,20261008,151,0.0,0.0,0.0,0.0,35,3
resnet18_sarn_minus_raw,rf100,blur_moderate,6.039865383927551,6.039865383927551,0.0,0.0,0.0,0.0,20000,20261009,151,0.0,0.0,0.0,0.0,35,3
resnet18_sarn_minus_raw,rf100,blur_severe,6.071934242381059,6.071934242381059,0.0,0.0,0.0,0.0,20000,20261010,151,0.0,0.0,0.0,0.0,35,3
resnet18_sarn_minus_raw,rf100,perspective_moderate,6.743875595546937,6.812581332248578,-0.06870573670164082,1.0085125351298174,1.5452538631346602,7.064017660044142,20000,20261011,151,-1.4263291396779156,1.2915628346770076,-16.18264522253813,20.01520932590606,35,3
resnet18_sarn_minus_raw,rf100,perspective_severe,7.555105725578157,10.859078835773287,-3.3039731101951313,30.42590591856451,10.816777041942604,20.750551876379696,20000,20261012,151,-5.906255382522247,-0.3410283839858266,3.2338128017473373,49.120692354916685,35,3
resnet18_sarn_minus_raw,rf100,combined_severe,7.928187237271908,11.259641844490025,-3.3314546072181166,29.587571729454115,6.622516556291391,18.98454746136865,20000,20261013,151,-5.873239776262532,-0.5475763428216135,4.986630472750136,46.77002719091828,35,3
resnet18_sarn_minus_raw,rf100,perspective_pair,7.149490660562548,8.835830084010931,-1.686339423448384,19.085240519732675,6.1810154525386265,13.90728476821192,20000,20261014,302,-3.5697565209832525,0.46889513847625247,-5.0530877756432915,38.03181028605611,35,3
resnet18_sarn_minus_raw,rf100,projective_three,7.409056186132333,9.643767337503963,-2.2347111513716293,23.17259503639193,6.3281824871228824,15.599705665930824,20000,20261015,453,-4.334788983296512,0.07539193588043445,-0.7930233071147296,41.43734942878222,35,3
efficientnet_b0_sarn_minus_raw,rf100,all_conditions,3.3796999358486763,4.605721044383785,-1.2260211085351087,26.61952594871369,7.211184694628408,9.27152317880795,20000,20261007,906,-1.6709006732848555,-0.9080381158424143,19.879877083514582,34.15292858337458,35,3
efficientnet_b0_sarn_minus_raw,rf100,clean,3.3146532979001435,3.3146532979001435,0.0,0.0,0.0,0.0,20000,20261008,151,0.0,0.0,0.0,0.0,35,3
efficientnet_b0_sarn_minus_raw,rf100,blur_moderate,3.173638777927743,3.173638777927743,0.0,0.0,0.0,0.0,20000,20261009,151,0.0,0.0,0.0,0.0,35,3
efficientnet_b0_sarn_minus_raw,rf100,blur_severe,2.9476297019459476,2.9476297019459476,0.0,0.0,0.0,0.0,20000,20261010,151,0.0,0.0,0.0,0.0,35,3
efficientnet_b0_sarn_minus_raw,rf100,perspective_moderate,3.216790971593896,3.933718954892195,-0.7169279832982989,18.225195839338923,6.401766004415016,6.1810154525386185,20000,20261011,151,-1.3176124071091704,-0.33884350778778355,10.163081582204711,27.235377174325457,35,3
efficientnet_b0_sarn_minus_raw,rf100,perspective_severe,3.715338721956181,7.0688432248839455,-3.353504502927765,47.44064051558905,19.205298013245034,25.16556291390728,20000,20261012,151,-4.663820069167293,-2.3612969193303774,36.981212457769516,56.42131250328874,35,3
efficientnet_b0_sarn_minus_raw,rf100,combined_severe,3.9101481437681462,7.195842308752737,-3.2856941649845908,45.661008454673926,17.66004415011037,24.282560706401767,20000,20261013,151,-4.453656259177565,-2.403884602708589,35.40330145112226,54.97462506162895,35,3
efficientnet_b0_sarn_minus_raw,rf100,perspective_pair,3.4660648467750383,5.50128108988807,-2.035216243113032,36.99531454326107,12.803532008830032,15.67328918322296,20000,20261014,302,-2.863245121917654,-1.4684879232680073,28.62163306309347,44.91131848797639,35,3
efficientnet_b0_sarn_minus_raw,rf100,projective_three,3.6140926124394075,6.066134829509627,-2.4520422170702196,40.42182190118641,14.422369389256806,18.5430463576159,20000,20261015,453,-3.3258257288535664,-1.8252161309936417,32.57903512149331,48.16215172569001,35,3
mobilenet_v3_large_sarn_minus_raw,rf100,all_conditions,3.9609336152592185,5.94177331288839,-1.980839697629172,33.33751715725173,7.8734363502575455,11.4422369389257,20000,20261007,906,-2.7064852781818725,-1.4151583009455833,24.77944399952365,42.18889533231107,35,3
mobilenet_v3_large_sarn_minus_raw,rf100,clean,3.5866934292823243,3.5866934292823243,0.0,0.0,0.0,0.0,20000,20261008,151,0.0,0.0,0.0,0.0,35,3
mobilenet_v3_large_sarn_minus_raw,rf100,blur_moderate,3.520934675770714,3.520934675770714,0.0,0.0,0.0,0.0,20000,20261009,151,0.0,0.0,0.0,0.0,35,3
mobilenet_v3_large_sarn_minus_raw,rf100,blur_severe,3.3571006765449796,3.3571006765449796,0.0,0.0,0.0,0.0,20000,20261010,151,0.0,0.0,0.0,0.0,35,3
mobilenet_v3_large_sarn_minus_raw,rf100,perspective_moderate,3.668717967459028,4.9380496258353475,-1.2693316583763194,25.705121547084335,5.7395143487858675,8.609271523178808,20000,20261011,151,-2.2159814445783743,-0.6408743539640379,15.551569578367335,35.55390874847125,35,3
mobilenet_v3_large_sarn_minus_raw,rf100,perspective_severe,4.674938848926036,10.244721926999418,-5.569783078073381,54.36734269374862,21.633554083885212,32.22958057395143,20000,20261012,151,-7.46439603546607,-4.055514956388514,43.976599670808525,63.21885781209693,35,3
mobilenet_v3_large_sarn_minus_raw,rf100,combined_severe,4.957216093572234,10.003139542897557,-5.045923449325323,50.44339757219558,19.867549668874172,27.814569536423843,20000,20261013,151,-6.997348266479091,-3.5901147139763054,39.24940202745208,60.54331352841734,35,3
mobilenet_v3_large_sarn_minus_raw,rf100,perspective_pair,4.171828408192532,7.591385776417383,-3.41955736822485,45.045232437636024,13.686534216335545,20.419426048565136,20000,20261014,302,-4.687106746099145,-2.4405280038638764,36.016419415287295,53.38398695630528,35,3
mobilenet_v3_large_sarn_minus_raw,rf100,projective_three,4.433624303319099,8.39530369857744,-3.9616793952583413,47.1892326650391,15.746872700515077,22.884473877851363,20000,20261015,453,-5.412904022194025,-2.86567221898938,37.66737413314339,56.02952670024762,35,3
geoprr_minus_resnet18,industrial,all_conditions,10.85073272807019,22.02014447584967,-11.169411747779481,50.72360792196163,6.598964555953801,21.031461569095974,20000,20261107,8370,-14.02390271745201,-8.324892997504639,42.92170426202052,57.43633550079509,52,3
geoprr_minus_resnet18,industrial,clean,10.950805726539846,17.0253763649807,-6.074570638440855,35.67950868290682,2.4133811230585445,10.967741935483877,20000,20261108,1395,-9.221668873219311,-3.059036189494058,22.172970114658728,45.49542048517624,52,3
geoprr_minus_resnet18,industrial,blur_moderate,10.867163757083247,17.02504840471708,-6.157884647633832,36.16955735601718,2.1983273596176858,10.704898446833933,20000,20261109,1395,-9.313655631236063,-3.0954244938079065,22.616118227365508,46.178555683227486,52,3
geoprr_minus_resnet18,industrial,blur_severe,10.824522980539648,17.474987192088413,-6.650464211548766,38.05704770164113,1.5292712066905607,9.892473118279572,20000,20261110,1395,-9.951147639337782,-3.4242297638190897,25.155990547832648,47.5356706876587,52,3
geoprr_minus_resnet18,industrial,perspective_moderate,10.007257762454906,21.682767770044215,-11.67551000758931,53.84695409466862,8.028673835125447,23.727598566308245,20000,20261111,1395,-15.065955365457212,-8.236658166639467,45.85425748576116,60.426498898133566,52,3
geoprr_minus_resnet18,industrial,perspective_severe,11.198170682391599,28.71284729634419,-17.51467661395259,60.99944193337667,13.35722819593787,36.55913978494624,20000,20261112,1395,-20.571053488889483,-14.401362530117433,54.14097545362284,67.0936922791535,52,3
geoprr_minus_resnet18,industrial,combined_severe,11.256475459411886,30.1998398269234,-18.943364367511517,62.726704764252936,12.066905615292713,34.33691756272402,20000,20261113,1395,-22.20513896409651,-15.466427281495799,56.0730511132399,68.47471630185545,52,3
geoprr_minus_resnet18,industrial,perspective_pair,10.602714222423252,25.197807533194204,-14.59509331077095,57.92207632169656,10.692951015531662,30.14336917562724,20000,20261114,2790,-17.66620103661444,-11.428211790535853,51.12857257221439,63.907520975929366,52,3
geoprr_minus_resnet18,industrial,projective_three,10.820634634752798,26.865151631103938,-16.044516996351142,59.72241369289396,11.15093588211868,31.54121863799283,20000,20261115,4185,-19.097047770327237,-12.802742260548072,53.066456694603175,65.51389328324707,52,3
geoprr_minus_efficientnet_b0,industrial,all_conditions,10.85073272807019,13.691356237660731,-2.8406235095905426,20.74756846788382,0.25886101154918295,4.137793707686183,20000,20261107,8370,-4.081243671291433,-1.753806675703283,13.587473183110488,27.65640425753763,52,3
geoprr_minus_efficientnet_b0,industrial,clean,10.950805726539846,12.229215720369194,-1.2784099938293478,10.453736552377647,-5.017921146953403,-4.707287933094389,20000,20261108,1395,-2.7627002345945235,-0.007092487413388665,0.06975721609189,18.843190248221102,52,3
geoprr_minus_efficientnet_b0,industrial,blur_moderate,10.867163757083247,12.187103451979702,-1.3199396948964548,10.830626818729765,-5.543608124253286,-5.017921146953403,20000,20261109,1395,-2.8722712575776006,-0.01609576272924203,0.16688070955626566,19.436710917150236,52,3
geoprr_minus_efficientnet_b0,industrial,blur_severe,10.824522980539648,12.311383579473473,-1.4868605989338244,12.077120246767697,-5.400238948626046,-5.758661887694149,20000,20261110,1395,-3.2625566157140673,-0.043875768270541404,0.4376747644264218,21.606178938704975,52,3
geoprr_minus_efficientnet_b0,industrial,perspective_moderate,10.007257762454906,11.503035881319864,-1.49577811886496,13.003333505148849,2.891278375149342,2.2222222222222254,20000,20261111,1395,-2.5695429515673527,-0.65568745571372,6.251720943923515,20.15110950835279,52,3
geoprr_minus_efficientnet_b0,industrial,perspective_severe,11.198170682391599,17.109952529657768,-5.911781847266169,34.55171390463476,7.909199522102746,20.621266427718048,20000,20261112,1395,-7.586545809810385,-4.362485503790629,25.677850913330204,43.29583496988654,52,3
geoprr_minus_efficientnet_b0,industrial,combined_severe,11.256475459411886,16.807446263164387,-5.550970803752501,33.0268543884513,6.714456391875748,17.46714456391876,20000,20261113,1395,-7.348133670455149,-3.9103941884530684,23.743107411422574,42.090925392318404,52,3
geoprr_minus_efficientnet_b0,industrial,perspective_pair,10.602714222423252,14.306494205488814,-3.703779983065562,25.88880217520078,5.400238948626044,11.421744324970124,20000,20261114,2790,-4.79168762619255,-2.7252467620549172,18.926562531983578,33.115932197516976,52,3
geoprr_minus_efficientnet_b0,industrial,projective_three,10.820634634752798,15.140144891380675,-4.319510256627877,28.53017779959944,5.838311429709283,13.436877737953001,20000,20261115,4185,-5.59837789875128,-3.1536384863991063,20.926115772810395,36.381616778237586,52,3
geoprr_minus_mobilenet_v3_large,industrial,all_conditions,10.85073272807019,16.437110517420265,-5.586377789350075,33.98637359911621,2.2700119474313,11.804062126642773,20000,20261107,8370,-7.357114535124766,-3.937067815910888,26.750161718770347,40.899442328403985,52,3
geoprr_minus_mobilenet_v3_large,industrial,clean,10.950805726539846,14.776480054333806,-3.825674327793961,25.890295345892785,-1.9832735961768182,3.9904420549581876,20000,20261108,1395,-6.654406514239495,-1.3726354722050056,12.06538987038048,36.474338961803454,52,3
geoprr_minus_mobilenet_v3_large,industrial,blur_moderate,10.867163757083247,14.694191360288597,-3.827027603205349,26.044492747984638,-2.317801672640379,3.7992831541218686,20000,20261109,1395,-6.664945511560322,-1.3262205275553385,11.933322333611603,37.04653973111655,52,3
geoprr_minus_mobilenet_v3_large,industrial,blur_severe,10.824522980539648,14.58534216670995,-3.7608191861703015,25.784922583126747,-2.270011947431305,3.249701314217446,20000,20261110,1395,-6.617265207043521,-1.2900159994659892,11.654264761957506,36.7016695598979,52,3
geoprr_minus_mobilenet_v3_large,industrial,perspective_moderate,10.007257762454906,15.14837788356116,-5.141120121106255,33.93842007787076,2.413381123058542,9.151732377538835,20000,20261111,1395,-7.222370864892308,-3.112849444502214,24.437041383544873,42.17631126002713,52,3
geoprr_minus_mobilenet_v3_large,industrial,perspective_severe,11.198170682391599,19.09310229490812,-7.894931612516522,41.34965334901074,9.295101553166067,25.543608124253293,20000,20261112,1395,-9.416966588736555,-6.2366120043911755,32.83592875642242,49.565472164148346,52,3
geoprr_minus_mobilenet_v3_large,industrial,combined_severe,11.256475459411886,20.32516934471995,-9.068693885308061,44.61804834931876,8.482676224611708,25.08960573476703,20000,20261113,1395,-10.912559235311152,-7.10038874760468,35.83615349554917,52.73670306268209,52,3
geoprr_minus_mobilenet_v3_large,industrial,perspective_pair,10.602714222423252,17.120740089234634,-6.5180258668113815,38.07093520980356,5.854241338112305,17.34767025089606,20000,20261114,2790,-8.038499525361672,-5.004047298643675,30.693792701967737,45.19931288668752,52,3
geoprr_minus_mobilenet_v3_large,industrial,projective_three,10.820634634752798,18.18888317439641,-7.368248539643611,40.50962595666967,6.730386300278777,19.92831541218638,20000,20261115,4185,-8.845704275273103,-5.801450521524455,33.034631675078174,47.77433455815085,52,3
geoprr_minus_yolo,industrial,all_conditions,10.85073272807019,32.69751352784665,-21.84678079977646,66.81480774117816,-3.6638789326961407,9.40661091198725,20000,20261107,8370,-23.725203586287467,-20.02078126817866,61.50669791374088,71.95036514473377,52,3
geoprr_minus_yolo,industrial,clean,10.950805726539846,16.741515576188416,-5.790709849648569,34.58892251000704,-15.770609318996407,-8.578255675029872,20000,20261108,1395,-8.003006377203448,-3.8699914091502943,26.84533014050457,42.828553916689934,52,3
geoprr_minus_yolo,industrial,blur_moderate,10.867163757083247,16.379301028729966,-5.512137271646717,33.653067746775044,-15.507765830346473,-9.008363201911601,20000,20261109,1395,-7.577588034663038,-3.744085379592112,25.48183179222466,42.45354271910157,52,3
geoprr_minus_yolo,industrial,blur_severe,10.824522980539648,14.251252131738369,-3.4267291511987192,24.04510929651714,-16.5352449223417,-13.142174432497011,20000,20261110,1395,-5.257334290682929,-1.7671182548983715,13.096516837493498,34.79575118042191,52,3
geoprr_minus_yolo,industrial,perspective_moderate,10.007257762454906,30.325081320058477,-20.317823557603575,67.00006289567435,1.5531660692951004,16.320191158900844,20000,20261111,1395,-24.419387364119206,-16.365194874617977,61.940444819469576,71.80431240916191,52,3
geoprr_minus_yolo,industrial,perspective_severe,11.198170682391599,57.21949030584849,-46.02131962345688,80.42944698994108,12.87933094384707,36.583034647550775,20000,20261112,1395,-49.70225658713472,-42.048088172684416,76.33015011026086,84.11656462620992,52,3
geoprr_minus_yolo,industrial,combined_severe,11.256475459411886,61.2684408045162,-50.011965345104315,81.62761233743988,11.397849462365592,34.2652329749104,20000,20261113,1395,-53.356659200466375,-46.507269209205326,77.86220450173754,85.0178237781712,52,3
geoprr_minus_yolo,industrial,perspective_pair,10.602714222423252,43.772285812953484,-33.169571590530225,75.77756330174194,7.216248506571087,26.4516129032258,20000,20261114,2790,-36.44073106648561,-29.691972595147565,71.46188029278805,79.79436509334687,52,3
geoprr_minus_yolo,industrial,projective_three,10.820634634752798,49.60433747680771,-38.783702842054915,78.1861119709301,8.610115491835927,29.05615292712067,20000,20261115,4185,-41.82036865058979,-35.55903543303109,74.12244908722253,81.92129423655297,52,3
geoprr_minus_vdn,industrial,all_conditions,10.85073272807019,33.051908245997346,-22.201175517927158,67.17063157954205,-6.766228594185586,8.649940262843486,20000,20261107,8370,-24.63767952690904,-20.030423718368528,61.29424429439415,72.81173951733568,52,3
geoprr_minus_vdn,industrial,clean,10.950805726539846,24.127495835610393,-13.176690109070549,54.61275467146795,-9.701314217443244,2.962962962962962,20000,20261108,1395,-16.110601251272175,-10.442863899585067,46.90524907196536,62.00452614151204,52,3
geoprr_minus_vdn,industrial,blur_moderate,10.867163757083247,23.936134178176115,-13.068970421092867,54.59933639997959,-9.60573476702509,2.6762246117084887,20000,20261109,1395,-15.774384014015286,-10.565076600720214,47.47541135365777,62.07713280988385,52,3
geoprr_minus_vdn,industrial,blur_severe,10.824522980539648,23.025528027469065,-12.201005046929415,52.989034746016785,-9.892473118279568,-0.02389486260453988,20000,20261110,1395,-15.364837589550216,-9.253807268466964,44.15274943092341,61.24672061011455,52,3
geoprr_minus_vdn,industrial,perspective_moderate,10.007257762454906,25.368248269976657,-15.360990507521752,60.55203474849896,-12.688172043010754,4.181600955794506,20000,20261111,1395,-19.082350571698726,-12.1310166365874,53.57055704198591,67.17128494466978,52,3
geoprr_minus_vdn,industrial,perspective_severe,11.198170682391599,48.963971553976435,-37.76580087158484,77.12977455260739,1.6965352449223396,22.270011947431303,20000,20261112,1395,-41.5462730936135,-34.101831600565085,71.89078800291192,81.74943876290922,52,3
geoprr_minus_vdn,industrial,combined_severe,11.256475459411886,52.8900716107754,-41.63359615136352,78.71722401465121,-0.40621266427717795,19.83273596176822,20000,20261113,1395,-44.73880264769667,-38.595752939036686,74.15628721915398,82.95740073299302,52,3
geoprr_minus_vdn,industrial,perspective_pair,10.602714222423252,37.166109911976534,-26.563395689553282,71.47209044063393,-5.4958183990442055,13.225806451612899,20000,20261114,2790,-29.625852704721105,-23.767913628567985,65.89229792632895,76.65422833985343,52,3
geoprr_minus_vdn,industrial,projective_three,10.820634634752798,42.40743047824282,-31.58679584349003,74.48410688239096,-3.79928315412186,15.428116288331339,20000,20261115,4185,-34.374518766579925,-29.013891585523627,69.43467294092551,79.31939254480437,52,3
geoprr_minus_deeplab,industrial,all_conditions,10.85073272807019,39.475250675254394,-28.624517947184202,72.51256789390797,-4.651533253683793,9.860613301473514,20000,20261107,8370,-30.7607384098478,-26.737599483226514,66.82283034137075,77.74335880337969,52,3
geoprr_minus_deeplab,industrial,clean,10.950805726539846,16.071023114885936,-5.120217388346089,31.85993419176555,-16.105137395459977,-8.578255675029872,20000,20261108,1395,-7.934883618544312,-2.906156243005211,19.56134330863639,44.650883834763704,52,3
geoprr_minus_deeplab,industrial,blur_moderate,10.867163757083247,15.982305037989953,-5.1151412809067045,32.00502849087168,-15.507765830346473,-8.291517323775393,20000,20261109,1395,-7.9319760272600055,-2.822286084046483,18.993504147229984,44.98612504008622,52,3
geoprr_minus_deeplab,industrial,blur_severe,10.824522980539648,15.733139662114729,-4.90861668157508,31.199218890778607,-15.244922341696535,-9.605734767025087,20000,20261110,1395,-7.7280607483915755,-2.513682667502541,17.02427733940059,44.89217786022352,52,3
geoprr_minus_deeplab,industrial,perspective_moderate,10.007257762454906,38.012190787622494,-28.00493302516759,73.67355694291248,-3.0824372759856637,15.197132616487458,20000,20261111,1395,-31.259045916176103,-25.056436401871075,67.61572242645404,79.30722331932618,52,3
geoprr_minus_deeplab,industrial,perspective_severe,11.198170682391599,74.06134857950748,-62.86317789711588,84.8798720288357,11.278375149342889,35.6989247311828,20000,20261112,1395,-66.0851981058156,-59.51207151526645,81.42120979016542,87.92145878124862,52,3
geoprr_minus_deeplab,industrial,combined_severe,11.256475459411886,76.99149686940574,-65.73502140999385,85.37958616585244,10.752688172043012,34.743130227001195,20000,20261113,1395,-68.50239032548315,-62.83168594627359,82.1354586343994,88.2855409658583,52,3
geoprr_minus_deeplab,industrial,perspective_pair,10.602714222423252,56.036769683565005,-45.434055461141746,81.07900529902794,4.0979689366786145,25.448028673835122,20000,20261114,2790,-47.87808940385299,-42.992864373966185,76.79632833259386,84.9536205357971,52,3
geoprr_minus_deeplab,industrial,projective_three,10.820634634752798,63.02167874551191,-52.201044110759106,82.83029768463064,6.316208681800083,28.546395858223818,20000,20261115,4185,-54.511539409942884,-49.873253801423644,79.07132038031958,86.30111998861733,52,3
resnet18_sarn_minus_raw,industrial,all_conditions,18.884608221718484,22.02014447584967,-3.1355362541311855,14.239399099175062,3.2656312226204687,7.686180804460377,20000,20261107,8370,-3.9808983481316504,-2.254422695114597,9.155708189552417,20.65953809703697,52,3
resnet18_sarn_minus_raw,industrial,clean,17.0253763649807,17.0253763649807,0.0,0.0,0.0,0.0,20000,20261108,1395,0.0,0.0,0.0,0.0,52,3
resnet18_sarn_minus_raw,industrial,blur_moderate,17.02504840471708,17.02504840471708,0.0,0.0,0.0,0.0,20000,20261109,1395,0.0,0.0,0.0,0.0,52,3
resnet18_sarn_minus_raw,industrial,blur_severe,17.474987192088413,17.474987192088413,0.0,0.0,0.0,0.0,20000,20261110,1395,0.0,0.0,0.0,0.0,52,3
resnet18_sarn_minus_raw,industrial,perspective_moderate,18.636186987191607,21.682767770044215,-3.046580782852609,14.050700607796054,4.6356033452807655,9.223416965352444,20000,20261111,1395,-4.057449371103384,-2.046783207695786,9.194426658201373,19.518236560773843,52,3
resnet18_sarn_minus_raw,industrial,perspective_severe,20.36512792151153,28.71284729634419,-8.347719374832662,29.07311590758023,8.100358422939069,20.597371565113498,20000,20261112,1395,-10.633639145388933,-5.894422319639724,20.07162717341211,38.79376113419756,52,3
resnet18_sarn_minus_raw,industrial,combined_severe,22.7809224598216,30.1998398269234,-7.418917367101802,24.566081838910208,6.857825567502987,16.296296296296298,20000,20261113,1395,-9.567164607358379,-5.078268923422002,16.145252677407505,33.8246571843388,52,3
resnet18_sarn_minus_raw,industrial,perspective_pair,19.50065745435157,25.197807533194204,-5.697150078842636,22.609705512424142,6.367980884109915,14.910394265232979,20000,20261114,2790,-7.201291363646467,-4.086555208668043,15.339707934986272,30.795962313839347,52,3
resnet18_sarn_minus_raw,industrial,projective_three,20.594079122841578,26.865151631103938,-6.271072508262362,23.342777269128977,6.531262445240942,15.372361608920748,20000,20261115,4185,-7.969990519418447,-4.459529626177713,15.724559543237005,31.87103662522697,52,3
efficientnet_b0_sarn_minus_raw,industrial,all_conditions,11.649130762029907,13.691356237660731,-2.042225475630824,14.916166376660966,5.153325368379133,10.051772202309845,20000,20261107,8370,-2.620206986140258,-1.4390505941822416,9.127504631584664,21.365060431636675,52,3
efficientnet_b0_sarn_minus_raw,industrial,clean,12.229215720369194,12.229215720369194,0.0,0.0,0.0,0.0,20000,20261108,1395,0.0,0.0,0.0,0.0,52,3
efficientnet_b0_sarn_minus_raw,industrial,blur_moderate,12.187103451979702,12.187103451979702,0.0,0.0,0.0,0.0,20000,20261109,1395,0.0,0.0,0.0,0.0,52,3
efficientnet_b0_sarn_minus_raw,industrial,blur_severe,12.311383579473473,12.311383579473473,0.0,0.0,0.0,0.0,20000,20261110,1395,0.0,0.0,0.0,0.0,52,3
efficientnet_b0_sarn_minus_raw,industrial,perspective_moderate,10.553563168272762,11.503035881319864,-0.9494727130471031,8.254105462619492,8.028673835125447,8.052568697729983,20000,20261111,1395,-1.604272722093757,-0.15374129693478014,1.1985305600095686,14.731563569090602,52,3
efficientnet_b0_sarn_minus_raw,industrial,perspective_severe,11.662273621066324,17.109952529657768,-5.447678908591444,31.83924034358737,11.087216248506575,25.471923536439668,20000,20261112,1395,-7.109255309866261,-3.6570060640590722,20.552933998715698,42.43429487857907,52,3
efficientnet_b0_sarn_minus_raw,industrial,combined_severe,10.95124503101799,16.807446263164387,-5.856201232146399,34.84289725192216,11.804062126642773,26.786140979689364,20000,20261113,1395,-7.533294300328582,-4.198412433337074,24.530190950734305,44.757853833188854,52,3
efficientnet_b0_sarn_minus_raw,industrial,perspective_pair,11.107918394669543,14.306494205488814,-3.198575810819272,22.3575095678724,9.557945041816012,16.76224611708482,20000,20261114,2790,-4.199008495688391,-2.0632864825616712,13.165127298464524,31.535199171619524,52,3
efficientnet_b0_sarn_minus_raw,industrial,projective_three,11.055693940119024,15.140144891380675,-4.08445095126165,26.977621288069308,10.306650736758263,20.10354440461966,20000,20261115,4185,-5.2490445509620836,-2.876599072072986,17.657613037615235,36.31325129288185,52,3
mobilenet_v3_large_sarn_minus_raw,industrial,all_conditions,15.35842809483613,16.437110517420265,-1.0786824225841345,6.562482021648104,3.8072481083233773,7.427319792911197,20000,20261107,8370,-2.1303149199192384,0.13587966467391907,-0.6967748696835145,15.52060938084067,52,3
mobilenet_v3_large_sarn_minus_raw,industrial,clean,14.776480054333806,14.776480054333806,0.0,0.0,0.0,0.0,20000,20261108,1395,0.0,0.0,0.0,0.0,52,3
mobilenet_v3_large_sarn_minus_raw,industrial,blur_moderate,14.694191360288597,14.694191360288597,0.0,0.0,0.0,0.0,20000,20261109,1395,0.0,0.0,0.0,0.0,52,3
mobilenet_v3_large_sarn_minus_raw,industrial,blur_severe,14.58534216670995,14.58534216670995,0.0,0.0,0.0,0.0,20000,20261110,1395,0.0,0.0,0.0,0.0,52,3
mobilenet_v3_large_sarn_minus_raw,industrial,perspective_moderate,15.37243933175271,15.14837788356116,0.22406144819155094,-1.4791118224922273,4.133811230585424,3.632019115890084,20000,20261111,1395,-0.93125773467425,1.6316002353054768,-9.63628823017933,7.238524185513117,52,3
mobilenet_v3_large_sarn_minus_raw,industrial,perspective_severe,16.41750294066251,19.09310229490812,-2.6755993542456116,14.013434343559549,9.988052568697729,20.16726403823179,20000,20261112,1395,-5.382373271638767,0.41785041261746364,-2.0779423605587497,30.124675917846464,52,3
mobilenet_v3_large_sarn_minus_raw,industrial,combined_severe,16.304612715269208,20.32516934471995,-4.020556629450739,19.781171616634992,8.721624850657108,20.76463560334528,20000,20261113,1395,-6.76405473145329,-1.0137979550936156,4.889509267718282,34.92213016684074,52,3
mobilenet_v3_large_sarn_minus_raw,industrial,perspective_pair,15.89497113620761,17.120740089234634,-1.2257689530270233,7.159555875728618,7.06093189964158,11.899641577060931,20000,20261114,2790,-3.1105922919317464,0.9634327378460821,-5.140190839343365,20.46421988633283,52,3
mobilenet_v3_large_sarn_minus_raw,industrial,projective_three,16.031518329228145,18.18888317439641,-2.1573648451682637,11.8608978049025,7.614496216646753,14.854639585822385,20000,20261115,4185,-4.278206239281533,0.277518623995653,-1.390479132536321,25.95075855537572,52,3
vdn_annotation_minus_automatic,syncg,all_conditions,1.4825915322582461,5.0128777196393175,-3.530286187381071,70.42434275925405,10.21805555555556,13.306944444444458,20000,20260907,24000,-3.7035140659340597,-3.355643168510484,69.13321702861367,71.62773492813871,145,3
vdn_annotation_minus_automatic,syncg,clean,0.8801076207448738,0.9476681806384113,-0.06756055989353746,7.129136682422348,1.1166666666666547,0.18333333333333535,20000,20260908,4000,-0.0947386802358169,-0.04654661413541022,4.992576196004757,9.744704279581315,145,3
vdn_annotation_minus_automatic,syncg,blur_moderate,0.8854453223938219,0.9636657653232966,-0.07822044292947472,8.116968117387966,1.0250000000000092,0.2750000000000141,20000,20260909,4000,-0.1212325847579623,-0.0487893743192025,5.252450109135227,11.841847486557194,145,3
vdn_annotation_minus_automatic,syncg,blur_severe,1.0915945187118339,1.2537386327453792,-0.16214411403354528,12.932848186905554,1.7250000000000099,0.5333333333333301,20000,20260910,4000,-0.23614277969925998,-0.10382631659414325,8.650708773116312,17.859372296221558,145,3
vdn_annotation_minus_automatic,syncg,perspective_moderate,0.8808381846647726,1.3085470357547673,-0.42770885108999457,32.68578349904656,11.24166666666665,1.1083333333333334,20000,20260911,4000,-0.47527013597816137,-0.38639574392549325,30.13208490467871,35.42187660503294,145,3
vdn_annotation_minus_automatic,syncg,perspective_severe,2.5067436376705925,10.463477234898612,-7.956733597228019,76.042919754153,21.808333333333334,36.658333333333324,20000,20260912,4000,-8.409380321654474,-7.505215208178924,74.69621283952759,77.28853420048138,145,3
vdn_annotation_minus_automatic,syncg,combined_severe,2.6508199093635816,15.140169468475436,-12.489349559111854,82.49147795285207,24.39166666666667,41.083333333333336,20000,20260913,4000,-13.141429726115154,-11.846043218194534,81.49216118488495,83.4232393386534,145,3
vdn_annotation_minus_automatic,syncg,perspective_pair,1.6937909111676825,5.88601213532669,-4.192221224159008,71.22345533401331,16.52499999999999,18.88333333333333,20000,20260914,8000,-4.42407100165278,-3.964565033455037,69.73888000415046,72.6291269385189,145,3
vdn_annotation_minus_automatic,syncg,projective_three,2.0128005772329822,8.970731246376273,-6.957930669143292,77.56258077571935,19.147222222222222,26.283333333333346,20000,20260915,12000,-7.295498976584934,-6.612484930687332,76.42764256444063,78.61249916245636,145,3
vdn_annotation_minus_automatic,rf100,all_conditions,13.826928028317026,19.697148402856396,-5.87022037453937,29.80238689620725,10.080941869021338,11.147902869757164,20000,20261007,906,-6.781140698356134,-4.901926923574811,23.827482651504397,39.42204884604028,35,3
vdn_annotation_minus_automatic,rf100,clean,13.507880201298928,14.526357766534417,-1.0184775652354898,7.011238340706724,9.713024282560712,7.064017660044152,20000,20261008,151,-1.7624199423333113,-0.3860144730932364,2.8364460868306667,12.266901146775348,35,3
vdn_annotation_minus_automatic,rf100,blur_moderate,13.68952349507498,14.686606509811032,-0.9970830147360527,6.78906331472812,9.713024282560706,6.8432671081677725,20000,20261009,151,-2.1192882574189142,0.06661020609465362,-0.4822982094346228,14.080734447388002,35,3
vdn_annotation_minus_automatic,rf100,blur_severe,16.520517256261826,17.09859536409794,-0.5780781078361164,3.380851441457651,8.609271523178801,6.181015452538629,20000,20261010,151,-1.144172526736995,-0.07431193683544456,0.42581348984011863,6.971857855263844,35,3
vdn_annotation_minus_automatic,rf100,perspective_moderate,9.624105516161094,11.988823453141478,-2.3647179369803846,19.724353655076538,15.894039735099335,10.596026490066224,20000,20261011,151,-4.052756255245889,-1.2049594344495917,13.28728211146661,30.92726185494516,35,3
vdn_annotation_minus_automatic,rf100,perspective_severe,13.01769713130336,25.52629144413147,-12.50859431282811,49.002787342631606,10.154525386313463,20.750551876379696,20000,20261012,151,-15.186777307560146,-10.098041850474129,39.9518083859957,58.32672633811463,35,3
vdn_annotation_minus_automatic,rf100,combined_severe,16.60184456980196,34.35621587942206,-17.7543713096201,51.67731909687478,6.401766004415011,15.45253863134658,20000,20261013,151,-21.11840705638041,-14.005691515890275,41.91186908945514,63.687463964000486,35,3
vdn_annotation_minus_automatic,rf100,perspective_pair,11.320901323732226,18.757557448636476,-7.436656124904249,39.64618605203757,13.024282560706402,15.67328918322296,20000,20261014,302,-9.064454064383575,-6.049513323961424,32.09281949449163,49.629929077862656,35,3
vdn_annotation_minus_automatic,rf100,projective_three,13.081215739088803,23.957110258898336,-10.875894519809535,45.39735553360374,10.816777041942599,15.599705665930824,20000,20261015,453,-12.592411728000638,-9.116759212944293,37.00880958820998,56.26188014371041,35,3
deeplab_annotation_minus_automatic,syncg,all_conditions,2.9472520959284756,10.275702103896574,-7.328450007968098,71.31824116611098,10.587500000000006,13.380555555555551,20000,20260907,24000,-7.576698699609725,-7.07771245085204,70.05518571114663,72.5538835386559,145,3
deeplab_annotation_minus_automatic,syncg,clean,0.1718263239178168,0.45939670514580055,-0.28757038122798373,62.597397414227515,1.2666666666666604,0.14166666666666217,20000,20260908,4000,-0.3189929771935157,-0.26192326544156386,55.13915754162822,69.87705806729996,145,3
deeplab_annotation_minus_automatic,syncg,blur_moderate,0.16496001580154998,0.4583954911528957,-0.29343547535134573,64.0136041943466,1.3416666666666632,0.13333333333334085,20000,20260909,4000,-0.3376186178764512,-0.2618016194137798,56.16809464523408,71.42884989148058,145,3
deeplab_annotation_minus_automatic,syncg,blur_severe,0.16138756956564135,0.5747547965343403,-0.4133672269686989,71.92062240475816,2.416666666666667,0.24166666666667336,20000,20260910,4000,-0.48750391893111594,-0.3531728824871834,64.57086704231442,78.36856013935548,145,3
deeplab_annotation_minus_automatic,syncg,perspective_moderate,1.083329618090702,1.9284211216895188,-0.8450915035988169,43.8229748727508,27.19166666666667,2.9416666666666647,20000,20260911,4000,-0.9256904039988758,-0.7739353607175099,40.39965883665885,47.29249835612385,145,3
deeplab_annotation_minus_automatic,syncg,perspective_severe,7.815488657521952,25.979116303141677,-18.163627645619723,69.91626440897522,14.041666666666671,36.19166666666666,20000,20260912,4000,-18.892985143217572,-17.424272243339853,68.3927120472293,71.39752280776914,145,3
deeplab_annotation_minus_automatic,syncg,combined_severe,8.286520390673193,32.25412820571521,-23.96760781504202,74.308651786146,17.266666666666666,40.633333333333326,20000,20260913,4000,-24.816795235307875,-23.084437537897383,73.02080937642891,75.53867035541887,145,3
deeplab_annotation_minus_automatic,syncg,perspective_pair,4.4494091378063265,13.953768712415599,-9.504359574609273,68.1132084850497,20.61666666666667,19.566666666666656,20000,20260914,8000,-9.875598626943631,-9.120853827438827,66.55985590611012,69.56146350611242,145,3
deeplab_annotation_minus_automatic,syncg,projective_three,5.728446222095282,20.05388854351547,-14.325442321420187,71.43473591336176,19.499999999999996,26.588888888888885,20000,20260915,12000,-14.813014800054964,-13.819655338889445,70.1383823958404,72.66666519549263,145,3
deeplab_annotation_minus_automatic,rf100,all_conditions,23.799304938784484,30.404008264419748,-6.604703325635261,21.723133569084073,29.065489330389997,20.198675496688743,20000,20261007,906,-12.132476338916732,-1.030533767952717,2.8574677161076405,41.218061685353106,35,3
deeplab_annotation_minus_automatic,rf100,clean,15.78409036265035,16.62477038567119,-0.84068002302084,5.0567917842968715,35.76158940397351,12.58278145695364,20000,20261008,151,-6.898450194152166,6.899739323398908,-29.268175296595576,48.682813596482895,35,3
deeplab_annotation_minus_automatic,rf100,blur_moderate,15.971501666042156,17.051864510648105,-1.0803628446059477,6.335746122843696,38.189845474613676,14.128035320088294,20000,20261009,151,-7.380680160008789,6.719578074207983,-28.08573111203545,49.43947302944339,35,3
deeplab_annotation_minus_automatic,rf100,blur_severe,17.148276658772023,18.278720771310173,-1.130444112538151,6.184481543765733,36.64459161147902,15.2317880794702,20000,20261010,151,-8.543688263910154,8.033640176589337,-32.40548299912365,50.55409871728211,35,3
deeplab_annotation_minus_automatic,rf100,perspective_moderate,19.079771228752957,22.711996501634406,-3.632225272881451,15.992540649696153,38.18984547461369,20.750551876379685,20000,20261011,151,-7.954063501208498,-0.5627670764029366,2.7502914907745746,34.618428522292255,35,3
deeplab_annotation_minus_automatic,rf100,perspective_severe,36.08410061062725,51.689375433383454,-15.605274822756204,30.190488261689413,13.465783664459158,29.139072847682122,20000,20261012,151,-23.83190338357577,-9.970808213215907,19.571223911929135,44.99459005829299,35,3
deeplab_annotation_minus_automatic,rf100,combined_severe,38.72808910586219,56.06732198387113,-17.339232878008943,30.925737603442006,12.141280353200882,29.3598233995585,20000,20261013,151,-23.798925300890065,-11.49101566487959,20.144015640888043,42.73908912381241,35,3
deeplab_annotation_minus_automatic,rf100,perspective_pair,27.581935919690103,37.20068596750893,-9.61875004781883,25.856378175982677,25.82781456953642,24.944812362030905,20000,20261014,302,-15.170897851657104,-5.703318899414612,15.355887857771352,40.21453756525995,35,3
deeplab_annotation_minus_automatic,rf100,projective_three,31.2973203150808,43.48956463962966,-12.192244324548863,28.034873251958786,21.265636497424577,26.416482707873453,20000,20261015,453,-17.525338989074363,-8.168975913669764,18.258342101219473,40.37564239034908,35,3
geoprr_no_geometry_fusion_minus_full,syncg,all_conditions,1.3452178036630342,0.8726076663887843,0.47261013727425,-54.16066755751855,-10.499999999999998,-2.1055555555555494,20000,20260907,24000,0.44934458351280365,0.49658877701404974,-58.08193016578689,-50.350454165861315,145,3
geoprr_no_geometry_fusion_minus_full,syncg,clean,0.6792956945192179,0.6803549756196825,-0.0010592811004645625,0.15569535586915428,0.03333333333332966,0.008333333333343518,20000,20260908,4000,-0.002077391184025024,-6.243662735504327e-06,0.0008857897946809227,0.30740823536357564,145,3
geoprr_no_geometry_fusion_minus_full,syncg,blur_moderate,0.681455220753717,0.6819986990337821,-0.0005434782800650163,0.07968904938308331,0.016666666666675933,-0.016666666666675933,20000,20260909,4000,-0.0015449328386903777,0.0004981294500480788,-0.07236224817429379,0.227498856681605,145,3
geoprr_no_geometry_fusion_minus_full,syncg,blur_severe,0.7044527569373831,0.7049512423059899,-0.0004984853686068429,0.07071203491694411,-0.01666666666665373,0.0,20000,20260910,4000,-0.0014975217475430972,0.000505007071181365,-0.0713613000017739,0.21312722993467356,145,3
geoprr_no_geometry_fusion_minus_full,syncg,perspective_moderate,1.2689445182084786,0.8715777790626952,0.39736673914578335,-45.591655580425204,-7.708333333333339,-0.44166666666666243,20000,20260911,4000,0.3787590840658909,0.4164202838333182,-49.6459046470866,-41.830052736991014,145,3
geoprr_no_geometry_fusion_minus_full,syncg,perspective_severe,2.280197487395148,1.055643228172077,1.2245542592230712,-116.00076868237727,-27.966666666666672,-5.85,20000,20260912,4000,1.1575274597012972,1.2939911949011154,-126.0093216606823,-106.6011912872145,145,3
geoprr_no_geometry_fusion_minus_full,syncg,combined_severe,2.4569611441642625,1.2411200741384791,1.2158410700257836,-97.96321043874478,-27.358333333333352,-6.333333333333336,20000,20260913,4000,1.1468730050311795,1.2865439033198378,-107.12787560022629,-89.27609248472774,145,3
geoprr_no_geometry_fusion_minus_full,syncg,perspective_pair,1.7745710028018131,0.963610503617386,0.8109604991844271,-84.15853668469656,-17.837499999999995,-3.1458333333333255,20000,20260914,8000,0.7735728895206749,0.8501688498200775,-90.80097519523638,-77.8413155047507,145,3
geoprr_no_geometry_fusion_minus_full,syncg,projective_three,2.002034383255963,1.0561136937910836,0.9459206894648792,-89.56617976132384,-21.011111111111113,-4.208333333333336,20000,20260915,12000,0.8998471905556409,0.9946867038011106,-96.86396581792754,-82.67440270090164,145,3
geoprr_no_polar_evidence_minus_full,syncg,all_conditions,0.8736371867674998,0.8726076663887843,0.0010295203787154261,-0.1179820460409215,0.15277777777779056,0.07222222222222907,20000,20260907,24000,-0.0025749600330820556,0.004569109894180504,-0.5279635935228149,0.29206782136731424,145,3
geoprr_no_polar_evidence_minus_full,syncg,clean,0.7201909111591235,0.6803549756196825,0.03983593553944101,-5.855169281764649,-0.4833333333333245,0.008333333333343518,20000,20260908,4000,0.03631153549445825,0.04337772433407291,-6.555793846367047,-5.184504940951392,145,3
geoprr_no_polar_evidence_minus_full,syncg,blur_moderate,0.7209464143253275,0.6819986990337821,0.03894771529154538,-5.710819587592226,-0.2083333333333326,0.008333333333332416,20000,20260909,4000,0.03547205789775867,0.042519820459221404,-6.4264596065827995,-5.056430452453857,145,3
geoprr_no_polar_evidence_minus_full,syncg,blur_severe,0.7435560536766821,0.7049512423059899,0.038604811370692146,-5.476238504724189,-0.24999999999999467,0.008333333333332416,20000,20260910,4000,0.035013754956740875,0.0422096783756532,-6.185401724674189,-4.823405020519783,145,3
geoprr_no_polar_evidence_minus_full,syncg,perspective_moderate,0.8454907962659097,0.8715777790626952,-0.026086982796785438,2.993075709759338,0.4249999999999976,0.024999999999997247,20000,20260911,4000,-0.0325911171079513,-0.01979300030543944,2.271396179082374,3.7437157067642373,145,3
geoprr_no_polar_evidence_minus_full,syncg,perspective_severe,1.0153433931446634,1.055643228172077,-0.0402998350274136,3.817562027769145,0.8333333333333304,0.14166666666666217,20000,20260912,4000,-0.04773143793565663,-0.03297998791397341,3.124839448473632,4.527136971028203,145,3
geoprr_no_polar_evidence_minus_full,syncg,combined_severe,1.196295552033292,1.2411200741384791,-0.044824522105187115,3.611618491974031,0.5999999999999783,0.24166666666666226,20000,20260913,4000,-0.05304521221340634,-0.03676016922991118,2.9320072103222494,4.324914303763089,145,3
geoprr_no_polar_evidence_minus_full,syncg,perspective_pair,0.9304170947052868,0.963610503617386,-0.03319340891209926,3.4446914793364614,0.6291666666666584,0.08333333333333526,20000,20260914,8000,-0.03891443608453456,-0.027620656514076122,2.8752104997821406,4.030838891490527,145,3
geoprr_no_polar_evidence_minus_full,syncg,projective_three,1.0190432471479551,1.0561136937910836,-0.03707044664312854,3.510081051033288,0.6194444444444391,0.13611111111110352,20000,20260915,12000,-0.042938701354748456,-0.03131022297145398,2.9574222564173374,4.080586220436828,145,3
geoprr_no_relational_transport_minus_full,syncg,all_conditions,0.9209714348583682,0.8726076663887843,0.04836376846958385,-5.542441389465826,-0.9458333333333124,-0.07500000000000284,20000,20260907,24000,0.04460058838803056,0.051953426952540224,-6.099085908752116,-5.000345798959748,145,3
geoprr_no_relational_transport_minus_full,syncg,clean,0.6819036407112111,0.6803549756196825,0.00154866509152864,-0.22762604037959466,0.0,0.0,20000,20260908,4000,0.0005532907306252956,0.0025527951500381924,-0.37992195063715095,-0.08109560536904163,145,3
geoprr_no_relational_transport_minus_full,syncg,blur_moderate,0.6838256221432104,0.6819986990337821,0.001826923109428391,-0.2678777997695119,-0.024999999999986144,-0.016666666666675933,20000,20260909,4000,0.0008752698031032477,0.002759597413451735,-0.40887458964344103,-0.12762128071552434,145,3
geoprr_no_relational_transport_minus_full,syncg,blur_severe,0.7071110110968776,0.7049512423059899,0.002159768790887563,-0.30637137170262585,-0.008333333333310211,-0.01666666666665373,20000,20260910,4000,0.0012464442727374843,0.003068061651047592,-0.43939270654801416,-0.1754869205703176,145,3
geoprr_no_relational_transport_minus_full,syncg,perspective_moderate,0.9245834109610865,0.8715777790626952,0.05300563189839132,-6.081572198340599,-0.4249999999999976,-0.07500000000000284,20000,20260911,4000,0.04784142598371616,0.058102799340241894,-6.842734973891778,-5.377785782243443,145,3
geoprr_no_relational_transport_minus_full,syncg,perspective_severe,1.1629278702973767,1.055643228172077,0.10728464212529984,-10.162964083146822,-2.4083333333333345,-0.15000000000000568,20000,20260912,4000,0.09701563613545296,0.11710574113607179,-11.399401304743764,-8.961489454255315,145,3
geoprr_no_relational_transport_minus_full,syncg,combined_severe,1.3654770539404464,1.2411200741384791,0.12435697980196728,-10.019738008692626,-2.808333333333346,-0.19166666666666776,20000,20260913,4000,0.11273816262095536,0.13564180610012344,-11.233643608371336,-8.876369985505685,145,3
geoprr_no_relational_transport_minus_full,syncg,perspective_pair,1.0437556406292317,0.963610503617386,0.08014513701184567,-8.31717137899405,-1.416666666666666,-0.11250000000000426,20000,20260914,8000,0.0737854518925832,0.08644339534031774,-9.230449583072119,-7.451429683961216,145,3
geoprr_no_relational_transport_minus_full,syncg,projective_three,1.15099611173297,1.0561136937910836,0.09488241794188626,-8.984110186214055,-1.880555555555563,-0.1388888888888995,20000,20260915,12000,0.08744507797215764,0.10186766823054663,-9.924553129300064,-8.064028247431718,145,3
geoprr_fixed_routing_minus_full,syncg,all_conditions,1.0104116772847787,0.8726076663887843,0.13780401089599423,-15.792207220260268,-2.2805555555555412,-0.6208333333333371,20000,20260907,24000,0.1275182152940584,0.14855037895069753,-17.202899687763647,-14.461582877393948,145,3
geoprr_fixed_routing_minus_full,syncg,clean,0.6972197515514957,0.6803549756196825,0.016864775931813274,-2.478820106585163,-0.158333333333327,0.0,20000,20260908,4000,0.014979830257357229,0.0187653097429523,-2.82313967164601,-2.148229056889617,145,3
geoprr_fixed_routing_minus_full,syncg,blur_moderate,0.69834189793858,0.6819986990337821,0.016343198904797927,-2.3963680470288384,-0.1083333333333214,0.0,20000,20260909,4000,0.014502535302736454,0.018185106379104678,-2.7419950493016554,-2.078457048881146,145,3
geoprr_fixed_routing_minus_full,syncg,blur_severe,0.7212489451040403,0.7049512423059899,0.016297702798050324,-2.311890783359478,-0.08333333333333526,-0.01666666666665373,20000,20260910,4000,0.014412044937087478,0.018199004997410225,-2.6544431454653257,-1.9912690890205276,145,3
geoprr_fixed_routing_minus_full,syncg,perspective_moderate,0.9249452530300186,0.8715777790626952,0.05336747396732337,-6.123087950304948,-0.3583333333333383,-0.01666666666666483,20000,20260911,4000,0.04663042098814039,0.06074159188438727,-7.02897752268838,-5.292672696435421,145,3
geoprr_fixed_routing_minus_full,syncg,perspective_severe,1.4015064113697193,1.055643228172077,0.34586318319764237,-32.76326451660469,-5.949999999999989,-1.7416666666666636,20000,20260912,4000,0.31505924786946327,0.37788635276750265,-36.39143768575619,-29.41602310864461,145,3
geoprr_fixed_routing_minus_full,syncg,combined_severe,1.6192078047148168,1.2411200741384791,0.3780877305763378,-30.463428837760652,-7.025000000000015,-1.9500000000000073,20000,20260913,4000,0.34629255725989816,0.41146713655142997,-33.83037111945109,-27.287030540923986,145,3
geoprr_fixed_routing_minus_full,syncg,perspective_pair,1.1632258321998692,0.963610503617386,0.19961532858248313,-20.71535416365106,-3.154166666666658,-0.8791666666666531,20000,20260914,8000,0.18251535713387126,0.21757097695495692,-22.901858438368865,-18.713126018002722,145,3
geoprr_fixed_routing_minus_full,syncg,projective_three,1.3152198230381846,1.0561136937910836,0.25910612924710097,-24.533923835131745,-4.444444444444451,-1.2361111111111267,20000,20260915,12000,0.23821151222800724,0.28144211334583435,-27.020158332589983,-22.207730345003874,145,3
geoprr_no_geometry_fixed_routing_minus_full,syncg,all_conditions,1.4738361178872073,0.8726076663887843,0.6012284514984231,-68.90020276656037,-12.672222222222207,-2.895833333333331,20000,20260907,24000,0.5727303161028904,0.6305769512421497,-73.75689394019847,-64.19713514013115,145,3
geoprr_no_geometry_fixed_routing_minus_full,syncg,clean,0.6972197515514957,0.6803549756196825,0.016864775931813274,-2.478820106585163,-0.158333333333327,0.0,20000,20260908,4000,0.014979830257357229,0.0187653097429523,-2.82313967164601,-2.148229056889617,145,3
geoprr_no_geometry_fixed_routing_minus_full,syncg,blur_moderate,0.69834189793858,0.6819986990337821,0.016343198904797927,-2.3963680470288384,-0.1083333333333214,0.0,20000,20260909,4000,0.014502535302736454,0.018185106379104678,-2.7419950493016554,-2.078457048881146,145,3
geoprr_no_geometry_fixed_routing_minus_full,syncg,blur_severe,0.7212489451040403,0.7049512423059899,0.016297702798050324,-2.311890783359478,-0.08333333333333526,-0.01666666666665373,20000,20260910,4000,0.014412044937087478,0.018199004997410225,-2.6544431454653257,-1.9912690890205276,145,3
geoprr_no_geometry_fixed_routing_minus_full,syncg,perspective_moderate,1.3470523289509657,0.8715777790626952,0.47547454988827054,-54.5533125453934,-9.691666666666688,-0.6416666666666515,20000,20260911,4000,0.45364551542844495,0.49766223925629693,-59.296709554144435,-50.13219644169103,145,3
geoprr_no_geometry_fixed_routing_minus_full,syncg,perspective_severe,2.5870650020642127,1.055643228172077,1.531421773892136,-145.070013525678,-33.225,-7.983333333333331,20000,20260912,4000,1.4487648088395,1.6166669681630357,-157.22186280353404,-133.60750033450714,145,3
geoprr_no_geometry_fixed_routing_minus_full,syncg,combined_severe,2.7920887817139484,1.2411200741384791,1.5509687075754692,-124.9652422753754,-32.76666666666669,-8.733333333333338,20000,20260913,4000,1.4655281906385997,1.6378723206568724,-136.34008448647546,-114.17059394513234,145,3
geoprr_no_geometry_fixed_routing_minus_full,syncg,perspective_pair,1.9670586655075892,0.963610503617386,1.0034481618902034,-104.13420755826832,-21.458333333333336,-4.3124999999999964,20000,20260914,8000,0.9569854885400071,1.052187120956128,-112.2487053448434,-96.45631615416103,145,3
geoprr_no_geometry_fixed_routing_minus_full,syncg,projective_three,2.2420687042430427,1.0561136937910836,1.185955010451959,-112.29425557344965,-25.22777777777778,-5.786111111111126,20000,20260915,12000,1.1287138969604698,1.2464742330057172,-121.22837765848844,-103.83864606870789,145,3
geoprr_terminal_router_minus_full,syncg,all_conditions,0.8731346004555373,0.8726076663887843,0.0005269340667529362,-0.06038613767096614,-0.09583333333332833,-0.020833333333325488,20000,20260907,24000,-0.0002991844786214091,0.0014252938694223611,-0.16301028902627776,0.03457658513071406,145,3
geoprr_terminal_router_minus_full,syncg,clean,0.6734150845903701,0.6803549756196825,-0.006939891029312303,1.0200397260255643,0.04166666666667318,0.0,20000,20260908,4000,-0.00807348499523274,-0.005813704437296405,0.8344547265130611,1.2147183377506,145,3
geoprr_terminal_router_minus_full,syncg,blur_moderate,0.6752832138011126,0.6819986990337821,-0.006715485232669516,0.9846771324026927,0.016666666666675933,-0.016666666666675933,20000,20260909,4000,-0.00787431858192006,-0.005563032957130294,0.7974645641636653,1.1830011385929313,145,3
geoprr_terminal_router_minus_full,syncg,blur_severe,0.6979884281505805,0.7049512423059899,-0.006962814155409523,0.9877015228220926,0.008333333333343518,0.0,20000,20260910,4000,-0.008074688471945257,-0.005864275484855222,0.8160825905516497,1.1717840194869311,145,3
geoprr_terminal_router_minus_full,syncg,perspective_moderate,0.8771071309099411,0.8715777790626952,0.005529351847245907,-0.6344071613657057,-0.19166666666666776,-0.02500000000000835,20000,20260911,4000,0.004304696032263735,0.006776437206933845,-0.7846740008894771,-0.49137068456315963,145,3
geoprr_terminal_router_minus_full,syncg,perspective_severe,1.0632196985888864,1.055643228172077,0.007576470416809436,-0.7177112697372809,-0.17499999999999183,-0.050000000000005596,20000,20260912,4000,0.006079415803192686,0.009088070399186072,-0.8745225330474882,-0.5670746572549253,145,3
geoprr_terminal_router_minus_full,syncg,combined_severe,1.2517940466923325,1.2411200741384791,0.010673972553853356,-0.8600273878627475,-0.2750000000000141,-0.03333333333335187,20000,20260913,4000,0.007907066949037096,0.014118369059032753,-1.138103177101657,-0.6342349745007011,145,3
geoprr_terminal_router_minus_full,syncg,perspective_pair,0.9701634147494136,0.963610503617386,0.006552911132027585,-0.6800373291312216,-0.18333333333332424,-0.03750000000000142,20000,20260914,8000,0.005522720352045354,0.007580633810898009,-0.7995396841387443,-0.5658924216534257,145,3
geoprr_terminal_router_minus_full,syncg,projective_three,1.0640402920637202,1.0561136937910836,0.00792659827263658,-0.7505440294200549,-0.21388888888889124,-0.03611111111112564,20000,20260915,12000,0.006584181088284263,0.0094720716507935,-0.9066084052719434,-0.6172175262803127,145,3
geoprr_adapted_minus_frozen,industrial,all_conditions,2.406462022848741,10.85073272807019,-8.444270705221449,77.82212424582748,42.46117084826763,39.60971724412584,20000,20261107,8370,-11.25586380145663,-5.973295529065468,69.15166207255186,84.04930117740213,52,3
geoprr_adapted_minus_frozen,industrial,clean,2.4153603681193423,10.950805726539846,-8.535445358420505,77.94353741236053,42.36559139784946,37.51493428912784,20000,20261108,1395,-11.722393368687984,-5.853949649953299,69.36842552839984,84.08836535005032,52,3
geoprr_adapted_minus_frozen,industrial,blur_moderate,2.3976702399171863,10.867163757083247,-8.469493517166061,77.93655922085118,42.10274790919952,37.80167264038231,20000,20261109,1395,-11.605014164709404,-5.816568976570956,69.40264581556796,84.17002366879062,52,3
geoprr_adapted_minus_frozen,industrial,blur_severe,2.366964425326037,10.824522980539648,-8.457558555213613,78.13331423859167,43.178016726403825,39.04420549581838,20000,20261110,1395,-11.385432763883271,-5.869830525134327,69.55258516976457,84.32664004972514,52,3
geoprr_adapted_minus_frozen,industrial,perspective_moderate,2.2964757616214406,10.007257762454906,-7.710782000833463,77.05189757140734,43.84707287933094,39.5221027479092,20000,20261111,1395,-10.37511888269354,-5.347638048060071,67.64516064296265,83.72829714506344,52,3
geoprr_adapted_minus_frozen,industrial,perspective_severe,2.492297172202935,11.198170682391599,-8.705873510188663,77.74371151422159,40.740740740740755,40.64516129032258,20000,20261112,1395,-11.569841757229133,-6.106287581106688,68.75809303419958,83.97300610541045,52,3
geoprr_adapted_minus_frozen,industrial,combined_severe,2.4700041699055046,11.256475459411886,-8.786471289506382,78.05703766856918,42.53285543608124,43.13022700119475,20000,20261113,1395,-11.509216291187874,-6.2586432707156225,69.02374129626254,84.31586354291795,52,3
geoprr_adapted_minus_frozen,industrial,perspective_pair,2.3943864669121884,10.602714222423252,-8.208327755511064,77.41723094027758,42.29390681003584,40.083632019115896,20000,20261114,2790,-10.963649161332476,-5.7421831101781535,68.36238265611249,83.78026132548376,52,3
geoprr_adapted_minus_frozen,industrial,projective_three,2.41959236790996,10.820634634752798,-8.401042266842836,77.63909003877723,42.37355635205097,41.09916367980884,20000,20261115,4185,-11.074801097083164,-5.924890881328984,68.38319057906585,83.95010868494062,52,3
efficientnet_b0_adapted_minus_frozen,industrial,all_conditions,2.967261944167184,13.691356237660731,-10.724094293493547,78.32747981529285,38.24372759856631,38.701712465153335,20000,20261107,8370,-14.065117857076652,-7.813815106304313,70.70249817933109,84.0997347562731,52,3
efficientnet_b0_adapted_minus_frozen,industrial,clean,2.6045908878822117,12.229215720369194,-9.624624832486981,78.70189759148691,35.07765830346475,30.6332138590203,20000,20261108,1395,-13.670244871810244,-6.314078781894635,69.6237244122763,84.67611665841106,52,3
efficientnet_b0_adapted_minus_frozen,industrial,blur_moderate,2.586232710965432,12.187103451979702,-9.60087074101427,78.77893856275325,34.838709677419345,30.633213859020316,20000,20261109,1395,-13.607477367949901,-6.2448325813876036,69.64261061502187,84.86917194637473,52,3
efficientnet_b0_adapted_minus_frozen,industrial,blur_severe,2.59210286281628,12.311383579473473,-9.719280716657194,78.94547882385825,35.221027479091994,30.46594982078853,20000,20261110,1395,-13.747784265025787,-6.254966204492736,69.51792699755903,85.07625221768717,52,3
efficientnet_b0_adapted_minus_frozen,industrial,perspective_moderate,2.65696602268106,11.503035881319864,-8.846069858638806,76.90204525054305,42.58064516129032,38.160095579450434,20000,20261111,1395,-12.031040761715527,-6.117618019487478,67.39047403706563,83.896838752041,52,3
efficientnet_b0_adapted_minus_frozen,industrial,perspective_severe,3.7520509821926833,17.109952529657768,-13.357901547465085,78.07094452372667,39.617682198327365,50.80047789725211,20000,20261112,1395,-16.299276524491194,-10.525388436610514,71.72609454326059,83.17390668480215,52,3
efficientnet_b0_adapted_minus_frozen,industrial,combined_severe,3.6116281984654357,16.807446263164387,-13.195818064698953,78.51173734595976,42.126642771804065,51.5173237753883,20000,20261113,1395,-15.997298560203731,-10.39666470986029,72.05452883955763,83.76479434408859,52,3
efficientnet_b0_adapted_minus_frozen,industrial,perspective_pair,3.204508502436872,14.306494205488814,-11.101985703051943,77.60102191068282,41.09916367980884,44.48028673835124,20000,20261114,2790,-14.078754320655673,-8.386414977066615,70.2961785872628,83.37554324995014,52,3
efficientnet_b0_adapted_minus_frozen,industrial,projective_three,3.340215067779726,15.140144891380675,-11.79992982360095,77.93802442616439,41.441656710473914,46.82596575069694,20000,20261115,4185,-14.65662023720574,-9.040053712063768,70.80058733358662,83.46903724269342,52,3
resnet18_adapted_minus_frozen,industrial,all_conditions,3.3511800958320155,22.02014447584967,-18.668964380017655,84.78129832659644,41.25846276383911,53.66387893269614,20000,20261107,8370,-23.325342260897877,-14.07723969968838,78.75817561467571,89.00758201960016,52,3
resnet18_adapted_minus_frozen,industrial,clean,2.710146818001412,17.0253763649807,-14.31522954697929,84.08172154375465,40.19115890083632,47.26403823178016,20000,20261108,1395,-19.50918863987798,-9.508251930024837,76.05813446008035,89.01427615307158,52,3
resnet18_adapted_minus_frozen,industrial,blur_moderate,2.68721074378365,17.02504840471708,-14.337837660933431,84.21613448664786,40.69295101553166,47.407407407407405,20000,20261109,1395,-19.515570236118442,-9.517194521251465,76.30869358024584,89.09218680820612,52,3
resnet18_adapted_minus_frozen,industrial,blur_severe,2.6604221040205602,17.474987192088413,-14.814565088067855,84.77582801763063,41.17084826762246,48.07646356033452,20000,20261110,1395,-20.02156609223043,-9.839165710879833,76.86277711166386,89.52834604003053,52,3
resnet18_adapted_minus_frozen,industrial,perspective_moderate,3.2213888749201733,21.682767770044215,-18.461378895124042,85.14309192864818,42.36559139784947,55.14934289127837,20000,20261111,1395,-23.767806194415794,-13.251113998885547,78.6327634909544,89.41339048909829,52,3
resnet18_adapted_minus_frozen,industrial,perspective_severe,4.488256425604983,28.71284729634419,-24.224590870739206,84.36847318107515,40.81242532855437,60.97968936678614,20000,20261112,1395,-28.936390506180835,-19.366271268265898,78.88808821631072,88.44256487121395,52,3
resnet18_adapted_minus_frozen,industrial,combined_severe,4.339655608661313,30.1998398269234,-25.860184218262088,85.63020322779171,42.317801672640385,63.106332138590204,20000,20261113,1395,-30.676248323173983,-20.77905100461772,80.51905589141158,89.40787036865414,52,3
resnet18_adapted_minus_frozen,industrial,perspective_pair,3.8548226502625784,25.197807533194204,-21.342984882931624,84.70175373319901,41.58900836320191,58.06451612903226,20000,20261114,2790,-26.205527736243884,-16.413859534145118,78.97412550065278,88.79858007581636,52,3
resnet18_adapted_minus_frozen,industrial,projective_three,4.016433636395489,26.865151631103938,-22.84871799470845,85.04965208629108,41.83193946634807,59.74512146555156,20000,20261115,4185,-27.627753731245715,-17.851176380868154,79.52701376640006,88.96374487644646,52,3
mobilenet_v3_large_adapted_minus_frozen,industrial,all_conditions,3.093690387587716,16.437110517420265,-13.343420129832548,81.17862391745201,38.45878136200717,45.44802867383513,20000,20261107,8370,-17.20876465967953,-9.840062565400027,74.19512885160098,86.29516024520069,52,3
mobilenet_v3_large_adapted_minus_frozen,industrial,clean,2.7724087960180372,14.776480054333806,-12.00407125831577,81.23769134581605,36.03345280764635,37.46714456391877,20000,20261108,1395,-16.909077170868688,-7.60946029635142,71.96047892337276,87.17646754969692,52,3
mobilenet_v3_large_adapted_minus_frozen,industrial,blur_moderate,2.7541349993633726,14.694191360288597,-11.940056360925224,81.25698153893322,36.224611708482676,37.63440860215053,20000,20261109,1395,-16.89347720078395,-7.571599564505311,72.12955836174179,87.25881162964549,52,3
mobilenet_v3_large_adapted_minus_frozen,industrial,blur_severe,2.7472738264747854,14.58534216670995,-11.838068340235164,81.16414551627557,36.391875746714454,38.73357228195938,20000,20261110,1395,-16.667160663356828,-7.5385649753674615,71.8990183026315,87.17179149133972,52,3
mobilenet_v3_large_adapted_minus_frozen,industrial,perspective_moderate,2.857218159028481,15.14837788356116,-12.291159724532678,81.13845468478114,39.71326164874552,44.0621266427718,20000,20261111,1395,-16.198593683750865,-8.600959075553499,73.14393887343692,86.59758588442062,52,3
mobilenet_v3_large_adapted_minus_frozen,industrial,perspective_severe,3.7858158443555485,19.09310229490812,-15.30728645055257,80.17181395730971,40.382317801672635,55.8183990442055,20000,20261112,1395,-18.19007827028448,-12.488206766532006,74.48115921525243,84.63874499575111,52,3
mobilenet_v3_large_adapted_minus_frozen,industrial,combined_severe,3.6452907002860737,20.32516934471995,-16.679878644433874,82.06513983494537,42.007168458781365,58.972520908004775,20000,20261113,1395,-19.52087722351618,-13.804169278932536,77.00190212075843,86.06370695789471,52,3
mobilenet_v3_large_adapted_minus_frozen,industrial,perspective_pair,3.3215170016920146,17.120740089234634,-13.79922308754262,80.59945432043236,40.04778972520908,49.94026284348866,20000,20261114,2790,-17.069361881288962,-10.618748099812498,74.33593825332736,85.45693953663785,52,3
mobilenet_v3_large_adapted_minus_frozen,industrial,projective_three,3.4294415678900347,18.18888317439641,-14.759441606506375,81.14539779595984,40.70091596973317,52.95101553166069,20000,20261115,4185,-17.857809739775398,-11.728369130274377,75.32792601420735,85.58537433347868,52,3
geoprr_adapted_minus_efficientnet_b0_adapted,industrial,all_conditions,2.406462022848741,2.967261944167184,-0.5607999213184431,18.89957583356672,4.476304261250497,5.0457984866586925,20000,20261107,8370,-0.7912129693603328,-0.33998022835863384,12.577787020922743,24.993522674174066,52,3
geoprr_adapted_minus_efficientnet_b0_adapted,industrial,clean,2.4153603681193423,2.6045908878822117,-0.1892305197628695,7.265268439786814,2.270011947431305,2.1744324970131457,20000,20261108,1395,-0.4411517813370881,0.08926125542405941,-3.7932494745224066,15.800298501142356,52,3
geoprr_adapted_minus_efficientnet_b0_adapted,industrial,blur_moderate,2.3976702399171863,2.586232710965432,-0.18856247104824564,7.291009438120358,1.7204301075268935,2.150537634408589,20000,20261109,1395,-0.4454650982935934,0.08389017046227408,-3.5997180101400468,16.01752220605251,52,3
geoprr_adapted_minus_efficientnet_b0_adapted,industrial,blur_severe,2.366964425326037,2.59210286281628,-0.22513843749024307,8.68555182434518,2.5567502986857837,2.8195937873357058,20000,20261110,1395,-0.47371627362495544,0.017053256074866904,-0.7112319852973495,17.037952388350853,52,3
geoprr_adapted_minus_efficientnet_b0_adapted,industrial,perspective_moderate,2.2964757616214406,2.65696602268106,-0.36049026105961884,13.567740723152328,4.157706093189962,3.584229390680993,20000,20261111,1395,-0.5992876317852556,-0.1455544666167634,6.212782699189353,20.8061541363262,52,3
geoprr_adapted_minus_efficientnet_b0_adapted,industrial,perspective_severe,2.492297172202935,3.7520509821926833,-1.2597538099897485,33.57507176657694,9.032258064516135,10.465949820788524,20000,20261112,1395,-1.6723305075094392,-0.8561360956694988,25.44822581897177,40.80305130635595,52,3
geoprr_adapted_minus_efficientnet_b0_adapted,industrial,combined_severe,2.4700041699055046,3.6116281984654357,-1.1416240285599313,31.609677569939286,7.120669056152929,9.08004778972521,20000,20261113,1395,-1.5546557873905475,-0.7497259759983514,23.49815079141691,38.691511044149344,52,3
geoprr_adapted_minus_efficientnet_b0_adapted,industrial,perspective_pair,2.3943864669121884,3.204508502436872,-0.8101220355246834,25.280695461055114,6.5949820788530396,7.02508960573478,20000,20261114,2790,-1.1112035087587429,-0.5332307909384257,18.25150315377965,32.12825372624059,52,3
geoprr_adapted_minus_efficientnet_b0_adapted,industrial,projective_three,2.41959236790996,3.340215067779726,-0.9206226998697661,27.5617791426141,6.770211071286337,7.710075667064908,20000,20261115,4185,-1.2506484836685512,-0.6165739856945961,20.388415299153923,34.18046191005984,52,3
geoprr_adapted_minus_resnet18_adapted,industrial,all_conditions,2.406462022848741,3.3511800958320155,-0.9447180729832743,28.190608859197226,7.801672640382318,6.977299880525678,20000,20261107,8370,-1.3212392089263638,-0.6169717490902284,20.312823322968857,36.23446693964575,52,3
geoprr_adapted_minus_resnet18_adapted,industrial,clean,2.4153603681193423,2.710146818001412,-0.2947864498820695,10.877139493847004,4.587813620071679,1.2186379928315505,20000,20261108,1395,-0.7292769747298988,0.09099027283335563,-3.7329447769651316,24.28839147977074,52,3
geoprr_adapted_minus_resnet18_adapted,industrial,blur_moderate,2.3976702399171863,2.68721074378365,-0.2895405038664634,10.774759833640148,3.6081242532855495,1.0991636798088344,20000,20261109,1395,-0.7376523555720562,0.09796365534647311,-4.093679212714972,24.35973106708849,52,3
geoprr_adapted_minus_resnet18_adapted,industrial,blur_severe,2.366964425326037,2.6604221040205602,-0.2934576786945236,11.030493178170335,3.5364396654719243,0.8602150537634357,20000,20261110,1395,-0.716332206436221,0.09088989174836723,-3.7829158039113784,24.267334268920187,52,3
geoprr_adapted_minus_resnet18_adapted,industrial,perspective_moderate,2.2964757616214406,3.2213888749201733,-0.9249131132987323,28.711625612777098,9.510155316606916,8.100358422939069,20000,20261111,1395,-1.2623969127425247,-0.5946398077605622,19.802075256815357,37.76702589390827,52,3
geoprr_adapted_minus_resnet18_adapted,industrial,perspective_severe,2.492297172202935,4.488256425604983,-1.9959592534020485,44.470704526045616,13.285543608124255,16.224611708482684,20000,20261112,1395,-2.5935971124858708,-1.4506358896383682,36.53836478722741,51.97063340582882,52,3
geoprr_adapted_minus_resnet18_adapted,industrial,combined_severe,2.4700041699055046,4.339655608661313,-1.8696514387558083,43.08294499278375,12.28195937873357,14.360812425328561,20000,20261113,1395,-2.4384365832092185,-1.3633391375507429,35.296396902923505,50.25890061728941,52,3
geoprr_adapted_minus_resnet18_adapted,industrial,perspective_pair,2.3943864669121884,3.8548226502625784,-1.4604361833503905,37.88595003847739,11.397849462365588,12.162485065710872,20000,20261114,2790,-1.9008034313623183,-1.0587985658376553,30.169840131361948,45.674997314241864,52,3
geoprr_adapted_minus_resnet18_adapted,industrial,projective_three,2.41959236790996,4.016433636395489,-1.5968412684855295,39.75769085328644,11.692552767821585,12.895260852250113,20000,20261115,4185,-2.06292869499153,-1.174077561649354,32.21907505493863,47.21561303415834,52,3
geoprr_adapted_minus_mobilenet_v3_large_adapted,industrial,all_conditions,2.406462022848741,3.093690387587716,-0.6872283647389753,22.213870124050676,6.272401433691755,5.965750696933481,20000,20261107,8370,-1.0715785993888367,-0.3517412448242342,12.721570426345687,31.214801676717293,52,3
geoprr_adapted_minus_mobilenet_v3_large_adapted,industrial,clean,2.4153603681193423,2.7724087960180372,-0.3570484278986947,12.878635661938354,4.348864994026291,4.038231780167257,20000,20261108,1395,-0.843524855086355,0.10647234481123569,-4.501867604534751,26.2131613140044,52,3
geoprr_adapted_minus_mobilenet_v3_large_adapted,industrial,blur_moderate,2.3976702399171863,2.7541349993633726,-0.3564647594461862,12.942893486651316,3.5603345280764698,3.966547192353642,20000,20261109,1395,-0.8521670529480541,0.10093413205832352,-4.346624264947878,26.344163690132522,52,3
geoprr_adapted_minus_mobilenet_v3_large_adapted,industrial,blur_severe,2.366964425326037,2.7472738264747854,-0.3803094011487488,13.843155985537479,4.516129032258065,3.5603345280764476,20000,20261110,1395,-0.86316795200693,0.035351235474444284,-1.5239391895750043,26.497348284484772,52,3
geoprr_adapted_minus_mobilenet_v3_large_adapted,industrial,perspective_moderate,2.2964757616214406,2.857218159028481,-0.5607423974070405,19.625466667120214,6.54719235364396,4.611708482676235,20000,20261111,1395,-0.945804265010137,-0.22140552108749073,8.619864378060923,29.9493586170374,52,3
geoprr_adapted_minus_mobilenet_v3_large_adapted,industrial,perspective_severe,2.492297172202935,3.7858158443555485,-1.293518672152614,34.16750114988245,9.653524492234183,10.370370370370363,20000,20261112,1395,-1.8218344940983808,-0.8447426251494883,24.702091376536575,43.66690676525303,52,3
geoprr_adapted_minus_mobilenet_v3_large_adapted,industrial,combined_severe,2.4700041699055046,3.6452907002860737,-1.1752865303805693,32.2412292190671,9.00836320191159,9.247311827956995,20000,20261113,1395,-1.5941578492235462,-0.8230640047938761,24.545153170323076,39.983114068827206,52,3
geoprr_adapted_minus_mobilenet_v3_large_adapted,industrial,perspective_pair,2.3943864669121884,3.3215170016920146,-0.9271305347798267,27.912864342032172,8.100358422939069,7.491039426523294,20000,20261114,2790,-1.3488830992737642,-0.5753128938480256,18.99812285820642,37.13044099286293,52,3
geoprr_adapted_minus_mobilenet_v3_large_adapted,industrial,projective_three,2.41959236790996,3.4294415678900347,-1.0098491999800747,29.44646176320143,8.403026682596582,8.076463560334535,20000,20261115,4185,-1.410374843973188,-0.6696628363907666,21.059279042259604,37.815031457083876,52,3
geoprr_adapted_ensemble_minus_frozen_ensemble,industrial,all_conditions,2.1257863900471916,10.27662131268258,-8.150834922635388,79.31434539264653,45.448028673835125,40.43010752688171,20000,20261107,8370,-11.003321329410516,-5.641113970391283,70.4775534614947,85.39683861113613,52,1
geoprr_adapted_ensemble_minus_frozen_ensemble,industrial,clean,2.1287529160201566,10.358505679928701,-8.229752763908543,79.44922769946476,45.51971326164874,38.63799283154122,20000,20261108,1395,-11.432794591806287,-5.510762625030652,70.60259260273753,85.50048978638732,52,1
geoprr_adapted_ensemble_minus_frozen_ensemble,industrial,blur_moderate,2.1120687444909994,10.262128551212655,-8.150059806721654,79.41880445220674,45.73476702508961,37.99283154121864,20000,20261109,1395,-11.289773672653151,-5.446395452702421,70.60619815598284,85.5703034031811,52,1
geoprr_adapted_ensemble_minus_frozen_ensemble,industrial,blur_severe,2.0906992686263224,10.220912655133358,-8.130213386507034,79.54488665377364,46.81003584229391,40.0,20000,20261110,1395,-11.081638499014561,-5.511804750136083,70.70231313828408,85.63041674811737,52,1
geoprr_adapted_ensemble_minus_frozen_ensemble,industrial,perspective_moderate,2.050919594766251,9.513229627906652,-7.462310033140401,78.44139503634007,46.95340501792115,40.7168458781362,20000,20261111,1395,-10.146062848313878,-5.0666353414447265,68.76107602844833,85.07614374634757,52,1
geoprr_adapted_ensemble_minus_frozen_ensemble,industrial,perspective_severe,2.198527023029338,10.63024538011498,-8.431718357085643,79.318191213705,42.93906810035842,41.00358422939068,20000,20261112,1395,-11.338111400014723,-5.779148199023295,70.07599935641811,85.43548787722945,52,1
geoprr_adapted_ensemble_minus_frozen_ensemble,industrial,combined_severe,2.1737507933500826,10.674705981799136,-8.500955188449053,79.63643404271343,44.73118279569893,44.229390681003586,20000,20261113,1395,-11.268443822144206,-5.910291616283414,70.35980039518786,85.82442585927956,52,1
geoprr_adapted_ensemble_minus_frozen_ensemble,industrial,perspective_pair,2.1247233088977944,10.071737504010818,-7.947014195113024,78.90410360623798,44.946236559139784,40.86021505376344,20000,20261114,2790,-10.730144287492937,-5.43689821053334,69.57950721066116,85.17506055401441,52,1
geoprr_adapted_ensemble_minus_frozen_ensemble,industrial,projective_three,2.1410658037152235,10.272726996606925,-8.1316611928917,79.15776595228886,44.87455197132616,41.98327359617682,20000,20261115,4185,-10.83967764954705,-5.615911006489293,69.67470245286171,85.38098110187794,52,1
efficientnet_b0_adapted_ensemble_minus_frozen_ensemble,industrial,all_conditions,2.6342413192955365,13.313572645996254,-10.679331326700717,80.21386603476624,42.21027479091995,44.01433691756272,20000,20261107,8370,-14.030190886787551,-7.7413095505747975,72.71254401146125,85.6354226827766,52,1
efficientnet_b0_adapted_ensemble_minus_frozen_ensemble,industrial,clean,2.345507505770797,11.951511218073014,-9.606003712302217,80.3748039643394,39.56989247311829,35.913978494623656,20000,20261108,1395,-13.666077758425367,-6.255288559587784,71.33620668591026,86.09259090912212,52,1
efficientnet_b0_adapted_ensemble_minus_frozen_ensemble,industrial,blur_moderate,2.3284841270519245,11.894404567362185,-9.565920440310261,80.4237016332772,38.63799283154122,35.62724014336918,20000,20261109,1395,-13.60391995665166,-6.1847128911686955,71.3020347907675,86.22696589765862,52,1
efficientnet_b0_adapted_ensemble_minus_frozen_ensemble,industrial,blur_severe,2.3263913710971305,12.015592446169297,-9.689201075072166,80.63856292130805,39.856630824372765,34.982078853046595,20000,20261110,1395,-13.740384815603328,-6.190666615406401,71.26499347835046,86.49057361086581,52,1
efficientnet_b0_adapted_ensemble_minus_frozen_ensemble,industrial,perspective_moderate,2.3770362415927946,11.185688076474511,-8.808651834881715,78.74930692379914,47.31182795698925,41.93548387096774,20000,20261111,1395,-12.00945697397757,-6.050684780339646,69.36645681701228,85.42954744510223,52,1
efficientnet_b0_adapted_ensemble_minus_frozen_ensemble,industrial,perspective_severe,3.269817929835556,16.574160122525665,-13.304342192690111,80.27159201031489,42.1505376344086,57.56272401433692,20000,20261112,1395,-16.311337703406885,-10.36773067677649,74.09762446474258,84.97664408616725,52,1
efficientnet_b0_adapted_ensemble_minus_frozen_ensemble,industrial,combined_severe,3.158210740425017,16.260079445372845,-13.101868704947828,80.57690461454816,45.73476702508961,58.06451612903226,20000,20261113,1395,-15.961131683866272,-10.198163675527569,74.25140963063978,85.40702117651587,52,1
efficientnet_b0_adapted_ensemble_minus_frozen_ensemble,industrial,perspective_pair,2.823427085714176,13.879924099500087,-11.056497013785913,79.65819506307051,44.73118279569893,49.749103942652326,20000,20261114,2790,-14.061874747991224,-8.283074168938718,72.50229153532194,85.02571316472772,52,1
efficientnet_b0_adapted_ensemble_minus_frozen_ensemble,industrial,projective_three,2.9350216372844558,14.673309214791006,-11.738287577506549,79.9975479673945,45.06571087216249,52.520908004778974,20000,20261115,4185,-14.641397909643782,-8.9193285024418,73.08094629989104,85.13874571371669,52,1
resnet18_adapted_ensemble_minus_frozen_ensemble,industrial,all_conditions,2.9908909837201723,21.779702074902584,-18.78881109118241,86.26753032050577,42.27001194743131,57.825567502986864,20000,20261107,8370,-23.483829243619287,-14.142271506932358,80.56268619111785,90.18674585331914,52,1
resnet18_adapted_ensemble_minus_frozen_ensemble,industrial,clean,2.4672859735986217,16.760708857667737,-14.293422884069118,85.27934591221134,42.29390681003584,50.60931899641577,20000,20261108,1395,-19.52528827203948,-9.425927719925259,77.35024513180902,90.11332549356537,52,1
resnet18_adapted_ensemble_minus_frozen_ensemble,industrial,blur_moderate,2.455627766627239,16.782049910567494,-14.326422143940256,85.36753388463615,42.43727598566308,51.11111111111111,20000,20261109,1395,-19.557711685533217,-9.461952677829332,77.54514921685336,90.13836045935895,52,1
resnet18_adapted_ensemble_minus_frozen_ensemble,industrial,blur_severe,2.4367737483144847,17.239315600244236,-14.802541851929748,85.8650203707625,43.44086021505375,52.68817204301075,20000,20261110,1395,-20.035200141248186,-9.793114364554187,78.06247367910795,90.46324844393683,52,1
resnet18_adapted_ensemble_minus_frozen_ensemble,industrial,perspective_moderate,2.931361122692421,21.481509808521974,-18.55014868582955,86.35402656134758,43.297491039426525,59.13978494623655,20000,20261111,1395,-23.900498280901882,-13.295037507310475,80.14399760070509,90.34886764401284,52,1
resnet18_adapted_ensemble_minus_frozen_ensemble,industrial,perspective_severe,3.885232485721166,28.44956937555059,-24.564336889829423,86.34344009066052,40.50179211469535,66.23655913978494,20000,20261112,1395,-29.298009008944124,-19.65899695577398,81.29595611243163,90.03964006724598,52,1
resnet18_adapted_ensemble_minus_frozen_ensemble,industrial,combined_severe,3.769064805367099,29.96505889686347,-26.19599409149637,87.42180077689879,41.648745519713266,67.168458781362,20000,20261113,1395,-31.017975043771237,-21.100551153392132,82.69710789788938,90.8557429942858,52,1
resnet18_adapted_ensemble_minus_frozen_ensemble,industrial,perspective_pair,3.408296804206793,24.965539592036283,-21.557242787829487,86.34799463619845,41.89964157706093,62.688172043010745,20000,20261114,2790,-26.429784362026847,-16.59135735689684,81.02218381248228,90.07779266919295,52,1
resnet18_adapted_ensemble_minus_frozen_ensemble,industrial,projective_three,3.528552804593563,26.632046026978678,-23.103493222385115,86.75072579470957,41.81600955794504,64.18160095579451,20000,20261115,4185,-27.893717647366344,-18.062602822088287,81.64747706523859,90.3148994980497,52,1
mobilenet_v3_large_adapted_ensemble_minus_frozen_ensemble,industrial,all_conditions,2.7234449056428502,15.793561586819372,-13.070116681176522,82.755980082949,41.541218637992834,52.17443249701314,20000,20261107,8370,-16.997981515266613,-9.492024622538786,75.94279337128361,87.57947682470355,52,1
mobilenet_v3_large_adapted_ensemble_minus_frozen_ensemble,industrial,clean,2.477219838479074,14.563606626320647,-12.086386787841572,82.99034090908484,39.6415770609319,43.79928315412186,20000,20261108,1395,-16.97722375812288,-7.680351173937493,74.37358832909234,88.48899884709681,52,1
mobilenet_v3_large_adapted_ensemble_minus_frozen_ensemble,industrial,blur_moderate,2.46765631948945,14.477822761189197,-12.010166441699747,82.95561176432886,39.211469534050174,44.516129032258064,20000,20261109,1395,-16.921256099857377,-7.675012820354186,74.49835080031109,88.53737970921273,52,1
mobilenet_v3_large_adapted_ensemble_minus_frozen_ensemble,industrial,blur_severe,2.4868732246407728,14.327849368421338,-11.840976143780566,82.64308089306232,38.494623655913976,43.51254480286738,20000,20261110,1395,-16.659358004700042,-7.5260658842126,73.80450375532418,88.33869571825154,52,1
mobilenet_v3_large_adapted_ensemble_minus_frozen_ensemble,industrial,perspective_moderate,2.508098363361464,14.582293674776924,-12.074195311415462,82.80038504710863,44.73118279569892,51.7562724014337,20000,20261111,1395,-16.002520672201886,-8.324635097056522,74.71805440935927,88.07662876625375,52,1
mobilenet_v3_large_adapted_ensemble_minus_frozen_ensemble,industrial,perspective_severe,3.2629209390372003,17.68831368303694,-14.42539274399974,81.55323906220447,42.078853046594986,64.01433691756273,20000,20261112,1395,-17.517191059068185,-11.354351462242585,75.72573755843203,85.90937580233658,52,1
mobilenet_v3_large_adapted_ensemble_minus_frozen_ensemble,industrial,combined_severe,3.1379007488491393,19.121483407171187,-15.983582658322046,83.58965838564426,45.08960573476703,65.44802867383513,20000,20261113,1395,-19.01755445785059,-12.881368476655625,78.75328465086605,87.27665327009828,52,1
mobilenet_v3_large_adapted_ensemble_minus_frozen_ensemble,industrial,perspective_pair,2.8855096511993326,16.135303678906933,-13.249794027707601,82.11679365556999,43.40501792114695,57.8853046594982,20000,20261114,2790,-16.66452162826039,-9.906647791264886,75.64149152000334,86.8468611188658,52,1
mobilenet_v3_large_adapted_ensemble_minus_frozen_ensemble,industrial,projective_three,2.9696400170826016,17.13069692166168,-14.16105690457908,82.66480324377518,43.966547192353644,60.406212664277184,20000,20261115,4185,-17.4019581880656,-10.95171431142146,76.83255104837319,86.9067593940731,52,1
geoprr_adapted_ensemble_minus_efficientnet_b0_adapted_ensemble,industrial,all_conditions,2.1257863900471916,2.6342413192955365,-0.5084549292483451,19.301759695437433,4.647550776583042,5.185185185185182,20000,20261107,8370,-0.7432778197215097,-0.2889756767867123,11.940866788080159,26.858199344506982,52,1
geoprr_adapted_ensemble_minus_efficientnet_b0_adapted_ensemble,industrial,clean,2.1287529160201566,2.345507505770797,-0.21675458975064024,9.241266089208649,1.7921146953404965,2.508960573476704,20000,20261108,1395,-0.48017237833238435,0.07302428144881153,-3.408947972868241,19.140199857385976,52,1
geoprr_adapted_ensemble_minus_efficientnet_b0_adapted_ensemble,industrial,blur_moderate,2.1120687444909994,2.3284841270519245,-0.2164153825609253,9.294260589825326,1.8637992831541217,2.508960573476704,20000,20261109,1395,-0.4851550596334987,0.06725076511016327,-3.2577235282134223,19.369053540632226,52,1
geoprr_adapted_ensemble_minus_efficientnet_b0_adapted_ensemble,industrial,blur_severe,2.0906992686263224,2.3263913710971305,-0.23569210247080807,10.131231803858318,2.078853046594975,3.082437275985661,20000,20261110,1395,-0.49910826771932587,0.02400882963189202,-1.1254521841202954,19.723504003118705,52,1
geoprr_adapted_ensemble_minus_efficientnet_b0_adapted_ensemble,industrial,perspective_moderate,2.050919594766251,2.3770362415927946,-0.3261166468265436,13.719464647624418,2.1505376344086002,4.014336917562722,20000,20261111,1395,-0.5849399671281293,-0.10223679109046574,4.793264994016168,22.923567371314434,52,1
geoprr_adapted_ensemble_minus_efficientnet_b0_adapted_ensemble,industrial,perspective_severe,2.198527023029338,3.269817929835556,-1.0712909068062177,32.76301402078661,11.18279569892473,9.749103942652326,20000,20261112,1395,-1.4559073022990137,-0.7046095079088013,23.561877407052265,41.40135082704279,52,1
geoprr_adapted_ensemble_minus_efficientnet_b0_adapted_ensemble,industrial,combined_severe,2.1737507933500826,3.158210740425017,-0.9844599470749341,31.171445732669834,8.817204301075265,9.247311827956983,20000,20261113,1395,-1.3554204004644417,-0.6327464685800401,22.26695392425852,39.334301893369265,52,1
geoprr_adapted_ensemble_minus_efficientnet_b0_adapted_ensemble,industrial,perspective_pair,2.1247233088977944,2.823427085714176,-0.6987037768163815,24.746655592830614,6.666666666666665,6.88172043010753,20000,20261114,2790,-0.992257689469203,-0.4437631824894435,16.915183283681333,33.146244563601805,52,1
geoprr_adapted_ensemble_minus_efficientnet_b0_adapted_ensemble,industrial,projective_three,2.1410658037152235,2.9350216372844558,-0.7939558335692324,27.051106659091516,7.383512544802862,7.670250896057351,20000,20261115,4185,-1.0909904296367412,-0.5173114237014538,19.17753244702358,34.813305705557,52,1
geoprr_adapted_ensemble_minus_resnet18_adapted_ensemble,industrial,all_conditions,2.1257863900471916,2.9908909837201723,-0.8651045936729808,28.92464480925126,10.39426523297491,6.391875746714448,20000,20261107,8370,-1.2483938630275415,-0.5222093451084736,19.337612760266175,38.35786870429331,52,1
geoprr_adapted_ensemble_minus_resnet18_adapted_ensemble,industrial,clean,2.1287529160201566,2.4672859735986217,-0.33853305757846514,13.720868241499504,5.3046594982078865,0.7168458781361964,20000,20261108,1395,-0.8048144218916983,0.08276264913603334,-3.847882755794186,28.9020220548807,52,1
geoprr_adapted_ensemble_minus_resnet18_adapted_ensemble,industrial,blur_moderate,2.1120687444909994,2.455627766627239,-0.34355902213623957,13.990679972156848,5.161290322580648,0.21505376344086446,20000,20261109,1395,-0.8175098058124513,0.08371361792330352,-3.8377495897310476,29.45737531279953,52,1
geoprr_adapted_ensemble_minus_resnet18_adapted_ensemble,industrial,blur_severe,2.0906992686263224,2.4367737483144847,-0.3460744796881625,14.20215889667812,4.372759856630825,0.14336917562723928,20000,20261110,1395,-0.7949682675432757,0.06586216588220348,-3.095047687812793,28.853283524228857,52,1
geoprr_adapted_ensemble_minus_resnet18_adapted_ensemble,industrial,perspective_moderate,2.050919594766251,2.931361122692421,-0.88044152792617,30.035246122029985,11.541218637992834,8.24372759856631,20000,20261111,1395,-1.2337010208115144,-0.5367863675632556,19.619768754478955,40.50119196381069,52,1
geoprr_adapted_ensemble_minus_resnet18_adapted_ensemble,industrial,perspective_severe,2.198527023029338,3.885232485721166,-1.6867054626918283,43.41324409519207,18.42293906810035,14.982078853046598,20000,20261112,1395,-2.279561732018949,-1.1519564496994135,33.707202486828294,52.39933631375627,52,1
geoprr_adapted_ensemble_minus_resnet18_adapted_ensemble,industrial,combined_severe,2.1737507933500826,3.769064805367099,-1.5953140120170166,42.3265211504273,17.562724014336915,14.050179211469526,20000,20261113,1395,-2.170499412329872,-1.0933660063580528,32.84632023557877,51.146288075743,52,1
geoprr_adapted_ensemble_minus_resnet18_adapted_ensemble,industrial,perspective_pair,2.1247233088977944,3.408296804206793,-1.2835734953089988,37.66026168040029,14.982078853046593,11.612903225806459,20000,20261114,2790,-1.7216954342064428,-0.8919590326970185,28.638538039430223,46.797657710970896,52,1
geoprr_adapted_ensemble_minus_resnet18_adapted_ensemble,industrial,projective_three,2.1410658037152235,3.528552804593563,-1.387487000878339,39.321701493940296,15.842293906810035,12.425328554360815,20000,20261115,4185,-1.853897259661819,-0.973838247142295,30.32509619089633,48.13087691926875,52,1
geoprr_adapted_ensemble_minus_mobilenet_v3_large_adapted_ensemble,industrial,all_conditions,2.1257863900471916,2.7234449056428502,-0.5976585155956587,21.944946062883016,7.658303464755079,6.00955794504181,20000,20261107,8370,-0.9827609725805831,-0.25535679224253194,10.642008587913088,32.53253577927256,52,1
geoprr_adapted_ensemble_minus_mobilenet_v3_large_adapted_ensemble,industrial,clean,2.1287529160201566,2.477219838479074,-0.3484669224589173,14.066854989860882,5.161290322580648,5.017921146953408,20000,20261108,1395,-0.8700703014802317,0.14045240512696391,-6.817082949598049,29.58367807469683,52,1
geoprr_adapted_ensemble_minus_mobilenet_v3_large_adapted_ensemble,industrial,blur_moderate,2.1120687444909994,2.46765631948945,-0.3555875749984505,14.409931082786295,5.017921146953408,4.372759856630825,20000,20261109,1395,-0.8793748195597478,0.12844775839075076,-6.310141392701924,29.979133038502606,52,1
geoprr_adapted_ensemble_minus_mobilenet_v3_large_adapted_ensemble,industrial,blur_severe,2.0906992686263224,2.4868732246407728,-0.3961739560144506,15.930605231059886,6.093189964157708,3.8709677419354827,20000,20261110,1395,-0.9153850072342162,0.061409239666276795,-3.0333815496237206,30.62882708382443,52,1
geoprr_adapted_ensemble_minus_mobilenet_v3_large_adapted_ensemble,industrial,perspective_moderate,2.050919594766251,2.508098363361464,-0.4571787685952133,18.228103621202564,4.731182795698929,5.017921146953396,20000,20261111,1395,-0.880730709090029,-0.07382521343198599,3.3058604583278814,31.240188397400612,52,1
geoprr_adapted_ensemble_minus_mobilenet_v3_large_adapted_ensemble,industrial,perspective_severe,2.198527023029338,3.2629209390372003,-1.0643939160078626,32.62089201345885,13.548387096774189,9.462365591397848,20000,20261112,1395,-1.543480751898193,-0.6528696341173112,21.8784065509433,43.160465846010716,52,1
geoprr_adapted_ensemble_minus_mobilenet_v3_large_adapted_ensemble,industrial,combined_severe,2.1737507933500826,3.1379007488491393,-0.9641499554990569,30.72595447299185,11.397849462365595,8.315412186379923,20000,20261113,1395,-1.3345490734017023,-0.6475042321744563,22.014537148526113,39.517435230113314,52,1
geoprr_adapted_ensemble_minus_mobilenet_v3_large_adapted_ensemble,industrial,perspective_pair,2.1247233088977944,2.8855096511993326,-0.7607863423015383,26.36575282239396,9.139784946236562,7.240143369175634,20000,20261114,2790,-1.1864785396168003,-0.4007181499578112,15.276518918263728,37.21498092842247,52,1
geoprr_adapted_ensemble_minus_mobilenet_v3_large_adapted_ensemble,industrial,projective_three,2.1410658037152235,2.9696400170826016,-0.8285742133673779,27.90150350214421,9.892473118279565,7.598566308243726,20000,20261115,4185,-1.2172840064344035,-0.4934219429723032,17.996702288173417,37.78858785996942,52,1
geoprr_frozen_fold_aligned_ensemble_minus_efficientnet_b0_frozen_fold_aligned_ensemble,industrial,all_conditions,10.27662131268258,13.313572645996254,-3.036951333313674,22.810941991794863,1.409796893667861,8.769414575866191,20000,20261107,8370,-4.337663891016106,-1.9063515698520217,15.28403839193093,30.426908097867308,52,1
geoprr_frozen_fold_aligned_ensemble_minus_efficientnet_b0_frozen_fold_aligned_ensemble,industrial,clean,10.358505679928701,11.951511218073014,-1.5930055381443124,13.32890468056774,-4.157706093189964,-0.2150537634408589,20000,20261108,1395,-3.1214905270367224,-0.3042277369156962,3.0551954723119197,22.10588046264568,52,1
geoprr_frozen_fold_aligned_ensemble_minus_efficientnet_b0_frozen_fold_aligned_ensemble,industrial,blur_moderate,10.262128551212655,11.894404567362185,-1.6322760161495309,13.723057820216045,-5.232974910394264,0.14336917562723928,20000,20261109,1395,-3.21675108178951,-0.31037359246784657,3.152792952205788,22.616858101036666,52,1
geoprr_frozen_fold_aligned_ensemble_minus_efficientnet_b0_frozen_fold_aligned_ensemble,industrial,blur_severe,10.220912655133358,12.015592446169297,-1.79467979103594,14.936257193111635,-4.874551971326166,-1.9354838709677413,20000,20261110,1395,-3.5749838300319676,-0.33441794751982235,3.4082970717711545,24.44285517838864,52,1
geoprr_frozen_fold_aligned_ensemble_minus_efficientnet_b0_frozen_fold_aligned_ensemble,industrial,perspective_moderate,9.513229627906652,11.185688076474511,-1.6724584485678582,14.951770844435893,2.508960573476704,5.232974910394262,20000,20261111,1395,-2.76414872231658,-0.8109107884204599,7.885584612515624,22.510756289082774,52,1
geoprr_frozen_fold_aligned_ensemble_minus_efficientnet_b0_frozen_fold_aligned_ensemble,industrial,perspective_severe,10.63024538011498,16.574160122525665,-5.943914742410686,35.86253963078593,10.394265232974911,26.30824372759857,20000,20261112,1395,-7.713194298276702,-4.348176827857811,26.44513326655034,45.38685897675562,52,1
geoprr_frozen_fold_aligned_ensemble_minus_efficientnet_b0_frozen_fold_aligned_ensemble,industrial,combined_severe,10.674705981799136,16.260079445372845,-5.585373463573708,34.35022247177978,9.82078853046595,23.082437275985658,20000,20261113,1395,-7.452903394086737,-3.9061695180315885,24.604463913049827,44.055162452634654,52,1
geoprr_frozen_fold_aligned_ensemble_minus_efficientnet_b0_frozen_fold_aligned_ensemble,industrial,perspective_pair,10.071737504010818,13.879924099500087,-3.80818659548927,27.436652882175554,6.451612903225806,15.770609318996415,20000,20261114,2790,-4.96967478934749,-2.7930142221453687,19.985597930965056,35.435216979905036,52,1
geoprr_frozen_fold_aligned_ensemble_minus_efficientnet_b0_frozen_fold_aligned_ensemble,industrial,projective_three,10.272726996606925,14.673309214791006,-4.400582218184081,29.990386992923185,7.574671445639186,18.2078853046595,20000,20261115,4185,-5.752979009507608,-3.203493337635798,21.955622619924455,38.60908139877396,52,1
geoprr_frozen_fold_aligned_ensemble_minus_resnet18_frozen_fold_aligned_ensemble,industrial,all_conditions,10.27662131268258,21.779702074902584,-11.503080762220003,52.815601988768044,7.2162485065710875,23.787335722819595,20000,20261107,8370,-14.356270957129958,-8.67416165527019,45.0923063577356,59.71154084209999,52,1
geoprr_frozen_fold_aligned_ensemble_minus_resnet18_frozen_fold_aligned_ensemble,industrial,clean,10.358505679928701,16.760708857667737,-6.402203177739038,38.19768741350184,2.078853046594981,12.688172043010754,20000,20261108,1395,-9.545405807497424,-3.4008418387390025,25.104725974468227,48.053963971356275,52,1
geoprr_frozen_fold_aligned_ensemble_minus_resnet18_frozen_fold_aligned_ensemble,industrial,blur_moderate,10.262128551212655,16.782049910567494,-6.519921359354841,38.85056589689505,1.8637992831541217,13.333333333333336,20000,20261109,1395,-9.679735961470167,-3.4865539918225856,25.978136189865232,48.695367464766,52,1
geoprr_frozen_fold_aligned_ensemble_minus_resnet18_frozen_fold_aligned_ensemble,industrial,blur_severe,10.220912655133358,17.239315600244236,-7.018402945110877,40.71161006537548,1.0035842293906805,12.831541218637993,20000,20261110,1395,-10.289145798402005,-3.8190943865185636,28.497809361429812,50.08905434775777,52,1
geoprr_frozen_fold_aligned_ensemble_minus_resnet18_frozen_fold_aligned_ensemble,industrial,perspective_moderate,9.513229627906652,21.481509808521974,-11.96828018061532,55.71433426838257,7.885304659498209,26.66666666666666,20000,20261111,1395,-15.379800481138965,-8.513008694320634,47.924106202881504,62.324548642192475,52,1
geoprr_frozen_fold_aligned_ensemble_minus_resnet18_frozen_fold_aligned_ensemble,industrial,perspective_severe,10.63024538011498,28.44956937555059,-17.819323995435607,62.63477580349402,15.985663082437277,40.215053763440864,20000,20261112,1395,-20.876122279447646,-14.667675868211795,55.617954771626046,68.8800305987247,52,1
geoprr_frozen_fold_aligned_ensemble_minus_resnet18_frozen_fold_aligned_ensemble,industrial,combined_severe,10.674705981799136,29.96505889686347,-19.290352915064336,64.37615551319176,14.480286738351255,36.98924731182795,20000,20261113,1395,-22.535364709725425,-15.827442623096536,57.74662711350169,70.2289461086111,52,1
geoprr_frozen_fold_aligned_ensemble_minus_resnet18_frozen_fold_aligned_ensemble,industrial,perspective_pair,10.071737504010818,24.965539592036283,-14.893802088025465,59.657441142495536,11.935483870967742,33.44086021505376,20000,20261114,2790,-17.977593141765393,-11.725883895598844,52.863969177741474,65.82020441853284,52,1
geoprr_frozen_fold_aligned_ensemble_minus_resnet18_frozen_fold_aligned_ensemble,industrial,projective_three,10.272726996606925,26.632046026978678,-16.359319030371754,61.4271956942381,12.783751493428912,34.623655913978496,20000,20261115,4185,-19.42757167336572,-13.136007020400701,54.74944786485888,67.39229194172509,52,1
geoprr_frozen_fold_aligned_ensemble_minus_mobilenet_v3_large_frozen_fold_aligned_ensemble,industrial,all_conditions,10.27662131268258,15.793561586819372,-5.516940274136791,34.93157793325726,3.7514934289127835,17.753882915173236,20000,20261107,8370,-7.307062903776825,-3.8373143108847563,27.488492912558474,42.12046413443812,52,1
geoprr_frozen_fold_aligned_ensemble_minus_mobilenet_v3_large_frozen_fold_aligned_ensemble,industrial,clean,10.358505679928701,14.563606626320647,-4.205100946391946,28.87403549332425,-0.7168458781362019,10.17921146953405,20000,20261108,1395,-6.9682783697894655,-1.8172052961606178,16.301386178531484,39.07627827039719,52,1
geoprr_frozen_fold_aligned_ensemble_minus_mobilenet_v3_large_frozen_fold_aligned_ensemble,industrial,blur_moderate,10.262128551212655,14.477822761189197,-4.215694209976542,29.118288568068284,-1.5053763440860206,10.89605734767025,20000,20261109,1395,-7.0307149460223854,-1.793998729951789,16.241740742348757,39.638239021362715,52,1
geoprr_frozen_fold_aligned_ensemble_minus_mobilenet_v3_large_frozen_fold_aligned_ensemble,industrial,blur_severe,10.220912655133358,14.327849368421338,-4.106936713287982,28.664013751705774,-2.2222222222222228,7.383512544802867,20000,20261110,1395,-6.91968618365344,-1.6937032471572597,15.504982726594369,39.18904345451188,52,1
geoprr_frozen_fold_aligned_ensemble_minus_mobilenet_v3_large_frozen_fold_aligned_ensemble,industrial,perspective_moderate,9.513229627906652,14.582293674776924,-5.069064046870272,34.76177451862913,2.508960573476704,16.057347670250895,20000,20261111,1395,-7.166034066789964,-3.010602537771565,24.87180907233925,43.34331219387094,52,1
geoprr_frozen_fold_aligned_ensemble_minus_mobilenet_v3_large_frozen_fold_aligned_ensemble,industrial,perspective_severe,10.63024538011498,17.68831368303694,-7.05806830292196,39.90243744767278,12.688172043010754,32.47311827956989,20000,20261112,1395,-8.687309569971893,-5.316946603243739,30.877083523964284,48.64735190415809,52,1
geoprr_frozen_fold_aligned_ensemble_minus_mobilenet_v3_large_frozen_fold_aligned_ensemble,industrial,combined_severe,10.674705981799136,19.121483407171187,-8.44677742537205,44.174278979863196,11.756272401433693,29.53405017921147,20000,20261113,1395,-10.418471129710555,-6.382457127163587,34.92727590858661,52.7572012868569,52,1
geoprr_frozen_fold_aligned_ensemble_minus_mobilenet_v3_large_frozen_fold_aligned_ensemble,industrial,perspective_pair,10.071737504010818,16.135303678906933,-6.063566174896116,37.57949831971731,7.598566308243727,24.265232974910393,20000,20261114,2790,-7.669148040406326,-4.442770843822831,29.699030054551,45.196845882376316,52,1
geoprr_frozen_fold_aligned_ensemble_minus_mobilenet_v3_large_frozen_fold_aligned_ensemble,industrial,projective_three,10.272726996606925,17.13069692166168,-6.857969925054756,40.03322197816067,8.984468339307048,26.021505376344088,20000,20261115,4185,-8.443369795091671,-5.182186362970704,32.131577904689806,47.7146377452643,52,1
