method,seed,phase,epoch,accounting_scope,optimization_phase,phase_epoch,learning_rate,training_hours,population,unique_training_images,image_condition_rows,optimizer_steps,validation_and_other_epoch_hours,recorded_epoch_hours
resnet18,20262020,source_model,1,final_recipe,initial,1,0.0003,0.015602489222203277,full,16000,16000,250,0.0,0.01560249544447288
resnet18,20262020,source_model,2,final_recipe,initial,2,0.00029917828430524096,0.015438092305557802,full,16000,16000,250,0.0,0.015438098944464905
resnet18,20262020,source_model,3,final_recipe,initial,3,0.0002967221401100708,0.015481936305554377,full,16000,16000,250,0.0,0.015481942750047892
resnet18,20262020,source_model,4,final_recipe,initial,4,0.00029265847744427303,0.015458718027867791,full,16000,16000,250,0.0,0.015458723805560213
resnet18,20262020,source_model,5,final_recipe,initial,5,0.0002870318186463901,0.015357210250028099,full,16000,16000,250,0.0,0.01535721811103738
resnet18,20262020,source_model,6,final_recipe,initial,6,0.0002799038105676658,0.015384584055540875,full,16000,16000,250,0.0,0.015384589666630038
resnet18,20262020,source_model,7,final_recipe,initial,7,0.0002713525491562421,0.015344072500010953,full,16000,16000,250,0.0,0.015344079305650666
resnet18,20262020,source_model,8,final_recipe,initial,8,0.00026147172382160914,0.015273209027816644,full,16000,16000,250,0.0,0.015273215416689507
resnet18,20262020,source_model,9,final_recipe,initial,9,0.00025036959095382875,0.015375841305487685,full,16000,16000,250,0.0,0.015375845888888257
resnet18,20262020,source_model,10,final_recipe,initial,10,0.000238167787843871,0.015388037277799513,full,16000,16000,250,0.0,0.015388042055613671
resnet18,20262020,source_model,11,final_recipe,initial,11,0.00022500000000000002,0.015319479694460621,full,16000,16000,250,0.0,0.015319484111128582
resnet18,20262020,source_model,12,final_recipe,initial,12,0.0002110104964613701,0.015372301888807366,full,16000,16000,250,0.0,0.015372306277794349
resnet18,20262020,source_model,13,final_recipe,initial,13,0.00019635254915624216,0.015369622527828647,full,16000,16000,250,0.0,0.015369627388944436
resnet18,20262020,source_model,14,final_recipe,initial,14,0.00018118675362266393,0.01548638377765504,full,16000,16000,250,0.0,0.0154863897498904
resnet18,20262020,source_model,15,final_recipe,initial,15,0.0001656792694901481,0.015473564416558172,full,16000,16000,250,0.0,0.015473569527708201
resnet18,20262020,source_model,16,final_recipe,initial,16,0.0001500000000000001,0.015364716166578647,full,16000,16000,250,0.0,0.015364720944392805
resnet18,20262020,source_model,17,final_recipe,initial,17,0.00013432073050985205,0.015353431111175774,full,16000,16000,250,0.0,0.015353435888860581
resnet18,20262020,source_model,18,final_recipe,initial,18,0.00011881324637733612,0.015367120861127558,full,16000,16000,250,0.0,0.01536712569443302
resnet18,20262020,source_model,19,final_recipe,initial,19,0.00010364745084375793,0.015337743499937157,full,16000,16000,250,0.0,0.015337748416673598
resnet18,20262020,source_model,20,final_recipe,initial,20,8.898950353863e-05,0.015307478861133051,full,16000,16000,250,0.0,0.015307484277808625
resnet18,20262020,source_model,21,final_recipe,initial,21,7.500000000000006e-05,0.015448202555611109,full,16000,16000,250,0.0,0.015448207222183959
resnet18,20262020,source_model,22,final_recipe,initial,22,6.183221215612908e-05,0.015404837666752024,full,16000,16000,250,0.0,0.0154048427222814
resnet18,20262020,source_model,23,final_recipe,initial,23,4.963040904617134e-05,0.015335173249994921,full,16000,16000,250,0.0,0.01533517880546343
resnet18,20262020,source_model,24,final_recipe,initial,24,3.85282761783909e-05,0.015334244194414674,full,16000,16000,250,0.0,0.015334249138832093
resnet18,20262020,source_model,25,final_recipe,initial,25,2.8647450843757918e-05,0.015314832277751217,full,16000,16000,250,0.0,0.015314837166677333
resnet18,20262020,source_model,26,final_recipe,initial,26,2.0096189432334208e-05,0.015334801722266193,full,16000,16000,250,0.0,0.015334806083442851
resnet18,20262020,source_model,27,final_recipe,initial,27,1.2968181353609862e-05,0.015363314722198993,full,16000,16000,250,0.0,0.01536332019436587
resnet18,20262020,source_model,28,final_recipe,initial,28,7.341522555726975e-06,0.015404812472277424,full,16000,16000,250,0.0,0.01540481727790191
resnet18,20262020,source_model,29,final_recipe,initial,29,3.277859889929149e-06,0.015309210499981418,full,16000,16000,250,0.0,0.015309215666752102
resnet18,20262020,source_model,30,final_recipe,initial,30,8.217156947589904e-07,0.015372203027751918,full,16000,16000,250,0.0,0.015372207749945422
resnet18,20262020,source_model,31,final_recipe,continuation,1,3e-05,0.015369765666675651,full,16000,16000,250,0.0,0.01536977180551427
resnet18,20262020,source_model,32,final_recipe,continuation,2,2.99178284305241e-05,0.015403044277724499,full,16000,16000,250,0.0,0.01540304902772833
resnet18,20262020,source_model,33,final_recipe,continuation,3,2.9672214011007083e-05,0.015464224777727699,full,16000,16000,250,0.0,0.015464229333317942
resnet18,20262020,source_model,34,final_recipe,continuation,4,2.9265847744427305e-05,0.015426212555547762,full,16000,16000,250,0.0,0.015426218055654316
resnet18,20262020,source_model,35,final_recipe,continuation,5,2.870318186463901e-05,0.015316542972319035,full,16000,16000,250,0.0,0.01531654802784841
resnet18,20262020,source_model,36,final_recipe,continuation,6,2.7990381056766583e-05,0.015385993888808621,full,16000,16000,250,0.0,0.015385998472209192
resnet18,20262020,source_model,37,final_recipe,continuation,7,2.7135254915624213e-05,0.015421146611139799,full,16000,16000,249,0.0,0.015421151944513743
resnet18,20262020,source_model,38,final_recipe,continuation,8,2.6147172382160913e-05,0.015424782194507618,full,16000,16000,250,0.0,0.015424787000002754
resnet18,20262020,source_model,39,final_recipe,continuation,9,2.503695909538287e-05,0.01544932772224355,full,16000,16000,250,0.0,0.015449332444437055
resnet18,20262020,source_model,40,final_recipe,continuation,10,2.3816778784387094e-05,0.015373067277768214,full,16000,16000,250,0.0,0.015373072166694328
resnet18,20262020,source_model,41,final_recipe,continuation,11,2.2499999999999998e-05,0.015436451694436578,full,16000,16000,250,0.0,0.01543645652774204
resnet18,20262020,source_model,42,final_recipe,continuation,12,2.1101049646137004e-05,0.015361340805603606,full,16000,16000,250,0.0,0.015361345388874825
resnet18,20262020,source_model,43,final_recipe,continuation,13,1.963525491562421e-05,0.015430161805642354,full,16000,16000,250,0.0,0.015430166388913575
resnet18,20262020,source_model,44,final_recipe,continuation,14,1.8118675362266388e-05,0.01533299777786144,full,16000,16000,250,0.0,0.015333002277831029
resnet18,20262020,source_model,45,final_recipe,continuation,15,1.6567926949014805e-05,0.015448020249993229,full,16000,16000,249,0.0,0.015448025138919345
resnet18,20262020,source_model,46,final_recipe,continuation,16,1.5000000000000005e-05,0.015486748138856556,full,16000,16000,250,0.0,0.0154867534722305
resnet18,20262020,source_model,47,final_recipe,continuation,17,1.3432073050985203e-05,0.015346763111107673,full,16000,16000,250,0.0,0.015346768000033787
resnet18,20262020,source_model,48,final_recipe,continuation,18,1.188132463773361e-05,0.015325091166758082,full,16000,16000,250,0.0,0.015325096333399416
resnet18,20262020,source_model,49,final_recipe,continuation,19,1.036474508437579e-05,0.015423667361157843,full,16000,16000,250,0.0,0.015423672888945375
resnet18,20262020,source_model,50,final_recipe,continuation,20,8.898950353862998e-06,0.015307642694355713,full,16000,16000,250,0.0,0.015307647888807372
resnet18,20262020,source_model,51,final_recipe,continuation,21,7.5000000000000044e-06,0.015355898055454923,full,16000,16000,250,0.0,0.015355903138794626
resnet18,20262020,source_model,52,final_recipe,continuation,22,6.183221215612905e-06,0.015366817333399214,full,16000,16000,250,0.0,0.015366821888989458
resnet18,20262020,source_model,53,final_recipe,continuation,23,4.963040904617132e-06,0.015389558027834736,full,16000,16000,250,0.0,0.015389563472191286
resnet18,20262020,source_model,54,final_recipe,continuation,24,3.852827617839089e-06,0.015389445638930839,full,16000,16000,250,0.0,0.015389450805572172
resnet18,20262020,source_model,55,final_recipe,continuation,25,2.8647450843757908e-06,0.015464507444477122,full,16000,16000,250,0.0,0.015464511861145083
resnet18,20262020,source_model,56,final_recipe,continuation,26,2.0096189432334203e-06,0.015349036305625405,full,16000,16000,250,0.0,0.015349041444456412
resnet18,20262020,source_model,57,final_recipe,continuation,27,1.2968181353609858e-06,0.015405456305662583,full,16000,16000,250,0.0,0.015405461027856088
resnet18,20262020,source_model,58,final_recipe,continuation,28,7.341522555726972e-07,0.015321319000019382,full,16000,16000,250,0.0,0.015321323750023213
resnet18,20262020,source_model,59,final_recipe,continuation,29,3.277859889929148e-07,0.015408764083404095,full,16000,16000,250,0.0,0.0154087692222351
resnet18,20262020,source_model,60,final_recipe,continuation,30,8.2171569475899e-08,0.015385431499970664,full,16000,16000,250,0.0,0.015385436055560907
resnet18,20262021,source_model,1,final_recipe,initial,1,0.0003,0.015429825722239911,full,16000,16000,250,0.0,0.015429831611173641
resnet18,20262021,source_model,2,final_recipe,initial,2,0.00029917828430524096,0.015246997361149019,full,16000,16000,250,0.0,0.015247003111160463
resnet18,20262021,source_model,3,final_recipe,initial,3,0.0002967221401100708,0.015492564194525282,full,16000,16000,250,0.0,0.015492571250069887
resnet18,20262021,source_model,4,final_recipe,initial,4,0.00029265847744427303,0.015260736944490216,full,16000,16000,250,0.0,0.015260742527769051
resnet18,20262021,source_model,5,final_recipe,initial,5,0.0002870318186463901,0.015307064777783428,full,16000,16000,250,0.0,0.015307070527794875
resnet18,20262021,source_model,6,final_recipe,initial,6,0.0002799038105676658,0.015339559722148503,full,16000,16000,250,0.0,0.015339565222125708
resnet18,20262021,source_model,7,final_recipe,initial,7,0.0002713525491562421,0.015394144805613906,full,16000,16000,250,0.0,0.015394151500012311
resnet18,20262021,source_model,8,final_recipe,initial,8,0.00026147172382160914,0.015323196944470208,full,16000,16000,250,0.0,0.015323203472265352
resnet18,20262021,source_model,9,final_recipe,initial,9,0.00025036959095382875,0.015401177777805261,full,16000,16000,250,0.0,0.015401182888955292
resnet18,20262021,source_model,10,final_recipe,initial,10,0.000238167787843871,0.015360457388839373,full,16000,16000,250,0.0,0.015360462499989404
resnet18,20262021,source_model,11,final_recipe,initial,11,0.00022500000000000002,0.015325225083312641,full,16000,16000,250,0.0,0.015325229722204514
resnet18,20262021,source_model,12,final_recipe,initial,12,0.0002110104964613701,0.015286051861088102,full,16000,16000,250,0.0,0.015286057583289221
resnet18,20262021,source_model,13,final_recipe,initial,13,0.00019635254915624216,0.015331266194504376,full,16000,16000,250,0.0,0.015331270749965268
resnet18,20262021,source_model,14,final_recipe,initial,14,0.00018118675362266393,0.015321744611072871,full,16000,16000,250,0.0,0.015321749138852788
resnet18,20262021,source_model,15,final_recipe,initial,15,0.0001656792694901481,0.015311864000072496,full,16000,16000,250,0.0,0.015311868861188285
resnet18,20262021,source_model,16,final_recipe,initial,16,0.0001500000000000001,0.015482458972191025,full,16000,16000,250,0.0,0.015482463722194856
resnet18,20262021,source_model,17,final_recipe,initial,17,0.00013432073050985205,0.015481633444368426,full,16000,16000,250,0.0,0.015481639444414112
resnet18,20262021,source_model,18,final_recipe,initial,18,0.00011881324637733612,0.015423969111094872,full,16000,16000,250,0.0,0.015423973499952505
resnet18,20262021,source_model,19,final_recipe,initial,19,0.00010364745084375793,0.015312843416662265,full,16000,16000,250,0.0,0.01531284883333784
resnet18,20262021,source_model,20,final_recipe,initial,20,8.898950353863e-05,0.015351346083399322,full,16000,16000,250,0.0,0.015351350805592827
resnet18,20262021,source_model,21,final_recipe,initial,21,7.500000000000006e-05,0.01531650102774923,full,16000,16000,250,0.0,0.015316505666641105
resnet18,20262021,source_model,22,final_recipe,initial,22,6.183221215612908e-05,0.01534808186102762,full,16000,16000,250,0.0,0.015348086333316233
resnet18,20262021,source_model,23,final_recipe,initial,23,4.963040904617134e-05,0.015333534916733496,full,16000,16000,250,0.0,0.01533353980565961
resnet18,20262021,source_model,24,final_recipe,initial,24,3.85282761783909e-05,0.01536650272228548,full,16000,16000,250,0.0,0.015366509416683887
resnet18,20262021,source_model,25,final_recipe,initial,25,2.8647450843757918e-05,0.01537180838886545,full,16000,16000,250,0.0,0.01537181444440244
resnet18,20262021,source_model,26,final_recipe,initial,26,2.0096189432334208e-05,0.015348148833339414,full,16000,16000,250,0.0,0.015348154166584006
resnet18,20262021,source_model,27,final_recipe,initial,27,1.2968181353609862e-05,0.015311179388857758,full,16000,16000,250,0.0,0.015311183916637675
resnet18,20262021,source_model,28,final_recipe,initial,28,7.341522555726975e-06,0.015347895777861898,full,16000,16000,250,0.0,0.015347900166719532
resnet18,20262021,source_model,29,final_recipe,initial,29,3.277859889929149e-06,0.015326847583314197,full,16000,16000,250,0.0,0.015326853833264775
resnet18,20262021,source_model,30,final_recipe,initial,30,8.217156947589904e-07,0.015383454194525257,full,16000,16000,250,0.0,0.015383458888908434
resnet18,20262021,source_model,31,final_recipe,continuation,1,3e-05,0.015347155027686514,full,16000,16000,250,0.0,0.015347161111033831
resnet18,20262021,source_model,32,final_recipe,continuation,2,2.99178284305241e-05,0.015413241888810363,full,16000,16000,250,0.0,0.015413246444400607
resnet18,20262021,source_model,33,final_recipe,continuation,3,2.9672214011007083e-05,0.015365727527791428,full,16000,16000,249,0.0,0.015365732388907215
resnet18,20262021,source_model,34,final_recipe,continuation,4,2.9265847744427305e-05,0.01537624144448071,full,16000,16000,250,0.0,0.015376245722226385
resnet18,20262021,source_model,35,final_recipe,continuation,5,2.870318186463901e-05,0.015321801527817216,full,16000,16000,250,0.0,0.015321806388933004
resnet18,20262021,source_model,36,final_recipe,continuation,6,2.7990381056766583e-05,0.015344646277759845,full,16000,16000,250,0.0,0.015344650610996824
resnet18,20262021,source_model,37,final_recipe,continuation,7,2.7135254915624213e-05,0.015298766611118076,full,16000,16000,250,0.0,0.01529877133331158
resnet18,20262021,source_model,38,final_recipe,continuation,8,2.6147172382160913e-05,0.015506122111110016,full,16000,16000,250,0.0,0.015506127472294287
resnet18,20262021,source_model,39,final_recipe,continuation,9,2.503695909538287e-05,0.015413780250043297,full,16000,16000,250,0.0,0.015413784999917779
resnet18,20262021,source_model,40,final_recipe,continuation,10,2.3816778784387094e-05,0.015286186972322563,full,16000,16000,250,0.0,0.015286192305567157
resnet18,20262021,source_model,41,final_recipe,continuation,11,2.2499999999999998e-05,0.015338339722172047,full,16000,16000,250,0.0,0.015338344249951964
resnet18,20262021,source_model,42,final_recipe,continuation,12,2.1101049646137004e-05,0.015291546166667508,full,16000,16000,250,0.0,0.015291551472231124
resnet18,20262021,source_model,43,final_recipe,continuation,13,1.963525491562421e-05,0.015466307083325874,full,16000,16000,250,0.0,0.015466311805519379
resnet18,20262021,source_model,44,final_recipe,continuation,14,1.8118675362266388e-05,0.015353651472186257,full,16000,16000,249,0.0,0.015353656444414
resnet18,20262021,source_model,45,final_recipe,continuation,15,1.6567926949014805e-05,0.015349273472222397,full,16000,16000,250,0.0,0.015349277916700682
resnet18,20262021,source_model,46,final_recipe,continuation,16,1.5000000000000005e-05,0.015373046861237121,full,16000,16000,250,0.0,0.015373052722231174
resnet18,20262021,source_model,47,final_recipe,continuation,17,1.3432073050985203e-05,0.015366237111156806,full,16000,16000,250,0.0,0.0153662416666177
resnet18,20262021,source_model,48,final_recipe,continuation,18,1.188132463773361e-05,0.0153843366388335,full,16000,16000,250,0.0,0.015384342944404732
resnet18,20262021,source_model,49,final_recipe,continuation,19,1.036474508437579e-05,0.015378731777762167,full,16000,16000,250,0.0,0.015378736527765998
resnet18,20262021,source_model,50,final_recipe,continuation,20,8.898950353862998e-06,0.015355329833303889,full,16000,16000,250,0.0,0.01535533474991098
resnet18,20262021,source_model,51,final_recipe,continuation,21,7.5000000000000044e-06,0.015350794277878272,full,16000,16000,250,0.0,0.015350799194485364
resnet18,20262021,source_model,52,final_recipe,continuation,22,6.183221215612905e-06,0.015362650027834913,full,16000,16000,249,0.0,0.015362655055553964
resnet18,20262021,source_model,53,final_recipe,continuation,23,4.963040904617132e-06,0.015399937527771626,full,16000,16000,249,0.0,0.015399942361077086
resnet18,20262021,source_model,54,final_recipe,continuation,24,3.852827617839089e-06,0.015293481888948008,full,16000,16000,250,0.0,0.01529348619450401
resnet18,20262021,source_model,55,final_recipe,continuation,25,2.8647450843757908e-06,0.015306740361136488,full,16000,16000,250,0.0,0.015306745166760973
resnet18,20262021,source_model,56,final_recipe,continuation,26,2.0096189432334203e-06,0.015375458111132806,full,16000,16000,250,0.0,0.0153754626665937
resnet18,20262021,source_model,57,final_recipe,continuation,27,1.2968181353609858e-06,0.015355328111003878,full,16000,16000,250,0.0,0.015355333555489778
resnet18,20262021,source_model,58,final_recipe,continuation,28,7.341522555726972e-07,0.015324016749962336,full,16000,16000,250,0.0,0.015324021666698778
resnet18,20262021,source_model,59,final_recipe,continuation,29,3.277859889929148e-07,0.015429062916664406,full,16000,16000,250,0.0,0.015429068583374223
resnet18,20262021,source_model,60,final_recipe,continuation,30,8.2171569475899e-08,0.015338762166599433,full,16000,16000,250,0.0,0.015338766888792937
resnet18,20262022,source_model,1,final_recipe,initial,1,0.0003,0.015528832361127974,full,16000,16000,250,0.0,0.015528838250061704
resnet18,20262022,source_model,2,final_recipe,initial,2,0.00029917828430524096,0.015392842722228831,full,16000,16000,250,0.0,0.015392848500050604
resnet18,20262022,source_model,3,final_recipe,initial,3,0.0002967221401100708,0.015342947277757856,full,16000,16000,250,0.0,0.015342953777872027
resnet18,20262022,source_model,4,final_recipe,initial,4,0.00029265847744427303,0.015376048305511682,full,16000,16000,250,0.0,0.015376054222126389
resnet18,20262022,source_model,5,final_recipe,initial,5,0.0002870318186463901,0.015409949694423834,full,16000,16000,250,0.0,0.015409956249899956
resnet18,20262022,source_model,6,final_recipe,initial,6,0.0002799038105676658,0.01541291144443676,full,16000,16000,250,0.0,0.015412916861112333
resnet18,20262022,source_model,7,final_recipe,initial,7,0.0002713525491562421,0.015370648305526832,full,16000,16000,250,0.0,0.01537065549999372
resnet18,20262022,source_model,8,final_recipe,initial,8,0.00026147172382160914,0.015276532388783784,full,16000,16000,250,0.0,0.015276538722165342
resnet18,20262022,source_model,9,final_recipe,initial,9,0.00025036959095382875,0.015470334499970905,full,16000,16000,250,0.0,0.015470339527689956
resnet18,20262022,source_model,10,final_recipe,initial,10,0.000238167787843871,0.015400782555548682,full,16000,16000,250,0.0,0.01540078741666447
resnet18,20262022,source_model,11,final_recipe,initial,11,0.00022500000000000002,0.015443065861084808,full,16000,16000,250,0.0,0.01544307069439027
resnet18,20262022,source_model,12,final_recipe,initial,12,0.0002110104964613701,0.015455894472284449,full,16000,16000,250,0.0,0.015455899805529043
resnet18,20262022,source_model,13,final_recipe,initial,13,0.00019635254915624216,0.01545973813885616,full,16000,16000,250,0.0,0.0154597426389551
resnet18,20262022,source_model,14,final_recipe,initial,14,0.00018118675362266393,0.015305097250060903,full,16000,16000,250,0.0,0.015305101972254407
resnet18,20262022,source_model,15,final_recipe,initial,15,0.0001656792694901481,0.01543133758331856,full,16000,16000,250,0.0,0.015431342388813694
resnet18,20262022,source_model,16,final_recipe,initial,16,0.0001500000000000001,0.015345950611194389,full,16000,16000,250,0.0,0.015345955583422135
resnet18,20262022,source_model,17,final_recipe,initial,17,0.00013432073050985205,0.015271144333269654,full,16000,16000,250,0.0,0.015271149444419683
resnet18,20262022,source_model,18,final_recipe,initial,18,0.00011881324637733612,0.015344206277772577,full,16000,16000,250,0.0,0.015344211388793256
resnet18,20262022,source_model,19,final_recipe,initial,19,0.00010364745084375793,0.015280996888953572,full,16000,16000,250,0.0,0.01528100158333675
resnet18,20262022,source_model,20,final_recipe,initial,20,8.898950353863e-05,0.01539208197215986,full,16000,16000,250,0.0,0.015392087222232172
resnet18,20262022,source_model,21,final_recipe,initial,21,7.500000000000006e-05,0.015374334833274285,full,16000,16000,250,0.0,0.015374340055536272
resnet18,20262022,source_model,22,final_recipe,initial,22,6.183221215612908e-05,0.015386055583367125,full,16000,16000,250,0.0,0.015386060333370956
resnet18,20262022,source_model,23,final_recipe,initial,23,4.963040904617134e-05,0.015338038305570888,full,16000,16000,250,0.0,0.015338043444531246
resnet18,20262022,source_model,24,final_recipe,initial,24,3.85282761783909e-05,0.015277241333387792,full,16000,16000,250,0.0,0.015277246333425865
resnet18,20262022,source_model,25,final_recipe,initial,25,2.8647450843757918e-05,0.015408065555513733,full,16000,16000,250,0.0,0.015408070361138218
resnet18,20262022,source_model,26,final_recipe,initial,26,2.0096189432334208e-05,0.015374618249997083,full,16000,16000,250,0.0,0.015374623277845481
resnet18,20262022,source_model,27,final_recipe,initial,27,1.2968181353609862e-05,0.015390686388903608,full,16000,16000,250,0.0,0.015390690972304178
resnet18,20262022,source_model,28,final_recipe,initial,28,7.341522555726975e-06,0.015322385527736819,full,16000,16000,250,0.0,0.015322390083327062
resnet18,20262022,source_model,29,final_recipe,initial,29,3.277859889929149e-06,0.015289602138929896,full,16000,16000,250,0.0,0.0152896072222696
resnet18,20262022,source_model,30,final_recipe,initial,30,8.217156947589904e-07,0.015398917944532716,full,16000,16000,250,0.0,0.015398922888950135
resnet18,20262022,source_model,31,final_recipe,continuation,1,3e-05,0.015363903222217534,full,16000,16000,250,0.0,0.015363908611082782
resnet18,20262022,source_model,32,final_recipe,continuation,2,2.99178284305241e-05,0.015318727583313981,full,16000,16000,250,0.0,0.015318732194395529
resnet18,20262022,source_model,33,final_recipe,continuation,3,2.9672214011007083e-05,0.015402570083323451,full,16000,16000,249,0.0,0.015402577111187081
resnet18,20262022,source_model,34,final_recipe,continuation,4,2.9265847744427305e-05,0.015342093416644881,full,16000,16000,250,0.0,0.015342099416690569
resnet18,20262022,source_model,35,final_recipe,continuation,5,2.870318186463901e-05,0.015325621111163248,full,16000,16000,250,0.0,0.015325625694434469
resnet18,20262022,source_model,36,final_recipe,continuation,6,2.7990381056766583e-05,0.015366171055550997,full,16000,16000,250,0.0,0.015366176111080373
resnet18,20262022,source_model,37,final_recipe,continuation,7,2.7135254915624213e-05,0.015398657583347004,full,16000,16000,250,0.0,0.01539866211112692
resnet18,20262022,source_model,38,final_recipe,continuation,8,2.6147172382160913e-05,0.015338384277808169,full,16000,16000,250,0.0,0.0153383893889582
resnet18,20262022,source_model,39,final_recipe,continuation,9,2.503695909538287e-05,0.01549702469440591,full,16000,16000,250,0.0,0.01549702997228855
resnet18,20262022,source_model,40,final_recipe,continuation,10,2.3816778784387094e-05,0.015291389250067166,full,16000,16000,250,0.0,0.015291394111182955
resnet18,20262022,source_model,41,final_recipe,continuation,11,2.2499999999999998e-05,0.015285947555546752,full,16000,16000,250,0.0,0.015285952944412
resnet18,20262022,source_model,42,final_recipe,continuation,12,2.1101049646137004e-05,0.015365391083372136,full,16000,16000,250,0.0,0.015365395861056943
resnet18,20262022,source_model,43,final_recipe,continuation,13,1.963525491562421e-05,0.01536227716663335,full,16000,16000,250,0.0,0.015362282666610555
resnet18,20262022,source_model,44,final_recipe,continuation,14,1.8118675362266388e-05,0.015354513444472105,full,16000,16000,250,0.0,0.015354519722233008
resnet18,20262022,source_model,45,final_recipe,continuation,15,1.6567926949014805e-05,0.01537846452776446,full,16000,16000,250,0.0,0.01537846955548351
resnet18,20262022,source_model,46,final_recipe,continuation,16,1.5000000000000005e-05,0.015321448027777174,full,16000,16000,250,0.0,0.015321453083306551
resnet18,20262022,source_model,47,final_recipe,continuation,17,1.3432073050985203e-05,0.015280094916621844,full,16000,16000,249,0.0,0.015280100305487092
resnet18,20262022,source_model,48,final_recipe,continuation,18,1.188132463773361e-05,0.015335255222291582,full,16000,16000,250,0.0,0.015335259861183457
resnet18,20262022,source_model,49,final_recipe,continuation,19,1.036474508437579e-05,0.015310361611061833,full,16000,16000,250,0.0,0.015310366194462403
resnet18,20262022,source_model,50,final_recipe,continuation,20,8.898950353862998e-06,0.015426759388841067,full,16000,16000,250,0.0,0.015426768777736773
resnet18,20262022,source_model,51,final_recipe,continuation,21,7.5000000000000044e-06,0.015368913972181165,full,16000,16000,250,0.0,0.015368918611073038
resnet18,20262022,source_model,52,final_recipe,continuation,22,6.183221215612905e-06,0.015321577194457254,full,16000,16000,250,0.0,0.015321581972271412
resnet18,20262022,source_model,53,final_recipe,continuation,23,4.963040904617132e-06,0.015287603833324587,full,16000,16000,250,0.0,0.015287608944474616
resnet18,20262022,source_model,54,final_recipe,continuation,24,3.852827617839089e-06,0.015342203305594417,full,16000,16000,250,0.0,0.015342208361123792
resnet18,20262022,source_model,55,final_recipe,continuation,25,2.8647450843757908e-06,0.015308893361232347,full,16000,16000,250,0.0,0.015308898222348136
resnet18,20262022,source_model,56,final_recipe,continuation,26,2.0096189432334203e-06,0.015385877833339489,full,16000,16000,250,0.0,0.015385882638834624
resnet18,20262022,source_model,57,final_recipe,continuation,27,1.2968181353609858e-06,0.015338277999932566,full,16000,16000,250,0.0,0.015338283055461943
resnet18,20262022,source_model,58,final_recipe,continuation,28,7.341522555726972e-07,0.015314583694432966,full,16000,16000,250,0.0,0.01531458833332484
resnet18,20262022,source_model,59,final_recipe,continuation,29,3.277859889929148e-07,0.015403085694415494,full,16000,16000,250,0.0,0.01540309066664324
resnet18,20262022,source_model,60,final_recipe,continuation,30,8.2171569475899e-08,0.015294251277809963,full,16000,16000,250,0.0,0.015294256222227381
efficientnet_b0,20262020,source_model,1,final_recipe,initial,1,0.0003,0.018406607972121694,full,16000,16000,250,0.0,0.01840661405546901
efficientnet_b0,20262020,source_model,2,final_recipe,initial,2,0.00029917828430524096,0.016160097944472606,full,16000,16000,250,0.0,0.016160105388844385
efficientnet_b0,20262020,source_model,3,final_recipe,initial,3,0.0002967221401100708,0.016010770638887253,full,16000,16000,250,0.0,0.01601077661112261
efficientnet_b0,20262020,source_model,4,final_recipe,initial,4,0.00029265847744427303,0.016143156389007346,full,16000,16000,250,0.0,0.016143162500035637
efficientnet_b0,20262020,source_model,5,final_recipe,initial,5,0.0002870318186463901,0.01630526927778394,full,16000,16000,250,0.0,0.01630527549992419
efficientnet_b0,20262020,source_model,6,final_recipe,initial,6,0.0002799038105676658,0.016338907999969603,full,16000,16000,250,0.0,0.016338913555438112
efficientnet_b0,20262020,source_model,7,final_recipe,initial,7,0.0002713525491562421,0.01625040458334196,full,16000,16000,250,0.0,0.016250410611068623
efficientnet_b0,20262020,source_model,8,final_recipe,initial,8,0.00026147172382160914,0.01607103294434233,full,16000,16000,250,0.0,0.016071039110991277
efficientnet_b0,20262020,source_model,9,final_recipe,initial,9,0.00025036959095382875,0.01629575425008726,full,16000,16000,250,0.0,0.016295759500030222
efficientnet_b0,20262020,source_model,10,final_recipe,initial,10,0.000238167787843871,0.016374078861101427,full,16000,16000,250,0.0,0.016374083888949828
efficientnet_b0,20262020,source_model,11,final_recipe,initial,11,0.00022500000000000002,0.016372918444426936,full,16000,16000,250,0.0,0.01637292316662044
efficientnet_b0,20262020,source_model,12,final_recipe,initial,12,0.0002110104964613701,0.016600915611100695,full,16000,16000,250,0.0,0.016600920916664312
efficientnet_b0,20262020,source_model,13,final_recipe,initial,13,0.00019635254915624216,0.016419682333297613,full,16000,16000,250,0.0,0.016419688611058518
efficientnet_b0,20262020,source_model,14,final_recipe,initial,14,0.00018118675362266393,0.016170411555536297,full,16000,16000,250,0.0,0.0161704162222385
efficientnet_b0,20262020,source_model,15,final_recipe,initial,15,0.0001656792694901481,0.016268881027741978,full,16000,16000,250,0.0,0.016268885999969725
efficientnet_b0,20262020,source_model,16,final_recipe,initial,16,0.0001500000000000001,0.016258514722317666,full,16000,16000,250,0.0,0.016258520083372585
efficientnet_b0,20262020,source_model,17,final_recipe,initial,17,0.00013432073050985205,0.01615917294454347,full,16000,16000,250,0.0,0.016159177833340234
efficientnet_b0,20262020,source_model,18,final_recipe,initial,18,0.00011881324637733612,0.016337604249905175,full,16000,16000,250,0.0,0.016337611555484022
efficientnet_b0,20262020,source_model,19,final_recipe,initial,19,0.00010364745084375793,0.01633745280560106,full,16000,16000,250,0.0,0.016337458194466307
efficientnet_b0,20262020,source_model,20,final_recipe,initial,20,8.898950353863e-05,0.016234249444419726,full,16000,16000,250,0.0,0.0162342540833116
efficientnet_b0,20262020,source_model,21,final_recipe,initial,21,7.500000000000006e-05,0.01616305761103932,full,16000,16000,250,0.0,0.016163062555456742
efficientnet_b0,20262020,source_model,22,final_recipe,initial,22,6.183221215612908e-05,0.01617085949996383,full,16000,16000,250,0.0,0.016170864222157334
efficientnet_b0,20262020,source_model,23,final_recipe,initial,23,4.963040904617134e-05,0.01625919822215413,full,16000,16000,250,0.0,0.016259203027778616
efficientnet_b0,20262020,source_model,24,final_recipe,initial,24,3.85282761783909e-05,0.016190625444416785,full,16000,16000,250,0.0,0.01619063197221193
efficientnet_b0,20262020,source_model,25,final_recipe,initial,25,2.8647450843757918e-05,0.016325178027748025,full,16000,16000,250,0.0,0.0163251826666399
efficientnet_b0,20262020,source_model,26,final_recipe,initial,26,2.0096189432334208e-05,0.016172481805551798,full,16000,16000,250,0.0,0.01617248700000346
efficientnet_b0,20262020,source_model,27,final_recipe,initial,27,1.2968181353609862e-05,0.016088921305490656,full,16000,16000,250,0.0,0.01608892611111514
efficientnet_b0,20262020,source_model,28,final_recipe,initial,28,7.341522555726975e-06,0.016175597944400377,full,16000,16000,249,0.0,0.016175602722214535
efficientnet_b0,20262020,source_model,29,final_recipe,initial,29,3.277859889929149e-06,0.016141685305499576,full,16000,16000,250,0.0,0.016141690305537647
efficientnet_b0,20262020,source_model,30,final_recipe,initial,30,8.217156947589904e-07,0.01603420288897016,full,16000,16000,250,0.0,0.016034209055619107
efficientnet_b0,20262020,source_model,31,final_recipe,continuation,1,3e-05,0.01627989950007759,full,16000,16000,250,0.0,0.016279905527804252
efficientnet_b0,20262020,source_model,32,final_recipe,continuation,2,2.99178284305241e-05,0.01633803008331193,full,16000,16000,250,0.0,0.016338035416556523
efficientnet_b0,20262020,source_model,33,final_recipe,continuation,3,2.9672214011007083e-05,0.016144881166724696,full,16000,16000,250,0.0,0.016144885861107874
efficientnet_b0,20262020,source_model,34,final_recipe,continuation,4,2.9265847744427305e-05,0.016080221444394232,full,16000,16000,250,0.0,0.016080225749950234
efficientnet_b0,20262020,source_model,35,final_recipe,continuation,5,2.870318186463901e-05,0.016165374333375237,full,16000,16000,250,0.0,0.01616538088885136
efficientnet_b0,20262020,source_model,36,final_recipe,continuation,6,2.7990381056766583e-05,0.01617182202779481,full,16000,16000,249,0.0,0.01617182713881549
efficientnet_b0,20262020,source_model,37,final_recipe,continuation,7,2.7135254915624213e-05,0.01620271905558184,full,16000,16000,250,0.0,0.016202723833395997
efficientnet_b0,20262020,source_model,38,final_recipe,continuation,8,2.6147172382160913e-05,0.016238165555599458,full,16000,16000,250,0.0,0.016238170583318504
efficientnet_b0,20262020,source_model,39,final_recipe,continuation,9,2.503695909538287e-05,0.01620840441668406,full,16000,16000,250,0.0,0.016208409249989522
efficientnet_b0,20262020,source_model,40,final_recipe,continuation,10,2.3816778784387094e-05,0.016020808666685805,full,16000,16000,250,0.0,0.016020813361068982
efficientnet_b0,20262020,source_model,41,final_recipe,continuation,11,2.2499999999999998e-05,0.016145881611025995,full,16000,16000,250,0.0,0.016145886305538523
efficientnet_b0,20262020,source_model,42,final_recipe,continuation,12,2.1101049646137004e-05,0.016046238472141948,full,16000,16000,250,0.0,0.016046244611109917
efficientnet_b0,20262020,source_model,43,final_recipe,continuation,13,1.963525491562421e-05,0.01608684652782459,full,16000,16000,250,0.0,0.01608685155554364
efficientnet_b0,20262020,source_model,44,final_recipe,continuation,14,1.8118675362266388e-05,0.016363212888827548,full,16000,16000,250,0.0,0.0163632176111504
efficientnet_b0,20262020,source_model,45,final_recipe,continuation,15,1.6567926949014805e-05,0.01621111219451349,full,16000,16000,250,0.0,0.01621111675010373
efficientnet_b0,20262020,source_model,46,final_recipe,continuation,16,1.5000000000000005e-05,0.01607361266661125,full,16000,16000,250,0.0,0.016073619500061292
efficientnet_b0,20262020,source_model,47,final_recipe,continuation,17,1.3432073050985203e-05,0.016133342472215494,full,16000,16000,250,0.0,0.016133347222219326
efficientnet_b0,20262020,source_model,48,final_recipe,continuation,18,1.188132463773361e-05,0.016120749527795446,full,16000,16000,250,0.0,0.01612075469443678
efficientnet_b0,20262020,source_model,49,final_recipe,continuation,19,1.036474508437579e-05,0.016065377611149515,full,16000,16000,250,0.0,0.01606538244445498
efficientnet_b0,20262020,source_model,50,final_recipe,continuation,20,8.898950353862998e-06,0.016024752083337968,full,16000,16000,250,0.0,0.016024757138996697
efficientnet_b0,20262020,source_model,51,final_recipe,continuation,21,7.5000000000000044e-06,0.01609119977789103,full,16000,16000,249,0.0,0.016091205055644323
efficientnet_b0,20262020,source_model,52,final_recipe,continuation,22,6.183221215612905e-06,0.016067476277757023,full,16000,16000,250,0.0,0.016067482916664124
efficientnet_b0,20262020,source_model,53,final_recipe,continuation,23,4.963040904617132e-06,0.016171137555631706,full,16000,16000,250,0.0,0.016171142833384996
efficientnet_b0,20262020,source_model,54,final_recipe,continuation,24,3.852827617839089e-06,0.016145998722123397,full,16000,16000,250,0.0,0.01614600327771364
efficientnet_b0,20262020,source_model,55,final_recipe,continuation,25,2.8647450843757908e-06,0.016108394166739242,full,16000,16000,250,0.0,0.01610839877782079
efficientnet_b0,20262020,source_model,56,final_recipe,continuation,26,2.0096189432334203e-06,0.01611529169448962,full,16000,16000,250,0.0,0.016115296333381494
efficientnet_b0,20262020,source_model,57,final_recipe,continuation,27,1.2968181353609858e-06,0.016063049027903214,full,16000,16000,250,0.0,0.016063053638984758
efficientnet_b0,20262020,source_model,58,final_recipe,continuation,28,7.341522555726972e-07,0.016016689222176663,full,16000,16000,250,0.0,0.016016699611079984
efficientnet_b0,20262020,source_model,59,final_recipe,continuation,29,3.277859889929148e-07,0.016024197361095706,full,16000,16000,250,0.0,0.01602420277777128
efficientnet_b0,20262020,source_model,60,final_recipe,continuation,30,8.2171569475899e-08,0.016037324527795944,full,16000,16000,250,0.0,0.016037329305610103
efficientnet_b0,20262021,source_model,1,final_recipe,initial,1,0.0003,0.01794034572214716,full,16000,16000,250,0.0,0.017940353611096117
efficientnet_b0,20262021,source_model,2,final_recipe,initial,2,0.00029917828430524096,0.016106088222263174,full,16000,16000,250,0.0,0.01610609413887788
efficientnet_b0,20262021,source_model,3,final_recipe,initial,3,0.0002967221401100708,0.01670370469451882,full,16000,16000,250,0.0,0.016703710694435155
efficientnet_b0,20262021,source_model,4,final_recipe,initial,4,0.00029265847744427303,0.016111612583303618,full,16000,16000,250,0.0,0.016111618666650934
efficientnet_b0,20262021,source_model,5,final_recipe,initial,5,0.0002870318186463901,0.015974601805598166,full,16000,16000,250,0.0,0.015974607833324828
efficientnet_b0,20262021,source_model,6,final_recipe,initial,6,0.0002799038105676658,0.01609587477778809,full,16000,16000,250,0.0,0.016095880944437035
efficientnet_b0,20262021,source_model,7,final_recipe,initial,7,0.0002713525491562421,0.01602121441663864,full,16000,16000,250,0.0,0.016021221111037043
efficientnet_b0,20262021,source_model,8,final_recipe,initial,8,0.00026147172382160914,0.016060167055499428,full,16000,16000,250,0.0,0.016060175999947305
efficientnet_b0,20262021,source_model,9,final_recipe,initial,9,0.00025036959095382875,0.01604033344451131,full,16000,16000,250,0.0,0.016040338055592858
efficientnet_b0,20262021,source_model,10,final_recipe,initial,10,0.000238167787843871,0.01603720666659582,full,16000,16000,250,0.0,0.01603721194434911
efficientnet_b0,20262021,source_model,11,final_recipe,initial,11,0.00022500000000000002,0.01603582786111575,full,16000,16000,250,0.0,0.016035832583309255
efficientnet_b0,20262021,source_model,12,final_recipe,initial,12,0.0002110104964613701,0.016014656083296157,full,16000,16000,250,0.0,0.016014663027728804
efficientnet_b0,20262021,source_model,13,final_recipe,initial,13,0.00019635254915624216,0.0160865275000429,full,16000,16000,250,0.0,0.016086532555572276
efficientnet_b0,20262021,source_model,14,final_recipe,initial,14,0.00018118675362266393,0.016153943444498713,full,16000,16000,250,0.0,0.01615394838891613
efficientnet_b0,20262021,source_model,15,final_recipe,initial,15,0.0001656792694901481,0.016126021472219792,full,16000,16000,250,0.0,0.016126026638990477
efficientnet_b0,20262021,source_model,16,final_recipe,initial,16,0.0001500000000000001,0.016100081194373263,full,16000,16000,250,0.0,0.016100086027678723
efficientnet_b0,20262021,source_model,17,final_recipe,initial,17,0.00013432073050985205,0.016103810111008997,full,16000,16000,250,0.0,0.0161038151943487
efficientnet_b0,20262021,source_model,18,final_recipe,initial,18,0.00011881324637733612,0.016006669166704846,full,16000,16000,250,0.0,0.01600667491671629
efficientnet_b0,20262021,source_model,19,final_recipe,initial,19,0.00010364745084375793,0.016166701111037077,full,16000,16000,250,0.0,0.016166705944342538
efficientnet_b0,20262021,source_model,20,final_recipe,initial,20,8.898950353863e-05,0.016031206222251057,full,16000,16000,250,0.0,0.01603121122228913
efficientnet_b0,20262021,source_model,21,final_recipe,initial,21,7.500000000000006e-05,0.01602539019452201,full,16000,16000,250,0.0,0.016025395138939427
efficientnet_b0,20262021,source_model,22,final_recipe,initial,22,6.183221215612908e-05,0.016091639333430472,full,16000,16000,250,0.0,0.016091644638864738
efficientnet_b0,20262021,source_model,23,final_recipe,initial,23,4.963040904617134e-05,0.01601137269443522,full,16000,16000,250,0.0,0.016011377750093946
efficientnet_b0,20262021,source_model,24,final_recipe,initial,24,3.85282761783909e-05,0.015964153833273383,full,16000,16000,250,0.0,0.01596415852778591
efficientnet_b0,20262021,source_model,25,final_recipe,initial,25,2.8647450843757918e-05,0.016013943527747567,full,16000,16000,250,0.0,0.016013948305561725
efficientnet_b0,20262021,source_model,26,final_recipe,initial,26,2.0096189432334208e-05,0.01607721302774735,full,16000,16000,250,0.0,0.016077217805561508
efficientnet_b0,20262021,source_model,27,final_recipe,initial,27,1.2968181353609862e-05,0.016052486444435392,full,16000,16000,250,0.0,0.01605249122224955
efficientnet_b0,20262021,source_model,28,final_recipe,initial,28,7.341522555726975e-06,0.015714543333354716,full,16000,16000,250,0.0,0.01571454875003029
efficientnet_b0,20262021,source_model,29,final_recipe,initial,29,3.277859889929149e-06,0.015620901916667613,full,16000,16000,250,0.0,0.01562090661105079
efficientnet_b0,20262021,source_model,30,final_recipe,initial,30,8.217156947589904e-07,0.01564895858328479,full,16000,16000,250,0.0,0.015648963444400577
efficientnet_b0,20262021,source_model,31,final_recipe,continuation,1,3e-05,0.015479224194358621,full,16000,16000,250,0.0,0.015479230111102677
efficientnet_b0,20262021,source_model,32,final_recipe,continuation,2,2.99178284305241e-05,0.015602426222240966,full,16000,16000,250,0.0,0.015602431000055124
efficientnet_b0,20262021,source_model,33,final_recipe,continuation,3,2.9672214011007083e-05,0.015572649916608094,full,16000,16000,249,0.0,0.015572654944327143
efficientnet_b0,20262021,source_model,34,final_recipe,continuation,4,2.9265847744427305e-05,0.01562404230560383,full,16000,16000,250,0.0,0.015624048388821797
efficientnet_b0,20262021,source_model,35,final_recipe,continuation,5,2.870318186463901e-05,0.015578564499996396,full,16000,16000,249,0.0,0.015578569583336099
efficientnet_b0,20262021,source_model,36,final_recipe,continuation,6,2.7990381056766583e-05,0.015567687527768107,full,16000,16000,250,0.0,0.015567691972246394
efficientnet_b0,20262021,source_model,37,final_recipe,continuation,7,2.7135254915624213e-05,0.015517356388995217,full,16000,16000,250,0.0,0.01551736086115448
efficientnet_b0,20262021,source_model,38,final_recipe,continuation,8,2.6147172382160913e-05,0.015527219361134081,full,16000,16000,250,0.0,0.015527224694378674
efficientnet_b0,20262021,source_model,39,final_recipe,continuation,9,2.503695909538287e-05,0.015675409083228765,full,16000,16000,250,0.0,0.01567541352770705
efficientnet_b0,20262021,source_model,40,final_recipe,continuation,10,2.3816778784387094e-05,0.01554926999999831,full,16000,16000,250,0.0,0.015549274750002142
efficientnet_b0,20262021,source_model,41,final_recipe,continuation,11,2.2499999999999998e-05,0.015508931138837296,full,16000,16000,250,0.0,0.015508936138875369
efficientnet_b0,20262021,source_model,42,final_recipe,continuation,12,2.1101049646137004e-05,0.015627402416689116,full,16000,16000,250,0.0,0.01562740711120164
efficientnet_b0,20262021,source_model,43,final_recipe,continuation,13,1.963525491562421e-05,0.015699062527726508,full,16000,16000,250,0.0,0.015699068166625998
efficientnet_b0,20262021,source_model,44,final_recipe,continuation,14,1.8118675362266388e-05,0.01552558244438842,full,16000,16000,250,0.0,0.015525587055469966
efficientnet_b0,20262021,source_model,45,final_recipe,continuation,15,1.6567926949014805e-05,0.015470045527779601,full,16000,16000,250,0.0,0.015470050083369845
efficientnet_b0,20262021,source_model,46,final_recipe,continuation,16,1.5000000000000005e-05,0.015607052805652428,full,16000,16000,250,0.0,0.015607057777880174
efficientnet_b0,20262021,source_model,47,final_recipe,continuation,17,1.3432073050985203e-05,0.015557019666691001,full,16000,16000,250,0.0,0.015557024555487766
efficientnet_b0,20262021,source_model,48,final_recipe,continuation,18,1.188132463773361e-05,0.015520933083284439,full,16000,16000,249,0.0,0.015520938055512185
efficientnet_b0,20262021,source_model,49,final_recipe,continuation,19,1.036474508437579e-05,0.015597099444389136,full,16000,16000,250,0.0,0.015597104055600034
efficientnet_b0,20262021,source_model,50,final_recipe,continuation,20,8.898950353862998e-06,0.015582354944458024,full,16000,16000,250,0.0,0.015582359833254789
efficientnet_b0,20262021,source_model,51,final_recipe,continuation,21,7.5000000000000044e-06,0.015646413777722044,full,16000,16000,250,0.0,0.01564641869445849
efficientnet_b0,20262021,source_model,52,final_recipe,continuation,22,6.183221215612905e-06,0.015659379611153983,full,16000,16000,250,0.0,0.015659384722304014
efficientnet_b0,20262021,source_model,53,final_recipe,continuation,23,4.963040904617132e-06,0.015581468666722584,full,16000,16000,250,0.0,0.01558147327780413
efficientnet_b0,20262021,source_model,54,final_recipe,continuation,24,3.852827617839089e-06,0.015536846500019439,full,16000,16000,250,0.0,0.015536851138911314
efficientnet_b0,20262021,source_model,55,final_recipe,continuation,25,2.8647450843757908e-06,0.015555108583325313,full,16000,16000,250,0.0,0.015555113138786207
efficientnet_b0,20262021,source_model,56,final_recipe,continuation,26,2.0096189432334203e-06,0.01558222227768662,full,16000,16000,250,0.0,0.015582227499948607
efficientnet_b0,20262021,source_model,57,final_recipe,continuation,27,1.2968181353609858e-06,0.01559686769446772,full,16000,16000,250,0.0,0.015596872444471551
efficientnet_b0,20262021,source_model,58,final_recipe,continuation,28,7.341522555726972e-07,0.015589138444435472,full,16000,16000,250,0.0,0.01558914305564637
efficientnet_b0,20262021,source_model,59,final_recipe,continuation,29,3.277859889929148e-07,0.015502776666673728,full,16000,16000,250,0.0,0.015502781361056905
efficientnet_b0,20262021,source_model,60,final_recipe,continuation,30,8.2171569475899e-08,0.015581783694473819,full,16000,16000,250,0.0,0.01558178836117602
efficientnet_b0,20262022,source_model,1,final_recipe,initial,1,0.0003,0.017508959972247894,full,16000,16000,250,0.0,0.01750896616670717
efficientnet_b0,20262022,source_model,2,final_recipe,initial,2,0.00029917828430524096,0.015645355527780742,full,16000,16000,250,0.0,0.015645360999947622
efficientnet_b0,20262022,source_model,3,final_recipe,initial,3,0.0002967221401100708,0.015473280194500047,full,16000,16000,250,0.0,0.015473286472260952
efficientnet_b0,20262022,source_model,4,final_recipe,initial,4,0.00029265847744427303,0.015520268249998076,full,16000,16000,250,0.0,0.01552027419442311
efficientnet_b0,20262022,source_model,5,final_recipe,initial,5,0.0002870318186463901,0.01565127630562832,full,16000,16000,250,0.0,0.01565128216662237
efficientnet_b0,20262022,source_model,6,final_recipe,initial,6,0.0002799038105676658,0.015567985916665444,full,16000,16000,250,0.0,0.015567991249910039
efficientnet_b0,20262022,source_model,7,final_recipe,initial,7,0.0002713525491562421,0.015712030861112808,full,16000,16000,250,0.0,0.01571203697227045
efficientnet_b0,20262022,source_model,8,final_recipe,initial,8,0.00026147172382160914,0.015468008555471898,full,16000,16000,250,0.0,0.015468014861043128
efficientnet_b0,20262022,source_model,9,final_recipe,initial,9,0.00025036959095382875,0.015498278666701582,full,16000,16000,250,0.0,0.015498283222291825
efficientnet_b0,20262022,source_model,10,final_recipe,initial,10,0.000238167787843871,0.015552586638886068,full,16000,16000,250,0.0,0.015552591444381203
efficientnet_b0,20262022,source_model,11,final_recipe,initial,11,0.00022500000000000002,0.015530193055488375,full,16000,16000,250,0.0,0.01553019777768188
efficientnet_b0,20262022,source_model,12,final_recipe,initial,12,0.0002110104964613701,0.015526104500103327,full,16000,16000,250,0.0,0.015526109388900092
efficientnet_b0,20262022,source_model,13,final_recipe,initial,13,0.00019635254915624216,0.01559024522223303,full,16000,16000,250,0.0,0.015590249833314576
efficientnet_b0,20262022,source_model,14,final_recipe,initial,14,0.00018118675362266393,0.015498613805587714,full,16000,16000,250,0.0,0.015498618444479587
efficientnet_b0,20262022,source_model,15,final_recipe,initial,15,0.0001656792694901481,0.015466000166747512,full,16000,16000,250,0.0,0.015466005250087215
efficientnet_b0,20262022,source_model,16,final_recipe,initial,16,0.0001500000000000001,0.015516089222186969,full,16000,16000,250,0.0,0.015516094833276131
efficientnet_b0,20262022,source_model,17,final_recipe,initial,17,0.00013432073050985205,0.015443733944428257,full,16000,16000,250,0.0,0.015443738916656003
efficientnet_b0,20262022,source_model,18,final_recipe,initial,18,0.00011881324637733612,0.015487209027762421,full,16000,16000,250,0.0,0.015487213972309191
efficientnet_b0,20262022,source_model,19,final_recipe,initial,19,0.00010364745084375793,0.015524830666707,full,16000,16000,250,0.0,0.015524836777864644
efficientnet_b0,20262022,source_model,20,final_recipe,initial,20,8.898950353863e-05,0.015566600305545662,full,16000,16000,250,0.0,0.015566604916627208
efficientnet_b0,20262022,source_model,21,final_recipe,initial,21,7.500000000000006e-05,0.015433837555529963,full,16000,16000,250,0.0,0.015433842916714234
efficientnet_b0,20262022,source_model,22,final_recipe,initial,22,6.183221215612908e-05,0.015516341472199808,full,16000,16000,250,0.0,0.01551634663884114
efficientnet_b0,20262022,source_model,23,final_recipe,initial,23,4.963040904617134e-05,0.015560130027847157,full,16000,16000,249,0.0,0.015560134777850988
efficientnet_b0,20262022,source_model,24,final_recipe,initial,24,3.85282761783909e-05,0.015451812388815192,full,16000,16000,250,0.0,0.01545181699989674
efficientnet_b0,20262022,source_model,25,final_recipe,initial,25,2.8647450843757918e-05,0.01553159822218327,full,16000,16000,250,0.0,0.015531604777788744
efficientnet_b0,20262022,source_model,26,final_recipe,initial,26,2.0096189432334208e-05,0.015557104249924628,full,16000,16000,250,0.0,0.015557109249962701
efficientnet_b0,20262022,source_model,27,final_recipe,initial,27,1.2968181353609862e-05,0.015539946527892931,full,16000,16000,250,0.0,0.015539951250086436
efficientnet_b0,20262022,source_model,28,final_recipe,initial,28,7.341522555726975e-06,0.01547144380553315,full,16000,16000,250,0.0,0.015471448777760896
efficientnet_b0,20262022,source_model,29,final_recipe,initial,29,3.277859889929149e-06,0.01555821497226134,full,16000,16000,250,0.0,0.015558219722265171
efficientnet_b0,20262022,source_model,30,final_recipe,initial,30,8.217156947589904e-07,0.015509895777795464,full,16000,16000,250,0.0,0.015509901888953109
efficientnet_b0,20262022,source_model,31,final_recipe,continuation,1,3e-05,0.015495325055671855,full,16000,16000,250,0.0,0.015495330583330037
efficientnet_b0,20262022,source_model,32,final_recipe,continuation,2,2.99178284305241e-05,0.015533443305563803,full,16000,16000,250,0.0,0.015533447805662744
efficientnet_b0,20262022,source_model,33,final_recipe,continuation,3,2.9672214011007083e-05,0.015484912166656511,full,16000,16000,250,0.0,0.015484916749927732
efficientnet_b0,20262022,source_model,34,final_recipe,continuation,4,2.9265847744427305e-05,0.015492667416628036,full,16000,16000,250,0.0,0.015492673388863397
efficientnet_b0,20262022,source_model,35,final_recipe,continuation,5,2.870318186463901e-05,0.015588640249981028,full,16000,16000,250,0.0,0.015588645083286489
efficientnet_b0,20262022,source_model,36,final_recipe,continuation,6,2.7990381056766583e-05,0.01555514583338259,full,16000,16000,250,0.0,0.015555150500084792
efficientnet_b0,20262022,source_model,37,final_recipe,continuation,7,2.7135254915624213e-05,0.015495247444422502,full,16000,16000,250,0.0,0.015495252388969271
efficientnet_b0,20262022,source_model,38,final_recipe,continuation,8,2.6147172382160913e-05,0.015573260222251216,full,16000,16000,250,0.0,0.015573265222289289
efficientnet_b0,20262022,source_model,39,final_recipe,continuation,9,2.503695909538287e-05,0.01554529208327747,full,16000,16000,250,0.0,0.01554529677779
efficientnet_b0,20262022,source_model,40,final_recipe,continuation,10,2.3816778784387094e-05,0.015522858194437706,full,16000,16000,249,0.0,0.015522863333398062
efficientnet_b0,20262022,source_model,41,final_recipe,continuation,11,2.2499999999999998e-05,0.015526423222230126,full,16000,16000,250,0.0,0.015526429555611685
efficientnet_b0,20262022,source_model,42,final_recipe,continuation,12,2.1101049646137004e-05,0.015614922027776226,full,16000,16000,250,0.0,0.015614926694349076
efficientnet_b0,20262022,source_model,43,final_recipe,continuation,13,1.963525491562421e-05,0.015508879833440814,full,16000,16000,250,0.0,0.015508884416712033
efficientnet_b0,20262022,source_model,44,final_recipe,continuation,14,1.8118675362266388e-05,0.015530522694397303,full,16000,16000,250,0.0,0.01553052791665929
efficientnet_b0,20262022,source_model,45,final_recipe,continuation,15,1.6567926949014805e-05,0.015586880861083046,full,16000,16000,250,0.0,0.01558688575000916
efficientnet_b0,20262022,source_model,46,final_recipe,continuation,16,1.5000000000000005e-05,0.015494420583385767,full,16000,16000,250,0.0,0.015494425444501556
efficientnet_b0,20262022,source_model,47,final_recipe,continuation,17,1.3432073050985203e-05,0.01553959519447138,full,16000,16000,250,0.0,0.015539600388923039
efficientnet_b0,20262022,source_model,48,final_recipe,continuation,18,1.188132463773361e-05,0.015529007555580595,full,16000,16000,250,0.0,0.01552901277771323
efficientnet_b0,20262022,source_model,49,final_recipe,continuation,19,1.036474508437579e-05,0.015529053250017265,full,16000,16000,250,0.0,0.015529057861228162
efficientnet_b0,20262022,source_model,50,final_recipe,continuation,20,8.898950353862998e-06,0.01555029547217095,full,16000,16000,250,0.0,0.01555030058332098
efficientnet_b0,20262022,source_model,51,final_recipe,continuation,21,7.5000000000000044e-06,0.015529215000052419,full,16000,16000,249,0.0,0.015529219861168207
efficientnet_b0,20262022,source_model,52,final_recipe,continuation,22,6.183221215612905e-06,0.015544273666649436,full,16000,16000,250,0.0,0.015544278666687509
efficientnet_b0,20262022,source_model,53,final_recipe,continuation,23,4.963040904617132e-06,0.015535672027747043,full,16000,16000,250,0.0,0.015535677055595443
efficientnet_b0,20262022,source_model,54,final_recipe,continuation,24,3.852827617839089e-06,0.015499181611101247,full,16000,16000,250,0.0,0.015499186833233883
efficientnet_b0,20262022,source_model,55,final_recipe,continuation,25,2.8647450843757908e-06,0.015558916944493023,full,16000,16000,250,0.0,0.015558921694496854
efficientnet_b0,20262022,source_model,56,final_recipe,continuation,26,2.0096189432334203e-06,0.015561314861083196,full,16000,16000,250,0.0,0.015561319916612573
efficientnet_b0,20262022,source_model,57,final_recipe,continuation,27,1.2968181353609858e-06,0.015486758416647919,full,16000,16000,250,0.0,0.01548676316665175
efficientnet_b0,20262022,source_model,58,final_recipe,continuation,28,7.341522555726972e-07,0.015532141861040145,full,16000,16000,250,0.0,0.01553214666666463
efficientnet_b0,20262022,source_model,59,final_recipe,continuation,29,3.277859889929148e-07,0.01551295447227959,full,16000,16000,250,0.0,0.01551295922228342
efficientnet_b0,20262022,source_model,60,final_recipe,continuation,30,8.2171569475899e-08,0.015493075388820015,full,16000,16000,250,0.0,0.015493080861116242
mobilenet_v3_large,20262020,source_model,1,final_recipe,initial,1,0.0003,0.017041479111131696,full,16000,16000,250,0.0,0.017041485166668684
mobilenet_v3_large,20262020,source_model,2,final_recipe,initial,2,0.00029917828430524096,0.015479613777845062,full,16000,16000,250,0.0,0.015479619500046182
mobilenet_v3_large,20262020,source_model,3,final_recipe,initial,3,0.0002967221401100708,0.015350795777825018,full,16000,16000,250,0.0,0.015350802222189182
mobilenet_v3_large,20262020,source_model,4,final_recipe,initial,4,0.00029265847744427303,0.015403233861110897,full,16000,16000,250,0.0,0.015403239388898428
mobilenet_v3_large,20262020,source_model,5,final_recipe,initial,5,0.0002870318186463901,0.015334053916675555,full,16000,16000,250,0.0,0.015334059638876674
mobilenet_v3_large,20262020,source_model,6,final_recipe,initial,6,0.0002799038105676658,0.015295680944368036,full,16000,16000,250,0.0,0.015295687083336007
mobilenet_v3_large,20262020,source_model,7,final_recipe,initial,7,0.0002713525491562421,0.01536097599995426,full,16000,16000,250,0.0,0.015360982111111905
mobilenet_v3_large,20262020,source_model,8,final_recipe,initial,8,0.00026147172382160914,0.015317644888871452,full,16000,16000,250,0.0,0.015317652083338342
mobilenet_v3_large,20262020,source_model,9,final_recipe,initial,9,0.00025036959095382875,0.015392024027726924,full,16000,16000,250,0.0,0.015392028861161736
mobilenet_v3_large,20262020,source_model,10,final_recipe,initial,10,0.000238167787843871,0.015330432722241515,full,16000,16000,250,0.0,0.015330437277702409
mobilenet_v3_large,20262020,source_model,11,final_recipe,initial,11,0.00022500000000000002,0.01527882944443263,full,16000,16000,250,0.0,0.015278834444470703
mobilenet_v3_large,20262020,source_model,12,final_recipe,initial,12,0.0002110104964613701,0.015290222611123075,full,16000,16000,250,0.0,0.015290227861066038
mobilenet_v3_large,20262020,source_model,13,final_recipe,initial,13,0.00019635254915624216,0.015400009611104097,full,16000,16000,250,0.0,0.015400014249995972
mobilenet_v3_large,20262020,source_model,14,final_recipe,initial,14,0.00018118675362266393,0.015295366583288544,full,16000,16000,250,0.0,0.01529537155551629
mobilenet_v3_large,20262020,source_model,15,final_recipe,initial,15,0.0001656792694901481,0.015404862305537488,full,16000,16000,250,0.0,0.015404869694417964
mobilenet_v3_large,20262020,source_model,16,final_recipe,initial,16,0.0001500000000000001,0.015289164166638834,full,16000,16000,250,0.0,0.015289169166676907
mobilenet_v3_large,20262020,source_model,17,final_recipe,initial,17,0.00013432073050985205,0.015320341083376357,full,16000,16000,250,0.0,0.015320346027793776
mobilenet_v3_large,20262020,source_model,18,final_recipe,initial,18,0.00011881324637733612,0.015319692361065083,full,16000,16000,250,0.0,0.01531969705557761
mobilenet_v3_large,20262020,source_model,19,final_recipe,initial,19,0.00010364745084375793,0.015323063416742824,full,16000,16000,250,0.0,0.015323070583399385
mobilenet_v3_large,20262020,source_model,20,final_recipe,initial,20,8.898950353863e-05,0.015429096249992856,full,16000,16000,250,0.0,0.015429101500065169
mobilenet_v3_large,20262020,source_model,21,final_recipe,initial,21,7.500000000000006e-05,0.015455349611066696,full,16000,16000,250,0.0,0.015455354138846612
mobilenet_v3_large,20262020,source_model,22,final_recipe,initial,22,6.183221215612908e-05,0.015355449861122502,full,16000,16000,250,0.0,0.015355454555505679
mobilenet_v3_large,20262020,source_model,23,final_recipe,initial,23,4.963040904617134e-05,0.015326456555631012,full,16000,16000,250,0.0,0.015326461444427777
mobilenet_v3_large,20262020,source_model,24,final_recipe,initial,24,3.85282761783909e-05,0.015331084749971828,full,16000,16000,250,0.0,0.015331090166647401
mobilenet_v3_large,20262020,source_model,25,final_recipe,initial,25,2.8647450843757918e-05,0.01540370819443423,full,16000,16000,250,0.0,0.01540371466660872
mobilenet_v3_large,20262020,source_model,26,final_recipe,initial,26,2.0096189432334208e-05,0.015378912861019165,full,16000,16000,250,0.0,0.01537891766664365
mobilenet_v3_large,20262020,source_model,27,final_recipe,initial,27,1.2968181353609862e-05,0.015338530694393233,full,16000,16000,250,0.0,0.015338535444397065
mobilenet_v3_large,20262020,source_model,28,final_recipe,initial,28,7.341522555726975e-06,0.015377778999973089,full,16000,16000,249,0.0,0.01537778391670953
mobilenet_v3_large,20262020,source_model,29,final_recipe,initial,29,3.277859889929149e-06,0.015406865888896087,full,16000,16000,250,0.0,0.015406870833313506
mobilenet_v3_large,20262020,source_model,30,final_recipe,initial,30,8.217156947589904e-07,0.015400676472216017,full,16000,16000,250,0.0,0.015400681333331806
mobilenet_v3_large,20262020,source_model,31,final_recipe,continuation,1,3e-05,0.015389291583301707,full,16000,16000,250,0.0,0.015389296944485978
mobilenet_v3_large,20262020,source_model,32,final_recipe,continuation,2,2.99178284305241e-05,0.01532443255561197,full,16000,16000,250,0.0,0.01532443705558156
mobilenet_v3_large,20262020,source_model,33,final_recipe,continuation,3,2.9672214011007083e-05,0.015418435222236439,full,16000,16000,250,0.0,0.015418439861128314
mobilenet_v3_large,20262020,source_model,34,final_recipe,continuation,4,2.9265847744427305e-05,0.015391269194531357,full,16000,16000,250,0.0,0.015391276583411835
mobilenet_v3_large,20262020,source_model,35,final_recipe,continuation,5,2.870318186463901e-05,0.015331756277785947,full,16000,16000,250,0.0,0.01533176074994521
mobilenet_v3_large,20262020,source_model,36,final_recipe,continuation,6,2.7990381056766583e-05,0.01533187372221922,full,16000,16000,249,0.0,0.015331878583335007
mobilenet_v3_large,20262020,source_model,37,final_recipe,continuation,7,2.7135254915624213e-05,0.015371237194501898,full,16000,16000,250,0.0,0.015371241888885076
mobilenet_v3_large,20262020,source_model,38,final_recipe,continuation,8,2.6147172382160913e-05,0.015448350111126071,full,16000,16000,250,0.0,0.015448354666586965
mobilenet_v3_large,20262020,source_model,39,final_recipe,continuation,9,2.503695909538287e-05,0.01538823622227129,full,16000,16000,250,0.0,0.015388240722240881
mobilenet_v3_large,20262020,source_model,40,final_recipe,continuation,10,2.3816778784387094e-05,0.015373178416759604,full,16000,16000,250,0.0,0.015373183416668325
mobilenet_v3_large,20262020,source_model,41,final_recipe,continuation,11,2.2499999999999998e-05,0.015582315027843126,full,16000,16000,249,0.0,0.01558231975003663
mobilenet_v3_large,20262020,source_model,42,final_recipe,continuation,12,2.1101049646137004e-05,0.015392698972201389,full,16000,16000,250,0.0,0.01539270355547261
mobilenet_v3_large,20262020,source_model,43,final_recipe,continuation,13,1.963525491562421e-05,0.015490046916658886,full,16000,16000,250,0.0,0.015490052055619243
mobilenet_v3_large,20262020,source_model,44,final_recipe,continuation,14,1.8118675362266388e-05,0.015298060805588546,full,16000,16000,250,0.0,0.015298065666704335
mobilenet_v3_large,20262020,source_model,45,final_recipe,continuation,15,1.6567926949014805e-05,0.015381799444375146,full,16000,16000,250,0.0,0.01538180408326702
mobilenet_v3_large,20262020,source_model,46,final_recipe,continuation,16,1.5000000000000005e-05,0.015314847388848042,full,16000,16000,250,0.0,0.015314852083360569
mobilenet_v3_large,20262020,source_model,47,final_recipe,continuation,17,1.3432073050985203e-05,0.015432782416723462,full,16000,16000,250,0.0,0.015432787305649577
mobilenet_v3_large,20262020,source_model,48,final_recipe,continuation,18,1.188132463773361e-05,0.015528463472146542,full,16000,16000,250,0.0,0.015528468638917225
mobilenet_v3_large,20262020,source_model,49,final_recipe,continuation,19,1.036474508437579e-05,0.01530667594452906,full,16000,16000,250,0.0,0.015306680750024195
mobilenet_v3_large,20262020,source_model,50,final_recipe,continuation,20,8.898950353862998e-06,0.015328222083238264,full,16000,16000,250,0.0,0.015328226722130137
mobilenet_v3_large,20262020,source_model,51,final_recipe,continuation,21,7.5000000000000044e-06,0.015338508333338217,full,16000,16000,250,0.0,0.01533851316664368
mobilenet_v3_large,20262020,source_model,52,final_recipe,continuation,22,6.183221215612905e-06,0.01536154624993085,full,16000,16000,250,0.0,0.015361551388891207
mobilenet_v3_large,20262020,source_model,53,final_recipe,continuation,23,4.963040904617132e-06,0.015425478361107203,full,16000,16000,250,0.0,0.015425484250040932
mobilenet_v3_large,20262020,source_model,54,final_recipe,continuation,24,3.852827617839089e-06,0.015366096666677752,full,16000,16000,250,0.0,0.015366101472302237
mobilenet_v3_large,20262020,source_model,55,final_recipe,continuation,25,2.8647450843757908e-06,0.015390208944445476,full,16000,16000,250,0.0,0.015390213472225392
mobilenet_v3_large,20262020,source_model,56,final_recipe,continuation,26,2.0096189432334203e-06,0.015341586027708319,full,16000,16000,250,0.0,0.015341590694410519
mobilenet_v3_large,20262020,source_model,57,final_recipe,continuation,27,1.2968181353609858e-06,0.015444189444468874,full,16000,16000,250,0.0,0.015444194166662378
mobilenet_v3_large,20262020,source_model,58,final_recipe,continuation,28,7.341522555726972e-07,0.015330167333336754,full,16000,16000,249,0.0,0.015330171861116671
mobilenet_v3_large,20262020,source_model,59,final_recipe,continuation,29,3.277859889929148e-07,0.015302002750104293,full,16000,16000,250,0.0,0.015302007583409754
mobilenet_v3_large,20262020,source_model,60,final_recipe,continuation,30,8.2171569475899e-08,0.015432282416667375,full,16000,16000,250,0.0,0.01543228722229186
mobilenet_v3_large,20262021,source_model,1,final_recipe,initial,1,0.0003,0.017064086277710482,full,16000,16000,250,0.0,0.017064092722203997
mobilenet_v3_large,20262021,source_model,2,final_recipe,initial,2,0.00029917828430524096,0.015471809472267827,full,16000,16000,250,0.0,0.015471815555615144
mobilenet_v3_large,20262021,source_model,3,final_recipe,initial,3,0.0002967221401100708,0.015329070722218603,full,16000,16000,250,0.0,0.015329076500040376
mobilenet_v3_large,20262021,source_model,4,final_recipe,initial,4,0.00029265847744427303,0.015355723138846871,full,16000,16000,250,0.0,0.015355728833237664
mobilenet_v3_large,20262021,source_model,5,final_recipe,initial,5,0.0002870318186463901,0.015337989416697787,full,16000,16000,250,0.0,0.015337995250010863
mobilenet_v3_large,20262021,source_model,6,final_recipe,initial,6,0.0002799038105676658,0.015344164194539189,full,16000,16000,250,0.0,0.015344169250068566
mobilenet_v3_large,20262021,source_model,7,final_recipe,initial,7,0.0002713525491562421,0.01532235097230619,full,16000,16000,250,0.0,0.0153223584999796
mobilenet_v3_large,20262021,source_model,8,final_recipe,initial,8,0.00026147172382160914,0.015329722777759243,full,16000,16000,250,0.0,0.0153297286945033
mobilenet_v3_large,20262021,source_model,9,final_recipe,initial,9,0.00025036959095382875,0.015467346750018705,full,16000,16000,250,0.0,0.015467351333289924
mobilenet_v3_large,20262021,source_model,10,final_recipe,initial,10,0.000238167787843871,0.01541080925005695,full,16000,16000,250,0.0,0.015410813944440127
mobilenet_v3_large,20262021,source_model,11,final_recipe,initial,11,0.00022500000000000002,0.015311142527757006,full,16000,16000,250,0.0,0.015311147583286382
mobilenet_v3_large,20262021,source_model,12,final_recipe,initial,12,0.0002110104964613701,0.015385154694473992,full,16000,16000,250,0.0,0.015385159499969126
mobilenet_v3_large,20262021,source_model,13,final_recipe,initial,13,0.00019635254915624216,0.01552841311113702,full,16000,16000,250,0.0,0.015528417805520197
mobilenet_v3_large,20262021,source_model,14,final_recipe,initial,14,0.00018118675362266393,0.015446416416671127,full,16000,16000,250,0.0,0.015446421055563
mobilenet_v3_large,20262021,source_model,15,final_recipe,initial,15,0.0001656792694901481,0.015393769194423739,full,16000,16000,250,0.0,0.015393773916617243
mobilenet_v3_large,20262021,source_model,16,final_recipe,initial,16,0.0001500000000000001,0.015397664027728348,full,16000,16000,250,0.0,0.015397668749921852
mobilenet_v3_large,20262021,source_model,17,final_recipe,initial,17,0.00013432073050985205,0.015458903750016665,full,16000,16000,250,0.0,0.01545890863881343
mobilenet_v3_large,20262021,source_model,18,final_recipe,initial,18,0.00011881324637733612,0.015436570999962795,full,16000,16000,250,0.0,0.015436575694345972
mobilenet_v3_large,20262021,source_model,19,final_recipe,initial,19,0.00010364745084375793,0.015454038111104941,full,16000,16000,250,0.0,0.015454042916600075
mobilenet_v3_large,20262021,source_model,20,final_recipe,initial,20,8.898950353863e-05,0.01533503997217243,full,16000,16000,250,0.0,0.015335044666684956
mobilenet_v3_large,20262021,source_model,21,final_recipe,initial,21,7.500000000000006e-05,0.015330555611160687,full,16000,16000,250,0.0,0.015330560666690063
mobilenet_v3_large,20262021,source_model,22,final_recipe,initial,22,6.183221215612908e-05,0.01550408933337571,full,16000,16000,249,0.0,0.015504094444396389
mobilenet_v3_large,20262021,source_model,23,final_recipe,initial,23,4.963040904617134e-05,0.015392597138804073,full,16000,16000,250,0.0,0.01539260244436769
mobilenet_v3_large,20262021,source_model,24,final_recipe,initial,24,3.85282761783909e-05,0.015441104555502533,full,16000,16000,250,0.0,0.015441109388807996
mobilenet_v3_large,20262021,source_model,25,final_recipe,initial,25,2.8647450843757918e-05,0.015399339749969335,full,16000,16000,250,0.0,0.015399344333240556
mobilenet_v3_large,20262021,source_model,26,final_recipe,initial,26,2.0096189432334208e-05,0.015449804638952224,full,16000,16000,250,0.0,0.01544980916673214
mobilenet_v3_large,20262021,source_model,27,final_recipe,initial,27,1.2968181353609862e-05,0.015325095722218976,full,16000,16000,250,0.0,0.015325100555653788
mobilenet_v3_large,20262021,source_model,28,final_recipe,initial,28,7.341522555726975e-06,0.015325012694423398,full,16000,16000,250,0.0,0.01532501744442723
mobilenet_v3_large,20262021,source_model,29,final_recipe,initial,29,3.277859889929149e-06,0.015367039333408078,full,16000,16000,250,0.0,0.015367043861187995
mobilenet_v3_large,20262021,source_model,30,final_recipe,initial,30,8.217156947589904e-07,0.015353973472180467,full,16000,16000,250,0.0,0.015353978472218538
mobilenet_v3_large,20262021,source_model,31,final_recipe,continuation,1,3e-05,0.015369639833354288,full,16000,16000,250,0.0,0.015369645444443449
mobilenet_v3_large,20262021,source_model,32,final_recipe,continuation,2,2.99178284305241e-05,0.01542464316667368,full,16000,16000,250,0.0,0.015424648083280772
mobilenet_v3_large,20262021,source_model,33,final_recipe,continuation,3,2.9672214011007083e-05,0.015486998861112322,full,16000,16000,250,0.0,0.01548700372222811
mobilenet_v3_large,20262021,source_model,34,final_recipe,continuation,4,2.9265847744427305e-05,0.01542120866671515,full,16000,16000,250,0.0,0.015421213444529309
mobilenet_v3_large,20262021,source_model,35,final_recipe,continuation,5,2.870318186463901e-05,0.015345651916642156,full,16000,16000,250,0.0,0.015345656499913376
mobilenet_v3_large,20262021,source_model,36,final_recipe,continuation,6,2.7990381056766583e-05,0.015311230333237391,full,16000,16000,250,0.0,0.015311234972129266
mobilenet_v3_large,20262021,source_model,37,final_recipe,continuation,7,2.7135254915624213e-05,0.015308329361076983,full,16000,16000,250,0.0,0.015308334527847668
mobilenet_v3_large,20262021,source_model,38,final_recipe,continuation,8,2.6147172382160913e-05,0.01532195219446698,full,16000,16000,250,0.0,0.015321956944470812
mobilenet_v3_large,20262021,source_model,39,final_recipe,continuation,9,2.503695909538287e-05,0.015341493694448016,full,16000,16000,249,0.0,0.015341498666675762
mobilenet_v3_large,20262021,source_model,40,final_recipe,continuation,10,2.3816778784387094e-05,0.01541362433332122,full,16000,16000,250,0.0,0.01541362944447125
mobilenet_v3_large,20262021,source_model,41,final_recipe,continuation,11,2.2499999999999998e-05,0.015402058944390673,full,16000,16000,250,0.0,0.015402063833316788
mobilenet_v3_large,20262021,source_model,42,final_recipe,continuation,12,2.1101049646137004e-05,0.015414040388875744,full,16000,16000,250,0.0,0.015414045249991532
mobilenet_v3_large,20262021,source_model,43,final_recipe,continuation,13,1.963525491562421e-05,0.015422944972136369,full,16000,16000,250,0.0,0.015422949916553788
mobilenet_v3_large,20262021,source_model,44,final_recipe,continuation,14,1.8118675362266388e-05,0.015368739027892136,full,16000,16000,250,0.0,0.015368743944499228
mobilenet_v3_large,20262021,source_model,45,final_recipe,continuation,15,1.6567926949014805e-05,0.01528777336106739,full,16000,16000,249,0.0,0.015287778527708724
mobilenet_v3_large,20262021,source_model,46,final_recipe,continuation,16,1.5000000000000005e-05,0.015341937694465742,full,16000,16000,250,0.0,0.015341942861107075
mobilenet_v3_large,20262021,source_model,47,final_recipe,continuation,17,1.3432073050985203e-05,0.015419434416754585,full,16000,16000,250,0.0,0.015419441333376907
mobilenet_v3_large,20262021,source_model,48,final_recipe,continuation,18,1.188132463773361e-05,0.015260122305480763,full,16000,16000,250,0.0,0.015260127250027532
mobilenet_v3_large,20262021,source_model,49,final_recipe,continuation,19,1.036474508437579e-05,0.015363901888874048,full,16000,16000,250,0.0,0.01536390655557625
mobilenet_v3_large,20262021,source_model,50,final_recipe,continuation,20,8.898950353862998e-06,0.015492511166699438,full,16000,16000,250,0.0,0.015492516222228813
mobilenet_v3_large,20262021,source_model,51,final_recipe,continuation,21,7.5000000000000044e-06,0.015405502444547083,full,16000,16000,250,0.0,0.015405507194550914
mobilenet_v3_large,20262021,source_model,52,final_recipe,continuation,22,6.183221215612905e-06,0.015443730861103783,full,16000,16000,250,0.0,0.015443736027745117
mobilenet_v3_large,20262021,source_model,53,final_recipe,continuation,23,4.963040904617132e-06,0.01553274002779896,full,16000,16000,249,0.0,0.015532744722311488
mobilenet_v3_large,20262021,source_model,54,final_recipe,continuation,24,3.852827617839089e-06,0.015827107916637842,full,16000,16000,250,0.0,0.015827112750072654
mobilenet_v3_large,20262021,source_model,55,final_recipe,continuation,25,2.8647450843757908e-06,0.015853066305604038,full,16000,16000,250,0.0,0.015853070944495912
mobilenet_v3_large,20262021,source_model,56,final_recipe,continuation,26,2.0096189432334203e-06,0.01584629252785817,full,16000,16000,250,0.0,0.01584629736116363
mobilenet_v3_large,20262021,source_model,57,final_recipe,continuation,27,1.2968181353609858e-06,0.015878841777771917,full,16000,16000,250,0.0,0.015878848055532822
mobilenet_v3_large,20262021,source_model,58,final_recipe,continuation,28,7.341522555726972e-07,0.01586099158338685,full,16000,16000,250,0.0,0.0158609961944684
mobilenet_v3_large,20262021,source_model,59,final_recipe,continuation,29,3.277859889929148e-07,0.015857893833373157,full,16000,16000,250,0.0,0.015857899138936773
mobilenet_v3_large,20262021,source_model,60,final_recipe,continuation,30,8.2171569475899e-08,0.015942481277743354,full,16000,16000,250,0.0,0.015942486055557512
mobilenet_v3_large,20262022,source_model,1,final_recipe,initial,1,0.0003,0.017345190472228246,full,16000,16000,250,0.0,0.017345199499977752
mobilenet_v3_large,20262022,source_model,2,final_recipe,initial,2,0.00029917828430524096,0.015948620749922055,full,16000,16000,250,0.0,0.015948626472252526
mobilenet_v3_large,20262022,source_model,3,final_recipe,initial,3,0.0002967221401100708,0.01587930877770608,full,16000,16000,250,0.0,0.015879315027786004
mobilenet_v3_large,20262022,source_model,4,final_recipe,initial,4,0.00029265847744427303,0.015850243277770158,full,16000,16000,250,0.0,0.015850249083272906
mobilenet_v3_large,20262022,source_model,5,final_recipe,initial,5,0.0002870318186463901,0.016030800027850393,full,16000,16000,250,0.0,0.016030805916654775
mobilenet_v3_large,20262022,source_model,6,final_recipe,initial,6,0.0002799038105676658,0.0158258206944447,full,16000,16000,250,0.0,0.01582582669436104
mobilenet_v3_large,20262022,source_model,7,final_recipe,initial,7,0.0002713525491562421,0.015924604722272813,full,16000,16000,250,0.0,0.01592461175000709
mobilenet_v3_large,20262022,source_model,8,final_recipe,initial,8,0.00026147172382160914,0.01582335852785036,full,16000,16000,250,0.0,0.015823365749998226
mobilenet_v3_large,20262022,source_model,9,final_recipe,initial,9,0.00025036959095382875,0.01587672738888715,full,16000,16000,250,0.0,0.015876732277813263
mobilenet_v3_large,20262022,source_model,10,final_recipe,initial,10,0.000238167787843871,0.01587262827773682,full,16000,16000,250,0.0,0.015872632972249348
mobilenet_v3_large,20262022,source_model,11,final_recipe,initial,11,0.00022500000000000002,0.015904846833372073,full,16000,16000,250,0.0,0.015904854111140593
mobilenet_v3_large,20262022,source_model,12,final_recipe,initial,12,0.0002110104964613701,0.01595397438892784,full,16000,16000,250,0.0,0.015953979388836564
mobilenet_v3_large,20262022,source_model,13,final_recipe,initial,13,0.00019635254915624216,0.015979992888945464,full,16000,16000,250,0.0,0.015979997666630275
mobilenet_v3_large,20262022,source_model,14,final_recipe,initial,14,0.00018118675362266393,0.01582755069442404,full,16000,16000,250,0.0,0.015827555500048524
mobilenet_v3_large,20262022,source_model,15,final_recipe,initial,15,0.0001656792694901481,0.015896757249979094,full,16000,16000,250,0.0,0.015896762027793252
mobilenet_v3_large,20262022,source_model,16,final_recipe,initial,16,0.0001500000000000001,0.015911141527790783,full,16000,16000,250,0.0,0.015911146611130488
mobilenet_v3_large,20262022,source_model,17,final_recipe,initial,17,0.00013432073050985205,0.015798141222266065,full,16000,16000,250,0.0,0.01579814647220903
mobilenet_v3_large,20262022,source_model,18,final_recipe,initial,18,0.00011881324637733612,0.015882137805585644,full,16000,16000,250,0.0,0.015882142583270455
mobilenet_v3_large,20262022,source_model,19,final_recipe,initial,19,0.00010364745084375793,0.01586278544441383,full,16000,16000,250,0.0,0.01586279108331332
mobilenet_v3_large,20262022,source_model,20,final_recipe,initial,20,8.898950353863e-05,0.01586049219438185,full,16000,16000,250,0.0,0.015860497055497642
mobilenet_v3_large,20262022,source_model,21,final_recipe,initial,21,7.500000000000006e-05,0.015828724888851866,full,16000,16000,250,0.0,0.015828730000001897
mobilenet_v3_large,20262022,source_model,22,final_recipe,initial,22,6.183221215612908e-05,0.01580870472218117,full,16000,16000,250,0.0,0.01580870938888337
mobilenet_v3_large,20262022,source_model,23,final_recipe,initial,23,4.963040904617134e-05,0.015927469111177036,full,16000,16000,250,0.0,0.015927473777749886
mobilenet_v3_large,20262022,source_model,24,final_recipe,initial,24,3.85282761783909e-05,0.01585503127775155,full,16000,16000,250,0.0,0.015855036805539083
mobilenet_v3_large,20262022,source_model,25,final_recipe,initial,25,2.8647450843757918e-05,0.015829275416650086,full,16000,16000,249,0.0,0.015829280444498484
mobilenet_v3_large,20262022,source_model,26,final_recipe,initial,26,2.0096189432334208e-05,0.01592731863881151,full,16000,16000,250,0.0,0.015927323611039254
mobilenet_v3_large,20262022,source_model,27,final_recipe,initial,27,1.2968181353609862e-05,0.015859178138845083,full,16000,16000,250,0.0,0.015859183027771197
mobilenet_v3_large,20262022,source_model,28,final_recipe,initial,28,7.341522555726975e-06,0.01579578166672339,full,16000,16000,250,0.0,0.015795788999983212
mobilenet_v3_large,20262022,source_model,29,final_recipe,initial,29,3.277859889929149e-06,0.015931512583305853,full,16000,16000,250,0.0,0.01593151805560208
mobilenet_v3_large,20262022,source_model,30,final_recipe,initial,30,8.217156947589904e-07,0.01579116538891362,full,16000,16000,249,0.0,0.015791170055615818
mobilenet_v3_large,20262022,source_model,31,final_recipe,continuation,1,3e-05,0.015867323527733485,full,16000,16000,250,0.0,0.015867329305555258
mobilenet_v3_large,20262022,source_model,32,final_recipe,continuation,2,2.99178284305241e-05,0.015823718166599672,full,16000,16000,250,0.0,0.01582372388880079
mobilenet_v3_large,20262022,source_model,33,final_recipe,continuation,3,2.9672214011007083e-05,0.015832222722108578,full,16000,16000,250,0.0,0.015832227611034696
mobilenet_v3_large,20262022,source_model,34,final_recipe,continuation,4,2.9265847744427305e-05,0.015844906944548712,full,16000,16000,250,0.0,0.01584491188896613
mobilenet_v3_large,20262022,source_model,35,final_recipe,continuation,5,2.870318186463901e-05,0.01603559630560792,full,16000,16000,250,0.0,0.016035600999991097
mobilenet_v3_large,20262022,source_model,36,final_recipe,continuation,6,2.7990381056766583e-05,0.01586381186110278,full,16000,16000,250,0.0,0.01586381644450335
mobilenet_v3_large,20262022,source_model,37,final_recipe,continuation,7,2.7135254915624213e-05,0.015914765583325385,full,16000,16000,250,0.0,0.015914770527742803
mobilenet_v3_large,20262022,source_model,38,final_recipe,continuation,8,2.6147172382160913e-05,0.01589708208339289,full,16000,16000,250,0.0,0.015897086861207048
mobilenet_v3_large,20262022,source_model,39,final_recipe,continuation,9,2.503695909538287e-05,0.01586015533332506,full,16000,16000,250,0.0,0.01586016027774248
mobilenet_v3_large,20262022,source_model,40,final_recipe,continuation,10,2.3816778784387094e-05,0.015876005444442853,full,16000,16000,249,0.0,0.01587601022225701
mobilenet_v3_large,20262022,source_model,41,final_recipe,continuation,11,2.2499999999999998e-05,0.015790593749972888,full,16000,16000,250,0.0,0.01579059849997672
mobilenet_v3_large,20262022,source_model,42,final_recipe,continuation,12,2.1101049646137004e-05,0.01586692133336328,full,16000,16000,250,0.0,0.015866926027746458
mobilenet_v3_large,20262022,source_model,43,final_recipe,continuation,13,1.963525491562421e-05,0.01581823983333177,full,16000,16000,250,0.0,0.015818244694447557
mobilenet_v3_large,20262022,source_model,44,final_recipe,continuation,14,1.8118675362266388e-05,0.015917069083338398,full,16000,16000,250,0.0,0.015917073749911248
mobilenet_v3_large,20262022,source_model,45,final_recipe,continuation,15,1.6567926949014805e-05,0.015923843333342423,full,16000,16000,250,0.0,0.01592384813896691
mobilenet_v3_large,20262022,source_model,46,final_recipe,continuation,16,1.5000000000000005e-05,0.01585437402775925,full,16000,16000,250,0.0,0.01585437894436634
mobilenet_v3_large,20262022,source_model,47,final_recipe,continuation,17,1.3432073050985203e-05,0.015783471472225048,full,16000,16000,250,0.0,0.015783477194426167
mobilenet_v3_large,20262022,source_model,48,final_recipe,continuation,18,1.188132463773361e-05,0.0159351482499753,full,16000,16000,250,0.0,0.01593515327769435
mobilenet_v3_large,20262022,source_model,49,final_recipe,continuation,19,1.036474508437579e-05,0.015936882694432927,full,16000,16000,250,0.0,0.01593688766666067
mobilenet_v3_large,20262022,source_model,50,final_recipe,continuation,20,8.898950353862998e-06,0.01581620655552898,full,16000,16000,250,0.0,0.01581621130553281
mobilenet_v3_large,20262022,source_model,51,final_recipe,continuation,21,7.5000000000000044e-06,0.01587157061103628,full,16000,16000,249,0.0,0.015871575222247178
mobilenet_v3_large,20262022,source_model,52,final_recipe,continuation,22,6.183221215612905e-06,0.01588529155550835,full,16000,16000,250,0.0,0.015885296416624138
mobilenet_v3_large,20262022,source_model,53,final_recipe,continuation,23,4.963040904617132e-06,0.015885308777732362,full,16000,16000,249,0.0,0.015885313416624233
mobilenet_v3_large,20262022,source_model,54,final_recipe,continuation,24,3.852827617839089e-06,0.01588203944446933,full,16000,16000,250,0.0,0.015882044305585118
mobilenet_v3_large,20262022,source_model,55,final_recipe,continuation,25,2.8647450843757908e-06,0.01584125044445197,full,16000,16000,250,0.0,0.015841255055533514
mobilenet_v3_large,20262022,source_model,56,final_recipe,continuation,26,2.0096189432334203e-06,0.015860523361091814,full,16000,16000,250,0.0,0.015860528277828256
mobilenet_v3_large,20262022,source_model,57,final_recipe,continuation,27,1.2968181353609858e-06,0.015826010250020773,full,16000,16000,250,0.0,0.015826015222248517
mobilenet_v3_large,20262022,source_model,58,final_recipe,continuation,28,7.341522555726972e-07,0.01583990444442154,full,16000,16000,250,0.0,0.015839909138804717
mobilenet_v3_large,20262022,source_model,59,final_recipe,continuation,29,3.277859889929148e-07,0.015935184027766808,full,16000,16000,250,0.0,0.0159351888888826
mobilenet_v3_large,20262022,source_model,60,final_recipe,continuation,30,8.2171569475899e-08,0.015902851222264064,full,16000,16000,250,0.0,0.01590285599994887
yolo,20262020,source_model,1,final_recipe,initial,1,"{""lr/pg0"": 0.000333, ""lr/pg1"": 0.000333, ""lr/pg2"": 0.06703300000000001}",0.027055817638886058,full,16000,16000,743,0.0,0.02732923573917813
yolo,20262020,source_model,2,final_recipe,initial,2,"{""lr/pg0"": 0.0006645264626921278, ""lr/pg1"": 0.0006645264626921278, ""lr/pg2"": 0.03403119312935879}",0.024152563750071243,full,16000,16000,416,0.0,0.024410371449258592
yolo,20262020,source_model,3,final_recipe,initial,3,"{""lr/pg0"": 0.0009888533346757793, ""lr/pg1"": 0.0009888533346757793, ""lr/pg2"": 0.0010221866680091146}",0.02372287341665166,full,16000,16000,292,0.0,0.02398205684290992
yolo,20262020,source_model,4,final_recipe,initial,4,"{""lr/pg0"": 0.000975772975566101, ""lr/pg1"": 0.000975772975566101, ""lr/pg2"": 0.000975772975566101}",0.023574750416575828,full,16000,16000,250,0.0,0.023833216163847183
yolo,20262020,source_model,5,final_recipe,initial,5,"{""lr/pg0"": 0.0009572050015330874, ""lr/pg1"": 0.0009572050015330874, ""lr/pg2"": 0.0009572050015330874}",0.023565372000060356,full,16000,16000,250,0.0,0.023829918371306526
yolo,20262020,source_model,6,final_recipe,initial,6,"{""lr/pg0"": 0.0009336825748732972, ""lr/pg1"": 0.0009336825748732972, ""lr/pg2"": 0.0009336825748732972}",0.02355452708330833,full,16000,16000,250,0.0,0.023829195896784464
yolo,20262020,source_model,7,final_recipe,initial,7,"{""lr/pg0"": 0.000905463412215599, ""lr/pg1"": 0.000905463412215599, ""lr/pg2"": 0.000905463412215599}",0.023543437527777215,full,16000,16000,250,0.0,0.023791161311997308
yolo,20262020,source_model,8,final_recipe,initial,8,"{""lr/pg0"": 0.0008728566886113102, ""lr/pg1"": 0.0008728566886113102, ""lr/pg2"": 0.0008728566886113102}",0.023550499250025798,full,16000,16000,250,0.0,0.023805783523453607
yolo,20262020,source_model,9,final_recipe,initial,9,"{""lr/pg0"": 0.0008362196501476349, ""lr/pg1"": 0.0008362196501476349, ""lr/pg2"": 0.0008362196501476349}",0.02354881349989834,full,16000,16000,250,0.0,0.023805646962589688
yolo,20262020,source_model,10,final_recipe,initial,10,"{""lr/pg0"": 0.0007959536998847743, ""lr/pg1"": 0.0007959536998847743, ""lr/pg2"": 0.0007959536998847743}",0.023591528388852666,full,16000,16000,250,0.0,0.02384856720765432
yolo,20262020,source_model,11,final_recipe,initial,11,"{""lr/pg0"": 0.0007525, ""lr/pg1"": 0.0007525, ""lr/pg2"": 0.0007525}",0.02352195672212272,full,16000,16000,250,0.0,0.02378700660334693
yolo,20262020,source_model,12,final_recipe,initial,12,"{""lr/pg0"": 0.0007063346383225212, ""lr/pg1"": 0.0007063346383225212, ""lr/pg2"": 0.0007063346383225212}",0.023592558888873707,full,16000,16000,250,0.0,0.023862443698777092
yolo,20262020,source_model,13,final_recipe,initial,13,"{""lr/pg0"": 0.0006579634122155991, ""lr/pg1"": 0.0006579634122155991, ""lr/pg2"": 0.0006579634122155991}",0.023614673055579058,full,16000,16000,249,0.0,0.02389890730381012
yolo,20262020,source_model,14,final_recipe,initial,14,"{""lr/pg0"": 0.0006079162869547908, ""lr/pg1"": 0.0006079162869547908, ""lr/pg2"": 0.0006079162869547908}",0.023627725694483768,full,16000,16000,250,0.0,0.023877388834953307
yolo,20262020,source_model,15,final_recipe,initial,15,"{""lr/pg0"": 0.0005567415893174885, ""lr/pg1"": 0.0005567415893174885, ""lr/pg2"": 0.0005567415893174885}",0.023947114277786265,full,16000,16000,250,0.0,0.024209900630844963
yolo,20262020,source_model,16,final_recipe,initial,16,"{""lr/pg0"": 0.0005050000000000001, ""lr/pg1"": 0.0005050000000000001, ""lr/pg2"": 0.0005050000000000001}",0.023620676833282537,full,16000,16000,250,0.0,0.0238881825738483
yolo,20262020,source_model,17,final_recipe,initial,17,"{""lr/pg0"": 0.0004532584106825116, ""lr/pg1"": 0.0004532584106825116, ""lr/pg2"": 0.0004532584106825116}",0.023696297833359695,full,16000,16000,250,0.0,0.02451330178313785
yolo,20262020,source_model,18,final_recipe,initial,18,"{""lr/pg0"": 0.00040208371304520905, ""lr/pg1"": 0.00040208371304520905, ""lr/pg2"": 0.00040208371304520905}",0.02369622008331741,full,16000,16000,250,0.0,0.023951322833697
yolo,20262020,source_model,19,final_recipe,initial,19,"{""lr/pg0"": 0.0003520365877844011, ""lr/pg1"": 0.0003520365877844011, ""lr/pg2"": 0.0003520365877844011}",0.023650318472258125,full,16000,16000,250,0.0,0.023906155228614806
yolo,20262020,source_model,20,final_recipe,initial,20,"{""lr/pg0"": 0.00030366536167747893, ""lr/pg1"": 0.00030366536167747893, ""lr/pg2"": 0.00030366536167747893}",0.023224423777751833,full,16000,16000,250,0.0,0.023475445442729528
yolo,20262020,source_model,21,final_recipe,initial,21,"{""lr/pg0"": 0.0002575000000000001, ""lr/pg1"": 0.0002575000000000001, ""lr/pg2"": 0.0002575000000000001}",0.02354015055552332,full,16000,16000,250,0.0,0.023793039785491094
yolo,20262020,source_model,22,final_recipe,initial,22,"{""lr/pg0"": 0.00021404630011522595, ""lr/pg1"": 0.00021404630011522595, ""lr/pg2"": 0.00021404630011522595}",0.022648230861070463,full,16000,16000,250,0.0,0.022893486155403986
yolo,20262020,source_model,23,final_recipe,initial,23,"{""lr/pg0"": 0.00017378034985236535, ""lr/pg1"": 0.00017378034985236535, ""lr/pg2"": 0.00017378034985236535}",0.022047001055648757,full,16000,16000,250,0.0,0.022293133139610292
yolo,20262020,source_model,24,final_recipe,initial,24,"{""lr/pg0"": 0.00013714331138868995, ""lr/pg1"": 0.00013714331138868995, ""lr/pg2"": 0.00013714331138868995}",0.02205976697215293,full,16000,16000,250,0.0,0.02230911956893073
yolo,20262020,source_model,25,final_recipe,initial,25,"{""lr/pg0"": 0.000104536587784401, ""lr/pg1"": 0.000104536587784401, ""lr/pg2"": 0.000104536587784401}",0.022046522305528116,full,16000,16000,250,0.0,0.02229960004488627
yolo,20262020,source_model,26,final_recipe,initial,26,"{""lr/pg0"": 7.631742512670281e-05, ""lr/pg1"": 7.631742512670281e-05, ""lr/pg2"": 7.631742512670281e-05}",0.022046651805544066,full,16000,16000,250,0.0,0.02230648060639699
yolo,20262020,source_model,27,final_recipe,initial,27,"{""lr/pg0"": 5.279499846691249e-05, ""lr/pg1"": 5.279499846691249e-05, ""lr/pg2"": 5.279499846691249e-05}",0.022043930027866736,full,16000,16000,250,0.0,0.02229684352874756
yolo,20262020,source_model,28,final_recipe,initial,28,"{""lr/pg0"": 3.422702443389891e-05, ""lr/pg1"": 3.422702443389891e-05, ""lr/pg2"": 3.422702443389891e-05}",0.022038174972274446,full,16000,16000,250,0.0,0.02229376236597697
yolo,20262020,source_model,29,final_recipe,initial,29,"{""lr/pg0"": 2.0816937636766175e-05, ""lr/pg1"": 2.0816937636766175e-05, ""lr/pg2"": 2.0816937636766175e-05}",0.022015621638856828,full,16000,16000,250,0.0,0.022269811828931174
yolo,20262020,source_model,30,final_recipe,initial,30,"{""lr/pg0"": 1.2711661792704665e-05, ""lr/pg1"": 1.2711661792704665e-05, ""lr/pg2"": 1.2711661792704665e-05}",0.022033065472108624,full,16000,16000,250,0.0,0.022223914596769544
yolo,20262020,source_model,31,final_recipe,continuation,1,"{""lr/pg0"": 1e-05, ""lr/pg1"": 1e-05, ""lr/pg2"": 1e-05}",0.02391633336108902,full,16000,16000,250,0.0,0.024188439779811437
yolo,20262020,source_model,32,final_recipe,continuation,2,"{""lr/pg0"": 9.779754323328192e-06, ""lr/pg1"": 9.779754323328192e-06, ""lr/pg2"": 9.779754323328192e-06}",0.022076195638963125,full,16000,16000,250,0.0,0.022377838161256578
yolo,20262020,source_model,33,final_recipe,continuation,3,"{""lr/pg0"": 9.140576474687263e-06, ""lr/pg1"": 9.140576474687263e-06, ""lr/pg2"": 9.140576474687263e-06}",0.022060593833319014,full,16000,16000,250,0.0,0.022311782240867616
yolo,20262020,source_model,34,final_recipe,continuation,4,"{""lr/pg0"": 8.14503363531613e-06, ""lr/pg1"": 8.14503363531613e-06, ""lr/pg2"": 8.14503363531613e-06}",0.022048958333390246,full,16000,16000,249,0.0,0.022304892672432793
yolo,20262020,source_model,35,final_recipe,continuation,5,"{""lr/pg0"": 6.890576474687264e-06, ""lr/pg1"": 6.890576474687264e-06, ""lr/pg2"": 6.890576474687264e-06}",0.022120858277711604,full,16000,16000,250,0.0,0.022884695794847275
yolo,20262020,source_model,36,final_recipe,continuation,6,"{""lr/pg0"": 5.500000000000001e-06, ""lr/pg1"": 5.500000000000001e-06, ""lr/pg2"": 5.500000000000001e-06}",0.02208934941665373,full,16000,16000,250,0.0,0.022340394192271764
yolo,20262020,source_model,37,final_recipe,continuation,7,"{""lr/pg0"": 4.109423525312738e-06, ""lr/pg1"": 4.109423525312738e-06, ""lr/pg2"": 4.109423525312738e-06}",0.022127557722204882,full,16000,16000,250,0.0,0.02237939569685194
yolo,20262020,source_model,38,final_recipe,continuation,8,"{""lr/pg0"": 2.854966364683872e-06, ""lr/pg1"": 2.854966364683872e-06, ""lr/pg2"": 2.854966364683872e-06}",0.022076401499927872,full,16000,16000,250,0.0,0.02233125607172648
yolo,20262020,source_model,39,final_recipe,continuation,9,"{""lr/pg0"": 1.8594235253127373e-06, ""lr/pg1"": 1.8594235253127373e-06, ""lr/pg2"": 1.8594235253127373e-06}",0.022096644055563955,full,16000,16000,250,0.0,0.022345623638894824
yolo,20262020,source_model,40,final_recipe,continuation,10,"{""lr/pg0"": 1.2202456766718092e-06, ""lr/pg1"": 1.2202456766718092e-06, ""lr/pg2"": 1.2202456766718092e-06}",0.02205716672224096,full,16000,16000,250,0.0,0.022375712858306036
yolo,20262021,source_model,1,final_recipe,initial,1,"{""lr/pg0"": 0.000333, ""lr/pg1"": 0.000333, ""lr/pg2"": 0.06703300000000001}",0.025533620388790344,full,16000,16000,742,0.0,0.025799083643489415
yolo,20262021,source_model,2,final_recipe,initial,2,"{""lr/pg0"": 0.0006645264626921278, ""lr/pg1"": 0.0006645264626921278, ""lr/pg2"": 0.03403119312935879}",0.022657280888848212,full,16000,16000,416,0.0,0.02290657036834293
yolo,20262021,source_model,3,final_recipe,initial,3,"{""lr/pg0"": 0.0009888533346757793, ""lr/pg1"": 0.0009888533346757793, ""lr/pg2"": 0.0010221866680091146}",0.02220201988885593,full,16000,16000,292,0.0,0.02246187110741933
yolo,20262021,source_model,4,final_recipe,initial,4,"{""lr/pg0"": 0.000975772975566101, ""lr/pg1"": 0.000975772975566101, ""lr/pg2"": 0.000975772975566101}",0.02208740511107155,full,16000,16000,250,0.0,0.022335411045286392
yolo,20262021,source_model,5,final_recipe,initial,5,"{""lr/pg0"": 0.0009572050015330874, ""lr/pg1"": 0.0009572050015330874, ""lr/pg2"": 0.0009572050015330874}",0.02209692119452585,full,16000,16000,250,0.0,0.02235227949089474
yolo,20262021,source_model,6,final_recipe,initial,6,"{""lr/pg0"": 0.0009336825748732972, ""lr/pg1"": 0.0009336825748732972, ""lr/pg2"": 0.0009336825748732972}",0.02211945475001509,full,16000,16000,250,0.0,0.022378409571117825
yolo,20262021,source_model,7,final_recipe,initial,7,"{""lr/pg0"": 0.000905463412215599, ""lr/pg1"": 0.000905463412215599, ""lr/pg2"": 0.000905463412215599}",0.02221318241674453,full,16000,16000,250,0.0,0.022459812429216172
yolo,20262021,source_model,8,final_recipe,initial,8,"{""lr/pg0"": 0.0008728566886113102, ""lr/pg1"": 0.0008728566886113102, ""lr/pg2"": 0.0008728566886113102}",0.02207525486113607,full,16000,16000,250,0.0,0.022328024771478442
yolo,20262021,source_model,9,final_recipe,initial,9,"{""lr/pg0"": 0.0008362196501476349, ""lr/pg1"": 0.0008362196501476349, ""lr/pg2"": 0.0008362196501476349}",0.022202081861129652,full,16000,16000,250,0.0,0.022463274068302577
yolo,20262021,source_model,10,final_recipe,initial,10,"{""lr/pg0"": 0.0007959536998847743, ""lr/pg1"": 0.0007959536998847743, ""lr/pg2"": 0.0007959536998847743}",0.022163362444456047,full,16000,16000,250,0.0,0.022404980460802713
yolo,20262021,source_model,11,final_recipe,initial,11,"{""lr/pg0"": 0.0007525, ""lr/pg1"": 0.0007525, ""lr/pg2"": 0.0007525}",0.022041233888853134,full,16000,16000,250,0.0,0.022287912037637497
yolo,20262021,source_model,12,final_recipe,initial,12,"{""lr/pg0"": 0.0007063346383225212, ""lr/pg1"": 0.0007063346383225212, ""lr/pg2"": 0.0007063346383225212}",0.022026747222213695,full,16000,16000,250,0.0,0.022264747420946758
yolo,20262021,source_model,13,final_recipe,initial,13,"{""lr/pg0"": 0.0006579634122155991, ""lr/pg1"": 0.0006579634122155991, ""lr/pg2"": 0.0006579634122155991}",0.021990478000112085,full,16000,16000,250,0.0,0.02223129921489292
yolo,20262021,source_model,14,final_recipe,initial,14,"{""lr/pg0"": 0.0006079162869547908, ""lr/pg1"": 0.0006079162869547908, ""lr/pg2"": 0.0006079162869547908}",0.022031639138909265,full,16000,16000,250,0.0,0.02228817323843638
yolo,20262021,source_model,15,final_recipe,initial,15,"{""lr/pg0"": 0.0005567415893174885, ""lr/pg1"": 0.0005567415893174885, ""lr/pg2"": 0.0005567415893174885}",0.022009388083307487,full,16000,16000,250,0.0,0.022261376314693028
yolo,20262021,source_model,16,final_recipe,initial,16,"{""lr/pg0"": 0.0005050000000000001, ""lr/pg1"": 0.0005050000000000001, ""lr/pg2"": 0.0005050000000000001}",0.022078786249945147,full,16000,16000,250,0.0,0.022319077452023824
yolo,20262021,source_model,17,final_recipe,initial,17,"{""lr/pg0"": 0.0004532584106825116, ""lr/pg1"": 0.0004532584106825116, ""lr/pg2"": 0.0004532584106825116}",0.022035992222243093,full,16000,16000,250,0.0,0.02228762659761641
yolo,20262021,source_model,18,final_recipe,initial,18,"{""lr/pg0"": 0.00040208371304520905, ""lr/pg1"": 0.00040208371304520905, ""lr/pg2"": 0.00040208371304520905}",0.022055338194542046,full,16000,16000,249,0.0,0.022304882340961032
yolo,20262021,source_model,19,final_recipe,initial,19,"{""lr/pg0"": 0.0003520365877844011, ""lr/pg1"": 0.0003520365877844011, ""lr/pg2"": 0.0003520365877844011}",0.02197863030557831,full,16000,16000,250,0.0,0.022224244872728983
yolo,20262021,source_model,20,final_recipe,initial,20,"{""lr/pg0"": 0.00030366536167747893, ""lr/pg1"": 0.00030366536167747893, ""lr/pg2"": 0.00030366536167747893}",0.02204545352776121,full,16000,16000,250,0.0,0.022289920250574746
yolo,20262021,source_model,21,final_recipe,initial,21,"{""lr/pg0"": 0.0002575000000000001, ""lr/pg1"": 0.0002575000000000001, ""lr/pg2"": 0.0002575000000000001}",0.02206914627769341,full,16000,16000,250,0.0,0.02232627676592933
yolo,20262021,source_model,22,final_recipe,initial,22,"{""lr/pg0"": 0.00021404630011522595, ""lr/pg1"": 0.00021404630011522595, ""lr/pg2"": 0.00021404630011522595}",0.022070462555469326,full,16000,16000,250,0.0,0.022322692208819918
yolo,20262021,source_model,23,final_recipe,initial,23,"{""lr/pg0"": 0.00017378034985236535, ""lr/pg1"": 0.00017378034985236535, ""lr/pg2"": 0.00017378034985236535}",0.022081383055515793,full,16000,16000,250,0.0,0.022328005764219495
yolo,20262021,source_model,24,final_recipe,initial,24,"{""lr/pg0"": 0.00013714331138868995, ""lr/pg1"": 0.00013714331138868995, ""lr/pg2"": 0.00013714331138868995}",0.02199701758334413,full,16000,16000,250,0.0,0.02224446819888221
yolo,20262021,source_model,25,final_recipe,initial,25,"{""lr/pg0"": 0.000104536587784401, ""lr/pg1"": 0.000104536587784401, ""lr/pg2"": 0.000104536587784401}",0.02198944366666385,full,16000,16000,250,0.0,0.02223697947131263
yolo,20262021,source_model,26,final_recipe,initial,26,"{""lr/pg0"": 7.631742512670281e-05, ""lr/pg1"": 7.631742512670281e-05, ""lr/pg2"": 7.631742512670281e-05}",0.02196542475010372,full,16000,16000,250,0.0,0.022208511895603605
yolo,20262021,source_model,27,final_recipe,initial,27,"{""lr/pg0"": 5.279499846691249e-05, ""lr/pg1"": 5.279499846691249e-05, ""lr/pg2"": 5.279499846691249e-05}",0.022029387472171542,full,16000,16000,250,0.0,0.022282838026682537
yolo,20262021,source_model,28,final_recipe,initial,28,"{""lr/pg0"": 3.422702443389891e-05, ""lr/pg1"": 3.422702443389891e-05, ""lr/pg2"": 3.422702443389891e-05}",0.021998077638887076,full,16000,16000,250,0.0,0.022243084377712673
yolo,20262021,source_model,29,final_recipe,initial,29,"{""lr/pg0"": 2.0816937636766175e-05, ""lr/pg1"": 2.0816937636766175e-05, ""lr/pg2"": 2.0816937636766175e-05}",0.022018978972272535,full,16000,16000,250,0.0,0.02232469095124139
yolo,20262021,source_model,30,final_recipe,initial,30,"{""lr/pg0"": 1.2711661792704665e-05, ""lr/pg1"": 1.2711661792704665e-05, ""lr/pg2"": 1.2711661792704665e-05}",0.02197503680557323,full,16000,16000,250,0.0,0.02216729720433553
yolo,20262021,source_model,31,final_recipe,continuation,1,"{""lr/pg0"": 1e-05, ""lr/pg1"": 1e-05, ""lr/pg2"": 1e-05}",0.023915855888820562,full,16000,16000,250,0.0,0.024198248320155675
yolo,20262021,source_model,32,final_recipe,continuation,2,"{""lr/pg0"": 9.779754323328192e-06, ""lr/pg1"": 9.779754323328192e-06, ""lr/pg2"": 9.779754323328192e-06}",0.022174849944422023,full,16000,16000,250,0.0,0.022481783164872062
yolo,20262021,source_model,33,final_recipe,continuation,3,"{""lr/pg0"": 9.140576474687263e-06, ""lr/pg1"": 9.140576474687263e-06, ""lr/pg2"": 9.140576474687263e-06}",0.02206388277777781,full,16000,16000,250,0.0,0.02232749707169003
yolo,20262021,source_model,34,final_recipe,continuation,4,"{""lr/pg0"": 8.14503363531613e-06, ""lr/pg1"": 8.14503363531613e-06, ""lr/pg2"": 8.14503363531613e-06}",0.02207764277777945,full,16000,16000,250,0.0,0.0223459388812383
yolo,20262021,source_model,35,final_recipe,continuation,5,"{""lr/pg0"": 6.890576474687264e-06, ""lr/pg1"": 6.890576474687264e-06, ""lr/pg2"": 6.890576474687264e-06}",0.022121334083430054,full,16000,16000,249,0.0,0.022365466356277466
yolo,20262021,source_model,36,final_recipe,continuation,6,"{""lr/pg0"": 5.500000000000001e-06, ""lr/pg1"": 5.500000000000001e-06, ""lr/pg2"": 5.500000000000001e-06}",0.02208344744453724,full,16000,16000,250,0.0,0.022332015633583068
yolo,20262021,source_model,37,final_recipe,continuation,7,"{""lr/pg0"": 4.109423525312738e-06, ""lr/pg1"": 4.109423525312738e-06, ""lr/pg2"": 4.109423525312738e-06}",0.022111351860997577,full,16000,16000,250,0.0,0.022357760469118755
yolo,20262021,source_model,38,final_recipe,continuation,8,"{""lr/pg0"": 2.854966364683872e-06, ""lr/pg1"": 2.854966364683872e-06, ""lr/pg2"": 2.854966364683872e-06}",0.022049559333309945,full,16000,16000,250,0.0,0.022300350798500908
yolo,20262021,source_model,39,final_recipe,continuation,9,"{""lr/pg0"": 1.8594235253127373e-06, ""lr/pg1"": 1.8594235253127373e-06, ""lr/pg2"": 1.8594235253127373e-06}",0.022092623888877116,full,16000,16000,250,0.0,0.022341975967089336
yolo,20262021,source_model,40,final_recipe,continuation,10,"{""lr/pg0"": 1.2202456766718092e-06, ""lr/pg1"": 1.2202456766718092e-06, ""lr/pg2"": 1.2202456766718092e-06}",0.022047628361162627,full,16000,16000,250,0.0,0.022349760399924385
yolo,20262022,source_model,1,final_recipe,initial,1,"{""lr/pg0"": 0.000333, ""lr/pg1"": 0.000333, ""lr/pg2"": 0.06703300000000001}",0.02547689963882375,full,16000,16000,743,0.0,0.025718015564812555
yolo,20262022,source_model,2,final_recipe,initial,2,"{""lr/pg0"": 0.0006645264626921278, ""lr/pg1"": 0.0006645264626921278, ""lr/pg2"": 0.03403119312935879}",0.02255491947224881,full,16000,16000,416,0.0,0.02281399620903863
yolo,20262022,source_model,3,final_recipe,initial,3,"{""lr/pg0"": 0.0009888533346757793, ""lr/pg1"": 0.0009888533346757793, ""lr/pg2"": 0.0010221866680091146}",0.022132960888815837,full,16000,16000,292,0.0,0.02238175458378262
yolo,20262022,source_model,4,final_recipe,initial,4,"{""lr/pg0"": 0.000975772975566101, ""lr/pg1"": 0.000975772975566101, ""lr/pg2"": 0.000975772975566101}",0.02201055227778852,full,16000,16000,250,0.0,0.022259419759114583
yolo,20262022,source_model,5,final_recipe,initial,5,"{""lr/pg0"": 0.0009572050015330874, ""lr/pg1"": 0.0009572050015330874, ""lr/pg2"": 0.0009572050015330874}",0.02201249052770436,full,16000,16000,250,0.0,0.02226097762584686
yolo,20262022,source_model,6,final_recipe,initial,6,"{""lr/pg0"": 0.0009336825748732972, ""lr/pg1"": 0.0009336825748732972, ""lr/pg2"": 0.0009336825748732972}",0.022006701111095026,full,16000,16000,250,0.0,0.022253555920388964
yolo,20262022,source_model,7,final_recipe,initial,7,"{""lr/pg0"": 0.000905463412215599, ""lr/pg1"": 0.000905463412215599, ""lr/pg2"": 0.000905463412215599}",0.02200133230563046,full,16000,16000,250,0.0,0.02224675522910224
yolo,20262022,source_model,8,final_recipe,initial,8,"{""lr/pg0"": 0.0008728566886113102, ""lr/pg1"": 0.0008728566886113102, ""lr/pg2"": 0.0008728566886113102}",0.02203575238882978,full,16000,16000,250,0.0,0.022289728654755488
yolo,20262022,source_model,9,final_recipe,initial,9,"{""lr/pg0"": 0.0008362196501476349, ""lr/pg1"": 0.0008362196501476349, ""lr/pg2"": 0.0008362196501476349}",0.02200833141661456,full,16000,16000,250,0.0,0.02225484722190433
yolo,20262022,source_model,10,final_recipe,initial,10,"{""lr/pg0"": 0.0007959536998847743, ""lr/pg1"": 0.0007959536998847743, ""lr/pg2"": 0.0007959536998847743}",0.02200609177777854,full,16000,16000,250,0.0,0.022258441779348586
yolo,20262022,source_model,11,final_recipe,initial,11,"{""lr/pg0"": 0.0007525, ""lr/pg1"": 0.0007525, ""lr/pg2"": 0.0007525}",0.02199689986106629,full,16000,16000,250,0.0,0.02224371353785197
yolo,20262022,source_model,12,final_recipe,initial,12,"{""lr/pg0"": 0.0007063346383225212, ""lr/pg1"": 0.0007063346383225212, ""lr/pg2"": 0.0007063346383225212}",0.022001208166669433,full,16000,16000,250,0.0,0.022244977023866443
yolo,20262022,source_model,13,final_recipe,initial,13,"{""lr/pg0"": 0.0006579634122155991, ""lr/pg1"": 0.0006579634122155991, ""lr/pg2"": 0.0006579634122155991}",0.022000728333239548,full,16000,16000,250,0.0,0.022252690858311122
yolo,20262022,source_model,14,final_recipe,initial,14,"{""lr/pg0"": 0.0006079162869547908, ""lr/pg1"": 0.0006079162869547908, ""lr/pg2"": 0.0006079162869547908}",0.021997999083380113,full,16000,16000,250,0.0,0.022259582413567437
yolo,20262022,source_model,15,final_recipe,initial,15,"{""lr/pg0"": 0.0005567415893174885, ""lr/pg1"": 0.0005567415893174885, ""lr/pg2"": 0.0005567415893174885}",0.022093786555601076,full,16000,16000,250,0.0,0.022346750232908462
yolo,20262022,source_model,16,final_recipe,initial,16,"{""lr/pg0"": 0.0005050000000000001, ""lr/pg1"": 0.0005050000000000001, ""lr/pg2"": 0.0005050000000000001}",0.022011143361063055,full,16000,16000,250,0.0,0.02227227290471395
yolo,20262022,source_model,17,final_recipe,initial,17,"{""lr/pg0"": 0.0004532584106825116, ""lr/pg1"": 0.0004532584106825116, ""lr/pg2"": 0.0004532584106825116}",0.021997216722229495,full,16000,16000,250,0.0,0.02224786063035329
yolo,20262022,source_model,18,final_recipe,initial,18,"{""lr/pg0"": 0.00040208371304520905, ""lr/pg1"": 0.00040208371304520905, ""lr/pg2"": 0.00040208371304520905}",0.022032971916746143,full,16000,16000,250,0.0,0.022279553214708963
yolo,20262022,source_model,19,final_recipe,initial,19,"{""lr/pg0"": 0.0003520365877844011, ""lr/pg1"": 0.0003520365877844011, ""lr/pg2"": 0.0003520365877844011}",0.02202645661102401,full,16000,16000,250,0.0,0.022275569438934325
yolo,20262022,source_model,20,final_recipe,initial,20,"{""lr/pg0"": 0.00030366536167747893, ""lr/pg1"": 0.00030366536167747893, ""lr/pg2"": 0.00030366536167747893}",0.022068235499965443,full,16000,16000,250,0.0,0.02231820053524441
yolo,20262022,source_model,21,final_recipe,initial,21,"{""lr/pg0"": 0.0002575000000000001, ""lr/pg1"": 0.0002575000000000001, ""lr/pg2"": 0.0002575000000000001}",0.02205159049998555,full,16000,16000,250,0.0,0.02230714281400045
yolo,20262022,source_model,22,final_recipe,initial,22,"{""lr/pg0"": 0.00021404630011522595, ""lr/pg1"": 0.00021404630011522595, ""lr/pg2"": 0.00021404630011522595}",0.02203348011114738,full,16000,16000,249,0.0,0.022292253507508172
yolo,20262022,source_model,23,final_recipe,initial,23,"{""lr/pg0"": 0.00017378034985236535, ""lr/pg1"": 0.00017378034985236535, ""lr/pg2"": 0.00017378034985236535}",0.022093504805557638,full,16000,16000,250,0.0,0.022341682778464423
yolo,20262022,source_model,24,final_recipe,initial,24,"{""lr/pg0"": 0.00013714331138868995, ""lr/pg1"": 0.00013714331138868995, ""lr/pg2"": 0.00013714331138868995}",0.022059664722247463,full,16000,16000,250,0.0,0.022312770353423224
yolo,20262022,source_model,25,final_recipe,initial,25,"{""lr/pg0"": 0.000104536587784401, ""lr/pg1"": 0.000104536587784401, ""lr/pg2"": 0.000104536587784401}",0.022072759555497517,full,16000,16000,249,0.0,0.02232766807079315
yolo,20262022,source_model,26,final_recipe,initial,26,"{""lr/pg0"": 7.631742512670281e-05, ""lr/pg1"": 7.631742512670281e-05, ""lr/pg2"": 7.631742512670281e-05}",0.022020775861003334,full,16000,16000,250,0.0,0.02227452728483412
yolo,20262022,source_model,27,final_recipe,initial,27,"{""lr/pg0"": 5.279499846691249e-05, ""lr/pg1"": 5.279499846691249e-05, ""lr/pg2"": 5.279499846691249e-05}",0.022045485611177154,full,16000,16000,250,0.0,0.022299701306555005
yolo,20262022,source_model,28,final_recipe,initial,28,"{""lr/pg0"": 3.422702443389891e-05, ""lr/pg1"": 3.422702443389891e-05, ""lr/pg2"": 3.422702443389891e-05}",0.022070083583368816,full,16000,16000,250,0.0,0.022315602832370333
yolo,20262022,source_model,29,final_recipe,initial,29,"{""lr/pg0"": 2.0816937636766175e-05, ""lr/pg1"": 2.0816937636766175e-05, ""lr/pg2"": 2.0816937636766175e-05}",0.02204697058329152,full,16000,16000,250,0.0,0.022320997251404656
yolo,20262022,source_model,30,final_recipe,initial,30,"{""lr/pg0"": 1.2711661792704665e-05, ""lr/pg1"": 1.2711661792704665e-05, ""lr/pg2"": 1.2711661792704665e-05}",0.022106532972150792,full,16000,16000,250,0.0,0.022463729050424364
yolo,20262022,source_model,31,final_recipe,continuation,1,"{""lr/pg0"": 1e-05, ""lr/pg1"": 1e-05, ""lr/pg2"": 1e-05}",0.022066433639006896,full,16000,16000,250,0.0,0.02232274572054545
yolo,20262022,source_model,32,final_recipe,continuation,2,"{""lr/pg0"": 9.779754323328192e-06, ""lr/pg1"": 9.779754323328192e-06, ""lr/pg2"": 9.779754323328192e-06}",0.0220560059722306,full,16000,16000,249,0.0,0.02230801886982388
yolo,20262022,source_model,33,final_recipe,continuation,3,"{""lr/pg0"": 9.140576474687263e-06, ""lr/pg1"": 9.140576474687263e-06, ""lr/pg2"": 9.140576474687263e-06}",0.02205272711114958,full,16000,16000,250,0.0,0.022298772401279872
yolo,20262022,source_model,34,final_recipe,continuation,4,"{""lr/pg0"": 8.14503363531613e-06, ""lr/pg1"": 8.14503363531613e-06, ""lr/pg2"": 8.14503363531613e-06}",0.022079233416718327,full,16000,16000,250,0.0,0.022329065534803603
yolo,20262022,source_model,35,final_recipe,continuation,5,"{""lr/pg0"": 6.890576474687264e-06, ""lr/pg1"": 6.890576474687264e-06, ""lr/pg2"": 6.890576474687264e-06}",0.022057066027773544,full,16000,16000,250,0.0,0.022307881977823046
yolo,20262022,source_model,36,final_recipe,continuation,6,"{""lr/pg0"": 5.500000000000001e-06, ""lr/pg1"": 5.500000000000001e-06, ""lr/pg2"": 5.500000000000001e-06}",0.02204220963887767,full,16000,16000,250,0.0,0.022292603916592067
yolo,20262022,source_model,37,final_recipe,continuation,7,"{""lr/pg0"": 4.109423525312738e-06, ""lr/pg1"": 4.109423525312738e-06, ""lr/pg2"": 4.109423525312738e-06}",0.022053908694457884,full,16000,16000,250,0.0,0.022304755250612894
yolo,20262022,source_model,38,final_recipe,continuation,8,"{""lr/pg0"": 2.854966364683872e-06, ""lr/pg1"": 2.854966364683872e-06, ""lr/pg2"": 2.854966364683872e-06}",0.02207931952783838,full,16000,16000,250,0.0,0.02232725295755598
yolo,20262022,source_model,39,final_recipe,continuation,9,"{""lr/pg0"": 1.8594235253127373e-06, ""lr/pg1"": 1.8594235253127373e-06, ""lr/pg2"": 1.8594235253127373e-06}",0.022045268583266685,full,16000,16000,249,0.0,0.022302937110265098
yolo,20262022,source_model,40,final_recipe,continuation,10,"{""lr/pg0"": 1.2202456766718092e-06, ""lr/pg1"": 1.2202456766718092e-06, ""lr/pg2"": 1.2202456766718092e-06}",0.022060150750007272,full,16000,16000,250,0.0,0.02237594809797075
deeplab,20262020,source_model,1,final_recipe,,,0.0003,0.08574674680544478,full,16000,16000,2000,0.0,0.08574675316663666
deeplab,20262020,source_model,2,final_recipe,,,0.0002982455885348071,0.08325442363896096,full,16000,16000,1999,0.0,0.08325442888890393
deeplab,20262020,source_model,3,final_recipe,,,0.0002930255535720594,0.08322870525001135,full,16000,16000,2000,0.0,0.08322871024992007
deeplab,20262020,source_model,4,final_recipe,,,0.0002844684296968424,0.08316536141675897,full,16000,16000,2000,0.0,0.08316536758340792
deeplab,20262020,source_model,5,final_recipe,,,0.00027278492169843,0.08330978224998237,full,16000,16000,2000,0.0,0.08330978750005467
deeplab,20262020,source_model,6,final_recipe,,,0.00025826271631908303,0.08324877802774103,full,16000,16000,1999,0.0,0.0832487844721052
deeplab,20262020,source_model,7,final_recipe,,,0.00024125939845167748,0.08320228041667077,full,16000,16000,1998,0.0,0.08320228958334257
deeplab,20262020,source_model,8,final_recipe,,,0.00022219364621288548,0.08314646311104297,full,16000,16000,2000,0.0,0.08314646824987398
deeplab,20262020,source_model,9,final_recipe,,,0.0002015349216984301,0.08314692611107603,full,16000,16000,1999,0.0,0.08314693055555432
deeplab,20262020,source_model,10,final_recipe,,,0.00017979191126823302,0.0832384748888823,full,16000,16000,1998,0.0,0.08323847952777416
deeplab,20262020,source_model,11,final_recipe,,,0.0001575000000000001,0.08336600133334286,full,16000,16000,2000,0.0,0.08336600597223474
deeplab,20262020,source_model,12,final_recipe,,,0.0001352080887317672,0.08338044333336357,full,16000,16000,2000,0.0,0.08338044769454023
deeplab,20262020,source_model,13,final_recipe,,,0.00011346507830157006,0.08321421477788439,full,16000,16000,1999,0.0,0.08321421894451811
deeplab,20262020,source_model,14,final_recipe,,,9.280635378711463e-05,0.08339126694443015,full,16000,16000,1999,0.0,0.08339127166662365
deeplab,20262020,source_model,15,final_recipe,,,7.374060154832262e-05,0.08324785319441516,full,16000,16000,2000,0.0,0.08324785777768638
deeplab,20262020,source_model,16,final_recipe,,,5.6737283680917e-05,0.08324406086105025,full,16000,16000,1999,0.0,0.08324406558324376
deeplab,20262020,source_model,17,final_recipe,,,4.221507830157001e-05,0.08316785833345623,full,16000,16000,2000,0.0,0.08316786288891712
deeplab,20262020,source_model,18,final_recipe,,,3.0531570303157593e-05,0.08337795388897777,full,16000,16000,1999,0.0,0.08337795805561149
deeplab,20262020,source_model,19,final_recipe,,,2.197444642794062e-05,0.08337773194433086,full,16000,16000,2000,0.0,0.08337773605547327
deeplab,20262020,source_model,20,final_recipe,,,1.6754411465192883e-05,0.08337604238884523,full,16000,16000,1999,0.0,0.0833760468055132
deeplab,20262021,source_model,1,final_recipe,,,0.0003,0.08568955380560106,full,16000,16000,2000,0.0,0.08568955933338859
deeplab,20262021,source_model,2,final_recipe,,,0.0002982455885348071,0.08338026444440604,full,16000,16000,2000,0.0,0.08338026961104737
deeplab,20262021,source_model,3,final_recipe,,,0.0002930255535720594,0.08339946222219927,full,16000,16000,1999,0.0,0.0833994677499868
deeplab,20262021,source_model,4,final_recipe,,,0.0002844684296968424,0.08338382966661205,full,16000,16000,2000,0.0,0.08338383511109795
deeplab,20262021,source_model,5,final_recipe,,,0.00027278492169843,0.08337263141668194,full,16000,16000,1999,0.0,0.08337263652783197
deeplab,20262021,source_model,6,final_recipe,,,0.00025826271631908303,0.08335955394444884,full,16000,16000,1999,0.0,0.0833595602778304
deeplab,20262021,source_model,7,final_recipe,,,0.00024125939845167748,0.08336829150005037,full,16000,16000,2000,0.0,0.08336829738885475
deeplab,20262021,source_model,8,final_recipe,,,0.00022219364621288548,0.08307827086110289,full,16000,16000,1998,0.0,0.08307827505554694
deeplab,20262021,source_model,9,final_recipe,,,0.0002015349216984301,0.08328426863894695,full,16000,16000,2000,0.0,0.08328427258335674
deeplab,20262021,source_model,10,final_recipe,,,0.00017979191126823302,0.08338453083337906,full,16000,16000,1998,0.0,0.08338453563887419
deeplab,20262021,source_model,11,final_recipe,,,0.0001575000000000001,0.08339422194442402,full,16000,16000,2000,0.0,0.0833942268055398
deeplab,20262021,source_model,12,final_recipe,,,0.0001352080887317672,0.08337468100000277,full,16000,16000,1999,0.0,0.08337468547229138
deeplab,20262021,source_model,13,final_recipe,,,0.00011346507830157006,0.08338410702779786,full,16000,16000,2000,0.0,0.08338411091671635
deeplab,20262021,source_model,14,final_recipe,,,9.280635378711463e-05,0.08337948488886468,full,16000,16000,2000,0.0,0.08337948902768808
deeplab,20262021,source_model,15,final_recipe,,,7.374060154832262e-05,0.08336637916664283,full,16000,16000,1999,0.0,0.0833663833888972
deeplab,20262021,source_model,16,final_recipe,,,5.6737283680917e-05,0.08336025819441097,full,16000,16000,1999,0.0,0.08336026277781154
deeplab,20262021,source_model,17,final_recipe,,,4.221507830157001e-05,0.0833488663055727,full,16000,16000,2000,0.0,0.08334887041671513
deeplab,20262021,source_model,18,final_recipe,,,3.0531570303157593e-05,0.08337581780545103,full,16000,16000,1999,0.0,0.08337582224992932
deeplab,20262021,source_model,19,final_recipe,,,2.197444642794062e-05,0.08336572797231687,full,16000,16000,1999,0.0,0.08336573186110602
deeplab,20262021,source_model,20,final_recipe,,,1.6754411465192883e-05,0.08321568658342585,full,16000,16000,1999,0.0,0.08321569141673131
deeplab,20262022,source_model,1,final_recipe,,,0.0003,0.08582131855551982,full,16000,16000,2000,0.0,0.08582132366666984
deeplab,20262022,source_model,2,final_recipe,,,0.0002982455885348071,0.08339048905556815,full,16000,16000,1999,0.0,0.08339049469446763
deeplab,20262022,source_model,3,final_recipe,,,0.0002930255535720594,0.08336845050009692,full,16000,16000,2000,0.0,0.08336845605556542
deeplab,20262022,source_model,4,final_recipe,,,0.0002844684296968424,0.08337710794449474,full,16000,16000,1999,0.0,0.08337711338898064
deeplab,20262022,source_model,5,final_recipe,,,0.00027278492169843,0.08318527344446112,full,16000,16000,2000,0.0,0.08318527897224864
deeplab,20262022,source_model,6,final_recipe,,,0.00025826271631908303,0.08318529844452213,full,16000,16000,2000,0.0,0.08318530455555043
deeplab,20262022,source_model,7,final_recipe,,,0.00024125939845167748,0.08334001547230097,full,16000,16000,1999,0.0,0.08334002102776948
deeplab,20262022,source_model,8,final_recipe,,,0.00022219364621288548,0.08334509180561225,full,16000,16000,1999,0.0,0.08334509669453836
deeplab,20262022,source_model,9,final_recipe,,,0.0002015349216984301,0.08336956213888091,full,16000,16000,1999,0.0,0.08336956711110866
deeplab,20262022,source_model,10,final_recipe,,,0.00017979191126823302,0.08319028508332041,full,16000,16000,1999,0.0,0.08319028924995413
deeplab,20262022,source_model,11,final_recipe,,,0.0001575000000000001,0.08316980063889383,full,16000,16000,1999,0.0,0.08316980563893189
deeplab,20262022,source_model,12,final_recipe,,,0.0001352080887317672,0.08314737177777311,full,16000,16000,1999,0.0,0.08314737688892314
deeplab,20262022,source_model,13,final_recipe,,,0.00011346507830157006,0.0863927252500111,full,16000,16000,2000,0.0,0.08639272952788613
deeplab,20262022,source_model,14,final_recipe,,,9.280635378711463e-05,0.08918899980554772,full,16000,16000,1999,0.0,0.08918900594438633
deeplab,20262022,source_model,15,final_recipe,,,7.374060154832262e-05,0.08321614591663497,full,16000,16000,2000,0.0,0.08321615188887033
deeplab,20262022,source_model,16,final_recipe,,,5.6737283680917e-05,0.08324093133327551,full,16000,16000,1999,0.0,0.08324093658321847
deeplab,20262022,source_model,17,final_recipe,,,4.221507830157001e-05,0.08323531383325139,full,16000,16000,1999,0.0,0.08323531855544489
deeplab,20262022,source_model,18,final_recipe,,,3.0531570303157593e-05,0.08327191802776522,full,16000,16000,1999,0.0,0.08327192361104406
deeplab,20262022,source_model,19,final_recipe,,,2.197444642794062e-05,0.08328576394447332,full,16000,16000,2000,0.0,0.08328576805548639
deeplab,20262022,source_model,20,final_recipe,,,1.6754411465192883e-05,0.08325609205562311,full,16000,16000,1998,0.0,0.08325609630555846
vdn,20262020,source_model,1,final_recipe,,,0.001,0.02591968591661296,full,16000,16000,2000,0.0,0.02591969069442712
vdn,20262020,source_model,2,final_recipe,,,0.001,0.02394721341655693,full,16000,16000,2000,0.0,0.023947217611000975
vdn,20262020,source_model,3,final_recipe,,,0.001,0.02395964844436902,full,16000,16000,2000,0.0,0.02395965288884731
vdn,20262020,source_model,4,final_recipe,,,0.001,0.023905174999963492,full,16000,16000,2000,0.0,0.0239051793610108
vdn,20262020,source_model,5,final_recipe,,,0.001,0.023934609944440632,full,16000,16000,2000,0.0,0.023934614166695005
vdn,20262020,source_model,6,final_recipe,,,0.001,0.023941365694368465,full,16000,16000,2000,0.0,0.023941369777700554
vdn,20262020,source_model,7,final_recipe,,,0.001,0.023937915083305495,full,16000,16000,2000,0.0,0.023937920694394658
vdn,20262020,source_model,8,final_recipe,,,0.001,0.0239077669445477,full,16000,16000,2000,0.0,0.023907771277784682
vdn,20262020,source_model,9,final_recipe,,,0.001,0.023952451861178916,full,16000,16000,2000,0.0,0.023952456694484377
vdn,20262020,source_model,10,final_recipe,,,0.001,0.023999802916724648,full,16000,16000,2000,0.0,0.023999806583419235
vdn,20262020,source_model,11,final_recipe,,,0.001,0.023956274666642356,full,16000,16000,2000,0.0,0.023956278499940205
vdn,20262020,source_model,12,final_recipe,,,0.001,0.02393598436119242,full,16000,16000,2000,0.0,0.023935988194490266
vdn,20262020,source_model,13,final_recipe,,,0.001,0.023988994027798374,full,16000,16000,2000,0.0,0.02398899744445872
vdn,20262020,source_model,14,final_recipe,,,0.001,0.023954052083427088,full,16000,16000,2000,0.0,0.023954055805612978
vdn,20262020,source_model,15,final_recipe,,,0.001,0.02397468513886755,full,16000,16000,2000,0.0,0.02397468858333822
vdn,20262020,source_model,16,final_recipe,,,0.001,0.02394047155549439,full,16000,16000,1999,0.0,0.023940475361111265
vdn,20262020,source_model,17,final_recipe,,,0.001,0.02396194280564992,full,16000,16000,2000,0.0,0.023961946444534178
vdn,20262020,source_model,18,final_recipe,,,0.001,0.023945500555499974,full,16000,16000,1999,0.0,0.02394550499997826
vdn,20262020,source_model,19,final_recipe,,,0.001,0.023960149694466963,full,16000,16000,2000,0.0,0.023960153083316983
vdn,20262020,source_model,20,final_recipe,,,0.001,0.023958507111140837,full,16000,16000,1999,0.0,0.02395851149999847
vdn,20262020,source_model,21,final_recipe,,,0.001,0.023982699638775862,full,16000,16000,1999,0.0,0.02398270355550469
vdn,20262020,source_model,22,final_recipe,,,0.001,0.023964975305651833,full,16000,16000,1999,0.0,0.023964979305552938
vdn,20262020,source_model,23,final_recipe,,,0.001,0.02392871630546223,full,16000,16000,1999,0.0,0.023928719361105726
vdn,20262020,source_model,24,final_recipe,,,0.001,0.023956303944449045,full,16000,16000,1999,0.0,0.02395630752771265
vdn,20262020,source_model,25,final_recipe,,,0.001,0.023948140888888803,full,16000,16000,1999,0.0,0.023948144249928496
vdn,20262020,source_model,26,final_recipe,,,0.001,0.023944153499970627,full,16000,16000,1999,0.0,0.023944157055553257
vdn,20262020,source_model,27,final_recipe,,,0.001,0.023943669111079847,full,16000,16000,1999,0.0,0.023943672388817908
vdn,20262020,source_model,28,final_recipe,,,0.001,0.02394168411109907,full,16000,16000,2000,0.0,0.023941687861095285
vdn,20262020,source_model,29,final_recipe,,,0.001,0.023951657861212474,full,16000,16000,1999,0.0,0.02395166127787282
vdn,20262020,source_model,30,final_recipe,,,0.001,0.023948005333335864,full,16000,16000,2000,0.0,0.023948009277875017
vdn,20262020,source_model,31,final_recipe,,,0.001,0.02393307966658742,full,16000,16000,1999,0.0,0.023933083277661353
vdn,20262020,source_model,32,final_recipe,,,0.001,0.023959521055480257,full,16000,16000,1999,0.0,0.023959524555571585
vdn,20262020,source_model,33,final_recipe,,,0.001,0.023946902694491047,full,16000,16000,1999,0.0,0.023946906611090526
vdn,20262020,source_model,34,final_recipe,,,0.001,0.023945956722212336,full,16000,16000,2000,0.0,0.023945960555510182
vdn,20262020,source_model,35,final_recipe,,,0.001,0.02396252033326568,full,16000,16000,1999,0.0,0.023962523722115697
vdn,20262020,source_model,36,final_recipe,,,0.001,0.02393768550000257,full,16000,16000,1999,0.0,0.02393768894447324
vdn,20262020,source_model,37,final_recipe,,,0.001,0.0239337827222577,full,16000,16000,1999,0.0,0.023933786694477828
vdn,20262020,source_model,38,final_recipe,,,0.001,0.02398833949998435,full,16000,16000,1999,0.0,0.023988342805532737
vdn,20262020,source_model,39,final_recipe,,,0.001,0.02395899269445282,full,16000,16000,1999,0.0,0.023958996527750666
vdn,20262020,source_model,40,final_recipe,,,0.001,0.023931733249919488,full,16000,16000,2000,0.0,0.02393173636105429
vdn,20262020,source_model,41,final_recipe,,,0.001,0.02394581436114903,full,16000,16000,1999,0.0,0.023945817972222963
vdn,20262020,source_model,42,final_recipe,,,0.001,0.02395849013895107,full,16000,16000,1999,0.0,0.023958493833455982
vdn,20262020,source_model,43,final_recipe,,,0.001,0.023935967583286887,full,16000,16000,2000,0.0,0.023935971083248863
vdn,20262020,source_model,44,final_recipe,,,0.001,0.023928311944473535,full,16000,16000,1998,0.0,0.02392831588888334
vdn,20262020,source_model,45,final_recipe,,,0.001,0.023974471583367428,full,16000,16000,2000,0.0,0.023974475250062015
vdn,20262020,source_model,46,final_recipe,,,0.001,0.023953779861072284,full,16000,16000,1999,0.0,0.023953783249922304
vdn,20262020,source_model,47,final_recipe,,,0.001,0.023932595666653168,full,16000,16000,1999,0.0,0.023932598722296663
vdn,20262020,source_model,48,final_recipe,,,0.001,0.024002147833299306,full,16000,16000,1999,0.0,0.02400215108335639
vdn,20262020,source_model,49,final_recipe,,,0.001,0.0256031832499947,full,16000,16000,2000,0.0,0.02560318852774799
vdn,20262020,source_model,50,final_recipe,,,0.001,0.025487095916695478,full,16000,16000,1999,0.0,0.02548709952776941
vdn,20262020,source_model,51,final_recipe,,,0.001,0.024746704194436055,full,16000,16000,1999,0.0,0.024746707472303467
vdn,20262020,source_model,52,final_recipe,,,0.001,0.0239959579166801,full,16000,16000,1999,0.0,0.023995961722167624
vdn,20262020,source_model,53,final_recipe,,,0.001,0.023956105916683252,full,16000,16000,2000,0.0,0.02395611197222024
vdn,20262020,source_model,54,final_recipe,,,0.001,0.02395438236106808,full,16000,16000,1998,0.0,0.02395438641658984
vdn,20262020,source_model,55,final_recipe,,,0.001,0.023995693722325896,full,16000,16000,2000,0.0,0.02399569738889113
vdn,20262020,source_model,56,final_recipe,,,0.001,0.02398150505549792,full,16000,16000,2000,0.0,0.023981508722192506
vdn,20262020,source_model,57,final_recipe,,,0.001,0.023953109305455453,full,16000,16000,1999,0.0,0.02395311333329624
vdn,20262020,source_model,58,final_recipe,,,0.001,0.023941094916727808,full,16000,16000,1999,0.0,0.02394109844450011
vdn,20262020,source_model,59,final_recipe,,,0.001,0.02398193799994058,full,16000,16000,1998,0.0,0.023981941777747123
vdn,20262020,source_model,60,final_recipe,,,0.001,0.023928964777797875,full,16000,16000,2000,0.0,0.023928968166647892
vdn,20262020,source_model,61,final_recipe,,,0.001,0.02394873444443672,full,16000,16000,1999,0.0,0.023948737527761194
vdn,20262020,source_model,62,final_recipe,,,0.001,0.023966586305501147,full,16000,16000,2000,0.0,0.02396659000000606
vdn,20262020,source_model,63,final_recipe,,,0.001,0.023956156972174843,full,16000,16000,1999,0.0,0.023956160416645514
vdn,20262020,source_model,64,final_recipe,,,0.001,0.02394645863885267,full,16000,16000,1999,0.0,0.02394646263888313
vdn,20262020,source_model,65,final_recipe,,,0.001,0.023943692027694648,full,16000,16000,1999,0.0,0.02394369572219956
vdn,20262020,source_model,66,final_recipe,,,0.001,0.02398784127771958,full,16000,16000,2000,0.0,0.023987845222258733
vdn,20262020,source_model,67,final_recipe,,,0.001,0.02393871988881276,full,16000,16000,1999,0.0,0.023938723194361147
vdn,20262020,source_model,68,final_recipe,,,0.001,0.02393909683321706,full,16000,16000,2000,0.0,0.02393910030549806
vdn,20262020,source_model,69,final_recipe,,,0.001,0.023958862222239582,full,16000,16000,1999,0.0,0.023958865472167315
vdn,20262020,source_model,70,final_recipe,,,0.001,0.02395530402776785,full,16000,16000,1998,0.0,0.02395530794436733
vdn,20262020,source_model,71,final_recipe,,,0.001,0.023899654500031224,full,16000,16000,1999,0.0,0.023899658444441026
vdn,20262020,source_model,72,final_recipe,,,0.001,0.023959579499981676,full,16000,16000,2000,0.0,0.023959587888869767
vdn,20262020,source_model,73,final_recipe,,,0.001,0.023959061361124946,full,16000,16000,1999,0.0,0.023959065277853773
vdn,20262020,source_model,74,final_recipe,,,0.001,0.023922650944441556,full,16000,16000,2000,0.0,0.02392265411106766
vdn,20262020,source_model,75,final_recipe,,,0.001,0.023943134277877916,full,16000,16000,1999,0.0,0.023943137722219236
vdn,20262020,source_model,76,final_recipe,,,0.001,0.023962290444437206,full,16000,16000,2000,0.0,0.02396229433335571
vdn,20262020,source_model,77,final_recipe,,,0.001,0.02393256447213288,full,16000,16000,1998,0.0,0.02393256794441388
vdn,20262020,source_model,78,final_recipe,,,0.001,0.02392600716660834,full,16000,16000,2000,0.0,0.023926011388862713
vdn,20262020,source_model,79,final_recipe,,,0.001,0.023937848888906755,full,16000,16000,1998,0.0,0.023937856861157344
vdn,20262020,source_model,80,final_recipe,,,0.001,0.02398645797226992,full,16000,16000,2000,0.0,0.02398646177788679
vdn,20262020,source_model,81,final_recipe,,,0.001,0.023923545305539543,full,16000,16000,1999,0.0,0.023923548944553154
vdn,20262020,source_model,82,final_recipe,,,0.001,0.02395580105561142,full,16000,16000,2000,0.0,0.023955804472271768
vdn,20262020,source_model,83,final_recipe,,,0.001,0.02395857736119069,full,16000,16000,1999,0.0,0.023958581083376583
vdn,20262020,source_model,84,final_recipe,,,0.001,0.0239631472777627,full,16000,16000,1999,0.0,0.023963150666742067
vdn,20262020,source_model,85,final_recipe,,,0.001,0.02397356738892591,full,16000,16000,2000,0.0,0.023973571055620493
vdn,20262020,source_model,86,final_recipe,,,0.001,0.023953737194468784,full,16000,16000,1999,0.0,0.02395374122218022
vdn,20262020,source_model,87,final_recipe,,,0.001,0.02423911083334436,full,16000,16000,2000,0.0,0.024239114444418293
vdn,20262020,source_model,88,final_recipe,,,0.001,0.023937567027751357,full,16000,16000,1999,0.0,0.023937572222203017
vdn,20262020,source_model,89,final_recipe,,,0.001,0.023951983166625723,full,16000,16000,1998,0.0,0.023951993361115455
vdn,20262020,source_model,90,final_recipe,,,0.001,0.02396571113883207,full,16000,16000,1999,0.0,0.023965714638794048
vdn,20262020,source_model,91,final_recipe,,,0.001,0.023969553638922256,full,16000,16000,1999,0.0,0.023969556972280974
vdn,20262020,source_model,92,final_recipe,,,0.001,0.023947177777817057,full,16000,16000,2000,0.0,0.023947181416701317
vdn,20262020,source_model,93,final_recipe,,,0.001,0.023957729138977205,full,16000,16000,2000,0.0,0.023957733555645164
vdn,20262020,source_model,94,final_recipe,,,0.001,0.0239722034721894,full,16000,16000,1998,0.0,0.023972207055582354
vdn,20262020,source_model,95,final_recipe,,,0.001,0.023942172500020308,full,16000,16000,2000,0.0,0.023942176583352397
vdn,20262020,source_model,96,final_recipe,,,0.001,0.023950118305575516,full,16000,16000,2000,0.0,0.023950121944459776
vdn,20262020,source_model,97,final_recipe,,,0.001,0.023971884611140314,full,16000,16000,1999,0.0,0.023971888333326207
vdn,20262020,source_model,98,final_recipe,,,0.001,0.023978899388910374,full,16000,16000,1999,0.0,0.02397890325001855
vdn,20262020,source_model,99,final_recipe,,,0.001,0.023959731277880363,full,16000,16000,1999,0.0,0.023959734305584183
vdn,20262020,source_model,100,final_recipe,,,0.001,0.023941578555515864,full,16000,16000,1998,0.0,0.02394158216671915
vdn,20262020,source_model,101,final_recipe,,,0.001,0.02397944044451126,full,16000,16000,2000,0.0,0.023979447138909666
vdn,20262020,source_model,102,final_recipe,,,0.001,0.023944515944458546,full,16000,16000,1999,0.0,0.023944519333308562
vdn,20262020,source_model,103,final_recipe,,,0.001,0.02395009283325635,full,16000,16000,2000,0.0,0.023950096333347676
vdn,20262020,source_model,104,final_recipe,,,0.001,0.02392749036106074,full,16000,16000,1998,0.0,0.02392749408337598
vdn,20262020,source_model,105,final_recipe,,,0.001,0.023964823833278692,full,16000,16000,1999,0.0,0.023964826999904796
vdn,20262020,source_model,106,final_recipe,,,0.001,0.02395293111110934,full,16000,16000,2000,0.0,0.023952934583260987
vdn,20262020,source_model,107,final_recipe,,,0.001,0.02393294499993014,full,16000,16000,1999,0.0,0.02393294816668559
vdn,20262020,source_model,108,final_recipe,,,0.001,0.02394062627779527,full,16000,16000,1999,0.0,0.02394062963883496
vdn,20262020,source_model,109,final_recipe,,,0.001,0.023943739916689487,full,16000,16000,2000,0.0,0.02394374388890962
vdn,20262020,source_model,110,final_recipe,,,0.001,0.02393314902774162,full,16000,16000,1999,0.0,0.02393315222217805
vdn,20262020,source_model,111,final_recipe,,,0.001,0.023938543777783504,full,16000,16000,2000,0.0,0.023938547916606896
vdn,20262020,source_model,112,final_recipe,,,0.001,0.023948519333369202,full,16000,16000,1999,0.0,0.023948522861141505
vdn,20262020,source_model,113,final_recipe,,,0.001,0.023946901166604626,full,16000,16000,1999,0.0,0.023946904833299212
vdn,20262020,source_model,114,final_recipe,,,0.001,0.023938680916584822,full,16000,16000,1999,0.0,0.02393868447216745
vdn,20262020,source_model,115,final_recipe,,,0.001,0.023937641250021343,full,16000,16000,2000,0.0,0.023937644527888755
vdn,20262020,source_model,116,final_recipe,,,0.001,0.023943401472254967,full,16000,16000,1998,0.0,0.023943404861104984
vdn,20262020,source_model,117,final_recipe,,,0.001,0.023905131722179552,full,16000,16000,2000,0.0,0.023905135083219245
vdn,20262020,source_model,118,final_recipe,,,0.001,0.02394478136117363,full,16000,16000,1999,0.0,0.023944784694532345
vdn,20262020,source_model,119,final_recipe,,,0.001,0.02393792744441372,full,16000,16000,1999,0.0,0.023937931138918633
vdn,20262020,source_model,120,final_recipe,,,0.001,0.02393642113880358,full,16000,16000,2000,0.0,0.023936424638894904
vdn,20262020,source_model,121,final_recipe,,,0.001,0.02394079399993643,full,16000,16000,1999,0.0,0.02394079713888156
vdn,20262020,source_model,122,final_recipe,,,0.001,0.02393819391662772,full,16000,16000,2000,0.0,0.023938197472210352
vdn,20262020,source_model,123,final_recipe,,,0.001,0.02392889374996432,full,16000,16000,1998,0.0,0.023928897000021404
vdn,20262020,source_model,124,final_recipe,,,0.001,0.023936981527755658,full,16000,16000,1999,0.0,0.023936985277751874
vdn,20262020,source_model,125,final_recipe,,,0.001,0.023959134249922093,full,16000,16000,1999,0.0,0.023959138333254183
vdn,20262020,source_model,126,final_recipe,,,0.001,0.023922840944465458,full,16000,16000,1999,0.0,0.023922844722272
vdn,20262020,source_model,127,final_recipe,,,0.001,0.023930590972174995,full,16000,16000,2000,0.0,0.023930594277723382
vdn,20262020,source_model,128,final_recipe,,,0.001,0.02396369916671473,full,16000,16000,2000,0.0,0.02396370236115116
vdn,20262020,source_model,129,final_recipe,,,0.001,0.02395194691670541,full,16000,16000,1999,0.0,0.023951950611210325
vdn,20262020,source_model,130,final_recipe,,,0.001,0.023925428722286597,full,16000,16000,1998,0.0,0.0239254330278426
vdn,20262020,source_model,131,final_recipe,,,0.001,0.023952142944455974,full,16000,16000,1999,0.0,0.023952146305495668
vdn,20262020,source_model,132,final_recipe,,,0.001,0.023973830611082828,full,16000,16000,2000,0.0,0.02397383372221763
vdn,20262020,source_model,133,final_recipe,,,0.001,0.023949026777667717,full,16000,16000,1999,0.0,0.023949030277759045
vdn,20262020,source_model,134,final_recipe,,,0.001,0.02393648483337731,full,16000,16000,2000,0.0,0.023936488916709398
vdn,20262020,source_model,135,final_recipe,,,0.001,0.023978372861036202,full,16000,16000,1998,0.0,0.02397837636112753
vdn,20262020,source_model,136,final_recipe,,,0.001,0.023980694361056924,full,16000,16000,2000,0.0,0.023980700861041745
vdn,20262020,source_model,137,final_recipe,,,0.001,0.023950967222271073,full,16000,16000,2000,0.0,0.023950970472198806
vdn,20262020,source_model,138,final_recipe,,,0.001,0.02394482455565594,full,16000,16000,1999,0.0,0.023944828055617918
vdn,20262020,source_model,139,final_recipe,,,0.001,0.023977446222238036,full,16000,16000,2000,0.0,0.023977449888932623
vdn,20262020,source_model,140,final_recipe,,,0.001,0.023965181361159518,full,16000,16000,1998,0.0,0.02396518677783509
vdn,20262020,source_model,141,final_recipe,,,0.0001,0.02390382616677218,full,16000,16000,1999,0.0,0.023903829694544482
vdn,20262020,source_model,142,final_recipe,,,0.0001,0.023981178833249336,full,16000,16000,2000,0.0,0.023981182388831963
vdn,20262020,source_model,143,final_recipe,,,0.0001,0.023982690527724723,full,16000,16000,1999,0.0,0.023982694222229636
vdn,20262020,source_model,144,final_recipe,,,0.0001,0.02392762011111093,full,16000,16000,1999,0.0,0.02392762619445825
vdn,20262020,source_model,145,final_recipe,,,0.0001,0.023944221888798186,full,16000,16000,1999,0.0,0.023944225999940602
vdn,20262020,source_model,146,final_recipe,,,0.0001,0.02397331186117501,full,16000,16000,2000,0.0,0.023973315416757637
vdn,20262020,source_model,147,final_recipe,,,0.0001,0.023952917111132087,full,16000,16000,1999,0.0,0.023952920305568517
vdn,20262020,source_model,148,final_recipe,,,0.0001,0.023932118805565148,full,16000,16000,1999,0.0,0.023932122722293975
vdn,20262020,source_model,149,final_recipe,,,0.0001,0.023970793777843936,full,16000,16000,2000,0.0,0.02397079772225374
vdn,20262020,source_model,150,final_recipe,,,0.0001,0.023977381222260494,full,16000,16000,1999,0.0,0.023977384833334427
vdn,20262020,source_model,151,final_recipe,,,0.0001,0.023936959194510967,full,16000,16000,2000,0.0,0.023936962500059358
vdn,20262020,source_model,152,final_recipe,,,0.0001,0.02393410144451385,full,16000,16000,1999,0.0,0.02393410513888941
vdn,20262020,source_model,153,final_recipe,,,0.0001,0.023957417250041746,full,16000,16000,1999,0.0,0.023957420888926006
vdn,20262020,source_model,154,final_recipe,,,0.0001,0.02395345383336664,full,16000,16000,2000,0.0,0.023953458361146557
vdn,20262020,source_model,155,final_recipe,,,0.0001,0.02393197077779203,full,16000,16000,1999,0.0,0.02393197455546922
vdn,20262020,source_model,156,final_recipe,,,0.0001,0.023963527694448,full,16000,16000,1999,0.0,0.02396353097218606
vdn,20262020,source_model,157,final_recipe,,,0.0001,0.02395901347225946,full,16000,16000,2000,0.0,0.02395901672218719
vdn,20262020,source_model,158,final_recipe,,,0.0001,0.02393461427780696,full,16000,16000,1998,0.0,0.023934617861070567
vdn,20262020,source_model,159,final_recipe,,,0.0001,0.023957117499990594,full,16000,16000,1999,0.0,0.023957121472210727
vdn,20262020,source_model,160,final_recipe,,,0.0001,0.023982005750036076,full,16000,16000,2000,0.0,0.02398200908339479
vdn,20262020,source_model,161,final_recipe,,,0.0001,0.023945726722142555,full,16000,16000,2000,0.0,0.023945729833277356
vdn,20262020,source_model,162,final_recipe,,,0.0001,0.02392608786118217,full,16000,16000,1998,0.0,0.02392609200000556
vdn,20262020,source_model,163,final_recipe,,,0.0001,0.023977898555523198,full,16000,16000,2000,0.0,0.0239779024444417
vdn,20262020,source_model,164,final_recipe,,,0.0001,0.024310058666677733,full,16000,16000,1999,0.0,0.02431006275000982
vdn,20262020,source_model,165,final_recipe,,,0.0001,0.02552384122223076,full,16000,16000,2000,0.0,0.025523845333373173
vdn,20262020,source_model,166,final_recipe,,,0.0001,0.024258246444450276,full,16000,16000,1999,0.0,0.024258249916601925
vdn,20262020,source_model,167,final_recipe,,,0.0001,0.023967355388837555,full,16000,16000,1998,0.0,0.02396735908334247
vdn,20262020,source_model,168,final_recipe,,,0.0001,0.02395118911116798,full,16000,16000,1999,0.0,0.023951193833361483
vdn,20262020,source_model,169,final_recipe,,,0.0001,0.02394881797217143,full,16000,16000,2000,0.0,0.023948821888900258
vdn,20262020,source_model,170,final_recipe,,,0.0001,0.02398226797231473,full,16000,16000,1999,0.0,0.02398227136116475
vdn,20262020,source_model,171,final_recipe,,,0.0001,0.023930855805519968,full,16000,16000,2000,0.0,0.023930859194369988
vdn,20262020,source_model,172,final_recipe,,,0.0001,0.02394725447223108,full,16000,16000,1998,0.0,0.023947258361149578
vdn,20262020,source_model,173,final_recipe,,,0.0001,0.023973966194446094,full,16000,16000,2000,0.0,0.02397396936120155
vdn,20262020,source_model,174,final_recipe,,,0.0001,0.023965418611058137,full,16000,16000,1999,0.0,0.0239654223054337
vdn,20262020,source_model,175,final_recipe,,,0.0001,0.023945640194385002,full,16000,16000,1998,0.0,0.02394564358336437
vdn,20262020,source_model,176,final_recipe,,,0.0001,0.02394182647216237,full,16000,16000,2000,0.0,0.023941830444382504
vdn,20262020,source_model,177,final_recipe,,,0.0001,0.024000966277671978,full,16000,16000,1999,0.0,0.024000969888875262
vdn,20262020,source_model,178,final_recipe,,,0.0001,0.02394163694439663,full,16000,16000,2000,0.0,0.023941640499979256
vdn,20262020,source_model,179,final_recipe,,,0.0001,0.023933341583340532,full,16000,16000,1999,0.0,0.023933344833268266
vdn,20262020,source_model,180,final_recipe,,,0.0001,0.023976002111125532,full,16000,16000,1999,0.0,0.02397600541667392
vdn,20262020,source_model,181,final_recipe,,,0.0001,0.023948934388916113,full,16000,16000,1999,0.0,0.0239489380556107
vdn,20262020,source_model,182,final_recipe,,,0.0001,0.02394761219439614,full,16000,16000,2000,0.0,0.023947616555572798
vdn,20262020,source_model,183,final_recipe,,,0.0001,0.023947773777698685,full,16000,16000,2000,0.0,0.023947777138867726
vdn,20262020,source_model,184,final_recipe,,,0.0001,0.02399351774999458,full,16000,16000,1999,0.0,0.02399352147218047
vdn,20262020,source_model,185,final_recipe,,,0.0001,0.023955443388808312,full,16000,16000,1999,0.0,0.02395544686108931
vdn,20262020,source_model,186,final_recipe,,,0.0001,0.023928692222236553,full,16000,16000,1999,0.0,0.023928695750008853
vdn,20262020,source_model,187,final_recipe,,,0.0001,0.0239682285554914,full,16000,16000,2000,0.0,0.023968231805548485
vdn,20262020,source_model,188,final_recipe,,,0.0001,0.02395658858327402,full,16000,16000,1999,0.0,0.023956591555486538
vdn,20262020,source_model,189,final_recipe,,,0.0001,0.023914660944525774,full,16000,16000,1999,0.0,0.023914664472298074
vdn,20262020,source_model,190,final_recipe,,,0.0001,0.02429095227775785,full,16000,16000,1999,0.0,0.02429095694446005
vdn,20262020,source_model,191,final_recipe,,,1e-05,0.02388808766664523,full,16000,16000,2000,0.0,0.023888091166607207
vdn,20262020,source_model,192,final_recipe,,,1e-05,0.023871543805451235,full,16000,16000,2000,0.0,0.02387154705550832
vdn,20262020,source_model,193,final_recipe,,,1e-05,0.023865409638965503,full,16000,16000,1999,0.0,0.02386541508332205
vdn,20262020,source_model,194,final_recipe,,,1e-05,0.023914559972213787,full,16000,16000,2000,0.0,0.023914563166650218
vdn,20262020,source_model,195,final_recipe,,,1e-05,0.02389991505550117,full,16000,16000,1999,0.0,0.023899918305558255
vdn,20262020,source_model,196,final_recipe,,,1e-05,0.02389666322217737,full,16000,16000,2000,0.0,0.02389666702779424
vdn,20262020,source_model,197,final_recipe,,,1e-05,0.023911757472281654,full,16000,16000,1998,0.0,0.023911760944562654
vdn,20262020,source_model,198,final_recipe,,,1e-05,0.02389359563886602,full,16000,16000,2000,0.0,0.023893599111147017
vdn,20262020,source_model,199,final_recipe,,,1e-05,0.023876664805510598,full,16000,16000,1999,0.0,0.023876668111058985
vdn,20262020,source_model,200,final_recipe,,,1e-05,0.02391373113897215,full,16000,16000,1999,0.0,0.023913734583442824
vdn,20262021,source_model,1,final_recipe,,,0.001,0.025820348555506724,full,16000,16000,2000,0.0,0.02582035341662251
vdn,20262021,source_model,2,final_recipe,,,0.001,0.023934938222195747,full,16000,16000,2000,0.0,0.02393494225003653
vdn,20262021,source_model,3,final_recipe,,,0.001,0.023928901166655123,full,16000,16000,2000,0.0,0.023928906194503524
vdn,20262021,source_model,4,final_recipe,,,0.001,0.023948650583236787,full,16000,16000,2000,0.0,0.0239486558333091
vdn,20262021,source_model,5,final_recipe,,,0.001,0.023938459972204226,full,16000,16000,2000,0.0,0.023938464666587403
vdn,20262021,source_model,6,final_recipe,,,0.001,0.02393150297213449,full,16000,16000,2000,0.0,0.023931506999975278
vdn,20262021,source_model,7,final_recipe,,,0.001,0.02392230102779447,full,16000,16000,2000,0.0,0.023922306138944503
vdn,20262021,source_model,8,final_recipe,,,0.001,0.02395663958327431,full,16000,16000,2000,0.0,0.023956643583304765
vdn,20262021,source_model,9,final_recipe,,,0.001,0.023914606472244485,full,16000,16000,2000,0.0,0.02391460988890483
vdn,20262021,source_model,10,final_recipe,,,0.001,0.02392935180557995,full,16000,16000,2000,0.0,0.02392935569449845
vdn,20262021,source_model,11,final_recipe,,,0.001,0.023943139916648055,full,16000,16000,2000,0.0,0.0239431437499459
vdn,20262021,source_model,12,final_recipe,,,0.001,0.023909113638930852,full,16000,16000,2000,0.0,0.023909117111082498
vdn,20262021,source_model,13,final_recipe,,,0.001,0.023884888555492378,full,16000,16000,2000,0.0,0.02388489241660055
vdn,20262021,source_model,14,final_recipe,,,0.001,0.023939979944455746,full,16000,16000,2000,0.0,0.023939983444417723
vdn,20262021,source_model,15,final_recipe,,,0.001,0.023949065833326635,full,16000,16000,1999,0.0,0.023949069249986982
vdn,20262021,source_model,16,final_recipe,,,0.001,0.023912658444476417,full,16000,16000,1999,0.0,0.02391266283333405
vdn,20262021,source_model,17,final_recipe,,,0.001,0.023892250472239942,full,16000,16000,2000,0.0,0.023892254499951377
vdn,20262021,source_model,18,final_recipe,,,0.001,0.023961126249956173,full,16000,16000,1999,0.0,0.023961129805538803
vdn,20262021,source_model,19,final_recipe,,,0.001,0.02393276102776225,full,16000,16000,1999,0.0,0.023932764888870427
vdn,20262021,source_model,20,final_recipe,,,0.001,0.02391817008326244,full,16000,16000,2000,0.0,0.02391817355554344
vdn,20262021,source_model,21,final_recipe,,,0.001,0.023919306972141688,full,16000,16000,1999,0.0,0.023919313583238466
vdn,20262021,source_model,22,final_recipe,,,0.001,0.023946339305516127,full,16000,16000,1999,0.0,0.023946343111132997
vdn,20262021,source_model,23,final_recipe,,,0.001,0.02393365244445805,full,16000,16000,2000,0.0,0.02393365616664394
vdn,20262021,source_model,24,final_recipe,,,0.001,0.023907814027819163,full,16000,16000,2000,0.0,0.023907817888927336
vdn,20262021,source_model,25,final_recipe,,,0.001,0.0239618657500897,full,16000,16000,1999,0.0,0.023961870083326682
vdn,20262021,source_model,26,final_recipe,,,0.001,0.023946787166642024,full,16000,16000,1999,0.0,0.02394679058330237
vdn,20262021,source_model,27,final_recipe,,,0.001,0.023947279222128498,full,16000,16000,1999,0.0,0.023947283138857328
vdn,20262021,source_model,28,final_recipe,,,0.001,0.023961875916639758,full,16000,16000,1999,0.0,0.02396187952784304
vdn,20262021,source_model,29,final_recipe,,,0.001,0.023962856027711598,full,16000,16000,2000,0.0,0.023962859611104552
vdn,20262021,source_model,30,final_recipe,,,0.001,0.023950493805524376,full,16000,16000,1998,0.0,0.023950497527839617
vdn,20262021,source_model,31,final_recipe,,,0.001,0.02395083749990186,full,16000,16000,1999,0.0,0.023950841249898075
vdn,20262021,source_model,32,final_recipe,,,0.001,0.024002947611087518,full,16000,16000,1999,0.0,0.024002950916635908
vdn,20262021,source_model,33,final_recipe,,,0.001,0.02390982741671097,full,16000,16000,2000,0.0,0.023909831027784902
vdn,20262021,source_model,34,final_recipe,,,0.001,0.023946643722269477,full,16000,16000,1999,0.0,0.023946647000007537
vdn,20262021,source_model,35,final_recipe,,,0.001,0.023943190777726057,full,16000,16000,1999,0.0,0.02394319474994619
vdn,20262021,source_model,36,final_recipe,,,0.001,0.02397944794450369,full,16000,16000,2000,0.0,0.02397945166668958
vdn,20262021,source_model,37,final_recipe,,,0.001,0.02392192858323041,full,16000,16000,1999,0.0,0.023921932083321735
vdn,20262021,source_model,38,final_recipe,,,0.001,0.023931746027794562,full,16000,16000,1999,0.0,0.02393174961118752
vdn,20262021,source_model,39,final_recipe,,,0.001,0.023981480861030934,full,16000,16000,1999,0.0,0.023981484833251063
vdn,20262021,source_model,40,final_recipe,,,0.001,0.023913120472312182,full,16000,16000,1999,0.0,0.023913123888972525
vdn,20262021,source_model,41,final_recipe,,,0.001,0.0239410304166894,full,16000,16000,1999,0.0,0.023941033972272027
vdn,20262021,source_model,42,final_recipe,,,0.001,0.023931653944439153,full,16000,16000,1999,0.0,0.02393165761113374
vdn,20262021,source_model,43,final_recipe,,,0.001,0.023980934750030023,full,16000,16000,2000,0.0,0.023980938305612653
vdn,20262021,source_model,44,final_recipe,,,0.001,0.02392804988879814,full,16000,16000,2000,0.0,0.023928053388889464
vdn,20262021,source_model,45,final_recipe,,,0.001,0.023937112444416722,full,16000,16000,1999,0.0,0.023937117000006967
vdn,20262021,source_model,46,final_recipe,,,0.001,0.02394814349995512,full,16000,16000,2000,0.0,0.023948146916615468
vdn,20262021,source_model,47,final_recipe,,,0.001,0.023917673916762902,full,16000,16000,1999,0.0,0.02391767824999988
vdn,20262021,source_model,48,final_recipe,,,0.001,0.02393920538882311,full,16000,16000,1999,0.0,0.023939208999897044
vdn,20262021,source_model,49,final_recipe,,,0.001,0.023927085222288345,full,16000,16000,2000,0.0,0.023927089138887823
vdn,20262021,source_model,50,final_recipe,,,0.001,0.023952674499919845,full,16000,16000,1999,0.0,0.023952677944390516
vdn,20262021,source_model,51,final_recipe,,,0.001,0.023922880833399378,full,16000,16000,2000,0.0,0.023922884333361354
vdn,20262021,source_model,52,final_recipe,,,0.001,0.023937090611111166,full,16000,16000,1999,0.0,0.023937094444409012
vdn,20262021,source_model,53,final_recipe,,,0.001,0.0239676007500384,full,16000,16000,1999,0.0,0.023967606083282994
vdn,20262021,source_model,54,final_recipe,,,0.001,0.023945825305612137,full,16000,16000,1999,0.0,0.023945829222211616
vdn,20262021,source_model,55,final_recipe,,,0.001,0.023925641055555186,full,16000,16000,2000,0.0,0.023925644444405203
vdn,20262021,source_model,56,final_recipe,,,0.001,0.02393644830548308,full,16000,16000,1999,0.0,0.02393645211109995
vdn,20262021,source_model,57,final_recipe,,,0.001,0.023966155249961756,full,16000,16000,1999,0.0,0.02396615924999221
vdn,20262021,source_model,58,final_recipe,,,0.001,0.023911214499967172,full,16000,16000,1999,0.0,0.023911218194472086
vdn,20262021,source_model,59,final_recipe,,,0.001,0.023928913555573673,full,16000,16000,2000,0.0,0.02392891694442369
vdn,20262021,source_model,60,final_recipe,,,0.001,0.023982214361118772,full,16000,16000,1998,0.0,0.023982217916701402
vdn,20262021,source_model,61,final_recipe,,,0.001,0.02394289533336026,full,16000,16000,2000,0.0,0.023942899083356478
vdn,20262021,source_model,62,final_recipe,,,0.001,0.02390956858328233,full,16000,16000,1998,0.0,0.023909572055563332
vdn,20262021,source_model,63,final_recipe,,,0.001,0.023943462666615636,full,16000,16000,2000,0.0,0.023943466222198267
vdn,20262021,source_model,64,final_recipe,,,0.001,0.023981271916741712,full,16000,16000,1999,0.0,0.023981275444514016
vdn,20262021,source_model,65,final_recipe,,,0.001,0.023930907777717544,full,16000,16000,1998,0.0,0.02393091144441213
vdn,20262021,source_model,66,final_recipe,,,0.001,0.023895523111180712,full,16000,16000,2000,0.0,0.023895527222193777
vdn,20262021,source_model,67,final_recipe,,,0.001,0.0239483289167078,full,16000,16000,2000,0.0,0.02394833291660891
vdn,20262021,source_model,68,final_recipe,,,0.001,0.02391535033329597,full,16000,16000,1998,0.0,0.02391535438881773
vdn,20262021,source_model,69,final_recipe,,,0.001,0.023931987833283427,full,16000,16000,2000,0.0,0.023931991666710624
vdn,20262021,source_model,70,final_recipe,,,0.001,0.023915172416665072,full,16000,16000,2000,0.0,0.02391517611104064
vdn,20262021,source_model,71,final_recipe,,,0.001,0.02396358716663801,full,16000,16000,1999,0.0,0.023963590638919008
vdn,20262021,source_model,72,final_recipe,,,0.001,0.02393329944448649,full,16000,16000,1998,0.0,0.023933304138869668
vdn,20262021,source_model,73,final_recipe,,,0.001,0.02394437913886375,full,16000,16000,1999,0.0,0.023944383500040405
vdn,20262021,source_model,74,final_recipe,,,0.001,0.02398617916662867,full,16000,16000,2000,0.0,0.02398618280551293
vdn,20262021,source_model,75,final_recipe,,,0.001,0.02396564841671433,full,16000,16000,1999,0.0,0.02396565205559859
vdn,20262021,source_model,76,final_recipe,,,0.001,0.023955054277838724,full,16000,16000,2000,0.0,0.02395505802783494
vdn,20262021,source_model,77,final_recipe,,,0.001,0.023975946277819783,full,16000,16000,1999,0.0,0.023975949527876867
vdn,20262021,source_model,78,final_recipe,,,0.001,0.023969286194381614,full,16000,16000,2000,0.0,0.02396928952774033
vdn,20262021,source_model,79,final_recipe,,,0.001,0.023945127333281562,full,16000,16000,1999,0.0,0.023945131222200062
vdn,20262021,source_model,80,final_recipe,,,0.001,0.02394052352782132,full,16000,16000,1999,0.0,0.02394052699997297
vdn,20262021,source_model,81,final_recipe,,,0.001,0.023937326833321195,full,16000,16000,1999,0.0,0.0239373303610935
vdn,20262021,source_model,82,final_recipe,,,0.001,0.02395139883337025,full,16000,16000,1999,0.0,0.023951402666668096
vdn,20262021,source_model,83,final_recipe,,,0.001,0.023936383583350106,full,16000,16000,2000,0.0,0.02393638786109578
vdn,20262021,source_model,84,final_recipe,,,0.001,0.023929752527684388,full,16000,16000,1999,0.0,0.0239297562221893
vdn,20262021,source_model,85,final_recipe,,,0.001,0.023955958666564484,full,16000,16000,1999,0.0,0.023955962527672656
vdn,20262021,source_model,86,final_recipe,,,0.001,0.023913129361010053,full,16000,16000,2000,0.0,0.02391313274998942
vdn,20262021,source_model,87,final_recipe,,,0.001,0.025065983305555872,full,16000,16000,1999,0.0,0.02506598741669829
vdn,20262021,source_model,88,final_recipe,,,0.001,0.02553536080548333,full,16000,16000,1999,0.0,0.02553536477770346
vdn,20262021,source_model,89,final_recipe,,,0.001,0.024592336277710274,full,16000,16000,2000,0.0,0.0245923417500065
vdn,20262021,source_model,90,final_recipe,,,0.001,0.023906351138785895,full,16000,16000,2000,0.0,0.023906354611066893
vdn,20262021,source_model,91,final_recipe,,,0.001,0.02391260761120874,full,16000,16000,1998,0.0,0.023912611527808218
vdn,20262021,source_model,92,final_recipe,,,0.001,0.023916460416641916,full,16000,16000,1999,0.0,0.0239164644444827
vdn,20262021,source_model,93,final_recipe,,,0.001,0.023913878083306674,full,16000,16000,2000,0.0,0.02391388411103334
vdn,20262021,source_model,94,final_recipe,,,0.001,0.023931089555585965,full,16000,16000,2000,0.0,0.023931094722227295
vdn,20262021,source_model,95,final_recipe,,,0.001,0.023929391611082894,full,16000,16000,1998,0.0,0.023929395055553564
vdn,20262021,source_model,96,final_recipe,,,0.001,0.0238955485000689,full,16000,16000,1999,0.0,0.02389555213895316
vdn,20262021,source_model,97,final_recipe,,,0.001,0.023909768305537808,full,16000,16000,2000,0.0,0.023909772055534025
vdn,20262021,source_model,98,final_recipe,,,0.001,0.0239228857778168,full,16000,16000,1999,0.0,0.023922889083365186
vdn,20262021,source_model,99,final_recipe,,,0.001,0.023930603361093542,full,16000,16000,2000,0.0,0.023930607055598456
vdn,20262021,source_model,100,final_recipe,,,0.001,0.023906212999976965,full,16000,16000,1998,0.0,0.023906216611180246
vdn,20262021,source_model,101,final_recipe,,,0.001,0.023903014444383894,full,16000,16000,2000,0.0,0.023903018166569787
vdn,20262021,source_model,102,final_recipe,,,0.001,0.023896144250045635,full,16000,16000,1998,0.0,0.02389614791674022
vdn,20262021,source_model,103,final_recipe,,,0.001,0.023885036111136692,full,16000,16000,1999,0.0,0.02388504061110628
vdn,20262021,source_model,104,final_recipe,,,0.001,0.024892465555652356,full,16000,16000,1999,0.0,0.0248924689723127
vdn,20262021,source_model,105,final_recipe,,,0.001,0.025462826611086106,full,16000,16000,2000,0.0,0.025462830277780693
vdn,20262021,source_model,106,final_recipe,,,0.001,0.025448954388913182,full,16000,16000,2000,0.0,0.025448957972176788
vdn,20262021,source_model,107,final_recipe,,,0.001,0.025480790472227254,full,16000,16000,1999,0.0,0.02548079569435989
vdn,20262021,source_model,108,final_recipe,,,0.001,0.02547499024994775,full,16000,16000,1999,0.0,0.025474993999943966
vdn,20262021,source_model,109,final_recipe,,,0.001,0.025481720611116747,full,16000,16000,1999,0.0,0.0254817241945097
vdn,20262021,source_model,110,final_recipe,,,0.001,0.025472445750039898,full,16000,16000,1998,0.0,0.025472449527717093
vdn,20262021,source_model,111,final_recipe,,,0.001,0.025501080888918497,full,16000,16000,2000,0.0,0.025501084527802757
vdn,20262021,source_model,112,final_recipe,,,0.001,0.025492516833279903,full,16000,16000,2000,0.0,0.02549252111115493
vdn,20262021,source_model,113,final_recipe,,,0.001,0.025461497444452513,full,16000,16000,1999,0.0,0.025461501138828075
vdn,20262021,source_model,114,final_recipe,,,0.001,0.025465514555625204,full,16000,16000,1999,0.0,0.025465518333302396
vdn,20262021,source_model,115,final_recipe,,,0.001,0.02544067897225937,full,16000,16000,2000,0.0,0.02544068244441102
vdn,20262021,source_model,116,final_recipe,,,0.001,0.02546781619441592,full,16000,16000,1998,0.0,0.025467819583265938
vdn,20262021,source_model,117,final_recipe,,,0.001,0.025490525861193117,full,16000,16000,2000,0.0,0.025490529833413246
vdn,20262021,source_model,118,final_recipe,,,0.001,0.025494617444411335,full,16000,16000,1999,0.0,0.025494621499933097
vdn,20262021,source_model,119,final_recipe,,,0.001,0.02548815063886448,full,16000,16000,1999,0.0,0.025488154166636783
vdn,20262021,source_model,120,final_recipe,,,0.001,0.025495685166679324,full,16000,16000,2000,0.0,0.025495689833252174
vdn,20262021,source_model,121,final_recipe,,,0.001,0.02548785200006225,full,16000,16000,1999,0.0,0.02548785544453292
vdn,20262021,source_model,122,final_recipe,,,0.001,0.025482512972214155,full,16000,16000,1999,0.0,0.02548251666671907
vdn,20262021,source_model,123,final_recipe,,,0.001,0.025458066611188566,full,16000,16000,1999,0.0,0.025458069944547284
vdn,20262021,source_model,124,final_recipe,,,0.001,0.02548379513887792,full,16000,16000,2000,0.0,0.02548379913890838
vdn,20262021,source_model,125,final_recipe,,,0.001,0.025498076499983046,full,16000,16000,1999,0.0,0.02549808022216894
vdn,20262021,source_model,126,final_recipe,,,0.001,0.025473946888879356,full,16000,16000,1999,0.0,0.02547395038884133
vdn,20262021,source_model,127,final_recipe,,,0.001,0.02549846938888853,full,16000,16000,1998,0.0,0.025498473055583115
vdn,20262021,source_model,128,final_recipe,,,0.001,0.025479025499921086,full,16000,16000,2000,0.0,0.02547902936102926
vdn,20262021,source_model,129,final_recipe,,,0.001,0.02544330319441441,full,16000,16000,1999,0.0,0.025443307305556825
vdn,20262021,source_model,130,final_recipe,,,0.001,0.025470077166618366,full,16000,16000,2000,0.0,0.025470082722216222
vdn,20262021,source_model,131,final_recipe,,,0.001,0.02548467563892094,full,16000,16000,1999,0.0,0.025484679472218785
vdn,20262021,source_model,132,final_recipe,,,0.001,0.02545881197231615,full,16000,16000,1999,0.0,0.025458818666714553
vdn,20262021,source_model,133,final_recipe,,,0.001,0.025508531861058954,full,16000,16000,2000,0.0,0.02550853544445191
vdn,20262021,source_model,134,final_recipe,,,0.001,0.02551165833331955,full,16000,16000,1999,0.0,0.025511661916712506
vdn,20262021,source_model,135,final_recipe,,,0.001,0.025506999666621493,full,16000,16000,1999,0.0,0.0255070039721775
vdn,20262021,source_model,136,final_recipe,,,0.001,0.025489767972224704,full,16000,16000,1999,0.0,0.025489771694410593
vdn,20262021,source_model,137,final_recipe,,,0.001,0.025482118555551603,full,16000,16000,1999,0.0,0.025482122694504342
vdn,20262021,source_model,138,final_recipe,,,0.001,0.025487784611112955,full,16000,16000,1999,0.0,0.025487787833359712
vdn,20262021,source_model,139,final_recipe,,,0.001,0.02549981338890373,full,16000,16000,1999,0.0,0.025499816888865705
vdn,20262021,source_model,140,final_recipe,,,0.001,0.025486347916691254,full,16000,16000,1999,0.0,0.02548635297222063
vdn,20262021,source_model,141,final_recipe,,,0.0001,0.025501441249960205,full,16000,16000,2000,0.0,0.02550144477773251
vdn,20262021,source_model,142,final_recipe,,,0.0001,0.02550987877779537,full,16000,16000,1999,0.0,0.025509882166645386
vdn,20262021,source_model,143,final_recipe,,,0.0001,0.025491774666588755,full,16000,16000,1999,0.0,0.02549177833328334
vdn,20262021,source_model,144,final_recipe,,,0.0001,0.0254957100276887,full,16000,16000,2000,0.0,0.025495713805495243
vdn,20262021,source_model,145,final_recipe,,,0.0001,0.025494880000025862,full,16000,16000,1999,0.0,0.025494883638910122
vdn,20262021,source_model,146,final_recipe,,,0.0001,0.025455028666700755,full,16000,16000,1999,0.0,0.025455031944438815
vdn,20262021,source_model,147,final_recipe,,,0.0001,0.025480202194432623,full,16000,16000,2000,0.0,0.02548020680551417
vdn,20262021,source_model,148,final_recipe,,,0.0001,0.02550370663883061,full,16000,16000,1999,0.0,0.025503710472128457
vdn,20262021,source_model,149,final_recipe,,,0.0001,0.025443698361050336,full,16000,16000,2000,0.0,0.02544370197225362
vdn,20262021,source_model,150,final_recipe,,,0.0001,0.02550479199996011,full,16000,16000,1998,0.0,0.02550479555554274
vdn,20262021,source_model,151,final_recipe,,,0.0001,0.025516621972201392,full,16000,16000,1999,0.0,0.025516625555464998
vdn,20262021,source_model,152,final_recipe,,,0.0001,0.02549392594451395,full,16000,16000,2000,0.0,0.02549392933336397
vdn,20262021,source_model,153,final_recipe,,,0.0001,0.02545689975002056,full,16000,16000,2000,0.0,0.025456905444411353
vdn,20262021,source_model,154,final_recipe,,,0.0001,0.025512013499909596,full,16000,16000,1999,0.0,0.02551201805549984
vdn,20262021,source_model,155,final_recipe,,,0.0001,0.025496263861035307,full,16000,16000,2000,0.0,0.025496268027798377
vdn,20262021,source_model,156,final_recipe,,,0.0001,0.025499232777834144,full,16000,16000,1999,0.0,0.025499237027769496
vdn,20262021,source_model,157,final_recipe,,,0.0001,0.025477637472277923,full,16000,16000,1998,0.0,0.025477640833446964
vdn,20262021,source_model,158,final_recipe,,,0.0001,0.025463341277791186,full,16000,16000,2000,0.0,0.025463348194413506
vdn,20262021,source_model,159,final_recipe,,,0.0001,0.02548881394439377,full,16000,16000,1999,0.0,0.025488817499976398
vdn,20262021,source_model,160,final_recipe,,,0.0001,0.025468799555544847,full,16000,16000,1999,0.0,0.02546880677782206
vdn,20262021,source_model,161,final_recipe,,,0.0001,0.025465431416717667,full,16000,16000,2000,0.0,0.025465434999981273
vdn,20262021,source_model,162,final_recipe,,,0.0001,0.02548928733333014,full,16000,16000,1999,0.0,0.025489291250058967
vdn,20262021,source_model,163,final_recipe,,,0.0001,0.025492257305627895,full,16000,16000,1999,0.0,0.025492260722288242
vdn,20262021,source_model,164,final_recipe,,,0.0001,0.02549377975002345,full,16000,16000,2000,0.0,0.02549378702779197
vdn,20262021,source_model,165,final_recipe,,,0.0001,0.025500394083404293,full,16000,16000,2000,0.0,0.025500398055624422
vdn,20262021,source_model,166,final_recipe,,,0.0001,0.025506013999951796,full,16000,16000,1999,0.0,0.02550601802766323
vdn,20262021,source_model,167,final_recipe,,,0.0001,0.02549371119446328,full,16000,16000,1999,0.0,0.02549371483334754
vdn,20262021,source_model,168,final_recipe,,,0.0001,0.02547054427766448,full,16000,16000,1999,0.0,0.025470548055471026
vdn,20262021,source_model,169,final_recipe,,,0.0001,0.025461139055615704,full,16000,16000,2000,0.0,0.025461142222241807
vdn,20262021,source_model,170,final_recipe,,,0.0001,0.025495107722235844,full,16000,16000,1998,0.0,0.025495111944490216
vdn,20262021,source_model,171,final_recipe,,,0.0001,0.025484631694465253,full,16000,16000,2000,0.0,0.0254846358889093
vdn,20262021,source_model,172,final_recipe,,,0.0001,0.025493373833338006,full,16000,16000,2000,0.0,0.025493378083273354
vdn,20262021,source_model,173,final_recipe,,,0.0001,0.025491720638884646,full,16000,16000,1999,0.0,0.0254917246389151
vdn,20262021,source_model,174,final_recipe,,,0.0001,0.025485749027769393,full,16000,16000,1999,0.0,0.02548575269446398
vdn,20262021,source_model,175,final_recipe,,,0.0001,0.02549388725000123,full,16000,16000,2000,0.0,0.025493891305522993
vdn,20262021,source_model,176,final_recipe,,,0.0001,0.025508613277795827,full,16000,16000,1999,0.0,0.025508616916680087
vdn,20262021,source_model,177,final_recipe,,,0.0001,0.02549686491657566,full,16000,16000,1999,0.0,0.025496868750002857
vdn,20262021,source_model,178,final_recipe,,,0.0001,0.02549536872228297,full,16000,16000,2000,0.0,0.025495372833425387
vdn,20262021,source_model,179,final_recipe,,,0.0001,0.025493818222182905,full,16000,16000,1999,0.0,0.025493821861067165
vdn,20262021,source_model,180,final_recipe,,,0.0001,0.02551988605552146,full,16000,16000,2000,0.0,0.025519889777836702
vdn,20262021,source_model,181,final_recipe,,,0.0001,0.025471627472175493,full,16000,16000,1998,0.0,0.025471631083378774
vdn,20262021,source_model,182,final_recipe,,,0.0001,0.025476464916589774,full,16000,16000,1999,0.0,0.025476469666593605
vdn,20262021,source_model,183,final_recipe,,,0.0001,0.025488542083314518,full,16000,16000,2000,0.0,0.025488545833310734
vdn,20262021,source_model,184,final_recipe,,,0.0001,0.025516190138878302,full,16000,16000,1999,0.0,0.025516193999986475
vdn,20262021,source_model,185,final_recipe,,,0.0001,0.0255131791666564,full,16000,16000,1999,0.0,0.025513183305479793
vdn,20262021,source_model,186,final_recipe,,,0.0001,0.025497136833404915,full,16000,16000,1999,0.0,0.025497140555590804
vdn,20262021,source_model,187,final_recipe,,,0.0001,0.02551537102773889,full,16000,16000,2000,0.0,0.02551537536110522
vdn,20262021,source_model,188,final_recipe,,,0.0001,0.025482485861025958,full,16000,16000,1999,0.0,0.025482490222202614
vdn,20262021,source_model,189,final_recipe,,,0.0001,0.025497181138877445,full,16000,16000,1999,0.0,0.025497184861063338
vdn,20262021,source_model,190,final_recipe,,,0.0001,0.02549093619441717,full,16000,16000,2000,0.0,0.025490941083343287
vdn,20262021,source_model,191,final_recipe,,,1e-05,0.025447854694470556,full,16000,16000,1999,0.0,0.025447858250053187
vdn,20262021,source_model,192,final_recipe,,,1e-05,0.025492443833370796,full,16000,16000,2000,0.0,0.025492447194539837
vdn,20262021,source_model,193,final_recipe,,,1e-05,0.02552109797226472,full,16000,16000,1999,0.0,0.025521102083407136
vdn,20262021,source_model,194,final_recipe,,,1e-05,0.025495926194384486,full,16000,16000,1998,0.0,0.025495932444335064
vdn,20262021,source_model,195,final_recipe,,,1e-05,0.02548352083333561,full,16000,16000,2000,0.0,0.025483524472219868
vdn,20262021,source_model,196,final_recipe,,,1e-05,0.025480358055534048,full,16000,16000,1999,0.0,0.02548036183334059
vdn,20262021,source_model,197,final_recipe,,,1e-05,0.02544698144438573,full,16000,16000,1999,0.0,0.025446984972158034
vdn,20262021,source_model,198,final_recipe,,,1e-05,0.025503576083445095,full,16000,16000,2000,0.0,0.025503580416682072
vdn,20262021,source_model,199,final_recipe,,,1e-05,0.025497337555538655,full,16000,16000,1998,0.0,0.02549734149994846
vdn,20262021,source_model,200,final_recipe,,,1e-05,0.025450083611067386,full,16000,16000,2000,0.0,0.025450088166657628
vdn,20262022,source_model,1,final_recipe,,,0.001,0.027344200916640048,full,16000,16000,2000,0.0,0.027344205888867792
vdn,20262022,source_model,2,final_recipe,,,0.001,0.02553517019440834,full,16000,16000,2000,0.0,0.025535174666696952
vdn,20262022,source_model,3,final_recipe,,,0.001,0.025549459388971123,full,16000,16000,2000,0.0,0.025549465666732028
vdn,20262022,source_model,4,final_recipe,,,0.001,0.025532692805605217,full,16000,16000,2000,0.0,0.025532697638910678
vdn,20262022,source_model,5,final_recipe,,,0.001,0.025474778138903073,full,16000,16000,2000,0.0,0.02547478266668299
vdn,20262022,source_model,6,final_recipe,,,0.001,0.025507479805576924,full,16000,16000,2000,0.0,0.025507484305675867
vdn,20262022,source_model,7,final_recipe,,,0.001,0.025486345583340154,full,16000,16000,2000,0.0,0.0254863509167141
vdn,20262022,source_model,8,final_recipe,,,0.001,0.025498708611121402,full,16000,16000,2000,0.0,0.025498712722263818
vdn,20262022,source_model,9,final_recipe,,,0.001,0.025499125611192237,full,16000,16000,2000,0.0,0.025499132555624884
vdn,20262022,source_model,10,final_recipe,,,0.001,0.025482328611089743,full,16000,16000,2000,0.0,0.02548233291664575
vdn,20262022,source_model,11,final_recipe,,,0.001,0.02549608213891689,full,16000,16000,2000,0.0,0.025496086611205504
vdn,20262022,source_model,12,final_recipe,,,0.001,0.025503201333340258,full,16000,16000,2000,0.0,0.02550320572219789
vdn,20262022,source_model,13,final_recipe,,,0.001,0.02552263458337014,full,16000,16000,2000,0.0,0.025522638750003858
vdn,20262022,source_model,14,final_recipe,,,0.001,0.02553773969450655,full,16000,16000,2000,0.0,0.02553774377783864
vdn,20262022,source_model,15,final_recipe,,,0.001,0.0255389917777696,full,16000,16000,1999,0.0,0.025538995638877775
vdn,20262022,source_model,16,final_recipe,,,0.001,0.025511637138875408,full,16000,16000,2000,0.0,0.025511641027793908
vdn,20262022,source_model,17,final_recipe,,,0.001,0.025534571500029416,full,16000,16000,1999,0.0,0.02553457544443922
vdn,20262022,source_model,18,final_recipe,,,0.001,0.025499431277728742,full,16000,16000,2000,0.0,0.025499435499983115
vdn,20262022,source_model,19,final_recipe,,,0.001,0.025530640972234928,full,16000,16000,1999,0.0,0.025530644972265388
vdn,20262022,source_model,20,final_recipe,,,0.001,0.025541992305596877,full,16000,16000,2000,0.0,0.02554199636111864
vdn,20262022,source_model,21,final_recipe,,,0.001,0.02551286469446495,full,16000,16000,1999,0.0,0.02551286808331497
vdn,20262022,source_model,22,final_recipe,,,0.001,0.02552154374994441,full,16000,16000,1998,0.0,0.025521547416638996
vdn,20262022,source_model,23,final_recipe,,,0.001,0.025551075249936224,full,16000,16000,2000,0.0,0.025551080805534084
vdn,20262022,source_model,24,final_recipe,,,0.001,0.025490183166693894,full,16000,16000,2000,0.0,0.02549018738881892
vdn,20262022,source_model,25,final_recipe,,,0.001,0.025556125111179426,full,16000,16000,1999,0.0,0.025556128805554988
vdn,20262022,source_model,26,final_recipe,,,0.001,0.02552681072227036,full,16000,16000,1999,0.0,0.025526837861139535
vdn,20262022,source_model,27,final_recipe,,,0.001,0.025478898000049714,full,16000,16000,1999,0.0,0.0254789020278905
vdn,20262022,source_model,28,final_recipe,,,0.001,0.025503248500042697,full,16000,16000,1999,0.0,0.025503252694486743
vdn,20262022,source_model,29,final_recipe,,,0.001,0.02552447655548652,full,16000,16000,1999,0.0,0.025524480416594695
vdn,20262022,source_model,30,final_recipe,,,0.001,0.025516478666621777,full,16000,16000,1999,0.0,0.025516482138902778
vdn,20262022,source_model,31,final_recipe,,,0.001,0.025507493222313417,full,16000,16000,1999,0.0,0.025507496861197677
vdn,20262022,source_model,32,final_recipe,,,0.001,0.025515291861051486,full,16000,16000,2000,0.0,0.025515296472262385
vdn,20262022,source_model,33,final_recipe,,,0.001,0.02547958549991664,full,16000,16000,1999,0.0,0.025479589027688942
vdn,20262022,source_model,34,final_recipe,,,0.001,0.025530678166671553,full,16000,16000,1999,0.0,0.025530682138891685
vdn,20262022,source_model,35,final_recipe,,,0.001,0.025361802694517085,full,16000,16000,1999,0.0,0.025361806333401345
vdn,20262022,source_model,36,final_recipe,,,0.001,0.023908404611154562,full,16000,16000,2000,0.0,0.023908408250038822
vdn,20262022,source_model,37,final_recipe,,,0.001,0.023949692083341585,full,16000,16000,1999,0.0,0.023949697277793246
vdn,20262022,source_model,38,final_recipe,,,0.001,0.023942002666622608,full,16000,16000,1999,0.0,0.023942006666653064
vdn,20262022,source_model,39,final_recipe,,,0.001,0.023893697111117135,full,16000,16000,1999,0.0,0.023893701111147594
vdn,20262022,source_model,40,final_recipe,,,0.001,0.023953647722179693,full,16000,16000,1999,0.0,0.023953651055538407
vdn,20262022,source_model,41,final_recipe,,,0.001,0.023947180944443165,full,16000,16000,2000,0.0,0.023947184805551337
vdn,20262022,source_model,42,final_recipe,,,0.001,0.02393095999994936,full,16000,16000,1999,0.0,0.02393096338892873
vdn,20262022,source_model,43,final_recipe,,,0.001,0.023918211833289307,full,16000,16000,1999,0.0,0.02391821577769911
vdn,20262022,source_model,44,final_recipe,,,0.001,0.023944709666668333,full,16000,16000,1999,0.0,0.02394471402784499
vdn,20262022,source_model,45,final_recipe,,,0.001,0.0239329277498958,full,16000,16000,2000,0.0,0.023932931305478432
vdn,20262022,source_model,46,final_recipe,,,0.001,0.023929574666674145,full,16000,16000,2000,0.0,0.023929578833437215
vdn,20262022,source_model,47,final_recipe,,,0.001,0.02389412077777605,full,16000,16000,1999,0.0,0.023894124555582593
vdn,20262022,source_model,48,final_recipe,,,0.001,0.02392050286108214,full,16000,16000,1999,0.0,0.02392050675000064
vdn,20262022,source_model,49,final_recipe,,,0.001,0.02392574194443619,full,16000,16000,1999,0.0,0.023925745305475882
vdn,20262022,source_model,50,final_recipe,,,0.001,0.023928986861137674,full,16000,16000,1999,0.0,0.023928990416590953
vdn,20262022,source_model,51,final_recipe,,,0.001,0.023937052555589214,full,16000,16000,2000,0.0,0.023937055999930533
vdn,20262022,source_model,52,final_recipe,,,0.001,0.023892579666701042,full,16000,16000,1998,0.0,0.023892583444378234
vdn,20262022,source_model,53,final_recipe,,,0.001,0.023932691166668924,full,16000,16000,1999,0.0,0.023932694611139595
vdn,20262022,source_model,54,final_recipe,,,0.001,0.023947927944439774,full,16000,16000,2000,0.0,0.023947931833358273
vdn,20262022,source_model,55,final_recipe,,,0.001,0.023949520027834095,full,16000,16000,2000,0.0,0.023949523444494438
vdn,20262022,source_model,56,final_recipe,,,0.001,0.023924927388887025,full,16000,16000,1998,0.0,0.023924930666625085
vdn,20262022,source_model,57,final_recipe,,,0.001,0.023918861638909827,full,16000,16000,2000,0.0,0.023918865555638654
vdn,20262022,source_model,58,final_recipe,,,0.001,0.02392159013892524,full,16000,16000,1999,0.0,0.02392159438898994
vdn,20262022,source_model,59,final_recipe,,,0.001,0.023936789972293707,full,16000,16000,2000,0.0,0.023936794055625796
vdn,20262022,source_model,60,final_recipe,,,0.001,0.023926373611126716,full,16000,16000,1999,0.0,0.02392637722220065
vdn,20262022,source_model,61,final_recipe,,,0.001,0.023914456416645812,full,16000,16000,1999,0.0,0.023914460027719745
vdn,20262022,source_model,62,final_recipe,,,0.001,0.023927493527816195,full,16000,16000,2000,0.0,0.02392749686117491
vdn,20262022,source_model,63,final_recipe,,,0.001,0.023936897916589966,full,16000,16000,1999,0.0,0.023936902027732382
vdn,20262022,source_model,64,final_recipe,,,0.001,0.024020435833372177,full,16000,16000,1999,0.0,0.024020439222222193
vdn,20262022,source_model,65,final_recipe,,,0.001,0.025561523055528394,full,16000,16000,1999,0.0,0.025561526777843634
vdn,20262022,source_model,66,final_recipe,,,0.001,0.02551726661118058,full,16000,16000,1999,0.0,0.025517270277875165
vdn,20262022,source_model,67,final_recipe,,,0.001,0.02548688755551767,full,16000,16000,2000,0.0,0.025486891388815516
vdn,20262022,source_model,68,final_recipe,,,0.001,0.025477061472289887,full,16000,16000,1999,0.0,0.02547706680566383
vdn,20262022,source_model,69,final_recipe,,,0.001,0.025517810833278216,full,16000,16000,2000,0.0,0.02551781547217009
vdn,20262022,source_model,70,final_recipe,,,0.001,0.025475417333267008,full,16000,16000,1998,0.0,0.025475421444409424
vdn,20262022,source_model,71,final_recipe,,,0.001,0.0255051000832787,full,16000,16000,2000,0.0,0.025505103861085242
vdn,20262022,source_model,72,final_recipe,,,0.001,0.02549781705550332,full,16000,16000,1999,0.0,0.025497820722197907
vdn,20262022,source_model,73,final_recipe,,,0.001,0.025530089111093224,full,16000,16000,1999,0.0,0.02553009313893401
vdn,20262022,source_model,74,final_recipe,,,0.001,0.025465403944512622,full,16000,16000,2000,0.0,0.02546540811114634
vdn,20262022,source_model,75,final_recipe,,,0.001,0.025471313861069374,full,16000,16000,1999,0.0,0.025471318000022114
vdn,20262022,source_model,76,final_recipe,,,0.001,0.025488290361051137,full,16000,16000,1998,0.0,0.025488293944444095
vdn,20262022,source_model,77,final_recipe,,,0.001,0.025470330166604577,full,16000,16000,2000,0.0,0.025470333833299164
vdn,20262022,source_model,78,final_recipe,,,0.001,0.025499588499983978,full,16000,16000,2000,0.0,0.02549959211105791
vdn,20262022,source_model,79,final_recipe,,,0.001,0.025474126250095045,full,16000,16000,1999,0.0,0.025474129805548324
vdn,20262022,source_model,80,final_recipe,,,0.001,0.02546251841665556,full,16000,16000,1999,0.0,0.025462522083220796
vdn,20262022,source_model,81,final_recipe,,,0.001,0.02550593797220952,full,16000,16000,1999,0.0,0.02550594230557585
vdn,20262022,source_model,82,final_recipe,,,0.001,0.025506944722211402,full,16000,16000,2000,0.0,0.025506948583319575
vdn,20262022,source_model,83,final_recipe,,,0.001,0.02549481847219997,full,16000,16000,1999,0.0,0.0254948224444201
vdn,20262022,source_model,84,final_recipe,,,0.001,0.02550876880556138,full,16000,16000,1998,0.0,0.02550877280559184
vdn,20262022,source_model,85,final_recipe,,,0.001,0.025464938222301295,full,16000,16000,1999,0.0,0.025464941694452944
vdn,20262022,source_model,86,final_recipe,,,0.001,0.025515128000018497,full,16000,16000,2000,0.0,0.02551513127788591
vdn,20262022,source_model,87,final_recipe,,,0.001,0.02551674422225915,full,16000,16000,1999,0.0,0.025516748083367322
vdn,20262022,source_model,88,final_recipe,,,0.001,0.0255143959443861,full,16000,16000,2000,0.0,0.025514399444348076
vdn,20262022,source_model,89,final_recipe,,,0.001,0.025483962000063105,full,16000,16000,1998,0.0,0.02548396563894736
vdn,20262022,source_model,90,final_recipe,,,0.001,0.025471466305510452,full,16000,16000,1999,0.0,0.025471469833282755
vdn,20262022,source_model,91,final_recipe,,,0.001,0.025490549166635092,full,16000,16000,2000,0.0,0.02549055291676066
vdn,20262022,source_model,92,final_recipe,,,0.001,0.025455459666619492,full,16000,16000,1999,0.0,0.025455463361124406
vdn,20262022,source_model,93,final_recipe,,,0.001,0.0254905659722216,full,16000,16000,1999,0.0,0.025490569583295535
vdn,20262022,source_model,94,final_recipe,,,0.001,0.025462881916642397,full,16000,16000,1999,0.0,0.02546288525000111
vdn,20262022,source_model,95,final_recipe,,,0.001,0.025463537777799906,full,16000,16000,2000,0.0,0.02546354161109775
vdn,20262022,source_model,96,final_recipe,,,0.001,0.025465203722188662,full,16000,16000,1999,0.0,0.02546520722227999
vdn,20262022,source_model,97,final_recipe,,,0.001,0.0254837676944832,full,16000,16000,1999,0.0,0.025483771972228876
vdn,20262022,source_model,98,final_recipe,,,0.001,0.025509646222279924,full,16000,16000,2000,0.0,0.02550965013900875
vdn,20262022,source_model,99,final_recipe,,,0.001,0.02547683905551417,full,16000,16000,1999,0.0,0.025476846638937584
vdn,20262022,source_model,100,final_recipe,,,0.001,0.025488200361141935,full,16000,16000,2000,0.0,0.02548820419443978
vdn,20262022,source_model,101,final_recipe,,,0.001,0.02550396486107881,full,16000,16000,1999,0.0,0.025503968777807636
vdn,20262022,source_model,102,final_recipe,,,0.001,0.025488540111109615,full,16000,16000,2000,0.0,0.02548854361107159
vdn,20262022,source_model,103,final_recipe,,,0.001,0.025472964000008588,full,16000,16000,1999,0.0,0.025472972249974392
vdn,20262022,source_model,104,final_recipe,,,0.001,0.025521999000080137,full,16000,16000,1999,0.0,0.02552200241674048
vdn,20262022,source_model,105,final_recipe,,,0.001,0.02551279736100696,full,16000,16000,1999,0.0,0.025512800861098285
vdn,20262022,source_model,106,final_recipe,,,0.001,0.025500009749990164,full,16000,16000,2000,0.0,0.025500013805511926
vdn,20262022,source_model,107,final_recipe,,,0.001,0.02550456816666863,full,16000,16000,2000,0.0,0.025504572444543655
vdn,20262022,source_model,108,final_recipe,,,0.001,0.025458054972114043,full,16000,16000,1998,0.0,0.025458059083256455
vdn,20262022,source_model,109,final_recipe,,,0.001,0.025519106000040967,full,16000,16000,2000,0.0,0.025519110277786645
vdn,20262022,source_model,110,final_recipe,,,0.001,0.025512628305651663,full,16000,16000,2000,0.0,0.025512632000027225
vdn,20262022,source_model,111,final_recipe,,,0.001,0.02550139569444582,full,16000,16000,1999,0.0,0.02550139974996758
vdn,20262022,source_model,112,final_recipe,,,0.001,0.025464357499990407,full,16000,16000,1998,0.0,0.025464361333288252
vdn,20262022,source_model,113,final_recipe,,,0.001,0.025507678000075328,full,16000,16000,1999,0.0,0.025507681583338934
vdn,20262022,source_model,114,final_recipe,,,0.001,0.025508268388867793,full,16000,16000,2000,0.0,0.025508272472199882
vdn,20262022,source_model,115,final_recipe,,,0.001,0.02550951055561503,full,16000,16000,1999,0.0,0.025509514638947114
vdn,20262022,source_model,116,final_recipe,,,0.001,0.025513899027783837,full,16000,16000,1999,0.0,0.02551390300000397
vdn,20262022,source_model,117,final_recipe,,,0.001,0.025490880249999463,full,16000,16000,2000,0.0,0.02549088411110764
vdn,20262022,source_model,118,final_recipe,,,0.001,0.0255124524445273,full,16000,16000,2000,0.0,0.025512455944489275
vdn,20262022,source_model,119,final_recipe,,,0.001,0.02550026563888726,full,16000,16000,1998,0.0,0.025500269250090545
vdn,20262022,source_model,120,final_recipe,,,0.001,0.025470211416638147,full,16000,16000,2000,0.0,0.025470215305556647
vdn,20262022,source_model,121,final_recipe,,,0.001,0.0255101731667916,full,16000,16000,1999,0.0,0.025510176694563902
vdn,20262022,source_model,122,final_recipe,,,0.001,0.02546874230546463,full,16000,16000,2000,0.0,0.02546874661102063
vdn,20262022,source_model,123,final_recipe,,,0.001,0.02546779713890929,full,16000,16000,1999,0.0,0.025467801250051707
vdn,20262022,source_model,124,final_recipe,,,0.001,0.025454541472200717,full,16000,16000,1999,0.0,0.02545454527781759
vdn,20262022,source_model,125,final_recipe,,,0.001,0.025501893083435586,full,16000,16000,2000,0.0,0.02550189686111278
vdn,20262022,source_model,126,final_recipe,,,0.001,0.02549614144450364,full,16000,16000,1999,0.0,0.025496145027767245
vdn,20262022,source_model,127,final_recipe,,,0.001,0.0254766886387693,full,16000,16000,2000,0.0,0.025476692583308452
vdn,20262022,source_model,128,final_recipe,,,0.001,0.02550356936110701,full,16000,16000,1999,0.0,0.025503573138913552
vdn,20262022,source_model,129,final_recipe,,,0.001,0.025487547111050744,full,16000,16000,1998,0.0,0.025487550388918156
vdn,20262022,source_model,130,final_recipe,,,0.001,0.025473402666652368,full,16000,16000,2000,0.0,0.025473406305536628
vdn,20262022,source_model,131,final_recipe,,,0.001,0.02547102961107157,full,16000,16000,2000,0.0,0.02547103324995583
vdn,20262022,source_model,132,final_recipe,,,0.001,0.02547107680558434,full,16000,16000,1999,0.0,0.025471080833425124
vdn,20262022,source_model,133,final_recipe,,,0.001,0.025499990416638967,full,16000,16000,1999,0.0,0.025499994055523226
vdn,20262022,source_model,134,final_recipe,,,0.001,0.025487809805458204,full,16000,16000,1999,0.0,0.025487813611075074
vdn,20262022,source_model,135,final_recipe,,,0.001,0.025493522388860584,full,16000,16000,1999,0.0,0.02549352630546006
vdn,20262022,source_model,136,final_recipe,,,0.001,0.025499411111102543,full,16000,16000,2000,0.0,0.02549941555558083
vdn,20262022,source_model,137,final_recipe,,,0.001,0.025500982666724466,full,16000,16000,2000,0.0,0.02550098650002231
vdn,20262022,source_model,138,final_recipe,,,0.001,0.025504505888998715,full,16000,16000,1999,0.0,0.025504509305659062
vdn,20262022,source_model,139,final_recipe,,,0.001,0.025458119749997017,full,16000,16000,1999,0.0,0.025458123944441063
vdn,20262022,source_model,140,final_recipe,,,0.001,0.02549533755557301,full,16000,16000,1999,0.0,0.025495342638912715
vdn,20262022,source_model,141,final_recipe,,,0.0001,0.025508487333362508,full,16000,16000,2000,0.0,0.025508491611108183
vdn,20262022,source_model,142,final_recipe,,,0.0001,0.025463114166632293,full,16000,16000,2000,0.0,0.025463118833334495
vdn,20262022,source_model,143,final_recipe,,,0.0001,0.025476340833378748,full,16000,16000,1999,0.0,0.02547634436115105
vdn,20262022,source_model,144,final_recipe,,,0.0001,0.025462935333295415,full,16000,16000,1999,0.0,0.0254629397777737
vdn,20262022,source_model,145,final_recipe,,,0.0001,0.025504741138882108,full,16000,16000,1999,0.0,0.02550474499999028
vdn,20262022,source_model,146,final_recipe,,,0.0001,0.025494957944481738,full,16000,16000,2000,0.0,0.025494961972193173
vdn,20262022,source_model,147,final_recipe,,,0.0001,0.025501055388918354,full,16000,16000,1999,0.0,0.02550105905561294
vdn,20262022,source_model,148,final_recipe,,,0.0001,0.025508098611090747,full,16000,16000,1999,0.0,0.025508102166673374
vdn,20262022,source_model,149,final_recipe,,,0.0001,0.025502961722150858,full,16000,16000,2000,0.0,0.02550296519443186
vdn,20262022,source_model,150,final_recipe,,,0.0001,0.02548144600004889,full,16000,16000,1999,0.0,0.025481449972269022
vdn,20262022,source_model,151,final_recipe,,,0.0001,0.025547168388859266,full,16000,16000,1998,0.0,0.02554717180551961
vdn,20262022,source_model,152,final_recipe,,,0.0001,0.025530514555543456,full,16000,16000,2000,0.0,0.0255305187499875
vdn,20262022,source_model,153,final_recipe,,,0.0001,0.02548798158337983,full,16000,16000,2000,0.0,0.025487986111159745
vdn,20262022,source_model,154,final_recipe,,,0.0001,0.025526783944418034,full,16000,16000,1999,0.0,0.02552678986116209
vdn,20262022,source_model,155,final_recipe,,,0.0001,0.025512104333352506,full,16000,16000,1999,0.0,0.02551210791674546
vdn,20262022,source_model,156,final_recipe,,,0.0001,0.025498401388888144,full,16000,16000,2000,0.0,0.025498405027772404
vdn,20262022,source_model,157,final_recipe,,,0.0001,0.025469814083383727,full,16000,16000,1999,0.0,0.02546981925002506
vdn,20262022,source_model,158,final_recipe,,,0.0001,0.025480571527732535,full,16000,16000,1999,0.0,0.025480575888779843
vdn,20262022,source_model,159,final_recipe,,,0.0001,0.02547544283326715,full,16000,16000,1999,0.0,0.025475446194436195
vdn,20262022,source_model,160,final_recipe,,,0.0001,0.02552399294437944,full,16000,16000,2000,0.0,0.025523996666694682
vdn,20262022,source_model,161,final_recipe,,,0.0001,0.025444914250013728,full,16000,16000,1999,0.0,0.025444917833277333
vdn,20262022,source_model,162,final_recipe,,,0.0001,0.02550177108328272,full,16000,16000,1999,0.0,0.02550177455556372
vdn,20262022,source_model,163,final_recipe,,,0.0001,0.025472651888849215,full,16000,16000,2000,0.0,0.0254726555555438
vdn,20262022,source_model,164,final_recipe,,,0.0001,0.025513723361073062,full,16000,16000,1999,0.0,0.02551372686103504
vdn,20262022,source_model,165,final_recipe,,,0.0001,0.025494398527726943,full,16000,16000,2000,0.0,0.025494402138800876
vdn,20262022,source_model,166,final_recipe,,,0.0001,0.025513193777814094,full,16000,16000,1999,0.0,0.025513197750034224
vdn,20262022,source_model,167,final_recipe,,,0.0001,0.025492551250046947,full,16000,16000,1999,0.0,0.025492555583283925
vdn,20262022,source_model,168,final_recipe,,,0.0001,0.025503795222224047,full,16000,16000,1999,0.0,0.025503798861108307
vdn,20262022,source_model,169,final_recipe,,,0.0001,0.025467854638894397,full,16000,16000,1999,0.0,0.025467858666735184
vdn,20262022,source_model,170,final_recipe,,,0.0001,0.025450206527796886,full,16000,16000,1999,0.0,0.025450212666635504
vdn,20262022,source_model,171,final_recipe,,,0.0001,0.025512985916575418,full,16000,16000,2000,0.0,0.025512989499968372
vdn,20262022,source_model,172,final_recipe,,,0.0001,0.025449501555542358,full,16000,16000,2000,0.0,0.025449505666684774
vdn,20262022,source_model,173,final_recipe,,,0.0001,0.025474246388896265,full,16000,16000,1999,0.0,0.025474249777746285
vdn,20262022,source_model,174,final_recipe,,,0.0001,0.02548455169450285,full,16000,16000,1998,0.0,0.025484555111163192
vdn,20262022,source_model,175,final_recipe,,,0.0001,0.025470157166710125,full,16000,16000,2000,0.0,0.0254701614444558
vdn,20262022,source_model,176,final_recipe,,,0.0001,0.02544969741656031,full,16000,16000,1998,0.0,0.025449701527702727
vdn,20262022,source_model,177,final_recipe,,,0.0001,0.02546668911106988,full,16000,16000,2000,0.0,0.02546669344443621
vdn,20262022,source_model,178,final_recipe,,,0.0001,0.025490781055478792,full,16000,16000,2000,0.0,0.025490784611061423
vdn,20262022,source_model,179,final_recipe,,,0.0001,0.025502222083224398,full,16000,16000,1999,0.0,0.025502225916651595
vdn,20262022,source_model,180,final_recipe,,,0.0001,0.025502299999999298,full,16000,16000,1999,0.0,0.02550230349996127
vdn,20262022,source_model,181,final_recipe,,,0.0001,0.025467749333345436,full,16000,16000,2000,0.0,0.02546775294441937
vdn,20262022,source_model,182,final_recipe,,,0.0001,0.025475189472134743,full,16000,16000,1999,0.0,0.02547519338886357
vdn,20262022,source_model,183,final_recipe,,,0.0001,0.025468591611004537,full,16000,16000,1999,0.0,0.025468595277699124
vdn,20262022,source_model,184,final_recipe,,,0.0001,0.025522270833349063,full,16000,16000,2000,0.0,0.025522274388802342
vdn,20262022,source_model,185,final_recipe,,,0.0001,0.02549117805565604,full,16000,16000,1999,0.0,0.025491181805652255
vdn,20262022,source_model,186,final_recipe,,,0.0001,0.025506043333249788,full,16000,16000,2000,0.0,0.02550604738877155
vdn,20262022,source_model,187,final_recipe,,,0.0001,0.02548384724999778,full,16000,16000,1998,0.0,0.025483851027804323
vdn,20262022,source_model,188,final_recipe,,,0.0001,0.025513668361042317,full,16000,16000,2000,0.0,0.025513672083228207
vdn,20262022,source_model,189,final_recipe,,,0.0001,0.02549730980561839,full,16000,16000,1998,0.0,0.025497313305580367
vdn,20262022,source_model,190,final_recipe,,,0.0001,0.025499457305478347,full,16000,16000,2000,0.0,0.02549946169433598
vdn,20262022,source_model,191,final_recipe,,,1e-05,0.025475864972298343,full,16000,16000,2000,0.0,0.025475868500070647
vdn,20262022,source_model,192,final_recipe,,,1e-05,0.02548942883330811,full,16000,16000,1998,0.0,0.025489432611114655
vdn,20262022,source_model,193,final_recipe,,,1e-05,0.02551188408332463,full,16000,16000,2000,0.0,0.025511887777829544
vdn,20262022,source_model,194,final_recipe,,,1e-05,0.025492832999961038,full,16000,16000,1998,0.0,0.025492837277836064
vdn,20262022,source_model,195,final_recipe,,,1e-05,0.02549414763899727,full,16000,16000,2000,0.0,0.025494151222260876
vdn,20262022,source_model,196,final_recipe,,,1e-05,0.025485830944445398,full,16000,16000,1999,0.0,0.025485834833363898
vdn,20262022,source_model,197,final_recipe,,,1e-05,0.02547634333333311,full,16000,16000,1999,0.0,0.025476346861105413
vdn,20262022,source_model,198,final_recipe,,,1e-05,0.025499799194383537,full,16000,16000,2000,0.0,0.02549980280558682
vdn,20262022,source_model,199,final_recipe,,,1e-05,0.025495005333408094,full,16000,16000,1999,0.0,0.02549500897229235
vdn,20262022,source_model,200,final_recipe,,,1e-05,0.025508043055500213,full,16000,16000,1999,0.0,0.025508046972099692
geoprr_shared,20262020,inner_foundation,1,final_recipe,initial,1,0.0003,0.013298598444477344,geoprr_candidates,12818,12818,201,0.0,0.013298598777813217
geoprr_shared,20262020,inner_foundation,2,final_recipe,initial,2,0.00029917828430524096,0.013306224388846507,geoprr_candidates,12818,12818,201,0.0,0.013306224749992705
geoprr_shared,20262020,inner_foundation,3,final_recipe,initial,3,0.0002967221401100708,0.013276418111183578,geoprr_candidates,12818,12818,201,0.0,0.013276418361217818
geoprr_shared,20262020,inner_foundation,4,final_recipe,initial,4,0.00029265847744427303,0.013288240388889486,geoprr_candidates,12818,12818,201,0.0,0.013288240749906335
geoprr_shared,20262020,inner_foundation,5,final_recipe,initial,5,0.0002870318186463901,0.013216502944447307,geoprr_candidates,12818,12818,201,0.0,0.013216503249972852
geoprr_shared,20262020,inner_foundation,6,final_recipe,initial,6,0.0002799038105676658,0.013350039277769005,geoprr_candidates,12818,12818,201,0.0,0.013350039583423899
geoprr_shared,20262020,inner_foundation,7,final_recipe,initial,7,0.0002713525491562421,0.013272697833340822,geoprr_candidates,12818,12818,201,0.0,0.013272698166676693
geoprr_shared,20262020,inner_foundation,8,final_recipe,initial,8,0.00026147172382160914,0.01330415999995441,geoprr_candidates,12818,12818,201,0.0,0.013304160249988652
geoprr_shared,20262020,inner_foundation,9,final_recipe,initial,9,0.00025036959095382875,0.01327484175006652,geoprr_candidates,12818,12818,201,0.0,0.013274842000100762
geoprr_shared,20262020,inner_foundation,10,final_recipe,initial,10,0.000238167787843871,0.013292894777841867,geoprr_candidates,12818,12818,201,0.0,0.013292894944445126
geoprr_shared,20262020,inner_foundation,11,final_recipe,initial,11,0.00022500000000000002,0.013254933500041564,geoprr_candidates,12818,12818,201,0.0,0.013254933722265478
geoprr_shared,20262020,inner_foundation,12,final_recipe,initial,12,0.0002110104964613701,0.013325374055550331,geoprr_candidates,12818,12818,201,0.0,0.013325374277774244
geoprr_shared,20262020,inner_foundation,13,final_recipe,initial,13,0.00019635254915624216,0.013281388166619258,geoprr_candidates,12818,12818,201,0.0,0.013281388361032846
geoprr_shared,20262020,inner_foundation,14,final_recipe,initial,14,0.00018118675362266393,0.013331093527764702,geoprr_candidates,12818,12818,201,0.0,0.013331093749988617
geoprr_shared,20262020,inner_foundation,15,final_recipe,initial,15,0.0001656792694901481,0.013246617055653285,geoprr_candidates,12818,12818,201,0.0,0.013246617250066872
geoprr_shared,20262020,inner_foundation,16,final_recipe,initial,16,0.0001500000000000001,0.013295651750069939,geoprr_candidates,12818,12818,201,0.0,0.01329565200010418
geoprr_shared,20262020,inner_foundation,17,final_recipe,initial,17,0.00013432073050985205,0.013264298777794465,geoprr_candidates,12818,12818,201,0.0,0.01326429900001838
geoprr_shared,20262020,inner_foundation,18,final_recipe,initial,18,0.00011881324637733612,0.013312170583263247,geoprr_candidates,12818,12818,201,0.0,0.013312170805487161
geoprr_shared,20262020,inner_foundation,19,final_recipe,initial,19,0.00010364745084375793,0.013312227555628246,geoprr_candidates,12818,12818,201,0.0,0.013312227750041832
geoprr_shared,20262020,inner_foundation,20,final_recipe,initial,20,8.898950353863e-05,0.01341279224997076,geoprr_candidates,12818,12818,201,0.0,0.013412792472194674
geoprr_shared,20262020,inner_foundation,21,final_recipe,initial,21,7.500000000000006e-05,0.013265471583387504,geoprr_candidates,12818,12818,201,0.0,0.013265471777801092
geoprr_shared,20262020,inner_foundation,22,final_recipe,initial,22,6.183221215612908e-05,0.013366086250041716,geoprr_candidates,12818,12818,201,0.0,0.013366086444455302
geoprr_shared,20262020,inner_foundation,23,final_recipe,initial,23,4.963040904617134e-05,0.01325176313894594,geoprr_candidates,12818,12818,201,0.0,0.013251763333359525
geoprr_shared,20262020,inner_foundation,24,final_recipe,initial,24,3.85282761783909e-05,0.0133173162499184,geoprr_candidates,12818,12818,201,0.0,0.013317316527762968
geoprr_shared,20262020,inner_foundation,25,final_recipe,initial,25,2.8647450843757918e-05,0.013306884499939366,geoprr_candidates,12818,12818,201,0.0,0.01330688472216328
geoprr_shared,20262020,inner_foundation,26,final_recipe,initial,26,2.0096189432334208e-05,0.013345725777843553,geoprr_candidates,12818,12818,201,0.0,0.013345726000067467
geoprr_shared,20262020,inner_foundation,27,final_recipe,initial,27,1.2968181353609862e-05,0.013270434611088906,geoprr_candidates,12818,12818,201,0.0,0.013270434833312821
geoprr_shared,20262020,inner_foundation,28,final_recipe,initial,28,7.341522555726975e-06,0.013343329611105017,geoprr_candidates,12818,12818,201,0.0,0.013343329805518604
geoprr_shared,20262020,inner_foundation,29,final_recipe,initial,29,3.277859889929149e-06,0.013270922805596557,geoprr_candidates,12818,12818,201,0.0,0.013270923000010145
geoprr_shared,20262020,inner_foundation,30,final_recipe,initial,30,8.217156947589904e-07,0.013302960916706878,geoprr_candidates,12818,12818,201,0.0,0.013302961083310139
geoprr_shared,20262020,warm_polar,1,final_recipe,,,0.0003,0.013216579611051,geoprr_candidates,12818,12818,201,0.0,0.01321658047213633
geoprr_shared,20262020,warm_polar,2,final_recipe,,,0.00029265847744427303,0.013177107694403578,geoprr_candidates,12818,12818,201,0.0,0.013177108583299237
geoprr_shared,20262020,warm_polar,3,final_recipe,,,0.0002713525491562421,0.013158407388901752,geoprr_candidates,12818,12818,201,0.0,0.013158408333288713
geoprr_shared,20262020,warm_polar,4,final_recipe,,,0.00023816778784387096,0.013203827805636037,geoprr_candidates,12818,12818,201,0.0,0.013203828888945281
geoprr_shared,20262020,warm_polar,5,final_recipe,,,0.0001963525491562421,0.013164214444372596,geoprr_candidates,12818,12818,201,0.0,0.01316421536107858
geoprr_shared,20262020,warm_polar,6,final_recipe,,,0.00015,0.013188922277703467,geoprr_candidates,12818,12818,201,0.0,0.01318892347212467
geoprr_shared,20262020,warm_polar,7,final_recipe,,,0.0001036474508437579,0.013108180694463146,geoprr_candidates,12818,12818,201,0.0,0.013108181666660433
geoprr_shared,20262020,warm_polar,8,final_recipe,,,6.183221215612905e-05,0.01323179127777823,geoprr_candidates,12818,12818,201,0.0,0.013231792083372258
geoprr_shared,20262020,warm_polar,9,final_recipe,,,2.86474508437579e-05,0.013127728277791498,geoprr_candidates,12818,12818,201,0.0,0.013127729027764871
geoprr_shared,20262020,warm_polar,10,final_recipe,,,7.341522555726971e-06,0.013040996527739076,geoprr_candidates,12818,12818,201,0.0,0.013040997611048322
geoprr,20262020,raw_efficientnet_b0,1,final_recipe,initial,1,0.0003,0.01680137002775963,geoprr_candidates,12818,12818,201,0.0,0.016801375666659117
geoprr,20262020,raw_efficientnet_b0,2,final_recipe,initial,2,0.00029917828430524096,0.013199482861156058,geoprr_candidates,12818,12818,201,0.0,0.013199488333322936
geoprr,20262020,raw_efficientnet_b0,3,final_recipe,initial,3,0.0002967221401100708,0.013248925583385345,geoprr_candidates,12818,12818,201,0.0,0.013248931694413638
geoprr,20262020,raw_efficientnet_b0,4,final_recipe,initial,4,0.00029265847744427303,0.013228787638945505,geoprr_candidates,12818,12818,201,0.0,0.013228793694482495
geoprr,20262020,raw_efficientnet_b0,5,final_recipe,initial,5,0.0002870318186463901,0.013163951499930894,geoprr_candidates,12818,12818,201,0.0,0.01316395733324397
geoprr,20262020,raw_efficientnet_b0,6,final_recipe,initial,6,0.0002799038105676658,0.013244848027825355,geoprr_candidates,12818,12818,201,0.0,0.013244853027734078
geoprr,20262020,raw_efficientnet_b0,7,final_recipe,initial,7,0.0002713525491562421,0.013298347944445494,geoprr_candidates,12818,12818,201,0.0,0.013298353999982485
geoprr,20262020,raw_efficientnet_b0,8,final_recipe,initial,8,0.00026147172382160914,0.013404361305551397,geoprr_candidates,12818,12818,201,0.0,0.013404367583312302
geoprr,20262020,raw_efficientnet_b0,9,final_recipe,initial,9,0.00025036959095382875,0.01323665844444703,geoprr_candidates,12818,12818,201,0.0,0.013236663250071515
geoprr,20262020,raw_efficientnet_b0,10,final_recipe,initial,10,0.000238167787843871,0.013276722527678229,geoprr_candidates,12818,12818,201,0.0,0.013276727472224997
geoprr,20262020,raw_efficientnet_b0,11,final_recipe,initial,11,0.00022500000000000002,0.013283006194461551,geoprr_candidates,12818,12818,201,0.0,0.013283011000086036
geoprr,20262020,raw_efficientnet_b0,12,final_recipe,initial,12,0.0002110104964613701,0.013272835444529644,geoprr_candidates,12818,12818,201,0.0,0.013272840361136736
geoprr,20262020,raw_efficientnet_b0,13,final_recipe,initial,13,0.00019635254915624216,0.013339552110992373,geoprr_candidates,12818,12818,201,0.0,0.013339557277763056
geoprr,20262020,raw_efficientnet_b0,14,final_recipe,initial,14,0.00018118675362266393,0.013279872638975374,geoprr_candidates,12818,12818,201,0.0,0.01327987752777214
geoprr,20262020,raw_efficientnet_b0,15,final_recipe,initial,15,0.0001656792694901481,0.013284021944402613,geoprr_candidates,12818,12818,201,0.0,0.013284026444372203
geoprr,20262020,raw_efficientnet_b0,16,final_recipe,initial,16,0.0001500000000000001,0.0133325584723045,geoprr_candidates,12818,12818,201,0.0,0.013332563222308332
geoprr,20262020,raw_efficientnet_b0,17,final_recipe,initial,17,0.00013432073050985205,0.013358095249988966,geoprr_candidates,12818,12818,201,0.0,0.013358100027803124
geoprr,20262020,raw_efficientnet_b0,18,final_recipe,initial,18,0.00011881324637733612,0.013344822555599321,geoprr_candidates,12818,12818,201,0.0,0.013344827666619999
geoprr,20262020,raw_efficientnet_b0,19,final_recipe,initial,19,0.00010364745084375793,0.013373337527737022,geoprr_candidates,12818,12818,201,0.0,0.013373342611076724
geoprr,20262020,raw_efficientnet_b0,20,final_recipe,initial,20,8.898950353863e-05,0.013352085222205561,geoprr_candidates,12818,12818,201,0.0,0.013352089888907763
geoprr,20262020,raw_efficientnet_b0,21,final_recipe,initial,21,7.500000000000006e-05,0.013299666555572508,geoprr_candidates,12818,12818,201,0.0,0.01329967122227471
geoprr,20262020,raw_efficientnet_b0,22,final_recipe,initial,22,6.183221215612908e-05,0.01335758061109421,geoprr_candidates,12818,12818,201,0.0,0.013357585361098042
geoprr,20262020,raw_efficientnet_b0,23,final_recipe,initial,23,4.963040904617134e-05,0.013319479944443123,geoprr_candidates,12818,12818,201,0.0,0.013319484861050215
geoprr,20262020,raw_efficientnet_b0,24,final_recipe,initial,24,3.85282761783909e-05,0.013458680277819641,geoprr_candidates,12818,12818,201,0.0,0.013458685250047387
geoprr,20262020,raw_efficientnet_b0,25,final_recipe,initial,25,2.8647450843757918e-05,0.013308754972208084,geoprr_candidates,12818,12818,201,0.0,0.013308759611099959
geoprr,20262020,raw_efficientnet_b0,26,final_recipe,initial,26,2.0096189432334208e-05,0.013369862138836956,geoprr_candidates,12818,12818,201,0.0,0.013369866638935895
geoprr,20262020,raw_efficientnet_b0,27,final_recipe,initial,27,1.2968181353609862e-05,0.013353564083420982,geoprr_candidates,12818,12818,201,0.0,0.01335356877780416
geoprr,20262020,raw_efficientnet_b0,28,final_recipe,initial,28,7.341522555726975e-06,0.01340610000007372,geoprr_candidates,12818,12818,201,0.0,0.013406104638965594
geoprr,20262020,raw_efficientnet_b0,29,final_recipe,initial,29,3.277859889929149e-06,0.013275903722323063,geoprr_candidates,12818,12818,201,0.0,0.013275908138991023
geoprr,20262020,raw_efficientnet_b0,30,final_recipe,initial,30,8.217156947589904e-07,0.01332929269449475,geoprr_candidates,12818,12818,201,0.0,0.013329297638912168
geoprr,20262020,raw_efficientnet_b0,31,final_recipe,continuation,1,3e-05,0.013303732194472104,geoprr_candidates,12818,12818,201,0.0,0.013303737888992247
geoprr,20262020,raw_efficientnet_b0,32,final_recipe,continuation,2,2.99178284305241e-05,0.013415596861159429,geoprr_candidates,12818,12818,201,0.0,0.01341560152786163
geoprr,20262020,raw_efficientnet_b0,33,final_recipe,continuation,3,2.9672214011007083e-05,0.013321441305516702,geoprr_candidates,12818,12818,201,0.0,0.01332144599989988
geoprr,20262020,raw_efficientnet_b0,34,final_recipe,continuation,4,2.9265847744427305e-05,0.013352648361016893,geoprr_candidates,12818,12818,201,0.0,0.01335265288879681
geoprr,20262020,raw_efficientnet_b0,35,final_recipe,continuation,5,2.870318186463901e-05,0.013358918166615897,geoprr_candidates,12818,12818,201,0.0,0.013358922694395814
geoprr,20262020,raw_efficientnet_b0,36,final_recipe,continuation,6,2.7990381056766583e-05,0.013303675055503845,geoprr_candidates,12818,12818,201,0.0,0.013303679666714743
geoprr,20262020,raw_efficientnet_b0,37,final_recipe,continuation,7,2.7135254915624213e-05,0.013336826833353067,geoprr_candidates,12818,12818,201,0.0,0.013336831416624288
geoprr,20262020,raw_efficientnet_b0,38,final_recipe,continuation,8,2.6147172382160913e-05,0.013360628888864691,geoprr_candidates,12818,12818,201,0.0,0.013360633611058196
geoprr,20262020,raw_efficientnet_b0,39,final_recipe,continuation,9,2.503695909538287e-05,0.013420633722303642,geoprr_candidates,12818,12818,201,0.0,0.013420638750022692
geoprr,20262020,raw_efficientnet_b0,40,final_recipe,continuation,10,2.3816778784387094e-05,0.013343410527773408,geoprr_candidates,12818,12818,200,0.0,0.01334341511104463
geoprr,20262020,raw_efficientnet_b0,41,final_recipe,continuation,11,2.2499999999999998e-05,0.01338421597223108,geoprr_candidates,12818,12818,201,0.0,0.013384220999950128
geoprr,20262020,raw_efficientnet_b0,42,final_recipe,continuation,12,2.1101049646137004e-05,0.013293805222233964,geoprr_candidates,12818,12818,201,0.0,0.013293810361064971
geoprr,20262020,raw_efficientnet_b0,43,final_recipe,continuation,13,1.963525491562421e-05,0.013352795083386203,geoprr_candidates,12818,12818,201,0.0,0.013352799916691664
geoprr,20262020,raw_efficientnet_b0,44,final_recipe,continuation,14,1.8118675362266388e-05,0.013321210111155071,geoprr_candidates,12818,12818,201,0.0,0.01332121488883988
geoprr,20262020,raw_efficientnet_b0,45,final_recipe,continuation,15,1.6567926949014805e-05,0.013323960555458649,geoprr_candidates,12818,12818,201,0.0,0.013323965416574437
geoprr,20262020,raw_efficientnet_b0,46,final_recipe,continuation,16,1.5000000000000005e-05,0.013324218111035104,geoprr_candidates,12818,12818,201,0.0,0.013324223027771545
geoprr,20262020,raw_efficientnet_b0,47,final_recipe,continuation,17,1.3432073050985203e-05,0.013352156249909765,geoprr_candidates,12818,12818,201,0.0,0.013352164583306552
geoprr,20262020,raw_efficientnet_b0,48,final_recipe,continuation,18,1.188132463773361e-05,0.013338186833231399,geoprr_candidates,12818,12818,201,0.0,0.01333819141663197
geoprr,20262020,raw_efficientnet_b0,49,final_recipe,continuation,19,1.036474508437579e-05,0.013343903944413696,geoprr_candidates,12818,12818,200,0.0,0.013343908583305569
geoprr,20262020,raw_efficientnet_b0,50,final_recipe,continuation,20,8.898950353862998e-06,0.013349180583350568,geoprr_candidates,12818,12818,201,0.0,0.013349185694500597
geoprr,20262020,raw_efficientnet_b0,51,final_recipe,continuation,21,7.5000000000000044e-06,0.013295643194449237,geoprr_candidates,12818,12818,201,0.0,0.013295647916772093
geoprr,20262020,raw_efficientnet_b0,52,final_recipe,continuation,22,6.183221215612905e-06,0.013370093749965438,geoprr_candidates,12818,12818,201,0.0,0.013370098555589923
geoprr,20262020,raw_efficientnet_b0,53,final_recipe,continuation,23,4.963040904617132e-06,0.013408525222265679,geoprr_candidates,12818,12818,201,0.0,0.013408529944459183
geoprr,20262020,raw_efficientnet_b0,54,final_recipe,continuation,24,3.852827617839089e-06,0.013380370861074577,geoprr_candidates,12818,12818,201,0.0,0.013380375750000692
geoprr,20262020,raw_efficientnet_b0,55,final_recipe,continuation,25,2.8647450843757908e-06,0.013424663027851946,geoprr_candidates,12818,12818,201,0.0,0.013424668416717193
geoprr,20262020,raw_efficientnet_b0,56,final_recipe,continuation,26,2.0096189432334203e-06,0.013311659861097318,geoprr_candidates,12818,12818,201,0.0,0.013311664222273976
geoprr,20262020,raw_efficientnet_b0,57,final_recipe,continuation,27,1.2968181353609858e-06,0.013361482527753751,geoprr_candidates,12818,12818,201,0.0,0.013361486944421712
geoprr,20262020,raw_efficientnet_b0,58,final_recipe,continuation,28,7.341522555726972e-07,0.013357209833338856,geoprr_candidates,12818,12818,201,0.0,0.013357214527722034
geoprr,20262020,raw_efficientnet_b0,59,final_recipe,continuation,29,3.277859889929148e-07,0.013293813194484553,geoprr_candidates,12818,12818,201,0.0,0.01329381833331556
geoprr,20262020,raw_efficientnet_b0,60,final_recipe,continuation,30,8.2171569475899e-08,0.013295538555572016,geoprr_candidates,12818,12818,201,0.0,0.013295543194463891
geoprr,20262020,remst,1,final_recipe,,,0.0003,0.06362654291675426,geoprr_candidates,12818,38454,1603,0.0,0.06362654338888307
geoprr,20262020,remst,2,final_recipe,,,0.0002713525491562421,0.0639220974166205,geoprr_candidates,12818,38454,1603,0.0,0.06392209774995637
geoprr,20262020,remst,3,final_recipe,,,0.0001963525491562421,0.06386216283336074,geoprr_candidates,12818,38454,1603,0.0,0.06386216316669661
geoprr,20262020,remst,4,final_recipe,,,0.00010364745084375788,0.06427712727777866,geoprr_candidates,12818,38454,1603,0.0,0.06427712761111454
geoprr,20262020,remst,5,final_recipe,,,2.8647450843757894e-05,0.06405693377769138,geoprr_candidates,12818,38454,1603,0.0,0.06405693419432888
geoprr,20262020,r2mt_mean_risk,1,final_recipe,,,0.001,0.00019073147223227553,geoprr_candidates,12818,38454,51,0.0,0.00019073205547303788
geoprr,20262020,r2mt_mean_risk,2,final_recipe,,,0.000998458666866564,0.00016112419440307552,geoprr_candidates,12818,38454,51,0.0,0.00016112472215253445
geoprr,20262020,r2mt_mean_risk,3,final_recipe,,,0.0009938441702975688,0.00015867413888271485,geoprr_candidates,12818,38454,51,0.0,0.00015867438891695605
geoprr,20262020,r2mt_mean_risk,4,final_recipe,,,0.0009861849601988382,0.00016712300000815757,geoprr_candidates,12818,38454,51,0.0,0.00016712325004239877
geoprr,20262020,r2mt_mean_risk,5,final_recipe,,,0.0009755282581475767,0.0001744973055449211,geoprr_candidates,12818,38454,51,0.0,0.0001744978334237304
geoprr,20262020,r2mt_mean_risk,6,final_recipe,,,0.0009619397662556432,0.00016207772229487699,geoprr_candidates,12818,38454,51,0.0,0.0001620780278204216
geoprr,20262020,r2mt_mean_risk,7,final_recipe,,,0.0009455032620941838,0.0001903041943700777,geoprr_candidates,12818,38454,51,0.0,0.00019030472224888703
geoprr,20262020,r2mt_mean_risk,8,final_recipe,,,0.000926320082177046,0.00017518702778033913,geoprr_candidates,12818,38454,51,0.0,0.00017518766664175524
geoprr,20262020,r2mt_mean_risk,9,final_recipe,,,0.0009045084971874736,0.0001699705556448963,geoprr_candidates,12818,38454,51,0.0,0.0001699708889807678
geoprr,20262020,r2mt_mean_risk,10,final_recipe,,,0.0008802029828000154,0.0001692266388434089,geoprr_candidates,12818,38454,51,0.0,0.0001692269443689535
geoprr,20262020,r2mt_mean_risk,11,final_recipe,,,0.0008535533905932736,0.0001928684167149994,geoprr_candidates,12818,38454,51,0.0,0.00019286855563728345
geoprr,20262020,r2mt_mean_risk,12,final_recipe,,,0.0008247240241650918,0.00017136738894300328,geoprr_candidates,12818,38454,51,0.0,0.00017136752786528733
geoprr,20262020,r2mt_mean_risk,13,final_recipe,,,0.0007938926261462365,0.0001630344999850624,geoprr_candidates,12818,38454,51,0.0,0.00016303472220897676
geoprr,20262020,r2mt_mean_risk,14,final_recipe,,,0.0007612492823579742,0.00017185658332891763,geoprr_candidates,12818,38454,51,0.0,0.0001718567499321782
geoprr,20262020,r2mt_mean_risk,15,final_recipe,,,0.0007269952498697732,0.00016726508322689268,geoprr_candidates,12818,38454,51,0.0,0.00016726541656276417
geoprr,20262020,r2mt_mean_risk,16,final_recipe,,,0.0006913417161825447,0.00017316141670259337,geoprr_candidates,12818,38454,51,0.0,0.0001731615834352043
geoprr,20262020,r2mt_mean_risk,17,final_recipe,,,0.0006545084971874736,0.0001832266666719483,geoprr_candidates,12818,38454,51,0.0,0.00018322677778390546
geoprr,20262020,r2mt_mean_risk,18,final_recipe,,,0.0006167226819279527,0.00017082066676165494,geoprr_candidates,12818,38454,51,0.0,0.00017082097228719956
geoprr,20262020,r2mt_mean_risk,19,final_recipe,,,0.0005782172325201154,0.00017467069452525014,geoprr_candidates,12818,38454,51,0.0,0.00017467102786112164
geoprr,20262020,r2mt_mean_risk,20,final_recipe,,,0.0005392295478639224,0.00017170972216667401,geoprr_candidates,12818,38454,51,0.0,0.00017170991670961182
geoprr,20262020,r2mt_mean_risk,21,final_recipe,,,0.0004999999999999999,0.0002035853054581417,geoprr_candidates,12818,38454,51,0.0,0.00020358550000107952
geoprr,20262020,r2mt_mean_risk,22,final_recipe,,,0.0004607704521360775,0.000171223777708494,geoprr_candidates,12818,38454,51,0.0,0.00017122408336338899
geoprr,20262020,r2mt_mean_risk,23,final_recipe,,,0.0004217827674798846,0.0001584805555952092,geoprr_candidates,12818,38454,51,0.0,0.0001584806943881429
geoprr,20262020,r2mt_mean_risk,24,final_recipe,,,0.0003832773180720472,0.0001671740834394263,geoprr_candidates,12818,38454,51,0.0,0.00016717427785301373
geoprr,20262020,r2mt_mean_risk,25,final_recipe,,,0.0003454915028125262,0.00016804505553510453,geoprr_candidates,12818,38454,51,0.0,0.00016804530556934575
geoprr,20262020,r2mt_mean_risk,26,final_recipe,,,0.00030865828381745506,0.00016683855559676886,geoprr_candidates,12818,38454,51,0.0,0.00016683877782068318
geoprr,20262020,r2mt_mean_risk,27,final_recipe,,,0.0002730047501302265,0.000200080333225843,geoprr_candidates,12818,38454,51,0.0,0.0002000805277687808
geoprr,20262020,r2mt_mean_risk,28,final_recipe,,,0.0002387507176420255,0.00017510241660703387,geoprr_candidates,12818,38454,51,0.0,0.00017510261114997167
geoprr,20262020,r2mt_mean_risk,29,final_recipe,,,0.0002061073738537634,0.0001680094443468584,geoprr_candidates,12818,38454,51,0.0,0.0001680096388897962
geoprr,20262020,r2mt_mean_risk,30,final_recipe,,,0.00017527597583490815,0.00016475469443119235,geoprr_candidates,12818,38454,51,0.0,0.0001647548333534764
geoprr,20262020,r2mt_mean_risk,31,final_recipe,,,0.0001464466094067262,0.00018891919443073373,geoprr_candidates,12818,38454,51,0.0,0.00018891952776660522
geoprr,20262020,r2mt_mean_risk,32,final_recipe,,,0.00011979701719998447,0.00016800411110226478,geoprr_candidates,12818,38454,51,0.0,0.00016800452773976657
geoprr,20262020,r2mt_mean_risk,33,final_recipe,,,9.549150281252627e-05,0.00016445286119253272,geoprr_candidates,12818,38454,51,0.0,0.0001644530277957933
geoprr,20262020,r2mt_mean_risk,34,final_recipe,,,7.367991782295387e-05,0.0001670403610397544,geoprr_candidates,12818,38454,51,0.0,0.00016704055558269224
geoprr,20262020,r2mt_mean_risk,35,final_recipe,,,5.4496737905816076e-05,0.00017101372229970163,geoprr_candidates,12818,38454,51,0.0,0.00017101388890296222
geoprr,20262020,r2mt_mean_risk,36,final_recipe,,,3.806023374435661e-05,0.00016703369445167482,geoprr_candidates,12818,38454,51,0.0,0.00016703405546852283
geoprr,20262020,r2mt_mean_risk,37,final_recipe,,,2.447174185242322e-05,0.00018399286109747158,geoprr_candidates,12818,38454,51,0.0,0.00018399302770073214
geoprr,20262020,r2mt_mean_risk,38,final_recipe,,,1.3815039801161714e-05,0.00016684224997233184,geoprr_candidates,12818,38454,51,0.0,0.0001668423888946159
geoprr,20262020,r2mt_mean_risk,39,final_recipe,,,6.155829702431168e-06,0.00017094452774876523,geoprr_candidates,12818,38454,51,0.0,0.0001709448055933333
geoprr,20262020,r2mt_mean_risk,40,final_recipe,,,1.5413331334360176e-06,0.00016455283336755302,geoprr_candidates,12818,38454,51,0.0,0.00016455311108277076
geoprr,20262020,r2mt_tail_risk,1,final_recipe,,,0.001,0.0001923433056152943,geoprr_candidates,12818,38454,51,0.0,0.00019234350002888176
geoprr,20262020,r2mt_tail_risk,2,final_recipe,,,0.000998458666866564,0.0001713495278575768,geoprr_candidates,12818,38454,51,0.0,0.0001713498333831214
geoprr,20262020,r2mt_tail_risk,3,final_recipe,,,0.0009938441702975688,0.0001659058611322608,geoprr_candidates,12818,38454,51,0.0,0.00016590605554584828
geoprr,20262020,r2mt_tail_risk,4,final_recipe,,,0.0009861849601988382,0.0001737391110509634,geoprr_candidates,12818,38454,51,0.0,0.00017373927778357434
geoprr,20262020,r2mt_tail_risk,5,final_recipe,,,0.0009755282581475767,0.00016759197227656842,geoprr_candidates,12818,38454,51,0.0,0.00016759222231080962
geoprr,20262020,r2mt_tail_risk,6,final_recipe,,,0.0009619397662556432,0.00016604961103035344,geoprr_candidates,12818,38454,51,0.0,0.00016604991655589805
geoprr,20262020,r2mt_tail_risk,7,final_recipe,,,0.0009455032620941838,0.0001880772221678247,geoprr_candidates,12818,38454,51,0.0,0.0001880774167107625
geoprr,20262020,r2mt_tail_risk,8,final_recipe,,,0.000926320082177046,0.00016968772229221133,geoprr_candidates,12818,38454,51,0.0,0.00016968791670579877
geoprr,20262020,r2mt_tail_risk,9,final_recipe,,,0.0009045084971874736,0.0001711625833478239,geoprr_candidates,12818,38454,51,0.0,0.00017116274995108445
geoprr,20262020,r2mt_tail_risk,10,final_recipe,,,0.0008802029828000154,0.0001729399167622129,geoprr_candidates,12818,38454,51,0.0,0.00017294027777906094
geoprr,20262020,r2mt_tail_risk,11,final_recipe,,,0.0008535533905932736,0.000196437666632442,geoprr_candidates,12818,38454,51,0.0,0.00019643780555472605
geoprr,20262020,r2mt_tail_risk,12,final_recipe,,,0.0008247240241650918,0.00016905672214407889,geoprr_candidates,12818,38454,51,0.0,0.0001690570276696235
geoprr,20262020,r2mt_tail_risk,13,final_recipe,,,0.0007938926261462365,0.00017004441663933298,geoprr_candidates,12818,38454,51,0.0,0.00017004461118227078
geoprr,20262020,r2mt_tail_risk,14,final_recipe,,,0.0007612492823579742,0.00016722911115114888,geoprr_candidates,12818,38454,51,0.0,0.00016722930556473632
geoprr,20262020,r2mt_tail_risk,15,final_recipe,,,0.0007269952498697732,0.0001658072223007265,geoprr_candidates,12818,38454,51,0.0,0.00016580744452464083
geoprr,20262020,r2mt_tail_risk,16,final_recipe,,,0.0006913417161825447,0.0001667400833684951,geoprr_candidates,12818,38454,51,0.0,0.0001667403888940397
geoprr,20262020,r2mt_tail_risk,17,final_recipe,,,0.0006545084971874736,0.00019527183328237798,geoprr_candidates,12818,38454,51,0.0,0.0001952720000149889
geoprr,20262020,r2mt_tail_risk,18,final_recipe,,,0.0006167226819279527,0.00017724869436480932,geoprr_candidates,12818,38454,51,0.0,0.00017724888890774713
geoprr,20262020,r2mt_tail_risk,19,final_recipe,,,0.0005782172325201154,0.00017649594448610313,geoprr_candidates,12818,38454,51,0.0,0.00017649625001164775
geoprr,20262020,r2mt_tail_risk,20,final_recipe,,,0.0005392295478639224,0.00016849047219794658,geoprr_candidates,12818,38454,51,0.0,0.00016849074991316432
geoprr,20262020,r2mt_tail_risk,21,final_recipe,,,0.0004999999999999999,0.0002039488055743277,geoprr_candidates,12818,38454,51,0.0,0.0002039489721775883
geoprr,20262020,r2mt_tail_risk,22,final_recipe,,,0.0004607704521360775,0.00017364150003737046,geoprr_candidates,12818,38454,51,0.0,0.00017364166664063103
geoprr,20262020,r2mt_tail_risk,23,final_recipe,,,0.0004217827674798846,0.00017319119444841313,geoprr_candidates,12818,38454,51,0.0,0.00017319158340493838
geoprr,20262020,r2mt_tail_risk,24,final_recipe,,,0.0003832773180720472,0.00017105194442491563,geoprr_candidates,12818,38454,51,0.0,0.0001710522500798106
geoprr,20262020,r2mt_tail_risk,25,final_recipe,,,0.0003454915028125262,0.00016971519449725746,geoprr_candidates,12818,38454,51,0.0,0.00016971550002280208
geoprr,20262020,r2mt_tail_risk,26,final_recipe,,,0.00030865828381745506,0.0001679260278534558,geoprr_candidates,12818,38454,51,0.0,0.00016792647230128447
geoprr,20262020,r2mt_tail_risk,27,final_recipe,,,0.0002730047501302265,0.00019516177772958246,geoprr_candidates,12818,38454,51,0.0,0.0001951619166518665
geoprr,20262020,r2mt_tail_risk,28,final_recipe,,,0.0002387507176420255,0.0001738748888278173,geoprr_candidates,12818,38454,51,0.0,0.00017387502775010135
geoprr,20262020,r2mt_tail_risk,29,final_recipe,,,0.0002061073738537634,0.00017205894446103938,geoprr_candidates,12818,38454,51,0.0,0.00017205908338332343
geoprr,20262020,r2mt_tail_risk,30,final_recipe,,,0.00017527597583490815,0.00016804686113674607,geoprr_candidates,12818,38454,51,0.0,0.00016804722228294446
geoprr,20262020,r2mt_tail_risk,31,final_recipe,,,0.0001464466094067262,0.0001938676667244484,geoprr_candidates,12818,38454,51,0.0,0.00019386786113803584
geoprr,20262020,r2mt_tail_risk,32,final_recipe,,,0.00011979701719998447,0.00016626816656854418,geoprr_candidates,12818,38454,51,0.0,0.00016626836111148199
geoprr,20262020,r2mt_tail_risk,33,final_recipe,,,9.549150281252627e-05,0.00016339036118653084,geoprr_candidates,12818,38454,51,0.0,0.00016339066671207546
geoprr,20262020,r2mt_tail_risk,34,final_recipe,,,7.367991782295387e-05,0.00017926822222458818,geoprr_candidates,12818,38454,51,0.0,0.00017926841663817565
geoprr,20262020,r2mt_tail_risk,35,final_recipe,,,5.4496737905816076e-05,0.00016764622220459083,geoprr_candidates,12818,38454,51,0.0,0.0001676463888078514
geoprr,20262020,r2mt_tail_risk,36,final_recipe,,,3.806023374435661e-05,0.00017268475002816153,geoprr_candidates,12818,38454,51,0.0,0.00017268502774337927
geoprr,20262020,r2mt_tail_risk,37,final_recipe,,,2.447174185242322e-05,0.00019699950003996492,geoprr_candidates,12818,38454,51,0.0,0.00019699983337583641
geoprr,20262020,r2mt_tail_risk,38,final_recipe,,,1.3815039801161714e-05,0.00017472927781960203,geoprr_candidates,12818,38454,51,0.0,0.00017472969445710382
geoprr,20262020,r2mt_tail_risk,39,final_recipe,,,6.155829702431168e-06,0.00016887125002944636,geoprr_candidates,12818,38454,51,0.0,0.00016887141676205728
geoprr,20262020,r2mt_tail_risk,40,final_recipe,,,1.5413331334360176e-06,0.00016947897215787734,geoprr_candidates,12818,38454,51,0.0,0.0001694791943817917
geoprr,20262020,r2mt_combined_risk,1,final_recipe,,,0.001,0.0001991588055777053,geoprr_candidates,12818,38454,51,0.0,0.00019915894449998935
geoprr,20262020,r2mt_combined_risk,2,final_recipe,,,0.000998458666866564,0.0001653121111707555,geoprr_candidates,12818,38454,51,0.0,0.00016531233339466981
geoprr,20262020,r2mt_combined_risk,3,final_recipe,,,0.0009938441702975688,0.00016418561119482748,geoprr_candidates,12818,38454,51,0.0,0.00016418577779808805
geoprr,20262020,r2mt_combined_risk,4,final_recipe,,,0.0009861849601988382,0.00016727713893892036,geoprr_candidates,12818,38454,51,0.0,0.00016727747227479186
geoprr,20262020,r2mt_combined_risk,5,final_recipe,,,0.0009755282581475767,0.00017741388899998532,geoprr_candidates,12818,38454,51,0.0,0.00017741402779291901
geoprr,20262020,r2mt_combined_risk,6,final_recipe,,,0.0009619397662556432,0.00017911827773787082,geoprr_candidates,12818,38454,51,0.0,0.00017911844447048174
geoprr,20262020,r2mt_combined_risk,7,final_recipe,,,0.0009455032620941838,0.00019600150007237162,geoprr_candidates,12818,38454,51,0.0,0.0001960016666756322
geoprr,20262020,r2mt_combined_risk,8,final_recipe,,,0.000926320082177046,0.0001760476111020479,geoprr_candidates,12818,38454,51,0.0,0.00017604777770530847
geoprr,20262020,r2mt_combined_risk,9,final_recipe,,,0.0009045084971874736,0.0001743801389562173,geoprr_candidates,12818,38454,51,0.0,0.0001743804722920888
geoprr,20262020,r2mt_combined_risk,10,final_recipe,,,0.0008802029828000154,0.00016804013892801273,geoprr_candidates,12818,38454,51,0.0,0.00016804033334160017
geoprr,20262020,r2mt_combined_risk,11,final_recipe,,,0.0008535533905932736,0.00019963574996735486,geoprr_candidates,12818,38454,51,0.0,0.0001996359721912692
geoprr,20262020,r2mt_combined_risk,12,final_recipe,,,0.0008247240241650918,0.0001661376389933543,geoprr_candidates,12818,38454,51,0.0,0.0001661379723292258
geoprr,20262020,r2mt_combined_risk,13,final_recipe,,,0.0007938926261462365,0.0001702433054904557,geoprr_candidates,12818,38454,51,0.0,0.00017024361114535068
geoprr,20262020,r2mt_combined_risk,14,final_recipe,,,0.0007612492823579742,0.00017091419444315964,geoprr_candidates,12818,38454,51,0.0,0.00017091436117577056
geoprr,20262020,r2mt_combined_risk,15,final_recipe,,,0.0007269952498697732,0.00016254444451381764,geoprr_candidates,12818,38454,51,0.0,0.0001625446111170782
geoprr,20262020,r2mt_combined_risk,16,final_recipe,,,0.0006913417161825447,0.00017115775004236235,geoprr_candidates,12818,38454,51,0.0,0.00017115805556790697
geoprr,20262020,r2mt_combined_risk,17,final_recipe,,,0.0006545084971874736,0.00019593224990078144,geoprr_candidates,12818,38454,51,0.0,0.0001959323888230655
geoprr,20262020,r2mt_combined_risk,18,final_recipe,,,0.0006167226819279527,0.00017386344442557957,geoprr_candidates,12818,38454,51,0.0,0.0001738636111581905
geoprr,20262020,r2mt_combined_risk,19,final_recipe,,,0.0005782172325201154,0.00017458641668781637,geoprr_candidates,12818,38454,51,0.0,0.00017458683332531816
geoprr,20262020,r2mt_combined_risk,20,final_recipe,,,0.0005392295478639224,0.00017774694443990787,geoprr_candidates,12818,38454,51,0.0,0.00017774725009480285
geoprr,20262020,r2mt_combined_risk,21,final_recipe,,,0.0004999999999999999,0.0002001888889612423,geoprr_candidates,12818,38454,51,0.0,0.00020018908337482975
geoprr,20262020,r2mt_combined_risk,22,final_recipe,,,0.0004607704521360775,0.00016651102781502737,geoprr_candidates,12818,38454,51,0.0,0.00016651116660796106
geoprr,20262020,r2mt_combined_risk,23,final_recipe,,,0.0004217827674798846,0.00018428783333446417,geoprr_candidates,12818,38454,51,0.0,0.00018428816667033566
geoprr,20262020,r2mt_combined_risk,24,final_recipe,,,0.0003832773180720472,0.00017708169451604287,geoprr_candidates,12818,38454,51,0.0,0.00017708186111930343
geoprr,20262020,r2mt_combined_risk,25,final_recipe,,,0.0003454915028125262,0.0001702537500144293,geoprr_candidates,12818,38454,51,0.0,0.00017025388893671334
geoprr,20262020,r2mt_combined_risk,26,final_recipe,,,0.00030865828381745506,0.0001733956112164176,geoprr_candidates,12818,38454,51,0.0,0.00017339583344033196
geoprr,20262020,r2mt_combined_risk,27,final_recipe,,,0.0002730047501302265,0.00020817275003840526,geoprr_candidates,12818,38454,51,0.0,0.00020817291664166582
geoprr,20262020,r2mt_combined_risk,28,final_recipe,,,0.0002387507176420255,0.0001679436110943142,geoprr_candidates,12818,38454,51,0.0,0.00016794377782692512
geoprr,20262020,r2mt_combined_risk,29,final_recipe,,,0.0002061073738537634,0.0001740396943771177,geoprr_candidates,12818,38454,51,0.0,0.0001740398889200555
geoprr,20262020,r2mt_combined_risk,30,final_recipe,,,0.00017527597583490815,0.00017352555555084513,geoprr_candidates,12818,38454,51,0.0,0.00017352586107638975
geoprr,20262020,r2mt_combined_risk,31,final_recipe,,,0.0001464466094067262,0.000198866583329315,geoprr_candidates,12818,38454,51,0.0,0.00019886677774290243
geoprr,20262020,r2mt_combined_risk,32,final_recipe,,,0.00011979701719998447,0.0001713542222407543,geoprr_candidates,12818,38454,51,0.0,0.00017135441665434175
geoprr,20262020,r2mt_combined_risk,33,final_recipe,,,9.549150281252627e-05,0.0001679165833370967,geoprr_candidates,12818,38454,51,0.0,0.00016791672225938074
geoprr,20262020,r2mt_combined_risk,34,final_recipe,,,7.367991782295387e-05,0.0001698828333367904,geoprr_candidates,12818,38454,51,0.0,0.00016988300006940134
geoprr,20262020,r2mt_combined_risk,35,final_recipe,,,5.4496737905816076e-05,0.00017266577769381304,geoprr_candidates,12818,38454,51,0.0,0.00017266594442642396
geoprr,20262020,r2mt_combined_risk,36,final_recipe,,,3.806023374435661e-05,0.00017752252777831422,geoprr_candidates,12818,38454,51,0.0,0.00017752280562288231
geoprr,20262020,r2mt_combined_risk,37,final_recipe,,,2.447174185242322e-05,0.00019931516674761142,geoprr_candidates,12818,38454,51,0.0,0.00019931552776445945
geoprr,20262020,r2mt_combined_risk,38,final_recipe,,,1.3815039801161714e-05,0.000174848027786033,geoprr_candidates,12818,38454,51,0.0,0.00017484819438929358
geoprr,20262020,r2mt_combined_risk,39,final_recipe,,,6.155829702431168e-06,0.00016742102775929704,geoprr_candidates,12818,38454,51,0.0,0.0001674211943625576
geoprr,20262020,r2mt_combined_risk,40,final_recipe,,,1.5413331334360176e-06,0.00017013127786210842,geoprr_candidates,12818,38454,51,0.0,0.00017013144446536898
geoprr,20262020,r2mt_router,1,final_recipe,,,0.001,0.00023476600000220868,geoprr_candidates,12818,38454,51,0.0,0.00023476683327721225
geoprr,20262020,r2mt_router,2,final_recipe,,,0.000998458666866564,0.00020952463887321453,geoprr_candidates,12818,38454,51,0.0,0.00020952480560582545
geoprr,20262020,r2mt_router,3,final_recipe,,,0.0009938441702975688,0.00020024458334470788,geoprr_candidates,12818,38454,51,0.0,0.00020024474994796845
geoprr,20262020,r2mt_router,4,final_recipe,,,0.0009861849601988382,0.0002083172778495484,geoprr_candidates,12818,38454,51,0.0,0.00020831747226313584
geoprr,20262020,r2mt_router,5,final_recipe,,,0.0009755282581475767,0.0002006775832786742,geoprr_candidates,12818,38454,51,0.0,0.00020067783331291543
geoprr,20262020,r2mt_router,6,final_recipe,,,0.0009619397662556432,0.00020524838887568978,geoprr_candidates,12818,38454,51,0.0,0.00020524866672025786
geoprr,20262020,r2mt_router,7,final_recipe,,,0.0009455032620941838,0.00022088094446290698,geoprr_candidates,12818,38454,51,0.0,0.00022088122230747508
geoprr,20262020,r2mt_router,8,final_recipe,,,0.000926320082177046,0.00020144852770802876,geoprr_candidates,12818,38454,51,0.0,0.0002014486944406397
geoprr,20262020,r2mt_router,9,final_recipe,,,0.0009045084971874736,0.00019748066668398678,geoprr_candidates,12818,38454,51,0.0,0.00019748080560627083
geoprr,20262020,r2mt_router,10,final_recipe,,,0.0008802029828000154,0.0002023564166544626,geoprr_candidates,12818,38454,51,0.0,0.00020235672218000723
geoprr,20262020,r2mt_router,11,final_recipe,,,0.0008535533905932736,0.0001941070555605822,geoprr_candidates,12818,38454,51,0.0,0.00019410719448286626
geoprr,20262020,r2mt_router,12,final_recipe,,,0.0008247240241650918,0.00022525711114414863,geoprr_candidates,12818,38454,51,0.0,0.00022525747216099666
geoprr,20262020,r2mt_router,13,final_recipe,,,0.0007938926261462365,0.00020297866663895547,geoprr_candidates,12818,38454,51,0.0,0.00020297880556123952
geoprr,20262020,r2mt_router,14,final_recipe,,,0.0007612492823579742,0.00019838002782004575,geoprr_candidates,12818,38454,51,0.0,0.0001983802222336332
geoprr,20262020,r2mt_router,15,final_recipe,,,0.0007269952498697732,0.00021177261110602154,geoprr_candidates,12818,38454,51,0.0,0.0002117727500283056
geoprr,20262020,r2mt_router,16,final_recipe,,,0.0006913417161825447,0.00020191438897098932,geoprr_candidates,12818,38454,51,0.0,0.00020191469449653394
geoprr,20262020,r2mt_router,17,final_recipe,,,0.0006545084971874736,0.0002208154445462343,geoprr_candidates,12818,38454,51,0.0,0.00022081563895982173
geoprr,20262020,r2mt_router,18,final_recipe,,,0.0006167226819279527,0.0002058648055471066,geoprr_candidates,12818,38454,51,0.0,0.00020586502777102092
geoprr,20262020,r2mt_router,19,final_recipe,,,0.0005782172325201154,0.00020157955548105142,geoprr_candidates,12818,38454,51,0.0,0.00020157986113594637
geoprr,20262020,r2mt_router,20,final_recipe,,,0.0005392295478639224,0.00019786730550953912,geoprr_candidates,12818,38454,51,0.0,0.00019786747224215004
geoprr,20262020,r2mt_router,21,final_recipe,,,0.0004999999999999999,0.00020226233328382175,geoprr_candidates,12818,38454,51,0.0,0.00020226258331806294
geoprr,20262020,r2mt_router,22,final_recipe,,,0.0004607704521360775,0.00022131638885993096,geoprr_candidates,12818,38454,51,0.0,0.00022131666670449906
geoprr,20262020,r2mt_router,23,final_recipe,,,0.0004217827674798846,0.00020737697228064968,geoprr_candidates,12818,38454,51,0.0,0.00020737713888391025
geoprr,20262020,r2mt_router,24,final_recipe,,,0.0003832773180720472,0.0002048046667025321,geoprr_candidates,12818,38454,51,0.0,0.00020480486111611954
geoprr,20262020,r2mt_router,25,final_recipe,,,0.0003454915028125262,0.00020336872212485307,geoprr_candidates,12818,38454,51,0.0,0.00020336899996942117
geoprr,20262020,r2mt_router,26,final_recipe,,,0.00030865828381745506,0.0001989667222369462,geoprr_candidates,12818,38454,51,0.0,0.0001989668888402068
geoprr,20262020,r2mt_router,27,final_recipe,,,0.0002730047501302265,0.00022857722231290408,geoprr_candidates,12818,38454,51,0.0,0.0002285773612351881
geoprr,20262020,r2mt_router,28,final_recipe,,,0.0002387507176420255,0.00019916066667065025,geoprr_candidates,12818,38454,51,0.0,0.000199160944385868
geoprr,20262020,r2mt_router,29,final_recipe,,,0.0002061073738537634,0.0002026570832822472,geoprr_candidates,12818,38454,51,0.0,0.00020265725001485812
geoprr,20262020,r2mt_router,30,final_recipe,,,0.00017527597583490815,0.0001983957221576323,geoprr_candidates,12818,38454,51,0.0,0.00019839588876089287
geoprr,20262020,r2mt_router,31,final_recipe,,,0.0001464466094067262,0.0002012944443979197,geoprr_candidates,12818,38454,51,0.0,0.00020129461113053062
geoprr,20262020,r2mt_router,32,final_recipe,,,0.00011979701719998447,0.00019897605564134815,geoprr_candidates,12818,38454,51,0.0,0.00019897641678754655
geoprr,20262020,r2mt_router,33,final_recipe,,,9.549150281252627e-05,0.0002200053055356774,geoprr_candidates,12818,38454,51,0.0,0.00022000550007861521
geoprr,20262020,r2mt_router,34,final_recipe,,,7.367991782295387e-05,0.0002048254721901483,geoprr_candidates,12818,38454,51,0.0,0.0002048257500347164
geoprr,20262020,r2mt_router,35,final_recipe,,,5.4496737905816076e-05,0.00020401572226546704,geoprr_candidates,12818,38454,51,0.0,0.00020401602779101166
geoprr,20262020,r2mt_router,36,final_recipe,,,3.806023374435661e-05,0.0002051303332619783,geoprr_candidates,12818,38454,51,0.0,0.0002051306111065464
geoprr,20262020,r2mt_router,37,final_recipe,,,2.447174185242322e-05,0.00019457658325942854,geoprr_candidates,12818,38454,51,0.0,0.00019457672218171259
geoprr,20262020,r2mt_router,38,final_recipe,,,1.3815039801161714e-05,0.00022168655556419658,geoprr_candidates,12818,38454,51,0.0,0.00022168672216745715
geoprr,20262020,r2mt_router,39,final_recipe,,,6.155829702431168e-06,0.00020254802773706616,geoprr_candidates,12818,38454,51,0.0,0.0002025481666593502
geoprr,20262020,r2mt_router,40,final_recipe,,,1.5413331334360176e-06,0.00019713911111466587,geoprr_candidates,12818,38454,51,0.0,0.00019713930552825332
geoprr,20262020,polar,1,final_recipe,,,0.0005,0.013194040277739986,geoprr_candidates,12818,12818,201,0.0,0.013194040277739986
geoprr,20262020,polar,2,final_recipe,,,0.0004877641290737884,0.013250362666634222,geoprr_candidates,12818,12818,201,0.0,0.013250362666634222
geoprr,20262020,polar,3,final_recipe,,,0.0004522542485937368,0.013229348916663893,geoprr_candidates,12818,12818,201,0.0,0.013229348916663893
geoprr,20262020,polar,4,final_recipe,,,0.0003969463130731183,0.013189301416665937,geoprr_candidates,12818,12818,201,0.0,0.013189301416665937
geoprr,20262020,polar,5,final_recipe,,,0.00032725424859373687,0.013234308555515276,geoprr_candidates,12818,12818,201,0.0,0.013234308555515276
geoprr,20262020,polar,6,final_recipe,,,0.00025,0.013322600138942814,geoprr_candidates,12818,12818,201,0.0,0.013322600138942814
geoprr,20262020,polar,7,final_recipe,,,0.00017274575140626317,0.013233565361135536,geoprr_candidates,12818,12818,201,0.0,0.013233565361135536
geoprr,20262020,polar,8,final_recipe,,,0.00010305368692688175,0.013311458222257594,geoprr_candidates,12818,12818,201,0.0,0.013311458222257594
geoprr,20262020,polar,9,final_recipe,,,4.774575140626317e-05,0.013173486138823338,geoprr_candidates,12818,12818,201,0.0,0.013173486138823338
geoprr,20262020,polar,10,final_recipe,,,1.2235870926211617e-05,0.013246654444374143,geoprr_candidates,12818,12818,201,0.0,0.013246654444374143
geoprr,20262020,full_router_stage_one,1,final_recipe,,,0.001,0.00023648602784507805,geoprr_router,3182,19092,38,0.0,0.00023648602784507805
geoprr,20262020,full_router_stage_one,2,final_recipe,,,0.000998458666866564,0.00019847827782440517,geoprr_router,3182,19092,38,0.0,0.00019847827782440517
geoprr,20262020,full_router_stage_one,3,final_recipe,,,0.0009938441702975688,0.00020479011116549372,geoprr_router,3182,19092,38,0.0,0.00020479011116549372
geoprr,20262020,full_router_stage_one,4,final_recipe,,,0.0009861849601988382,0.00022527561109099122,geoprr_router,3182,19092,38,0.0,0.00022527561109099122
geoprr,20262020,full_router_stage_one,5,final_recipe,,,0.0009755282581475767,0.000209356388853242,geoprr_router,3182,19092,38,0.0,0.000209356388853242
geoprr,20262020,full_router_stage_one,6,final_recipe,,,0.0009619397662556432,0.00024092788898593022,geoprr_router,3182,19092,38,0.0,0.00024092788898593022
geoprr,20262020,full_router_stage_one,7,final_recipe,,,0.0009455032620941838,0.00020495583329142796,geoprr_router,3182,19092,38,0.0,0.00020495583329142796
geoprr,20262020,full_router_stage_one,8,final_recipe,,,0.000926320082177046,0.00022639338884295688,geoprr_router,3182,19092,38,0.0,0.00022639338884295688
geoprr,20262020,full_router_stage_one,9,final_recipe,,,0.0009045084971874736,0.00020377744441955453,geoprr_router,3182,19092,38,0.0,0.00020377744441955453
geoprr,20262020,full_router_stage_one,10,final_recipe,,,0.0008802029828000154,0.00020461802784767417,geoprr_router,3182,19092,38,0.0,0.00020461802784767417
geoprr,20262020,full_router_stage_one,11,final_recipe,,,0.0008535533905932736,0.00023844869432246518,geoprr_router,3182,19092,38,0.0,0.00023844869432246518
geoprr,20262020,full_router_stage_one,12,final_recipe,,,0.0008247240241650918,0.00020786952783560588,geoprr_router,3182,19092,38,0.0,0.00020786952783560588
geoprr,20262020,full_router_stage_one,13,final_recipe,,,0.0007938926261462365,0.00022938350008593666,geoprr_router,3182,19092,38,0.0,0.00022938350008593666
geoprr,20262020,full_router_stage_one,14,final_recipe,,,0.0007612492823579742,0.0002029700555269503,geoprr_router,3182,19092,38,0.0,0.0002029700555269503
geoprr,20262020,full_router_stage_one,15,final_recipe,,,0.0007269952498697732,0.00023314922233112157,geoprr_router,3182,19092,38,0.0,0.00023314922233112157
geoprr,20262020,full_router_stage_one,16,final_recipe,,,0.0006913417161825447,0.0002015587499934352,geoprr_router,3182,19092,38,0.0,0.0002015587499934352
geoprr,20262020,full_router_stage_one,17,final_recipe,,,0.0006545084971874736,0.0002003092777967039,geoprr_router,3182,19092,38,0.0,0.0002003092777967039
geoprr,20262020,full_router_stage_one,18,final_recipe,,,0.0006167226819279527,0.0002252168333830519,geoprr_router,3182,19092,38,0.0,0.0002252168333830519
geoprr,20262020,full_router_stage_one,19,final_recipe,,,0.0005782172325201154,0.00020067966672488385,geoprr_router,3182,19092,38,0.0,0.00020067966672488385
geoprr,20262020,full_router_stage_one,20,final_recipe,,,0.0005392295478639224,0.00022816719448504348,geoprr_router,3182,19092,38,0.0,0.00022816719448504348
geoprr,20262020,full_router_stage_one,21,final_recipe,,,0.0004999999999999999,0.00020101286108709044,geoprr_router,3182,19092,38,0.0,0.00020101286108709044
geoprr,20262020,full_router_stage_one,22,final_recipe,,,0.0004607704521360775,0.00022319722222164274,geoprr_router,3182,19092,38,0.0,0.00022319722222164274
geoprr,20262020,full_router_stage_one,23,final_recipe,,,0.0004217827674798846,0.00020356913899174996,geoprr_router,3182,19092,38,0.0,0.00020356913899174996
geoprr,20262020,full_router_stage_one,24,final_recipe,,,0.0003832773180720472,0.00021499413893454606,geoprr_router,3182,19092,38,0.0,0.00021499413893454606
geoprr,20262020,full_router_stage_one,25,final_recipe,,,0.0003454915028125262,0.00022434019444820782,geoprr_router,3182,19092,38,0.0,0.00022434019444820782
geoprr,20262020,full_router_stage_one,26,final_recipe,,,0.00030865828381745506,0.00020760174995909135,geoprr_router,3182,19092,38,0.0,0.00020760174995909135
geoprr,20262020,full_router_stage_one,27,final_recipe,,,0.0002730047501302265,0.00020567327776613336,geoprr_router,3182,19092,38,0.0,0.00020567327776613336
geoprr,20262020,full_router_stage_one,28,final_recipe,,,0.0002387507176420255,0.00019716522216589914,geoprr_router,3182,19092,38,0.0,0.00019716522216589914
geoprr,20262020,full_router_stage_one,29,final_recipe,,,0.0002061073738537634,0.00020865194447752502,geoprr_router,3182,19092,38,0.0,0.00020865194447752502
geoprr,20262020,full_router_stage_one,30,final_recipe,,,0.00017527597583490815,0.00022599952786953912,geoprr_router,3182,19092,38,0.0,0.00022599952786953912
geoprr,20262020,full_router_stage_one,31,final_recipe,,,0.0001464466094067262,0.00020705252782338195,geoprr_router,3182,19092,38,0.0,0.00020705252782338195
geoprr,20262020,full_router_stage_one,32,final_recipe,,,0.00011979701719998447,0.0002316261389447997,geoprr_router,3182,19092,38,0.0,0.0002316261389447997
geoprr,20262020,full_router_stage_one,33,final_recipe,,,9.549150281252627e-05,0.00019945397222828534,geoprr_router,3182,19092,38,0.0,0.00019945397222828534
geoprr,20262020,full_router_stage_one,34,final_recipe,,,7.367991782295387e-05,0.00022805913881812658,geoprr_router,3182,19092,38,0.0,0.00022805913881812658
geoprr,20262020,full_router_stage_one,35,final_recipe,,,5.4496737905816076e-05,0.00020419674990181295,geoprr_router,3182,19092,38,0.0,0.00020419674990181295
geoprr,20262020,full_router_stage_one,36,final_recipe,,,3.806023374435661e-05,0.00021305408341706626,geoprr_router,3182,19092,38,0.0,0.00021305408341706626
geoprr,20262020,full_router_stage_one,37,final_recipe,,,2.447174185242322e-05,0.00022312083333316776,geoprr_router,3182,19092,38,0.0,0.00022312083333316776
geoprr,20262020,full_router_stage_one,38,final_recipe,,,1.3815039801161714e-05,0.00020498136123124925,geoprr_router,3182,19092,38,0.0,0.00020498136123124925
geoprr,20262020,full_router_stage_one,39,final_recipe,,,6.155829702431168e-06,0.00023548922216933634,geoprr_router,3182,19092,38,0.0,0.00023548922216933634
geoprr,20262020,full_router_stage_one,40,final_recipe,,,1.5413331334360176e-06,0.00020448327775941127,geoprr_router,3182,19092,38,0.0,0.00020448327775941127
geoprr,20262020,full_router_stage_two,1,final_recipe,,,0.0003,4.478611000296142e-06,geoprr_router,3182,19092,1,0.0,4.478611000296142e-06
geoprr,20262020,full_router_stage_two,2,final_recipe,,,0.00029994859874633357,4.927694487075011e-06,geoprr_router,3182,19092,1,0.0,4.927694487075011e-06
geoprr,20262020,full_router_stage_two,3,final_recipe,,,0.0002997944302131861,4.723666675595774e-06,geoprr_router,3182,19092,1,0.0,4.723666675595774e-06
geoprr,20262020,full_router_stage_two,4,final_recipe,,,0.0002995376000599692,4.0309720983107885e-06,geoprr_router,3182,19092,1,0.0,4.0309720983107885e-06
geoprr,20262020,full_router_stage_two,5,final_recipe,,,0.000299178284305241,4.418555569524566e-06,geoprr_router,3182,19092,1,0.0,4.418555569524566e-06
geoprr,20262020,full_router_stage_two,6,final_recipe,,,0.0002987167292060716,4.081388857836525e-06,geoprr_router,3182,19092,1,0.0,4.081388857836525e-06
geoprr,20262020,full_router_stage_two,7,final_recipe,,,0.0002981532510892707,4.12052768903474e-06,geoprr_router,3182,19092,1,0.0,4.12052768903474e-06
geoprr,20262020,full_router_stage_two,8,final_recipe,,,0.0002974882361345932,5.375388880363769e-06,geoprr_router,3182,19092,1,0.0,5.375388880363769e-06
geoprr,20262020,full_router_stage_two,9,final_recipe,,,0.00029672214011007087,4.4691111219839915e-06,geoprr_router,3182,19092,1,0.0,4.4691111219839915e-06
geoprr,20262020,full_router_stage_two,10,final_recipe,,,0.0002958554880596515,4.391083235128058e-06,geoprr_router,3182,19092,1,0.0,4.391083235128058e-06
geoprr,20262020,full_router_stage_two,11,final_recipe,,,0.0002948888739433602,4.161638854485419e-06,geoprr_router,3182,19092,1,0.0,4.161638854485419e-06
geoprr,20262020,full_router_stage_two,12,final_recipe,,,0.00029382296023022894,4.467083296428124e-06,geoprr_router,3182,19092,1,0.0,4.467083296428124e-06
geoprr,20262020,full_router_stage_two,13,final_recipe,,,0.00029265847744427303,4.984027861307065e-06,geoprr_router,3182,19092,1,0.0,4.984027861307065e-06
geoprr,20262020,full_router_stage_two,14,final_recipe,,,0.00029139622366382674,4.032111028209329e-06,geoprr_router,3182,19092,1,0.0,4.032111028209329e-06
geoprr,20262020,full_router_stage_two,15,final_recipe,,,0.00029003706397458023,4.573555585617821e-06,geoprr_router,3182,19092,1,0.0,4.573555585617821e-06
geoprr,20262020,full_router_stage_two,16,final_recipe,,,0.000288581929876693,5.1789999836021e-06,geoprr_router,3182,19092,1,0.0,5.1789999836021e-06
geoprr,20262020,full_router_stage_two,17,final_recipe,,,0.0002870318186463901,4.171833344217804e-06,geoprr_router,3182,19092,1,0.0,4.171833344217804e-06
geoprr,20262020,full_router_stage_two,18,final_recipe,,,0.0002853877926524791,3.7212500400427314e-06,geoprr_router,3182,19092,1,0.0,3.7212500400427314e-06
geoprr,20262020,full_router_stage_two,19,final_recipe,,,0.0002836509786282552,4.089472220382756e-06,geoprr_router,3182,19092,1,0.0,4.089472220382756e-06
geoprr,20262020,full_router_stage_two,20,final_recipe,,,0.0002818225668992948,4.363194392580125e-06,geoprr_router,3182,19092,1,0.0,4.363194392580125e-06
geoprr,20262020,full_router_stage_two,21,final_recipe,,,0.00027990381056766585,3.7399444004727737e-06,geoprr_router,3182,19092,1,0.0,3.7399444004727737e-06
geoprr,20262020,full_router_stage_two,22,final_recipe,,,0.00027789602465311383,4.4361667500601875e-06,geoprr_router,3182,19092,1,0.0,4.4361667500601875e-06
geoprr,20262020,full_router_stage_two,23,final_recipe,,,0.0002758005851918136,4.0832221404545835e-06,geoprr_router,3182,19092,1,0.0,4.0832221404545835e-06
geoprr,20262020,full_router_stage_two,24,final_recipe,,,0.00027361892829330236,4.7539444898979534e-06,geoprr_router,3182,19092,1,0.0,4.7539444898979534e-06
geoprr,20262020,full_router_stage_two,25,final_recipe,,,0.0002713525491562421,4.65088886105352e-06,geoprr_router,3182,19092,1,0.0,4.65088886105352e-06
geoprr,20262020,full_router_stage_two,26,final_recipe,,,0.0002690030010436853,4.902277788561252e-06,geoprr_router,3182,19092,1,0.0,4.902277788561252e-06
geoprr,20262020,full_router_stage_two,27,final_recipe,,,0.0002665718942185457,4.2841666274600555e-06,geoprr_router,3182,19092,1,0.0,4.2841666274600555e-06
geoprr,20262020,full_router_stage_two,28,final_recipe,,,0.0002640608948400047,4.6617500225289e-06,geoprr_router,3182,19092,1,0.0,4.6617500225289e-06
geoprr,20262020,full_router_stage_two,29,final_recipe,,,0.0002614717238216092,5.438000015500519e-06,geoprr_router,3182,19092,1,0.0,5.438000015500519e-06
geoprr,20262020,full_router_stage_two,30,final_recipe,,,0.0002588061556518432,4.591499972674582e-06,geoprr_router,3182,19092,1,0.0,4.591499972674582e-06
geoprr,20262020,full_router_stage_two,31,final_recipe,,,0.00025606601717798223,5.071972134626574e-06,geoprr_router,3182,19092,1,0.0,5.071972134626574e-06
geoprr,20262020,full_router_stage_two,32,final_recipe,,,0.00025325318635406314,4.120083241206077e-06,geoprr_router,3182,19092,1,0.0,4.120083241206077e-06
geoprr,20262020,full_router_stage_two,33,final_recipe,,,0.0002503695909538288,4.174777746407522e-06,geoprr_router,3182,19092,1,0.0,4.174777746407522e-06
geoprr,20262020,full_router_stage_two,34,final_recipe,,,0.00024741720724952765,5.113833402800891e-06,geoprr_router,3182,19092,1,0.0,5.113833402800891e-06
geoprr,20262020,full_router_stage_two,35,final_recipe,,,0.00024439805865747574,4.493777717774113e-06,geoprr_router,3182,19092,1,0.0,4.493777717774113e-06
geoprr,20262020,full_router_stage_two,36,final_recipe,,,0.00024131421435130823,4.2655833789871796e-06,geoprr_router,3182,19092,1,0.0,4.2655833789871796e-06
geoprr,20262020,full_router_stage_two,37,final_recipe,,,0.0002381677878438711,4.395944480266836e-06,geoprr_router,3182,19092,1,0.0,4.395944480266836e-06
geoprr,20262020,full_router_stage_two,38,final_recipe,,,0.00023496093553872503,4.134583286941052e-06,geoprr_router,3182,19092,1,0.0,4.134583286941052e-06
geoprr,20262020,full_router_stage_two,39,final_recipe,,,0.00023169585525225419,4.635333316400647e-06,geoprr_router,3182,19092,1,0.0,4.635333316400647e-06
geoprr,20262020,full_router_stage_two,40,final_recipe,,,0.00022837478470739243,4.750027761070264e-06,geoprr_router,3182,19092,1,0.0,4.750027761070264e-06
geoprr,20262020,full_router_stage_two,41,final_recipe,,,0.0002250000000000001,4.627777703313364e-06,geoprr_router,3182,19092,1,0.0,4.627777703313364e-06
geoprr,20262020,full_router_stage_two,42,final_recipe,,,0.0002215738140389414,4.912777674487895e-06,geoprr_router,3182,19092,1,0.0,4.912777674487895e-06
geoprr,20262020,full_router_stage_two,43,final_recipe,,,0.00021809857496093212,4.98241667325298e-06,geoprr_router,3182,19092,1,0.0,4.98241667325298e-06
geoprr,20262020,full_router_stage_two,44,final_recipe,,,0.0002145766645212444,4.352444343061911e-06,geoprr_router,3182,19092,1,0.0,4.352444343061911e-06
geoprr,20262020,full_router_stage_two,45,final_recipe,,,0.00021101049646137014,5.071555626475149e-06,geoprr_router,3182,19092,1,0.0,5.071555626475149e-06
geoprr,20262020,full_router_stage_two,46,final_recipe,,,0.00020740251485476356,5.33822225406766e-06,geoprr_router,3182,19092,1,0.0,5.33822225406766e-06
geoprr,20262020,full_router_stage_two,47,final_recipe,,,0.00020375519243179515,4.6109444358282615e-06,geoprr_router,3182,19092,1,0.0,4.6109444358282615e-06
geoprr,20262020,full_router_stage_two,48,final_recipe,,,0.00020007102888506572,4.172777731178535e-06,geoprr_router,3182,19092,1,0.0,4.172777731178535e-06
geoprr,20262020,full_router_stage_two,49,final_recipe,,,0.00019635254915624222,4.384166742157605e-06,geoprr_router,3182,19092,1,0.0,4.384166742157605e-06
geoprr,20262020,full_router_stage_two,50,final_recipe,,,0.00019260230170558851,3.8163889096015026e-06,geoprr_router,3182,19092,1,0.0,3.8163889096015026e-06
geoprr,20262020,full_router_stage_two,51,final_recipe,,,0.00018882285676537818,5.125666632213526e-06,geoprr_router,3182,19092,1,0.0,5.125666632213526e-06
geoprr,20262020,full_router_stage_two,52,final_recipe,,,0.0001850168045783859,5.0220554435832635e-06,geoprr_router,3182,19092,1,0.0,5.0220554435832635e-06
geoprr,20262020,full_router_stage_two,53,final_recipe,,,0.00018118675362266396,4.854944482859638e-06,geoprr_router,3182,19092,1,0.0,4.854944482859638e-06
geoprr,20262020,full_router_stage_two,54,final_recipe,,,0.0001773353288238222,4.645944443634815e-06,geoprr_router,3182,19092,1,0.0,4.645944443634815e-06
geoprr,20262020,full_router_stage_two,55,final_recipe,,,0.00017346516975603473,4.263500062127908e-06,geoprr_router,3182,19092,1,0.0,4.263500062127908e-06
geoprr,20262020,full_router_stage_two,56,final_recipe,,,0.00016957892883300783,4.642527783289552e-06,geoprr_router,3182,19092,1,0.0,4.642527783289552e-06
geoprr,20262020,full_router_stage_two,57,final_recipe,,,0.00016567926949014812,4.551888883320821e-06,geoprr_router,3182,19092,1,0.0,4.551888883320821e-06
geoprr,20262020,full_router_stage_two,58,final_recipe,,,0.00016176886435917683,4.4406665902998715e-06,geoprr_router,3182,19092,1,0.0,4.4406665902998715e-06
geoprr,20262020,full_router_stage_two,59,final_recipe,,,0.00015785039343644162,4.703916686897477e-06,geoprr_router,3182,19092,1,0.0,4.703916686897477e-06
geoprr,20262020,full_router_stage_two,60,final_recipe,,,0.000153926542246181,4.449166719698244e-06,geoprr_router,3182,19092,1,0.0,4.449166719698244e-06
geoprr,20262020,full_router_stage_two,61,final_recipe,,,0.00015000000000000007,4.617194386406077e-06,geoprr_router,3182,19092,1,0.0,4.617194386406077e-06
geoprr,20262020,full_router_stage_two,62,final_recipe,,,0.0001460734577538191,5.537305648128191e-06,geoprr_router,3182,19092,1,0.0,5.537305648128191e-06
geoprr,20262020,full_router_stage_two,63,final_recipe,,,0.0001421496065635585,4.072555651267369e-06,geoprr_router,3182,19092,1,0.0,4.072555651267369e-06
geoprr,20262020,full_router_stage_two,64,final_recipe,,,0.0001382311356408233,4.079527764891584e-06,geoprr_router,3182,19092,1,0.0,4.079527764891584e-06
geoprr,20262020,full_router_stage_two,65,final_recipe,,,0.00013432073050985202,5.142138882850607e-06,geoprr_router,3182,19092,1,0.0,5.142138882850607e-06
geoprr,20262020,full_router_stage_two,66,final_recipe,,,0.0001304210711669923,4.643083343075382e-06,geoprr_router,3182,19092,1,0.0,4.643083343075382e-06
geoprr,20262020,full_router_stage_two,67,final_recipe,,,0.00012653483024396538,4.77999992047747e-06,geoprr_router,3182,19092,1,0.0,4.77999992047747e-06
geoprr,20262020,full_router_stage_two,68,final_recipe,,,0.00012266467117617793,4.554055631160736e-06,geoprr_router,3182,19092,1,0.0,4.554055631160736e-06
geoprr,20262020,full_router_stage_two,69,final_recipe,,,0.0001188132463773361,4.60755558580988e-06,geoprr_router,3182,19092,1,0.0,4.60755558580988e-06
geoprr,20262020,full_router_stage_two,70,final_recipe,,,0.0001149831954216142,4.634805566941698e-06,geoprr_router,3182,19092,1,0.0,4.634805566941698e-06
geoprr,20262020,full_router_stage_two,71,final_recipe,,,0.0001111771432346219,3.847222154339154e-06,geoprr_router,3182,19092,1,0.0,3.847222154339154e-06
geoprr,20262020,full_router_stage_two,72,final_recipe,,,0.0001073976982944116,4.2180833406746385e-06,geoprr_router,3182,19092,1,0.0,4.2180833406746385e-06
geoprr,20262020,full_router_stage_two,73,final_recipe,,,0.0001036474508437579,4.690861096605659e-06,geoprr_router,3182,19092,1,0.0,4.690861096605659e-06
geoprr,20262020,full_router_stage_two,74,final_recipe,,,9.992897111493437e-05,4.335666566880213e-06,geoprr_router,3182,19092,1,0.0,4.335666566880213e-06
geoprr,20262020,full_router_stage_two,75,final_recipe,,,9.624480756820496e-05,4.583861187307371e-06,geoprr_router,3182,19092,1,0.0,4.583861187307371e-06
geoprr,20262020,full_router_stage_two,76,final_recipe,,,9.259748514523653e-05,4.356583425154289e-06,geoprr_router,3182,19092,1,0.0,4.356583425154289e-06
geoprr,20262020,full_router_stage_two,77,final_recipe,,,8.898950353862997e-05,4.489805626993378e-06,geoprr_router,3182,19092,1,0.0,4.489805626993378e-06
geoprr,20262020,full_router_stage_two,78,final_recipe,,,8.542333547875576e-05,4.1447777766734365e-06,geoprr_router,3182,19092,1,0.0,4.1447777766734365e-06
geoprr,20262020,full_router_stage_two,79,final_recipe,,,8.190142503906799e-05,4.286277883996566e-06,geoprr_router,3182,19092,1,0.0,4.286277883996566e-06
geoprr,20262020,full_router_stage_two,80,final_recipe,,,7.842618596105874e-05,4.58716660634511e-06,geoprr_router,3182,19092,1,0.0,4.58716660634511e-06
geoprr,20262020,full_router_stage_two,81,final_recipe,,,7.500000000000003e-05,4.170583302362097e-06,geoprr_router,3182,19092,1,0.0,4.170583302362097e-06
geoprr,20262020,full_router_stage_two,82,final_recipe,,,7.162521529260768e-05,3.720694480256902e-06,geoprr_router,3182,19092,1,0.0,3.720694480256902e-06
geoprr,20262020,full_router_stage_two,83,final_recipe,,,6.830414474774599e-05,4.584166712851988e-06,geoprr_router,3182,19092,1,0.0,4.584166712851988e-06
geoprr,20262020,full_router_stage_two,84,final_recipe,,,6.503906446127505e-05,4.200805496010515e-06,geoprr_router,3182,19092,1,0.0,4.200805496010515e-06
geoprr,20262020,full_router_stage_two,85,final_recipe,,,6.183221215612905e-05,4.04561106632981e-06,geoprr_router,3182,19092,1,0.0,4.04561106632981e-06
geoprr,20262020,full_router_stage_two,86,final_recipe,,,5.868578564869191e-05,4.465777763269014e-06,geoprr_router,3182,19092,1,0.0,4.465777763269014e-06
geoprr,20262020,full_router_stage_two,87,final_recipe,,,5.5601941342524416e-05,4.476027744304803e-06,geoprr_router,3182,19092,1,0.0,4.476027744304803e-06
geoprr,20262020,full_router_stage_two,88,final_recipe,,,5.258279275047248e-05,4.169083355615537e-06,geoprr_router,3182,19092,1,0.0,4.169083355615537e-06
geoprr,20262020,full_router_stage_two,89,final_recipe,,,4.963040904617132e-05,4.094638991066151e-06,geoprr_router,3182,19092,1,0.0,4.094638991066151e-06
geoprr,20262020,full_router_stage_two,90,final_recipe,,,4.674681364593688e-05,4.840805583323041e-06,geoprr_router,3182,19092,1,0.0,4.840805583323041e-06
geoprr,20262020,full_router_stage_two,91,final_recipe,,,4.393398282201788e-05,4.418944526049826e-06,geoprr_router,3182,19092,1,0.0,4.418944526049826e-06
geoprr,20262020,full_router_stage_two,92,final_recipe,,,4.119384434815686e-05,4.229277838021517e-06,geoprr_router,3182,19092,1,0.0,4.229277838021517e-06
geoprr,20262020,full_router_stage_two,93,final_recipe,,,3.852827617839089e-05,4.878722312342789e-06,geoprr_router,3182,19092,1,0.0,4.878722312342789e-06
geoprr,20262020,full_router_stage_two,94,final_recipe,,,3.5939105159995365e-05,3.834972287424737e-06,geoprr_router,3182,19092,1,0.0,3.834972287424737e-06
geoprr,20262020,full_router_stage_two,95,final_recipe,,,3.342810578145437e-05,4.404444480314851e-06,geoprr_router,3182,19092,1,0.0,4.404444480314851e-06
geoprr,20262020,full_router_stage_two,96,final_recipe,,,3.0996998956314715e-05,4.689805597687761e-06,geoprr_router,3182,19092,1,0.0,4.689805597687761e-06
geoprr,20262020,full_router_stage_two,97,final_recipe,,,2.8647450843757904e-05,3.976777790942126e-06,geoprr_router,3182,19092,1,0.0,3.976777790942126e-06
geoprr,20262020,full_router_stage_two,98,final_recipe,,,2.6381071706697685e-05,3.766500028885073e-06,geoprr_router,3182,19092,1,0.0,3.766500028885073e-06
geoprr,20262020,full_router_stage_two,99,final_recipe,,,2.4199414808186416e-05,4.178527742624283e-06,geoprr_router,3182,19092,1,0.0,4.178527742624283e-06
geoprr,20262020,full_router_stage_two,100,final_recipe,,,2.210397534688618e-05,4.637138788691826e-06,geoprr_router,3182,19092,1,0.0,4.637138788691826e-06
geoprr,20262020,full_router_stage_two,101,final_recipe,,,2.00961894323342e-05,3.7332500020662943e-06,geoprr_router,3182,19092,1,0.0,3.7332500020662943e-06
geoprr,20262020,full_router_stage_two,102,final_recipe,,,1.8177433100705214e-05,4.054166687031587e-06,geoprr_router,3182,19092,1,0.0,4.054166687031587e-06
geoprr,20262020,full_router_stage_two,103,final_recipe,,,1.6349021371744837e-05,4.681500011227197e-06,geoprr_router,3182,19092,1,0.0,4.681500011227197e-06
geoprr,20262020,full_router_stage_two,104,final_recipe,,,1.4612207347520943e-05,4.019000075964464e-06,geoprr_router,3182,19092,1,0.0,4.019000075964464e-06
geoprr,20262020,full_router_stage_two,105,final_recipe,,,1.2968181353609857e-05,4.696527806421121e-06,geoprr_router,3182,19092,1,0.0,4.696527806421121e-06
geoprr,20262020,full_router_stage_two,106,final_recipe,,,1.1418070123306994e-05,3.881472188772427e-06,geoprr_router,3182,19092,1,0.0,3.881472188772427e-06
geoprr,20262020,full_router_stage_two,107,final_recipe,,,9.962936025419743e-06,4.621111115233765e-06,geoprr_router,3182,19092,1,0.0,4.621111115233765e-06
geoprr,20262020,full_router_stage_two,108,final_recipe,,,8.603776336173257e-06,4.435111121791933e-06,geoprr_router,3182,19092,1,0.0,4.435111121791933e-06
geoprr,20262020,full_router_stage_two,109,final_recipe,,,7.341522555726974e-06,4.033777836917175e-06,geoprr_router,3182,19092,1,0.0,4.033777836917175e-06
geoprr,20262020,full_router_stage_two,110,final_recipe,,,6.177039769771062e-06,4.5596387806451985e-06,geoprr_router,3182,19092,1,0.0,4.5596387806451985e-06
geoprr,20262020,full_router_stage_two,111,final_recipe,,,5.111126056639755e-06,4.411361102635662e-06,geoprr_router,3182,19092,1,0.0,4.411361102635662e-06
geoprr,20262020,full_router_stage_two,112,final_recipe,,,4.144511940348518e-06,4.254888950122727e-06,geoprr_router,3182,19092,1,0.0,4.254888950122727e-06
geoprr,20262020,full_router_stage_two,113,final_recipe,,,3.2778598899291478e-06,4.142055598398049e-06,geoprr_router,3182,19092,1,0.0,4.142055598398049e-06
geoprr,20262020,full_router_stage_two,114,final_recipe,,,2.5117638654068248e-06,3.78324999473989e-06,geoprr_router,3182,19092,1,0.0,3.78324999473989e-06
geoprr,20262020,full_router_stage_two,115,final_recipe,,,1.8467489107293517e-06,4.985027868921558e-06,geoprr_router,3182,19092,1,0.0,4.985027868921558e-06
geoprr,20262020,full_router_stage_two,116,final_recipe,,,1.283270793928443e-06,4.409194484146105e-06,geoprr_router,3182,19092,1,0.0,4.409194484146105e-06
geoprr,20262020,full_router_stage_two,117,final_recipe,,,8.217156947589902e-07,4.878027830272913e-06,geoprr_router,3182,19092,1,0.0,4.878027830272913e-06
geoprr,20262020,full_router_stage_two,118,final_recipe,,,4.623999400308056e-07,4.676805628049705e-06,geoprr_router,3182,19092,1,0.0,4.676805628049705e-06
geoprr,20262020,full_router_stage_two,119,final_recipe,,,2.055697868139251e-07,5.146305645919509e-06,geoprr_router,3182,19092,1,0.0,5.146305645919509e-06
geoprr,20262020,full_router_stage_two,120,final_recipe,,,5.1401253666411035e-08,4.673083312809468e-06,geoprr_router,3182,19092,1,0.0,4.673083312809468e-06
geoprr,20262020,no_geometry_fusion_router_stage_one,1,final_recipe,,,0.001,0.00021757199998117155,geoprr_router,3182,19092,38,0.0,0.00021757199998117155
geoprr,20262020,no_geometry_fusion_router_stage_one,2,final_recipe,,,0.000998458666866564,0.00021013891660711832,geoprr_router,3182,19092,38,0.0,0.00021013891660711832
geoprr,20262020,no_geometry_fusion_router_stage_one,3,final_recipe,,,0.0009938441702975688,0.00022456036104510227,geoprr_router,3182,19092,38,0.0,0.00022456036104510227
geoprr,20262020,no_geometry_fusion_router_stage_one,4,final_recipe,,,0.0009861849601988382,0.00021811411108097267,geoprr_router,3182,19092,38,0.0,0.00021811411108097267
geoprr,20262020,no_geometry_fusion_router_stage_one,5,final_recipe,,,0.0009755282581475767,0.00023380413884297013,geoprr_router,3182,19092,38,0.0,0.00023380413884297013
geoprr,20262020,no_geometry_fusion_router_stage_one,6,final_recipe,,,0.0009619397662556432,0.00021460552777474126,geoprr_router,3182,19092,38,0.0,0.00021460552777474126
geoprr,20262020,no_geometry_fusion_router_stage_one,7,final_recipe,,,0.0009455032620941838,0.0002326669999294811,geoprr_router,3182,19092,38,0.0,0.0002326669999294811
geoprr,20262020,no_geometry_fusion_router_stage_one,8,final_recipe,,,0.000926320082177046,0.00020305741668885782,geoprr_router,3182,19092,38,0.0,0.00020305741668885782
geoprr,20262020,no_geometry_fusion_router_stage_one,9,final_recipe,,,0.0009045084971874736,0.00020960774997042284,geoprr_router,3182,19092,38,0.0,0.00020960774997042284
geoprr,20262020,no_geometry_fusion_router_stage_one,10,final_recipe,,,0.0008802029828000154,0.00019411141673723856,geoprr_router,3182,19092,38,0.0,0.00019411141673723856
geoprr,20262020,no_geometry_fusion_router_stage_one,11,final_recipe,,,0.0008535533905932736,0.00020363049995568064,geoprr_router,3182,19092,38,0.0,0.00020363049995568064
geoprr,20262020,no_geometry_fusion_router_stage_one,12,final_recipe,,,0.0008247240241650918,0.00022200261113337343,geoprr_router,3182,19092,38,0.0,0.00022200261113337343
geoprr,20262020,no_geometry_fusion_router_stage_one,13,final_recipe,,,0.0007938926261462365,0.00020506986106435458,geoprr_router,3182,19092,38,0.0,0.00020506986106435458
geoprr,20262020,no_geometry_fusion_router_stage_one,14,final_recipe,,,0.0007612492823579742,0.00022823663894087077,geoprr_router,3182,19092,38,0.0,0.00022823663894087077
geoprr,20262020,no_geometry_fusion_router_stage_one,15,final_recipe,,,0.0007269952498697732,0.0002034060554837601,geoprr_router,3182,19092,38,0.0,0.0002034060554837601
geoprr,20262020,no_geometry_fusion_router_stage_one,16,final_recipe,,,0.0006913417161825447,0.00023634027780240608,geoprr_router,3182,19092,38,0.0,0.00023634027780240608
geoprr,20262020,no_geometry_fusion_router_stage_one,17,final_recipe,,,0.0006545084971874736,0.0002072746111338751,geoprr_router,3182,19092,38,0.0,0.0002072746111338751
geoprr,20262020,no_geometry_fusion_router_stage_one,18,final_recipe,,,0.0006167226819279527,0.00020304247219529416,geoprr_router,3182,19092,38,0.0,0.00020304247219529416
geoprr,20262020,no_geometry_fusion_router_stage_one,19,final_recipe,,,0.0005782172325201154,0.00022741669452645713,geoprr_router,3182,19092,38,0.0,0.00022741669452645713
geoprr,20262020,no_geometry_fusion_router_stage_one,20,final_recipe,,,0.0005392295478639224,0.0002050881389166332,geoprr_router,3182,19092,38,0.0,0.0002050881389166332
geoprr,20262020,no_geometry_fusion_router_stage_one,21,final_recipe,,,0.0004999999999999999,0.00023179336114683086,geoprr_router,3182,19092,38,0.0,0.00023179336114683086
geoprr,20262020,no_geometry_fusion_router_stage_one,22,final_recipe,,,0.0004607704521360775,0.0002048396389000118,geoprr_router,3182,19092,38,0.0,0.0002048396389000118
geoprr,20262020,no_geometry_fusion_router_stage_one,23,final_recipe,,,0.0004217827674798846,0.00023355083333121405,geoprr_router,3182,19092,38,0.0,0.00023355083333121405
geoprr,20262020,no_geometry_fusion_router_stage_one,24,final_recipe,,,0.0003832773180720472,0.00020243122216521037,geoprr_router,3182,19092,38,0.0,0.00020243122216521037
geoprr,20262020,no_geometry_fusion_router_stage_one,25,final_recipe,,,0.0003454915028125262,0.0002215741388499737,geoprr_router,3182,19092,38,0.0,0.0002215741388499737
geoprr,20262020,no_geometry_fusion_router_stage_one,26,final_recipe,,,0.00030865828381745506,0.00020436180548535454,geoprr_router,3182,19092,38,0.0,0.00020436180548535454
geoprr,20262020,no_geometry_fusion_router_stage_one,27,final_recipe,,,0.0002730047501302265,0.0002064141667344504,geoprr_router,3182,19092,38,0.0,0.0002064141667344504
geoprr,20262020,no_geometry_fusion_router_stage_one,28,final_recipe,,,0.0002387507176420255,0.0002334036389624493,geoprr_router,3182,19092,38,0.0,0.0002334036389624493
geoprr,20262020,no_geometry_fusion_router_stage_one,29,final_recipe,,,0.0002061073738537634,0.00020773336110222672,geoprr_router,3182,19092,38,0.0,0.00020773336110222672
geoprr,20262020,no_geometry_fusion_router_stage_one,30,final_recipe,,,0.00017527597583490815,0.00022313630557619035,geoprr_router,3182,19092,38,0.0,0.00022313630557619035
geoprr,20262020,no_geometry_fusion_router_stage_one,31,final_recipe,,,0.0001464466094067262,0.00020165808343638975,geoprr_router,3182,19092,38,0.0,0.00020165808343638975
geoprr,20262020,no_geometry_fusion_router_stage_one,32,final_recipe,,,0.00011979701719998447,0.00022788630552693373,geoprr_router,3182,19092,38,0.0,0.00022788630552693373
geoprr,20262020,no_geometry_fusion_router_stage_one,33,final_recipe,,,9.549150281252627e-05,0.00020016786112036141,geoprr_router,3182,19092,38,0.0,0.00020016786112036141
geoprr,20262020,no_geometry_fusion_router_stage_one,34,final_recipe,,,7.367991782295387e-05,0.00021173580549657344,geoprr_router,3182,19092,38,0.0,0.00021173580549657344
geoprr,20262020,no_geometry_fusion_router_stage_one,35,final_recipe,,,5.4496737905816076e-05,0.0002275303055325316,geoprr_router,3182,19092,38,0.0,0.0002275303055325316
geoprr,20262020,no_geometry_fusion_router_stage_one,36,final_recipe,,,3.806023374435661e-05,0.00020644886108736198,geoprr_router,3182,19092,38,0.0,0.00020644886108736198
geoprr,20262020,no_geometry_fusion_router_stage_one,37,final_recipe,,,2.447174185242322e-05,0.00020162138893889883,geoprr_router,3182,19092,38,0.0,0.00020162138893889883
geoprr,20262020,no_geometry_fusion_router_stage_one,38,final_recipe,,,1.3815039801161714e-05,0.00021194922220375804,geoprr_router,3182,19092,38,0.0,0.00021194922220375804
geoprr,20262020,no_geometry_fusion_router_stage_one,39,final_recipe,,,6.155829702431168e-06,0.00020155955558746227,geoprr_router,3182,19092,38,0.0,0.00020155955558746227
geoprr,20262020,no_geometry_fusion_router_stage_one,40,final_recipe,,,1.5413331334360176e-06,0.00022684872228031358,geoprr_router,3182,19092,38,0.0,0.00022684872228031358
geoprr,20262020,no_geometry_fusion_router_stage_two,1,final_recipe,,,0.0003,6.167666676143805e-06,geoprr_router,3182,19092,1,0.0,6.167666676143805e-06
geoprr,20262020,no_geometry_fusion_router_stage_two,2,final_recipe,,,0.00029994859874633357,4.492722348206573e-06,geoprr_router,3182,19092,1,0.0,4.492722348206573e-06
geoprr,20262020,no_geometry_fusion_router_stage_two,3,final_recipe,,,0.0002997944302131861,5.5129166382054485e-06,geoprr_router,3182,19092,1,0.0,5.5129166382054485e-06
geoprr,20262020,no_geometry_fusion_router_stage_two,4,final_recipe,,,0.0002995376000599692,5.106777728845676e-06,geoprr_router,3182,19092,1,0.0,5.106777728845676e-06
geoprr,20262020,no_geometry_fusion_router_stage_two,5,final_recipe,,,0.000299178284305241,5.191194359213113e-06,geoprr_router,3182,19092,1,0.0,5.191194359213113e-06
geoprr,20262020,no_geometry_fusion_router_stage_two,6,final_recipe,,,0.0002987167292060716,4.402027698233723e-06,geoprr_router,3182,19092,1,0.0,4.402027698233723e-06
geoprr,20262020,no_geometry_fusion_router_stage_two,7,final_recipe,,,0.0002981532510892707,5.382499916272031e-06,geoprr_router,3182,19092,1,0.0,5.382499916272031e-06
geoprr,20262020,no_geometry_fusion_router_stage_two,8,final_recipe,,,0.0002974882361345932,4.406611098804407e-06,geoprr_router,3182,19092,1,0.0,4.406611098804407e-06
geoprr,20262020,no_geometry_fusion_router_stage_two,9,final_recipe,,,0.00029672214011007087,4.916222274510397e-06,geoprr_router,3182,19092,1,0.0,4.916222274510397e-06
geoprr,20262020,no_geometry_fusion_router_stage_two,10,final_recipe,,,0.0002958554880596515,5.278472219490343e-06,geoprr_router,3182,19092,1,0.0,5.278472219490343e-06
geoprr,20262020,no_geometry_fusion_router_stage_two,11,final_recipe,,,0.0002948888739433602,4.727999912574887e-06,geoprr_router,3182,19092,1,0.0,4.727999912574887e-06
geoprr,20262020,no_geometry_fusion_router_stage_two,12,final_recipe,,,0.00029382296023022894,5.00686104512877e-06,geoprr_router,3182,19092,1,0.0,5.00686104512877e-06
geoprr,20262020,no_geometry_fusion_router_stage_two,13,final_recipe,,,0.00029265847744427303,4.275083386649688e-06,geoprr_router,3182,19092,1,0.0,4.275083386649688e-06
geoprr,20262020,no_geometry_fusion_router_stage_two,14,final_recipe,,,0.00029139622366382674,4.726777681046062e-06,geoprr_router,3182,19092,1,0.0,4.726777681046062e-06
geoprr,20262020,no_geometry_fusion_router_stage_two,15,final_recipe,,,0.00029003706397458023,4.152805518565906e-06,geoprr_router,3182,19092,1,0.0,4.152805518565906e-06
geoprr,20262020,no_geometry_fusion_router_stage_two,16,final_recipe,,,0.000288581929876693,4.9533889008065065e-06,geoprr_router,3182,19092,1,0.0,4.9533889008065065e-06
geoprr,20262020,no_geometry_fusion_router_stage_two,17,final_recipe,,,0.0002870318186463901,4.2011111509054895e-06,geoprr_router,3182,19092,1,0.0,4.2011111509054895e-06
geoprr,20262020,no_geometry_fusion_router_stage_two,18,final_recipe,,,0.0002853877926524791,4.62383342285951e-06,geoprr_router,3182,19092,1,0.0,4.62383342285951e-06
geoprr,20262020,no_geometry_fusion_router_stage_two,19,final_recipe,,,0.0002836509786282552,4.8376388278686335e-06,geoprr_router,3182,19092,1,0.0,4.8376388278686335e-06
geoprr,20262020,no_geometry_fusion_router_stage_two,20,final_recipe,,,0.0002818225668992948,4.3733055806822245e-06,geoprr_router,3182,19092,1,0.0,4.3733055806822245e-06
geoprr,20262020,no_geometry_fusion_router_stage_two,21,final_recipe,,,0.00027990381056766585,5.379027893973721e-06,geoprr_router,3182,19092,1,0.0,5.379027893973721e-06
geoprr,20262020,no_geometry_fusion_router_stage_two,22,final_recipe,,,0.00027789602465311383,4.912777803838253e-06,geoprr_router,3182,19092,1,0.0,4.912777803838253e-06
geoprr,20262020,no_geometry_fusion_router_stage_two,23,final_recipe,,,0.0002758005851918136,5.044833394802279e-06,geoprr_router,3182,19092,1,0.0,5.044833394802279e-06
geoprr,20262020,no_geometry_fusion_router_stage_two,24,final_recipe,,,0.00027361892829330236,4.639250045228335e-06,geoprr_router,3182,19092,1,0.0,4.639250045228335e-06
geoprr,20262020,no_geometry_fusion_router_stage_two,25,final_recipe,,,0.0002713525491562421,5.219416666982903e-06,geoprr_router,3182,19092,1,0.0,5.219416666982903e-06
geoprr,20262020,no_geometry_fusion_router_stage_two,26,final_recipe,,,0.0002690030010436853,4.140222186429633e-06,geoprr_router,3182,19092,1,0.0,4.140222186429633e-06
geoprr,20262020,no_geometry_fusion_router_stage_two,27,final_recipe,,,0.0002665718942185457,4.4767499073512025e-06,geoprr_router,3182,19092,1,0.0,4.4767499073512025e-06
geoprr,20262020,no_geometry_fusion_router_stage_two,28,final_recipe,,,0.0002640608948400047,4.272722225222323e-06,geoprr_router,3182,19092,1,0.0,4.272722225222323e-06
geoprr,20262020,no_geometry_fusion_router_stage_two,29,final_recipe,,,0.0002614717238216092,4.619916564681463e-06,geoprr_router,3182,19092,1,0.0,4.619916564681463e-06
geoprr,20262020,no_geometry_fusion_router_stage_two,30,final_recipe,,,0.0002588061556518432,4.595722227046887e-06,geoprr_router,3182,19092,1,0.0,4.595722227046887e-06
geoprr,20262020,no_geometry_fusion_router_stage_two,31,final_recipe,,,0.00025606601717798223,4.5132223102781505e-06,geoprr_router,3182,19092,1,0.0,4.5132223102781505e-06
geoprr,20262020,no_geometry_fusion_router_stage_two,32,final_recipe,,,0.00025325318635406314,4.343888981060849e-06,geoprr_router,3182,19092,1,0.0,4.343888981060849e-06
geoprr,20262020,no_geometry_fusion_router_stage_two,33,final_recipe,,,0.0002503695909538288,5.641194551976191e-06,geoprr_router,3182,19092,1,0.0,5.641194551976191e-06
geoprr,20262020,no_geometry_fusion_router_stage_two,34,final_recipe,,,0.00024741720724952765,4.265861094204916e-06,geoprr_router,3182,19092,1,0.0,4.265861094204916e-06
geoprr,20262020,no_geometry_fusion_router_stage_two,35,final_recipe,,,0.00024439805865747574,4.3393054511398075e-06,geoprr_router,3182,19092,1,0.0,4.3393054511398075e-06
geoprr,20262020,no_geometry_fusion_router_stage_two,36,final_recipe,,,0.00024131421435130823,4.8376666381955144e-06,geoprr_router,3182,19092,1,0.0,4.8376666381955144e-06
geoprr,20262020,no_geometry_fusion_router_stage_two,37,final_recipe,,,0.0002381677878438711,4.204222156355778e-06,geoprr_router,3182,19092,1,0.0,4.204222156355778e-06
geoprr,20262020,no_geometry_fusion_router_stage_two,38,final_recipe,,,0.00023496093553872503,5.071805531366004e-06,geoprr_router,3182,19092,1,0.0,5.071805531366004e-06
geoprr,20262020,no_geometry_fusion_router_stage_two,39,final_recipe,,,0.00023169585525225419,4.522749998917182e-06,geoprr_router,3182,19092,1,0.0,4.522749998917182e-06
geoprr,20262020,no_geometry_fusion_router_stage_two,40,final_recipe,,,0.00022837478470739243,5.9018889442086216e-06,geoprr_router,3182,19092,1,0.0,5.9018889442086216e-06
geoprr,20262020,no_geometry_fusion_router_stage_two,41,final_recipe,,,0.0002250000000000001,4.571361027451025e-06,geoprr_router,3182,19092,1,0.0,4.571361027451025e-06
geoprr,20262020,no_geometry_fusion_router_stage_two,42,final_recipe,,,0.0002215738140389414,4.019749919987387e-06,geoprr_router,3182,19092,1,0.0,4.019749919987387e-06
geoprr,20262020,no_geometry_fusion_router_stage_two,43,final_recipe,,,0.00021809857496093212,4.642833438184526e-06,geoprr_router,3182,19092,1,0.0,4.642833438184526e-06
geoprr,20262020,no_geometry_fusion_router_stage_two,44,final_recipe,,,0.0002145766645212444,4.447722264255087e-06,geoprr_router,3182,19092,1,0.0,4.447722264255087e-06
geoprr,20262020,no_geometry_fusion_router_stage_two,45,final_recipe,,,0.00021101049646137014,4.55241663277977e-06,geoprr_router,3182,19092,1,0.0,4.55241663277977e-06
geoprr,20262020,no_geometry_fusion_router_stage_two,46,final_recipe,,,0.00020740251485476356,5.3331944056683115e-06,geoprr_router,3182,19092,1,0.0,5.3331944056683115e-06
geoprr,20262020,no_geometry_fusion_router_stage_two,47,final_recipe,,,0.00020375519243179515,4.206249981911646e-06,geoprr_router,3182,19092,1,0.0,4.206249981911646e-06
geoprr,20262020,no_geometry_fusion_router_stage_two,48,final_recipe,,,0.00020007102888506572,4.164055507216188e-06,geoprr_router,3182,19092,1,0.0,4.164055507216188e-06
geoprr,20262020,no_geometry_fusion_router_stage_two,49,final_recipe,,,0.00019635254915624222,4.681944459055861e-06,geoprr_router,3182,19092,1,0.0,4.681944459055861e-06
geoprr,20262020,no_geometry_fusion_router_stage_two,50,final_recipe,,,0.00019260230170558851,3.864638791936967e-06,geoprr_router,3182,19092,1,0.0,3.864638791936967e-06
geoprr,20262020,no_geometry_fusion_router_stage_two,51,final_recipe,,,0.00018882285676537818,4.8507222284873325e-06,geoprr_router,3182,19092,1,0.0,4.8507222284873325e-06
geoprr,20262020,no_geometry_fusion_router_stage_two,52,final_recipe,,,0.0001850168045783859,5.320194436030255e-06,geoprr_router,3182,19092,1,0.0,5.320194436030255e-06
geoprr,20262020,no_geometry_fusion_router_stage_two,53,final_recipe,,,0.00018118675362266396,5.103833326655958e-06,geoprr_router,3182,19092,1,0.0,5.103833326655958e-06
geoprr,20262020,no_geometry_fusion_router_stage_two,54,final_recipe,,,0.0001773353288238222,4.826666683786445e-06,geoprr_router,3182,19092,1,0.0,4.826666683786445e-06
geoprr,20262020,no_geometry_fusion_router_stage_two,55,final_recipe,,,0.00017346516975603473,4.523361179356773e-06,geoprr_router,3182,19092,1,0.0,4.523361179356773e-06
geoprr,20262020,no_geometry_fusion_router_stage_two,56,final_recipe,,,0.00016957892883300783,4.5967500449882615e-06,geoprr_router,3182,19092,1,0.0,4.5967500449882615e-06
geoprr,20262020,no_geometry_fusion_router_stage_two,57,final_recipe,,,0.00016567926949014812,4.9530833752618895e-06,geoprr_router,3182,19092,1,0.0,4.9530833752618895e-06
geoprr,20262020,no_geometry_fusion_router_stage_two,58,final_recipe,,,0.00016176886435917683,5.18872221517894e-06,geoprr_router,3182,19092,1,0.0,5.18872221517894e-06
geoprr,20262020,no_geometry_fusion_router_stage_two,59,final_recipe,,,0.00015785039343644162,4.49019445416828e-06,geoprr_router,3182,19092,1,0.0,4.49019445416828e-06
geoprr,20262020,no_geometry_fusion_router_stage_two,60,final_recipe,,,0.000153926542246181,4.611722219528424e-06,geoprr_router,3182,19092,1,0.0,4.611722219528424e-06
geoprr,20262020,no_geometry_fusion_router_stage_two,61,final_recipe,,,0.00015000000000000007,4.602000117301941e-06,geoprr_router,3182,19092,1,0.0,4.602000117301941e-06
geoprr,20262020,no_geometry_fusion_router_stage_two,62,final_recipe,,,0.0001460734577538191,4.800972270054949e-06,geoprr_router,3182,19092,1,0.0,4.800972270054949e-06
geoprr,20262020,no_geometry_fusion_router_stage_two,63,final_recipe,,,0.0001421496065635585,4.366972199123767e-06,geoprr_router,3182,19092,1,0.0,4.366972199123767e-06
geoprr,20262020,no_geometry_fusion_router_stage_two,64,final_recipe,,,0.0001382311356408233,4.082666580668754e-06,geoprr_router,3182,19092,1,0.0,4.082666580668754e-06
geoprr,20262020,no_geometry_fusion_router_stage_two,65,final_recipe,,,0.00013432073050985202,4.069805533314745e-06,geoprr_router,3182,19092,1,0.0,4.069805533314745e-06
geoprr,20262020,no_geometry_fusion_router_stage_two,66,final_recipe,,,0.0001304210711669923,4.7712500155385995e-06,geoprr_router,3182,19092,1,0.0,4.7712500155385995e-06
geoprr,20262020,no_geometry_fusion_router_stage_two,67,final_recipe,,,0.00012653483024396538,4.894388968952828e-06,geoprr_router,3182,19092,1,0.0,4.894388968952828e-06
geoprr,20262020,no_geometry_fusion_router_stage_two,68,final_recipe,,,0.00012266467117617793,4.9238611892279655e-06,geoprr_router,3182,19092,1,0.0,4.9238611892279655e-06
geoprr,20262020,no_geometry_fusion_router_stage_two,69,final_recipe,,,0.0001188132463773361,4.212305518902011e-06,geoprr_router,3182,19092,1,0.0,4.212305518902011e-06
geoprr,20262020,no_geometry_fusion_router_stage_two,70,final_recipe,,,0.0001149831954216142,4.805305636384421e-06,geoprr_router,3182,19092,1,0.0,4.805305636384421e-06
geoprr,20262020,no_geometry_fusion_router_stage_two,71,final_recipe,,,0.0001111771432346219,4.106888987330927e-06,geoprr_router,3182,19092,1,0.0,4.106888987330927e-06
geoprr,20262020,no_geometry_fusion_router_stage_two,72,final_recipe,,,0.0001073976982944116,3.881666602359877e-06,geoprr_router,3182,19092,1,0.0,3.881666602359877e-06
geoprr,20262020,no_geometry_fusion_router_stage_two,73,final_recipe,,,0.0001036474508437579,4.401249914533562e-06,geoprr_router,3182,19092,1,0.0,4.401249914533562e-06
geoprr,20262020,no_geometry_fusion_router_stage_two,74,final_recipe,,,9.992897111493437e-05,4.60116658359766e-06,geoprr_router,3182,19092,1,0.0,4.60116658359766e-06
geoprr,20262020,no_geometry_fusion_router_stage_two,75,final_recipe,,,9.624480756820496e-05,3.952083384825123e-06,geoprr_router,3182,19092,1,0.0,3.952083384825123e-06
geoprr,20262020,no_geometry_fusion_router_stage_two,76,final_recipe,,,9.259748514523653e-05,5.265666792790095e-06,geoprr_router,3182,19092,1,0.0,5.265666792790095e-06
geoprr,20262020,no_geometry_fusion_router_stage_two,77,final_recipe,,,8.898950353862997e-05,4.736055594144596e-06,geoprr_router,3182,19092,1,0.0,4.736055594144596e-06
geoprr,20262020,no_geometry_fusion_router_stage_two,78,final_recipe,,,8.542333547875576e-05,5.019194472374187e-06,geoprr_router,3182,19092,1,0.0,5.019194472374187e-06
geoprr,20262020,no_geometry_fusion_router_stage_two,79,final_recipe,,,8.190142503906799e-05,4.081027711638146e-06,geoprr_router,3182,19092,1,0.0,4.081027711638146e-06
geoprr,20262020,no_geometry_fusion_router_stage_two,80,final_recipe,,,7.842618596105874e-05,4.734500026744273e-06,geoprr_router,3182,19092,1,0.0,4.734500026744273e-06
geoprr,20262020,no_geometry_fusion_router_stage_two,81,final_recipe,,,7.500000000000003e-05,4.525944435348113e-06,geoprr_router,3182,19092,1,0.0,4.525944435348113e-06
geoprr,20262020,no_geometry_fusion_router_stage_two,82,final_recipe,,,7.162521529260768e-05,4.128111112448905e-06,geoprr_router,3182,19092,1,0.0,4.128111112448905e-06
geoprr,20262020,no_geometry_fusion_router_stage_two,83,final_recipe,,,6.830414474774599e-05,4.2456110370241936e-06,geoprr_router,3182,19092,1,0.0,4.2456110370241936e-06
geoprr,20262020,no_geometry_fusion_router_stage_two,84,final_recipe,,,6.503906446127505e-05,4.264583371372687e-06,geoprr_router,3182,19092,1,0.0,4.264583371372687e-06
geoprr,20262020,no_geometry_fusion_router_stage_two,85,final_recipe,,,6.183221215612905e-05,4.8225000500679015e-06,geoprr_router,3182,19092,1,0.0,4.8225000500679015e-06
geoprr,20262020,no_geometry_fusion_router_stage_two,86,final_recipe,,,5.868578564869191e-05,4.176888873593675e-06,geoprr_router,3182,19092,1,0.0,4.176888873593675e-06
geoprr,20262020,no_geometry_fusion_router_stage_two,87,final_recipe,,,5.5601941342524416e-05,4.595027744977011e-06,geoprr_router,3182,19092,1,0.0,4.595027744977011e-06
geoprr,20262020,no_geometry_fusion_router_stage_two,88,final_recipe,,,5.258279275047248e-05,5.162333319377568e-06,geoprr_router,3182,19092,1,0.0,5.162333319377568e-06
geoprr,20262020,no_geometry_fusion_router_stage_two,89,final_recipe,,,4.963040904617132e-05,4.092166588331263e-06,geoprr_router,3182,19092,1,0.0,4.092166588331263e-06
geoprr,20262020,no_geometry_fusion_router_stage_two,90,final_recipe,,,4.674681364593688e-05,4.503027820545766e-06,geoprr_router,3182,19092,1,0.0,4.503027820545766e-06
geoprr,20262020,no_geometry_fusion_router_stage_two,91,final_recipe,,,4.393398282201788e-05,4.524916617406739e-06,geoprr_router,3182,19092,1,0.0,4.524916617406739e-06
geoprr,20262020,no_geometry_fusion_router_stage_two,92,final_recipe,,,4.119384434815686e-05,4.626222265263398e-06,geoprr_router,3182,19092,1,0.0,4.626222265263398e-06
geoprr,20262020,no_geometry_fusion_router_stage_two,93,final_recipe,,,3.852827617839089e-05,4.378305618754692e-06,geoprr_router,3182,19092,1,0.0,4.378305618754692e-06
geoprr,20262020,no_geometry_fusion_router_stage_two,94,final_recipe,,,3.5939105159995365e-05,4.283861101915439e-06,geoprr_router,3182,19092,1,0.0,4.283861101915439e-06
geoprr,20262020,no_geometry_fusion_router_stage_two,95,final_recipe,,,3.342810578145437e-05,5.001361197274592e-06,geoprr_router,3182,19092,1,0.0,5.001361197274592e-06
geoprr,20262020,no_geometry_fusion_router_stage_two,96,final_recipe,,,3.0996998956314715e-05,4.917499997342626e-06,geoprr_router,3182,19092,1,0.0,4.917499997342626e-06
geoprr,20262020,no_geometry_fusion_router_stage_two,97,final_recipe,,,2.8647450843757904e-05,4.520694363034434e-06,geoprr_router,3182,19092,1,0.0,4.520694363034434e-06
geoprr,20262020,no_geometry_fusion_router_stage_two,98,final_recipe,,,2.6381071706697685e-05,4.353777815898259e-06,geoprr_router,3182,19092,1,0.0,4.353777815898259e-06
geoprr,20262020,no_geometry_fusion_router_stage_two,99,final_recipe,,,2.4199414808186416e-05,4.6989166488250095e-06,geoprr_router,3182,19092,1,0.0,4.6989166488250095e-06
geoprr,20262020,no_geometry_fusion_router_stage_two,100,final_recipe,,,2.210397534688618e-05,4.842500073007411e-06,geoprr_router,3182,19092,1,0.0,4.842500073007411e-06
geoprr,20262020,no_geometry_fusion_router_stage_two,101,final_recipe,,,2.00961894323342e-05,5.0870555504742595e-06,geoprr_router,3182,19092,1,0.0,5.0870555504742595e-06
geoprr,20262020,no_geometry_fusion_router_stage_two,102,final_recipe,,,1.8177433100705214e-05,3.85241673534943e-06,geoprr_router,3182,19092,1,0.0,3.85241673534943e-06
geoprr,20262020,no_geometry_fusion_router_stage_two,103,final_recipe,,,1.6349021371744837e-05,4.409083242838581e-06,geoprr_router,3182,19092,1,0.0,4.409083242838581e-06
geoprr,20262020,no_geometry_fusion_router_stage_two,104,final_recipe,,,1.4612207347520943e-05,4.093666664428181e-06,geoprr_router,3182,19092,1,0.0,4.093666664428181e-06
geoprr,20262020,no_geometry_fusion_router_stage_two,105,final_recipe,,,1.2968181353609857e-05,3.97480558604002e-06,geoprr_router,3182,19092,1,0.0,3.97480558604002e-06
geoprr,20262020,no_geometry_fusion_router_stage_two,106,final_recipe,,,1.1418070123306994e-05,4.432138909275333e-06,geoprr_router,3182,19092,1,0.0,4.432138909275333e-06
geoprr,20262020,no_geometry_fusion_router_stage_two,107,final_recipe,,,9.962936025419743e-06,4.715638804352946e-06,geoprr_router,3182,19092,1,0.0,4.715638804352946e-06
geoprr,20262020,no_geometry_fusion_router_stage_two,108,final_recipe,,,8.603776336173257e-06,4.494999949302939e-06,geoprr_router,3182,19092,1,0.0,4.494999949302939e-06
geoprr,20262020,no_geometry_fusion_router_stage_two,109,final_recipe,,,7.341522555726974e-06,4.699277795023388e-06,geoprr_router,3182,19092,1,0.0,4.699277795023388e-06
geoprr,20262020,no_geometry_fusion_router_stage_two,110,final_recipe,,,6.177039769771062e-06,4.5178888831287626e-06,geoprr_router,3182,19092,1,0.0,4.5178888831287626e-06
geoprr,20262020,no_geometry_fusion_router_stage_two,111,final_recipe,,,5.111126056639755e-06,3.8072222378104926e-06,geoprr_router,3182,19092,1,0.0,3.8072222378104926e-06
geoprr,20262020,no_geometry_fusion_router_stage_two,112,final_recipe,,,4.144511940348518e-06,4.489888928623663e-06,geoprr_router,3182,19092,1,0.0,4.489888928623663e-06
geoprr,20262020,no_geometry_fusion_router_stage_two,113,final_recipe,,,3.2778598899291478e-06,3.979638891501559e-06,geoprr_router,3182,19092,1,0.0,3.979638891501559e-06
geoprr,20262020,no_geometry_fusion_router_stage_two,114,final_recipe,,,2.5117638654068248e-06,4.8266943647629685e-06,geoprr_router,3182,19092,1,0.0,4.8266943647629685e-06
geoprr,20262020,no_geometry_fusion_router_stage_two,115,final_recipe,,,1.8467489107293517e-06,4.612194477683968e-06,geoprr_router,3182,19092,1,0.0,4.612194477683968e-06
geoprr,20262020,no_geometry_fusion_router_stage_two,116,final_recipe,,,1.283270793928443e-06,4.90783325706919e-06,geoprr_router,3182,19092,1,0.0,4.90783325706919e-06
geoprr,20262020,no_geometry_fusion_router_stage_two,117,final_recipe,,,8.217156947589902e-07,4.44386115608116e-06,geoprr_router,3182,19092,1,0.0,4.44386115608116e-06
geoprr,20262020,no_geometry_fusion_router_stage_two,118,final_recipe,,,4.623999400308056e-07,4.534833391921388e-06,geoprr_router,3182,19092,1,0.0,4.534833391921388e-06
geoprr,20262020,no_geometry_fusion_router_stage_two,119,final_recipe,,,2.055697868139251e-07,4.875749970475833e-06,geoprr_router,3182,19092,1,0.0,4.875749970475833e-06
geoprr,20262020,no_geometry_fusion_router_stage_two,120,final_recipe,,,5.1401253666411035e-08,4.0683888881984685e-06,geoprr_router,3182,19092,1,0.0,4.0683888881984685e-06
geoprr,20262020,no_polar_evidence_router_stage_one,1,final_recipe,,,0.001,0.0002064199721078492,geoprr_router,3182,19092,38,0.0,0.0002064199721078492
geoprr,20262020,no_polar_evidence_router_stage_one,2,final_recipe,,,0.000998458666866564,0.00020940788892201252,geoprr_router,3182,19092,38,0.0,0.00020940788892201252
geoprr,20262020,no_polar_evidence_router_stage_one,3,final_recipe,,,0.0009938441702975688,0.00022675505554717448,geoprr_router,3182,19092,38,0.0,0.00022675505554717448
geoprr,20262020,no_polar_evidence_router_stage_one,4,final_recipe,,,0.0009861849601988382,0.00020637358331845865,geoprr_router,3182,19092,38,0.0,0.00020637358331845865
geoprr,20262020,no_polar_evidence_router_stage_one,5,final_recipe,,,0.0009755282581475767,0.00023073288896638487,geoprr_router,3182,19092,38,0.0,0.00023073288896638487
geoprr,20262020,no_polar_evidence_router_stage_one,6,final_recipe,,,0.0009619397662556432,0.00020228536113993162,geoprr_router,3182,19092,38,0.0,0.00020228536113993162
geoprr,20262020,no_polar_evidence_router_stage_one,7,final_recipe,,,0.0009455032620941838,0.0002289890834233827,geoprr_router,3182,19092,38,0.0,0.0002289890834233827
geoprr,20262020,no_polar_evidence_router_stage_one,8,final_recipe,,,0.000926320082177046,0.00020726072226857973,geoprr_router,3182,19092,38,0.0,0.00020726072226857973
geoprr,20262020,no_polar_evidence_router_stage_one,9,final_recipe,,,0.0009045084971874736,0.00021362808338987332,geoprr_router,3182,19092,38,0.0,0.00021362808338987332
geoprr,20262020,no_polar_evidence_router_stage_one,10,final_recipe,,,0.0008802029828000154,0.00019670016662631597,geoprr_router,3182,19092,38,0.0,0.00019670016662631597
geoprr,20262020,no_polar_evidence_router_stage_one,11,final_recipe,,,0.0008535533905932736,0.0002061946110592948,geoprr_router,3182,19092,38,0.0,0.0002061946110592948
geoprr,20262020,no_polar_evidence_router_stage_one,12,final_recipe,,,0.0008247240241650918,0.0002363823333548175,geoprr_router,3182,19092,38,0.0,0.0002363823333548175
geoprr,20262020,no_polar_evidence_router_stage_one,13,final_recipe,,,0.0007938926261462365,0.00020914011117484835,geoprr_router,3182,19092,38,0.0,0.00020914011117484835
geoprr,20262020,no_polar_evidence_router_stage_one,14,final_recipe,,,0.0007612492823579742,0.00023172588889590567,geoprr_router,3182,19092,38,0.0,0.00023172588889590567
geoprr,20262020,no_polar_evidence_router_stage_one,15,final_recipe,,,0.0007269952498697732,0.00020325900003727938,geoprr_router,3182,19092,38,0.0,0.00020325900003727938
geoprr,20262020,no_polar_evidence_router_stage_one,16,final_recipe,,,0.0006913417161825447,0.00023284302778645523,geoprr_router,3182,19092,38,0.0,0.00023284302778645523
geoprr,20262020,no_polar_evidence_router_stage_one,17,final_recipe,,,0.0006545084971874736,0.0002142633888353076,geoprr_router,3182,19092,38,0.0,0.0002142633888353076
geoprr,20262020,no_polar_evidence_router_stage_one,18,final_recipe,,,0.0006167226819279527,0.00020365755552322501,geoprr_router,3182,19092,38,0.0,0.00020365755552322501
geoprr,20262020,no_polar_evidence_router_stage_one,19,final_recipe,,,0.0005782172325201154,0.00022355752777204746,geoprr_router,3182,19092,38,0.0,0.00022355752777204746
geoprr,20262020,no_polar_evidence_router_stage_one,20,final_recipe,,,0.0005392295478639224,0.0002046501389445944,geoprr_router,3182,19092,38,0.0,0.0002046501389445944
geoprr,20262020,no_polar_evidence_router_stage_one,21,final_recipe,,,0.0004999999999999999,0.00022721086111333636,geoprr_router,3182,19092,38,0.0,0.00022721086111333636
geoprr,20262020,no_polar_evidence_router_stage_one,22,final_recipe,,,0.0004607704521360775,0.00021007858333177865,geoprr_router,3182,19092,38,0.0,0.00021007858333177865
geoprr,20262020,no_polar_evidence_router_stage_one,23,final_recipe,,,0.0004217827674798846,0.00022592883337185614,geoprr_router,3182,19092,38,0.0,0.00022592883337185614
geoprr,20262020,no_polar_evidence_router_stage_one,24,final_recipe,,,0.0003832773180720472,0.00020818169448628195,geoprr_router,3182,19092,38,0.0,0.00020818169448628195
geoprr,20262020,no_polar_evidence_router_stage_one,25,final_recipe,,,0.0003454915028125262,0.00023281105561181903,geoprr_router,3182,19092,38,0.0,0.00023281105561181903
geoprr,20262020,no_polar_evidence_router_stage_one,26,final_recipe,,,0.00030865828381745506,0.00021994125007444786,geoprr_router,3182,19092,38,0.0,0.00021994125007444786
geoprr,20262020,no_polar_evidence_router_stage_one,27,final_recipe,,,0.0002730047501302265,0.00020545458330565856,geoprr_router,3182,19092,38,0.0,0.00020545458330565856
geoprr,20262020,no_polar_evidence_router_stage_one,28,final_recipe,,,0.0002387507176420255,0.00022901438888058893,geoprr_router,3182,19092,38,0.0,0.00022901438888058893
geoprr,20262020,no_polar_evidence_router_stage_one,29,final_recipe,,,0.0002061073738537634,0.00020336908327105144,geoprr_router,3182,19092,38,0.0,0.00020336908327105144
geoprr,20262020,no_polar_evidence_router_stage_one,30,final_recipe,,,0.00017527597583490815,0.00022751197218894958,geoprr_router,3182,19092,38,0.0,0.00022751197218894958
geoprr,20262020,no_polar_evidence_router_stage_one,31,final_recipe,,,0.0001464466094067262,0.0002036887500435114,geoprr_router,3182,19092,38,0.0,0.0002036887500435114
geoprr,20262020,no_polar_evidence_router_stage_one,32,final_recipe,,,0.00011979701719998447,0.00023097755555580887,geoprr_router,3182,19092,38,0.0,0.00023097755555580887
geoprr,20262020,no_polar_evidence_router_stage_one,33,final_recipe,,,9.549150281252627e-05,0.00020281963891142772,geoprr_router,3182,19092,38,0.0,0.00020281963891142772
geoprr,20262020,no_polar_evidence_router_stage_one,34,final_recipe,,,7.367991782295387e-05,0.00020253088894403644,geoprr_router,3182,19092,38,0.0,0.00020253088894403644
geoprr,20262020,no_polar_evidence_router_stage_one,35,final_recipe,,,5.4496737905816076e-05,0.00023208827776316967,geoprr_router,3182,19092,38,0.0,0.00023208827776316967
geoprr,20262020,no_polar_evidence_router_stage_one,36,final_recipe,,,3.806023374435661e-05,0.00021030608331784606,geoprr_router,3182,19092,38,0.0,0.00021030608331784606
geoprr,20262020,no_polar_evidence_router_stage_one,37,final_recipe,,,2.447174185242322e-05,0.0002056977222673595,geoprr_router,3182,19092,38,0.0,0.0002056977222673595
geoprr,20262020,no_polar_evidence_router_stage_one,38,final_recipe,,,1.3815039801161714e-05,0.00020894447225145997,geoprr_router,3182,19092,38,0.0,0.00020894447225145997
geoprr,20262020,no_polar_evidence_router_stage_one,39,final_recipe,,,6.155829702431168e-06,0.00019898872227511473,geoprr_router,3182,19092,38,0.0,0.00019898872227511473
geoprr,20262020,no_polar_evidence_router_stage_one,40,final_recipe,,,1.5413331334360176e-06,0.00022503161104395986,geoprr_router,3182,19092,38,0.0,0.00022503161104395986
geoprr,20262020,no_polar_evidence_router_stage_two,1,final_recipe,,,0.0003,5.11338882562187e-06,geoprr_router,3182,19092,1,0.0,5.11338882562187e-06
geoprr,20262020,no_polar_evidence_router_stage_two,2,final_recipe,,,0.00029994859874633357,3.619361151423719e-06,geoprr_router,3182,19092,1,0.0,3.619361151423719e-06
geoprr,20262020,no_polar_evidence_router_stage_two,3,final_recipe,,,0.0002997944302131861,4.756055617084106e-06,geoprr_router,3182,19092,1,0.0,4.756055617084106e-06
geoprr,20262020,no_polar_evidence_router_stage_two,4,final_recipe,,,0.0002995376000599692,3.7236665634231433e-06,geoprr_router,3182,19092,1,0.0,3.7236665634231433e-06
geoprr,20262020,no_polar_evidence_router_stage_two,5,final_recipe,,,0.000299178284305241,4.049388872873452e-06,geoprr_router,3182,19092,1,0.0,4.049388872873452e-06
geoprr,20262020,no_polar_evidence_router_stage_two,6,final_recipe,,,0.0002987167292060716,4.846499974115027e-06,geoprr_router,3182,19092,1,0.0,4.846499974115027e-06
geoprr,20262020,no_polar_evidence_router_stage_two,7,final_recipe,,,0.0002981532510892707,4.297638855253657e-06,geoprr_router,3182,19092,1,0.0,4.297638855253657e-06
geoprr,20262020,no_polar_evidence_router_stage_two,8,final_recipe,,,0.0002974882361345932,4.184499977984362e-06,geoprr_router,3182,19092,1,0.0,4.184499977984362e-06
geoprr,20262020,no_polar_evidence_router_stage_two,9,final_recipe,,,0.00029672214011007087,4.2084444107280834e-06,geoprr_router,3182,19092,1,0.0,4.2084444107280834e-06
geoprr,20262020,no_polar_evidence_router_stage_two,10,final_recipe,,,0.0002958554880596515,4.615694439659516e-06,geoprr_router,3182,19092,1,0.0,4.615694439659516e-06
geoprr,20262020,no_polar_evidence_router_stage_two,11,final_recipe,,,0.0002948888739433602,4.264222225174308e-06,geoprr_router,3182,19092,1,0.0,4.264222225174308e-06
geoprr,20262020,no_polar_evidence_router_stage_two,12,final_recipe,,,0.00029382296023022894,3.959611187585526e-06,geoprr_router,3182,19092,1,0.0,3.959611187585526e-06
geoprr,20262020,no_polar_evidence_router_stage_two,13,final_recipe,,,0.00029265847744427303,4.028416781996688e-06,geoprr_router,3182,19092,1,0.0,4.028416781996688e-06
geoprr,20262020,no_polar_evidence_router_stage_two,14,final_recipe,,,0.00029139622366382674,3.997277753013703e-06,geoprr_router,3182,19092,1,0.0,3.997277753013703e-06
geoprr,20262020,no_polar_evidence_router_stage_two,15,final_recipe,,,0.00029003706397458023,4.942666661615173e-06,geoprr_router,3182,19092,1,0.0,4.942666661615173e-06
geoprr,20262020,no_polar_evidence_router_stage_two,16,final_recipe,,,0.000288581929876693,4.7816945395121975e-06,geoprr_router,3182,19092,1,0.0,4.7816945395121975e-06
geoprr,20262020,no_polar_evidence_router_stage_two,17,final_recipe,,,0.0002870318186463901,4.147666558209393e-06,geoprr_router,3182,19092,1,0.0,4.147666558209393e-06
geoprr,20262020,no_polar_evidence_router_stage_two,18,final_recipe,,,0.0002853877926524791,5.0728332199570205e-06,geoprr_router,3182,19092,1,0.0,5.0728332199570205e-06
geoprr,20262020,no_polar_evidence_router_stage_two,19,final_recipe,,,0.0002836509786282552,3.6601111706760195e-06,geoprr_router,3182,19092,1,0.0,3.6601111706760195e-06
geoprr,20262020,no_polar_evidence_router_stage_two,20,final_recipe,,,0.0002818225668992948,3.7254721650646793e-06,geoprr_router,3182,19092,1,0.0,3.7254721650646793e-06
geoprr,20262020,no_polar_evidence_router_stage_two,21,final_recipe,,,0.00027990381056766585,3.6948611442413596e-06,geoprr_router,3182,19092,1,0.0,3.6948611442413596e-06
geoprr,20262020,no_polar_evidence_router_stage_two,22,final_recipe,,,0.00027789602465311383,4.059527741952075e-06,geoprr_router,3182,19092,1,0.0,4.059527741952075e-06
geoprr,20262020,no_polar_evidence_router_stage_two,23,final_recipe,,,0.0002758005851918136,4.75108338933852e-06,geoprr_router,3182,19092,1,0.0,4.75108338933852e-06
geoprr,20262020,no_polar_evidence_router_stage_two,24,final_recipe,,,0.00027361892829330236,4.920833356057604e-06,geoprr_router,3182,19092,1,0.0,4.920833356057604e-06
geoprr,20262020,no_polar_evidence_router_stage_two,25,final_recipe,,,0.0002713525491562421,4.569527744832966e-06,geoprr_router,3182,19092,1,0.0,4.569527744832966e-06
geoprr,20262020,no_polar_evidence_router_stage_two,26,final_recipe,,,0.0002690030010436853,4.9431111094438365e-06,geoprr_router,3182,19092,1,0.0,4.9431111094438365e-06
geoprr,20262020,no_polar_evidence_router_stage_two,27,final_recipe,,,0.0002665718942185457,5.2111667011761e-06,geoprr_router,3182,19092,1,0.0,5.2111667011761e-06
geoprr,20262020,no_polar_evidence_router_stage_two,28,final_recipe,,,0.0002640608948400047,4.665416717115376e-06,geoprr_router,3182,19092,1,0.0,4.665416717115376e-06
geoprr,20262020,no_polar_evidence_router_stage_two,29,final_recipe,,,0.0002614717238216092,4.3656389849881335e-06,geoprr_router,3182,19092,1,0.0,4.3656389849881335e-06
geoprr,20262020,no_polar_evidence_router_stage_two,30,final_recipe,,,0.0002588061556518432,4.0774999393357175e-06,geoprr_router,3182,19092,1,0.0,4.0774999393357175e-06
geoprr,20262020,no_polar_evidence_router_stage_two,31,final_recipe,,,0.00025606601717798223,4.228444433667594e-06,geoprr_router,3182,19092,1,0.0,4.228444433667594e-06
geoprr,20262020,no_polar_evidence_router_stage_two,32,final_recipe,,,0.00025325318635406314,3.701944499173098e-06,geoprr_router,3182,19092,1,0.0,3.701944499173098e-06
geoprr,20262020,no_polar_evidence_router_stage_two,33,final_recipe,,,0.0002503695909538288,4.148416660933031e-06,geoprr_router,3182,19092,1,0.0,4.148416660933031e-06
geoprr,20262020,no_polar_evidence_router_stage_two,34,final_recipe,,,0.00024741720724952765,4.610555479303003e-06,geoprr_router,3182,19092,1,0.0,4.610555479303003e-06
geoprr,20262020,no_polar_evidence_router_stage_two,35,final_recipe,,,0.00024439805865747574,4.433944510916869e-06,geoprr_router,3182,19092,1,0.0,4.433944510916869e-06
geoprr,20262020,no_polar_evidence_router_stage_two,36,final_recipe,,,0.00024131421435130823,4.868500012283524e-06,geoprr_router,3182,19092,1,0.0,4.868500012283524e-06
geoprr,20262020,no_polar_evidence_router_stage_two,37,final_recipe,,,0.0002381677878438711,3.94263886846602e-06,geoprr_router,3182,19092,1,0.0,3.94263886846602e-06
geoprr,20262020,no_polar_evidence_router_stage_two,38,final_recipe,,,0.00023496093553872503,4.340222157124016e-06,geoprr_router,3182,19092,1,0.0,4.340222157124016e-06
geoprr,20262020,no_polar_evidence_router_stage_two,39,final_recipe,,,0.00023169585525225419,4.0822221328400905e-06,geoprr_router,3182,19092,1,0.0,4.0822221328400905e-06
geoprr,20262020,no_polar_evidence_router_stage_two,40,final_recipe,,,0.00022837478470739243,4.347000115861495e-06,geoprr_router,3182,19092,1,0.0,4.347000115861495e-06
geoprr,20262020,no_polar_evidence_router_stage_two,41,final_recipe,,,0.0002250000000000001,4.07288885778851e-06,geoprr_router,3182,19092,1,0.0,4.07288885778851e-06
geoprr,20262020,no_polar_evidence_router_stage_two,42,final_recipe,,,0.0002215738140389414,4.653583229002025e-06,geoprr_router,3182,19092,1,0.0,4.653583229002025e-06
geoprr,20262020,no_polar_evidence_router_stage_two,43,final_recipe,,,0.00021809857496093212,4.345472229437696e-06,geoprr_router,3182,19092,1,0.0,4.345472229437696e-06
geoprr,20262020,no_polar_evidence_router_stage_two,44,final_recipe,,,0.0002145766645212444,4.6325000261680945e-06,geoprr_router,3182,19092,1,0.0,4.6325000261680945e-06
geoprr,20262020,no_polar_evidence_router_stage_two,45,final_recipe,,,0.00021101049646137014,4.3111110830472574e-06,geoprr_router,3182,19092,1,0.0,4.3111110830472574e-06
geoprr,20262020,no_polar_evidence_router_stage_two,46,final_recipe,,,0.00020740251485476356,4.721833263627357e-06,geoprr_router,3182,19092,1,0.0,4.721833263627357e-06
geoprr,20262020,no_polar_evidence_router_stage_two,47,final_recipe,,,0.00020375519243179515,4.43016657502287e-06,geoprr_router,3182,19092,1,0.0,4.43016657502287e-06
geoprr,20262020,no_polar_evidence_router_stage_two,48,final_recipe,,,0.00020007102888506572,4.417999880388379e-06,geoprr_router,3182,19092,1,0.0,4.417999880388379e-06
geoprr,20262020,no_polar_evidence_router_stage_two,49,final_recipe,,,0.00019635254915624222,3.800194374182158e-06,geoprr_router,3182,19092,1,0.0,3.800194374182158e-06
geoprr,20262020,no_polar_evidence_router_stage_two,50,final_recipe,,,0.00019260230170558851,3.795444370350904e-06,geoprr_router,3182,19092,1,0.0,3.795444370350904e-06
geoprr,20262020,no_polar_evidence_router_stage_two,51,final_recipe,,,0.00018882285676537818,3.870666647950808e-06,geoprr_router,3182,19092,1,0.0,3.870666647950808e-06
geoprr,20262020,no_polar_evidence_router_stage_two,52,final_recipe,,,0.0001850168045783859,4.196000000875857e-06,geoprr_router,3182,19092,1,0.0,4.196000000875857e-06
geoprr,20262020,no_polar_evidence_router_stage_two,53,final_recipe,,,0.00018118675362266396,4.387305557934775e-06,geoprr_router,3182,19092,1,0.0,4.387305557934775e-06
geoprr,20262020,no_polar_evidence_router_stage_two,54,final_recipe,,,0.0001773353288238222,4.07288885778851e-06,geoprr_router,3182,19092,1,0.0,4.07288885778851e-06
geoprr,20262020,no_polar_evidence_router_stage_two,55,final_recipe,,,0.00017346516975603473,4.821916679955191e-06,geoprr_router,3182,19092,1,0.0,4.821916679955191e-06
geoprr,20262020,no_polar_evidence_router_stage_two,56,final_recipe,,,0.00016957892883300783,4.333083310888873e-06,geoprr_router,3182,19092,1,0.0,4.333083310888873e-06
geoprr,20262020,no_polar_evidence_router_stage_two,57,final_recipe,,,0.00016567926949014812,4.474111030706101e-06,geoprr_router,3182,19092,1,0.0,4.474111030706101e-06
geoprr,20262020,no_polar_evidence_router_stage_two,58,final_recipe,,,0.00016176886435917683,5.0454722562183934e-06,geoprr_router,3182,19092,1,0.0,5.0454722562183934e-06
geoprr,20262020,no_polar_evidence_router_stage_two,59,final_recipe,,,0.00015785039343644162,4.8019166570156814e-06,geoprr_router,3182,19092,1,0.0,4.8019166570156814e-06
geoprr,20262020,no_polar_evidence_router_stage_two,60,final_recipe,,,0.000153926542246181,4.271222278475761e-06,geoprr_router,3182,19092,1,0.0,4.271222278475761e-06
geoprr,20262020,no_polar_evidence_router_stage_two,61,final_recipe,,,0.00015000000000000007,4.533250014194184e-06,geoprr_router,3182,19092,1,0.0,4.533250014194184e-06
geoprr,20262020,no_polar_evidence_router_stage_two,62,final_recipe,,,0.0001460734577538191,4.4691111219839915e-06,geoprr_router,3182,19092,1,0.0,4.4691111219839915e-06
geoprr,20262020,no_polar_evidence_router_stage_two,63,final_recipe,,,0.0001421496065635585,3.837583353742957e-06,geoprr_router,3182,19092,1,0.0,3.837583353742957e-06
geoprr,20262020,no_polar_evidence_router_stage_two,64,final_recipe,,,0.0001382311356408233,4.418555569524566e-06,geoprr_router,3182,19092,1,0.0,4.418555569524566e-06
geoprr,20262020,no_polar_evidence_router_stage_two,65,final_recipe,,,0.00013432073050985202,4.636694470213519e-06,geoprr_router,3182,19092,1,0.0,4.636694470213519e-06
geoprr,20262020,no_polar_evidence_router_stage_two,66,final_recipe,,,0.0001304210711669923,3.928527779256304e-06,geoprr_router,3182,19092,1,0.0,3.928527779256304e-06
geoprr,20262020,no_polar_evidence_router_stage_two,67,final_recipe,,,0.00012653483024396538,5.295055582084589e-06,geoprr_router,3182,19092,1,0.0,5.295055582084589e-06
geoprr,20262020,no_polar_evidence_router_stage_two,68,final_recipe,,,0.00012266467117617793,4.233749997284677e-06,geoprr_router,3182,19092,1,0.0,4.233749997284677e-06
geoprr,20262020,no_polar_evidence_router_stage_two,69,final_recipe,,,0.0001188132463773361,4.8582222209208545e-06,geoprr_router,3182,19092,1,0.0,4.8582222209208545e-06
geoprr,20262020,no_polar_evidence_router_stage_two,70,final_recipe,,,0.0001149831954216142,4.27361112087965e-06,geoprr_router,3182,19092,1,0.0,4.27361112087965e-06
geoprr,20262020,no_polar_evidence_router_stage_two,71,final_recipe,,,0.0001111771432346219,4.230027811394797e-06,geoprr_router,3182,19092,1,0.0,4.230027811394797e-06
geoprr,20262020,no_polar_evidence_router_stage_two,72,final_recipe,,,0.0001073976982944116,4.6863611270156174e-06,geoprr_router,3182,19092,1,0.0,4.6863611270156174e-06
geoprr,20262020,no_polar_evidence_router_stage_two,73,final_recipe,,,0.0001036474508437579,4.236472175560064e-06,geoprr_router,3182,19092,1,0.0,4.236472175560064e-06
geoprr,20262020,no_polar_evidence_router_stage_two,74,final_recipe,,,9.992897111493437e-05,4.12188897219797e-06,geoprr_router,3182,19092,1,0.0,4.12188897219797e-06
geoprr,20262020,no_polar_evidence_router_stage_two,75,final_recipe,,,9.624480756820496e-05,4.173777868143386e-06,geoprr_router,3182,19092,1,0.0,4.173777868143386e-06
geoprr,20262020,no_polar_evidence_router_stage_two,76,final_recipe,,,9.259748514523653e-05,4.309027766187986e-06,geoprr_router,3182,19092,1,0.0,4.309027766187986e-06
geoprr,20262020,no_polar_evidence_router_stage_two,77,final_recipe,,,8.898950353862997e-05,4.334277861441175e-06,geoprr_router,3182,19092,1,0.0,4.334277861441175e-06
geoprr,20262020,no_polar_evidence_router_stage_two,78,final_recipe,,,8.542333547875576e-05,4.163833283301857e-06,geoprr_router,3182,19092,1,0.0,4.163833283301857e-06
geoprr,20262020,no_polar_evidence_router_stage_two,79,final_recipe,,,8.190142503906799e-05,4.226027780936824e-06,geoprr_router,3182,19092,1,0.0,4.226027780936824e-06
geoprr,20262020,no_polar_evidence_router_stage_two,80,final_recipe,,,7.842618596105874e-05,4.485194416095813e-06,geoprr_router,3182,19092,1,0.0,4.485194416095813e-06
geoprr,20262020,no_polar_evidence_router_stage_two,81,final_recipe,,,7.500000000000003e-05,4.0846944062246216e-06,geoprr_router,3182,19092,1,0.0,4.0846944062246216e-06
geoprr,20262020,no_polar_evidence_router_stage_two,82,final_recipe,,,7.162521529260768e-05,5.554638854745362e-06,geoprr_router,3182,19092,1,0.0,5.554638854745362e-06
geoprr,20262020,no_polar_evidence_router_stage_two,83,final_recipe,,,6.830414474774599e-05,4.924444429990318e-06,geoprr_router,3182,19092,1,0.0,4.924444429990318e-06
geoprr,20262020,no_polar_evidence_router_stage_two,84,final_recipe,,,6.503906446127505e-05,4.380444426917368e-06,geoprr_router,3182,19092,1,0.0,4.380444426917368e-06
geoprr,20262020,no_polar_evidence_router_stage_two,85,final_recipe,,,6.183221215612905e-05,4.91533337885307e-06,geoprr_router,3182,19092,1,0.0,4.91533337885307e-06
geoprr,20262020,no_polar_evidence_router_stage_two,86,final_recipe,,,5.868578564869191e-05,4.587250037325753e-06,geoprr_router,3182,19092,1,0.0,4.587250037325753e-06
geoprr,20262020,no_polar_evidence_router_stage_two,87,final_recipe,,,5.5601941342524416e-05,4.272527811634872e-06,geoprr_router,3182,19092,1,0.0,4.272527811634872e-06
geoprr,20262020,no_polar_evidence_router_stage_two,88,final_recipe,,,5.258279275047248e-05,4.658722189358539e-06,geoprr_router,3182,19092,1,0.0,4.658722189358539e-06
geoprr,20262020,no_polar_evidence_router_stage_two,89,final_recipe,,,4.963040904617132e-05,4.12691669124696e-06,geoprr_router,3182,19092,1,0.0,4.12691669124696e-06
geoprr,20262020,no_polar_evidence_router_stage_two,90,final_recipe,,,4.674681364593688e-05,4.056749943022927e-06,geoprr_router,3182,19092,1,0.0,4.056749943022927e-06
geoprr,20262020,no_polar_evidence_router_stage_two,91,final_recipe,,,4.393398282201788e-05,4.532305627233452e-06,geoprr_router,3182,19092,1,0.0,4.532305627233452e-06
geoprr,20262020,no_polar_evidence_router_stage_two,92,final_recipe,,,4.119384434815686e-05,3.67430556151602e-06,geoprr_router,3182,19092,1,0.0,3.67430556151602e-06
geoprr,20262020,no_polar_evidence_router_stage_two,93,final_recipe,,,3.852827617839089e-05,4.732333278904359e-06,geoprr_router,3182,19092,1,0.0,4.732333278904359e-06
geoprr,20262020,no_polar_evidence_router_stage_two,94,final_recipe,,,3.5939105159995365e-05,4.899555610285865e-06,geoprr_router,3182,19092,1,0.0,4.899555610285865e-06
geoprr,20262020,no_polar_evidence_router_stage_two,95,final_recipe,,,3.342810578145437e-05,4.748305590409372e-06,geoprr_router,3182,19092,1,0.0,4.748305590409372e-06
geoprr,20262020,no_polar_evidence_router_stage_two,96,final_recipe,,,3.0996998956314715e-05,4.052249973432885e-06,geoprr_router,3182,19092,1,0.0,4.052249973432885e-06
geoprr,20262020,no_polar_evidence_router_stage_two,97,final_recipe,,,2.8647450843757904e-05,4.628333263099194e-06,geoprr_router,3182,19092,1,0.0,4.628333263099194e-06
geoprr,20262020,no_polar_evidence_router_stage_two,98,final_recipe,,,2.6381071706697685e-05,4.80730552226305e-06,geoprr_router,3182,19092,1,0.0,4.80730552226305e-06
geoprr,20262020,no_polar_evidence_router_stage_two,99,final_recipe,,,2.4199414808186416e-05,4.200694513403707e-06,geoprr_router,3182,19092,1,0.0,4.200694513403707e-06
geoprr,20262020,no_polar_evidence_router_stage_two,100,final_recipe,,,2.210397534688618e-05,3.867222177278664e-06,geoprr_router,3182,19092,1,0.0,3.867222177278664e-06
geoprr,20262020,no_polar_evidence_router_stage_two,101,final_recipe,,,2.00961894323342e-05,4.181305541553431e-06,geoprr_router,3182,19092,1,0.0,4.181305541553431e-06
geoprr,20262020,no_polar_evidence_router_stage_two,102,final_recipe,,,1.8177433100705214e-05,3.974166724623905e-06,geoprr_router,3182,19092,1,0.0,3.974166724623905e-06
geoprr,20262020,no_polar_evidence_router_stage_two,103,final_recipe,,,1.6349021371744837e-05,4.045944531551665e-06,geoprr_router,3182,19092,1,0.0,4.045944531551665e-06
geoprr,20262020,no_polar_evidence_router_stage_two,104,final_recipe,,,1.4612207347520943e-05,4.329805572827657e-06,geoprr_router,3182,19092,1,0.0,4.329805572827657e-06
geoprr,20262020,no_polar_evidence_router_stage_two,105,final_recipe,,,1.2968181353609857e-05,4.560750029567215e-06,geoprr_router,3182,19092,1,0.0,4.560750029567215e-06
geoprr,20262020,no_polar_evidence_router_stage_two,106,final_recipe,,,1.1418070123306994e-05,4.586500063952472e-06,geoprr_router,3182,19092,1,0.0,4.586500063952472e-06
geoprr,20262020,no_polar_evidence_router_stage_two,107,final_recipe,,,9.962936025419743e-06,5.042388802394271e-06,geoprr_router,3182,19092,1,0.0,5.042388802394271e-06
geoprr,20262020,no_polar_evidence_router_stage_two,108,final_recipe,,,8.603776336173257e-06,4.936861158866022e-06,geoprr_router,3182,19092,1,0.0,4.936861158866022e-06
geoprr,20262020,no_polar_evidence_router_stage_two,109,final_recipe,,,7.341522555726974e-06,3.825555452042156e-06,geoprr_router,3182,19092,1,0.0,3.825555452042156e-06
geoprr,20262020,no_polar_evidence_router_stage_two,110,final_recipe,,,6.177039769771062e-06,4.660305567085743e-06,geoprr_router,3182,19092,1,0.0,4.660305567085743e-06
geoprr,20262020,no_polar_evidence_router_stage_two,111,final_recipe,,,5.111126056639755e-06,4.789777772708072e-06,geoprr_router,3182,19092,1,0.0,4.789777772708072e-06
geoprr,20262020,no_polar_evidence_router_stage_two,112,final_recipe,,,4.144511940348518e-06,4.089055582880974e-06,geoprr_router,3182,19092,1,0.0,4.089055582880974e-06
geoprr,20262020,no_polar_evidence_router_stage_two,113,final_recipe,,,3.2778598899291478e-06,4.792027692827914e-06,geoprr_router,3182,19092,1,0.0,4.792027692827914e-06
geoprr,20262020,no_polar_evidence_router_stage_two,114,final_recipe,,,2.5117638654068248e-06,4.647138864836759e-06,geoprr_router,3182,19092,1,0.0,4.647138864836759e-06
geoprr,20262020,no_polar_evidence_router_stage_two,115,final_recipe,,,1.8467489107293517e-06,4.750000080093742e-06,geoprr_router,3182,19092,1,0.0,4.750000080093742e-06
geoprr,20262020,no_polar_evidence_router_stage_two,116,final_recipe,,,1.283270793928443e-06,3.945388986418644e-06,geoprr_router,3182,19092,1,0.0,3.945388986418644e-06
geoprr,20262020,no_polar_evidence_router_stage_two,117,final_recipe,,,8.217156947589902e-07,4.2146666803293754e-06,geoprr_router,3182,19092,1,0.0,4.2146666803293754e-06
geoprr,20262020,no_polar_evidence_router_stage_two,118,final_recipe,,,4.623999400308056e-07,5.009861067972249e-06,geoprr_router,3182,19092,1,0.0,5.009861067972249e-06
geoprr,20262020,no_polar_evidence_router_stage_two,119,final_recipe,,,2.055697868139251e-07,4.4425278125951685e-06,geoprr_router,3182,19092,1,0.0,4.4425278125951685e-06
geoprr,20262020,no_polar_evidence_router_stage_two,120,final_recipe,,,5.1401253666411035e-08,5.144583345908258e-06,geoprr_router,3182,19092,1,0.0,5.144583345908258e-06
geoprr,20262020,no_relational_transport_router_stage_one,1,final_recipe,,,0.001,0.00021308711121997072,geoprr_router,3182,19092,38,0.0,0.00021308711121997072
geoprr,20262020,no_relational_transport_router_stage_one,2,final_recipe,,,0.000998458666866564,0.000201537138911792,geoprr_router,3182,19092,38,0.0,0.000201537138911792
geoprr,20262020,no_relational_transport_router_stage_one,3,final_recipe,,,0.0009938441702975688,0.0002256594444366379,geoprr_router,3182,19092,38,0.0,0.0002256594444366379
geoprr,20262020,no_relational_transport_router_stage_one,4,final_recipe,,,0.0009861849601988382,0.0002045324999683847,geoprr_router,3182,19092,38,0.0,0.0002045324999683847
geoprr,20262020,no_relational_transport_router_stage_one,5,final_recipe,,,0.0009755282581475767,0.0002310086944554415,geoprr_router,3182,19092,38,0.0,0.0002310086944554415
geoprr,20262020,no_relational_transport_router_stage_one,6,final_recipe,,,0.0009619397662556432,0.00020260941677002444,geoprr_router,3182,19092,38,0.0,0.00020260941677002444
geoprr,20262020,no_relational_transport_router_stage_one,7,final_recipe,,,0.0009455032620941838,0.00024194755552647015,geoprr_router,3182,19092,38,0.0,0.00024194755552647015
geoprr,20262020,no_relational_transport_router_stage_one,8,final_recipe,,,0.000926320082177046,0.00020874427786717813,geoprr_router,3182,19092,38,0.0,0.00020874427786717813
geoprr,20262020,no_relational_transport_router_stage_one,9,final_recipe,,,0.0009045084971874736,0.00020966888883978957,geoprr_router,3182,19092,38,0.0,0.00020966888883978957
geoprr,20262020,no_relational_transport_router_stage_one,10,final_recipe,,,0.0008802029828000154,0.00019580900009411078,geoprr_router,3182,19092,38,0.0,0.00019580900009411078
geoprr,20262020,no_relational_transport_router_stage_one,11,final_recipe,,,0.0008535533905932736,0.0002088069166832914,geoprr_router,3182,19092,38,0.0,0.0002088069166832914
geoprr,20262020,no_relational_transport_router_stage_one,12,final_recipe,,,0.0008247240241650918,0.00022887980552493698,geoprr_router,3182,19092,38,0.0,0.00022887980552493698
geoprr,20262020,no_relational_transport_router_stage_one,13,final_recipe,,,0.0007938926261462365,0.0001986208056203193,geoprr_router,3182,19092,38,0.0,0.0001986208056203193
geoprr,20262020,no_relational_transport_router_stage_one,14,final_recipe,,,0.0007612492823579742,0.00022329480555425914,geoprr_router,3182,19092,38,0.0,0.00022329480555425914
geoprr,20262020,no_relational_transport_router_stage_one,15,final_recipe,,,0.0007269952498697732,0.00020463308332384461,geoprr_router,3182,19092,38,0.0,0.00020463308332384461
geoprr,20262020,no_relational_transport_router_stage_one,16,final_recipe,,,0.0006913417161825447,0.00023610727783913413,geoprr_router,3182,19092,38,0.0,0.00023610727783913413
geoprr,20262020,no_relational_transport_router_stage_one,17,final_recipe,,,0.0006545084971874736,0.000204134333309614,geoprr_router,3182,19092,38,0.0,0.000204134333309614
geoprr,20262020,no_relational_transport_router_stage_one,18,final_recipe,,,0.0006167226819279527,0.00020560524995542236,geoprr_router,3182,19092,38,0.0,0.00020560524995542236
geoprr,20262020,no_relational_transport_router_stage_one,19,final_recipe,,,0.0005782172325201154,0.0002232437499333173,geoprr_router,3182,19092,38,0.0,0.0002232437499333173
geoprr,20262020,no_relational_transport_router_stage_one,20,final_recipe,,,0.0005392295478639224,0.00021456913893214531,geoprr_router,3182,19092,38,0.0,0.00021456913893214531
geoprr,20262020,no_relational_transport_router_stage_one,21,final_recipe,,,0.0004999999999999999,0.00022997819443440273,geoprr_router,3182,19092,38,0.0,0.00022997819443440273
geoprr,20262020,no_relational_transport_router_stage_one,22,final_recipe,,,0.0004607704521360775,0.00020402261107746098,geoprr_router,3182,19092,38,0.0,0.00020402261107746098
geoprr,20262020,no_relational_transport_router_stage_one,23,final_recipe,,,0.0004217827674798846,0.00023015230557777816,geoprr_router,3182,19092,38,0.0,0.00023015230557777816
geoprr,20262020,no_relational_transport_router_stage_one,24,final_recipe,,,0.0003832773180720472,0.0002044301667612874,geoprr_router,3182,19092,38,0.0,0.0002044301667612874
geoprr,20262020,no_relational_transport_router_stage_one,25,final_recipe,,,0.0003454915028125262,0.00023704558339280386,geoprr_router,3182,19092,38,0.0,0.00023704558339280386
geoprr,20262020,no_relational_transport_router_stage_one,26,final_recipe,,,0.00030865828381745506,0.00020629947228978078,geoprr_router,3182,19092,38,0.0,0.00020629947228978078
geoprr,20262020,no_relational_transport_router_stage_one,27,final_recipe,,,0.0002730047501302265,0.0002072828889100088,geoprr_router,3182,19092,38,0.0,0.0002072828889100088
geoprr,20262020,no_relational_transport_router_stage_one,28,final_recipe,,,0.0002387507176420255,0.00022796299994095332,geoprr_router,3182,19092,38,0.0,0.00022796299994095332
geoprr,20262020,no_relational_transport_router_stage_one,29,final_recipe,,,0.0002061073738537634,0.00020877394437169035,geoprr_router,3182,19092,38,0.0,0.00020877394437169035
geoprr,20262020,no_relational_transport_router_stage_one,30,final_recipe,,,0.00017527597583490815,0.0002323302221743183,geoprr_router,3182,19092,38,0.0,0.0002323302221743183
geoprr,20262020,no_relational_transport_router_stage_one,31,final_recipe,,,0.0001464466094067262,0.0002081476388654361,geoprr_router,3182,19092,38,0.0,0.0002081476388654361
geoprr,20262020,no_relational_transport_router_stage_one,32,final_recipe,,,0.00011979701719998447,0.0002256698611502846,geoprr_router,3182,19092,38,0.0,0.0002256698611502846
geoprr,20262020,no_relational_transport_router_stage_one,33,final_recipe,,,9.549150281252627e-05,0.00020673224999983276,geoprr_router,3182,19092,38,0.0,0.00020673224999983276
geoprr,20262020,no_relational_transport_router_stage_one,34,final_recipe,,,7.367991782295387e-05,0.00020994644443918435,geoprr_router,3182,19092,38,0.0,0.00020994644443918435
geoprr,20262020,no_relational_transport_router_stage_one,35,final_recipe,,,5.4496737905816076e-05,0.00023155605549820594,geoprr_router,3182,19092,38,0.0,0.00023155605549820594
geoprr,20262020,no_relational_transport_router_stage_one,36,final_recipe,,,3.806023374435661e-05,0.00020685774998532402,geoprr_router,3182,19092,38,0.0,0.00020685774998532402
geoprr,20262020,no_relational_transport_router_stage_one,37,final_recipe,,,2.447174185242322e-05,0.00020015366672952143,geoprr_router,3182,19092,38,0.0,0.00020015366672952143
geoprr,20262020,no_relational_transport_router_stage_one,38,final_recipe,,,1.3815039801161714e-05,0.00020226930565614667,geoprr_router,3182,19092,38,0.0,0.00020226930565614667
geoprr,20262020,no_relational_transport_router_stage_one,39,final_recipe,,,6.155829702431168e-06,0.0001993673055484477,geoprr_router,3182,19092,38,0.0,0.0001993673055484477
geoprr,20262020,no_relational_transport_router_stage_one,40,final_recipe,,,1.5413331334360176e-06,0.0002253273888749795,geoprr_router,3182,19092,38,0.0,0.0002253273888749795
geoprr,20262020,no_relational_transport_router_stage_two,1,final_recipe,,,0.0003,6.458166624522871e-06,geoprr_router,3182,19092,1,0.0,6.458166624522871e-06
geoprr,20262020,no_relational_transport_router_stage_two,2,final_recipe,,,0.00029994859874633357,3.912305562860436e-06,geoprr_router,3182,19092,1,0.0,3.912305562860436e-06
geoprr,20262020,no_relational_transport_router_stage_two,3,final_recipe,,,0.0002997944302131861,4.8823610672520266e-06,geoprr_router,3182,19092,1,0.0,4.8823610672520266e-06
geoprr,20262020,no_relational_transport_router_stage_two,4,final_recipe,,,0.0002995376000599692,4.521083319559693e-06,geoprr_router,3182,19092,1,0.0,4.521083319559693e-06
geoprr,20262020,no_relational_transport_router_stage_two,5,final_recipe,,,0.000299178284305241,5.319111126785477e-06,geoprr_router,3182,19092,1,0.0,5.319111126785477e-06
geoprr,20262020,no_relational_transport_router_stage_two,6,final_recipe,,,0.0002987167292060716,5.20127786633869e-06,geoprr_router,3182,19092,1,0.0,5.20127786633869e-06
geoprr,20262020,no_relational_transport_router_stage_two,7,final_recipe,,,0.0002981532510892707,4.482111091622048e-06,geoprr_router,3182,19092,1,0.0,4.482111091622048e-06
geoprr,20262020,no_relational_transport_router_stage_two,8,final_recipe,,,0.0002974882361345932,4.339583425058259e-06,geoprr_router,3182,19092,1,0.0,4.339583425058259e-06
geoprr,20262020,no_relational_transport_router_stage_two,9,final_recipe,,,0.00029672214011007087,4.447083273488614e-06,geoprr_router,3182,19092,1,0.0,4.447083273488614e-06
geoprr,20262020,no_relational_transport_router_stage_two,10,final_recipe,,,0.0002958554880596515,4.770666645425889e-06,geoprr_router,3182,19092,1,0.0,4.770666645425889e-06
geoprr,20262020,no_relational_transport_router_stage_two,11,final_recipe,,,0.0002948888739433602,4.885027754224009e-06,geoprr_router,3182,19092,1,0.0,4.885027754224009e-06
geoprr,20262020,no_relational_transport_router_stage_two,12,final_recipe,,,0.00029382296023022894,4.330277830983202e-06,geoprr_router,3182,19092,1,0.0,4.330277830983202e-06
geoprr,20262020,no_relational_transport_router_stage_two,13,final_recipe,,,0.00029265847744427303,4.5012778395579925e-06,geoprr_router,3182,19092,1,0.0,4.5012778395579925e-06
geoprr,20262020,no_relational_transport_router_stage_two,14,final_recipe,,,0.00029139622366382674,5.395750049501657e-06,geoprr_router,3182,19092,1,0.0,5.395750049501657e-06
geoprr,20262020,no_relational_transport_router_stage_two,15,final_recipe,,,0.00029003706397458023,4.882194463991457e-06,geoprr_router,3182,19092,1,0.0,4.882194463991457e-06
geoprr,20262020,no_relational_transport_router_stage_two,16,final_recipe,,,0.000288581929876693,4.770305499227511e-06,geoprr_router,3182,19092,1,0.0,4.770305499227511e-06
geoprr,20262020,no_relational_transport_router_stage_two,17,final_recipe,,,0.0002870318186463901,4.698666743934154e-06,geoprr_router,3182,19092,1,0.0,4.698666743934154e-06
geoprr,20262020,no_relational_transport_router_stage_two,18,final_recipe,,,0.0002853877926524791,4.215527765659822e-06,geoprr_router,3182,19092,1,0.0,4.215527765659822e-06
geoprr,20262020,no_relational_transport_router_stage_two,19,final_recipe,,,0.0002836509786282552,4.96600004326966e-06,geoprr_router,3182,19092,1,0.0,4.96600004326966e-06
geoprr,20262020,no_relational_transport_router_stage_two,20,final_recipe,,,0.0002818225668992948,4.3134167531712186e-06,geoprr_router,3182,19092,1,0.0,4.3134167531712186e-06
geoprr,20262020,no_relational_transport_router_stage_two,21,final_recipe,,,0.00027990381056766585,3.791250055655837e-06,geoprr_router,3182,19092,1,0.0,3.791250055655837e-06
geoprr,20262020,no_relational_transport_router_stage_two,22,final_recipe,,,0.00027789602465311383,4.401722172689107e-06,geoprr_router,3182,19092,1,0.0,4.401722172689107e-06
geoprr,20262020,no_relational_transport_router_stage_two,23,final_recipe,,,0.0002758005851918136,5.097555436400904e-06,geoprr_router,3182,19092,1,0.0,5.097555436400904e-06
geoprr,20262020,no_relational_transport_router_stage_two,24,final_recipe,,,0.00027361892829330236,4.317499955909119e-06,geoprr_router,3182,19092,1,0.0,4.317499955909119e-06
geoprr,20262020,no_relational_transport_router_stage_two,25,final_recipe,,,0.0002713525491562421,5.098944400540657e-06,geoprr_router,3182,19092,1,0.0,5.098944400540657e-06
geoprr,20262020,no_relational_transport_router_stage_two,26,final_recipe,,,0.0002690030010436853,4.210638839544522e-06,geoprr_router,3182,19092,1,0.0,4.210638839544522e-06
geoprr,20262020,no_relational_transport_router_stage_two,27,final_recipe,,,0.0002665718942185457,4.4591666664928194e-06,geoprr_router,3182,19092,1,0.0,4.4591666664928194e-06
geoprr,20262020,no_relational_transport_router_stage_two,28,final_recipe,,,0.0002640608948400047,4.8433332186606195e-06,geoprr_router,3182,19092,1,0.0,4.8433332186606195e-06
geoprr,20262020,no_relational_transport_router_stage_two,29,final_recipe,,,0.0002614717238216092,4.514444541806976e-06,geoprr_router,3182,19092,1,0.0,4.514444541806976e-06
geoprr,20262020,no_relational_transport_router_stage_two,30,final_recipe,,,0.0002588061556518432,4.560083357824219e-06,geoprr_router,3182,19092,1,0.0,4.560083357824219e-06
geoprr,20262020,no_relational_transport_router_stage_two,31,final_recipe,,,0.00025606601717798223,4.256888965351714e-06,geoprr_router,3182,19092,1,0.0,4.256888965351714e-06
geoprr,20262020,no_relational_transport_router_stage_two,32,final_recipe,,,0.00025325318635406314,4.356722218087978e-06,geoprr_router,3182,19092,1,0.0,4.356722218087978e-06
geoprr,20262020,no_relational_transport_router_stage_two,33,final_recipe,,,0.0002503695909538288,3.950444515794515e-06,geoprr_router,3182,19092,1,0.0,3.950444515794515e-06
geoprr,20262020,no_relational_transport_router_stage_two,34,final_recipe,,,0.00024741720724952765,4.597166682490044e-06,geoprr_router,3182,19092,1,0.0,4.597166682490044e-06
geoprr,20262020,no_relational_transport_router_stage_two,35,final_recipe,,,0.00024439805865747574,4.360694438219071e-06,geoprr_router,3182,19092,1,0.0,4.360694438219071e-06
geoprr,20262020,no_relational_transport_router_stage_two,36,final_recipe,,,0.00024131421435130823,4.387361049238178e-06,geoprr_router,3182,19092,1,0.0,4.387361049238178e-06
geoprr,20262020,no_relational_transport_router_stage_two,37,final_recipe,,,0.0002381677878438711,3.847944446735912e-06,geoprr_router,3182,19092,1,0.0,3.847944446735912e-06
geoprr,20262020,no_relational_transport_router_stage_two,38,final_recipe,,,0.00023496093553872503,4.23438898805115e-06,geoprr_router,3182,19092,1,0.0,4.23438898805115e-06
geoprr,20262020,no_relational_transport_router_stage_two,39,final_recipe,,,0.00023169585525225419,4.724000011467272e-06,geoprr_router,3182,19092,1,0.0,4.724000011467272e-06
geoprr,20262020,no_relational_transport_router_stage_two,40,final_recipe,,,0.00022837478470739243,4.075194527912471e-06,geoprr_router,3182,19092,1,0.0,4.075194527912471e-06
geoprr,20262020,no_relational_transport_router_stage_two,41,final_recipe,,,0.0002250000000000001,4.0786666795611385e-06,geoprr_router,3182,19092,1,0.0,4.0786666795611385e-06
geoprr,20262020,no_relational_transport_router_stage_two,42,final_recipe,,,0.0002215738140389414,4.676111016629471e-06,geoprr_router,3182,19092,1,0.0,4.676111016629471e-06
geoprr,20262020,no_relational_transport_router_stage_two,43,final_recipe,,,0.00021809857496093212,3.969611134380102e-06,geoprr_router,3182,19092,1,0.0,3.969611134380102e-06
geoprr,20262020,no_relational_transport_router_stage_two,44,final_recipe,,,0.0002145766645212444,4.61744442064729e-06,geoprr_router,3182,19092,1,0.0,4.61744442064729e-06
geoprr,20262020,no_relational_transport_router_stage_two,45,final_recipe,,,0.00021101049646137014,6.020166652484073e-06,geoprr_router,3182,19092,1,0.0,6.020166652484073e-06
geoprr,20262020,no_relational_transport_router_stage_two,46,final_recipe,,,0.00020740251485476356,4.623861103836033e-06,geoprr_router,3182,19092,1,0.0,4.623861103836033e-06
geoprr,20262020,no_relational_transport_router_stage_two,47,final_recipe,,,0.00020375519243179515,4.393611129166351e-06,geoprr_router,3182,19092,1,0.0,4.393611129166351e-06
geoprr,20262020,no_relational_transport_router_stage_two,48,final_recipe,,,0.00020007102888506572,4.136999939671821e-06,geoprr_router,3182,19092,1,0.0,4.136999939671821e-06
geoprr,20262020,no_relational_transport_router_stage_two,49,final_recipe,,,0.00019635254915624222,5.270972227056821e-06,geoprr_router,3182,19092,1,0.0,5.270972227056821e-06
geoprr,20262020,no_relational_transport_router_stage_two,50,final_recipe,,,0.00019260230170558851,5.823611152461833e-06,geoprr_router,3182,19092,1,0.0,5.823611152461833e-06
geoprr,20262020,no_relational_transport_router_stage_two,51,final_recipe,,,0.00018882285676537818,3.992277714941237e-06,geoprr_router,3182,19092,1,0.0,3.992277714941237e-06
geoprr,20262020,no_relational_transport_router_stage_two,52,final_recipe,,,0.0001850168045783859,4.611194340719117e-06,geoprr_router,3182,19092,1,0.0,4.611194340719117e-06
geoprr,20262020,no_relational_transport_router_stage_two,53,final_recipe,,,0.00018118675362266396,3.971027779496378e-06,geoprr_router,3182,19092,1,0.0,3.971027779496378e-06
geoprr,20262020,no_relational_transport_router_stage_two,54,final_recipe,,,0.0001773353288238222,4.147166619077325e-06,geoprr_router,3182,19092,1,0.0,4.147166619077325e-06
geoprr,20262020,no_relational_transport_router_stage_two,55,final_recipe,,,0.00017346516975603473,4.5210000179294085e-06,geoprr_router,3182,19092,1,0.0,4.5210000179294085e-06
geoprr,20262020,no_relational_transport_router_stage_two,56,final_recipe,,,0.00016957892883300783,4.985277773812413e-06,geoprr_router,3182,19092,1,0.0,4.985277773812413e-06
geoprr,20262020,no_relational_transport_router_stage_two,57,final_recipe,,,0.00016567926949014812,4.031222261902358e-06,geoprr_router,3182,19092,1,0.0,4.031222261902358e-06
geoprr,20262020,no_relational_transport_router_stage_two,58,final_recipe,,,0.00016176886435917683,4.088944470923808e-06,geoprr_router,3182,19092,1,0.0,4.088944470923808e-06
geoprr,20262020,no_relational_transport_router_stage_two,59,final_recipe,,,0.00015785039343644162,4.88277770475381e-06,geoprr_router,3182,19092,1,0.0,4.88277770475381e-06
geoprr,20262020,no_relational_transport_router_stage_two,60,final_recipe,,,0.000153926542246181,5.034916749637988e-06,geoprr_router,3182,19092,1,0.0,5.034916749637988e-06
geoprr,20262020,no_relational_transport_router_stage_two,61,final_recipe,,,0.00015000000000000007,5.2824444396214354e-06,geoprr_router,3182,19092,1,0.0,5.2824444396214354e-06
geoprr,20262020,no_relational_transport_router_stage_two,62,final_recipe,,,0.0001460734577538191,4.564694439371427e-06,geoprr_router,3182,19092,1,0.0,4.564694439371427e-06
geoprr,20262020,no_relational_transport_router_stage_two,63,final_recipe,,,0.0001421496065635585,4.613611122800244e-06,geoprr_router,3182,19092,1,0.0,4.613611122800244e-06
geoprr,20262020,no_relational_transport_router_stage_two,64,final_recipe,,,0.0001382311356408233,4.1150555221570865e-06,geoprr_router,3182,19092,1,0.0,4.1150555221570865e-06
geoprr,20262020,no_relational_transport_router_stage_two,65,final_recipe,,,0.00013432073050985202,3.995083324197266e-06,geoprr_router,3182,19092,1,0.0,3.995083324197266e-06
geoprr,20262020,no_relational_transport_router_stage_two,66,final_recipe,,,0.0001304210711669923,4.556638887152076e-06,geoprr_router,3182,19092,1,0.0,4.556638887152076e-06
geoprr,20262020,no_relational_transport_router_stage_two,67,final_recipe,,,0.00012653483024396538,4.656249915974008e-06,geoprr_router,3182,19092,1,0.0,4.656249915974008e-06
geoprr,20262020,no_relational_transport_router_stage_two,68,final_recipe,,,0.00012266467117617793,4.545972268614504e-06,geoprr_router,3182,19092,1,0.0,4.545972268614504e-06
geoprr,20262020,no_relational_transport_router_stage_two,69,final_recipe,,,0.0001188132463773361,4.2237777314666244e-06,geoprr_router,3182,19092,1,0.0,4.2237777314666244e-06
geoprr,20262020,no_relational_transport_router_stage_two,70,final_recipe,,,0.0001149831954216142,4.652861065955626e-06,geoprr_router,3182,19092,1,0.0,4.652861065955626e-06
geoprr,20262020,no_relational_transport_router_stage_two,71,final_recipe,,,0.0001111771432346219,4.0906111502812965e-06,geoprr_router,3182,19092,1,0.0,4.0906111502812965e-06
geoprr,20262020,no_relational_transport_router_stage_two,72,final_recipe,,,0.0001073976982944116,4.641722318612867e-06,geoprr_router,3182,19092,1,0.0,4.641722318612867e-06
geoprr,20262020,no_relational_transport_router_stage_two,73,final_recipe,,,0.0001036474508437579,3.981166648575001e-06,geoprr_router,3182,19092,1,0.0,3.981166648575001e-06
geoprr,20262020,no_relational_transport_router_stage_two,74,final_recipe,,,9.992897111493437e-05,4.527500002748437e-06,geoprr_router,3182,19092,1,0.0,4.527500002748437e-06
geoprr,20262020,no_relational_transport_router_stage_two,75,final_recipe,,,9.624480756820496e-05,4.424611106514931e-06,geoprr_router,3182,19092,1,0.0,4.424611106514931e-06
geoprr,20262020,no_relational_transport_router_stage_two,76,final_recipe,,,9.259748514523653e-05,4.313499925451147e-06,geoprr_router,3182,19092,1,0.0,4.313499925451147e-06
geoprr,20262020,no_relational_transport_router_stage_two,77,final_recipe,,,8.898950353862997e-05,4.771666653040383e-06,geoprr_router,3182,19092,1,0.0,4.771666653040383e-06
geoprr,20262020,no_relational_transport_router_stage_two,78,final_recipe,,,8.542333547875576e-05,4.956861052455174e-06,geoprr_router,3182,19092,1,0.0,4.956861052455174e-06
geoprr,20262020,no_relational_transport_router_stage_two,79,final_recipe,,,8.190142503906799e-05,3.8906388605634374e-06,geoprr_router,3182,19092,1,0.0,3.8906388605634374e-06
geoprr,20262020,no_relational_transport_router_stage_two,80,final_recipe,,,7.842618596105874e-05,5.1515555888828304e-06,geoprr_router,3182,19092,1,0.0,5.1515555888828304e-06
geoprr,20262020,no_relational_transport_router_stage_two,81,final_recipe,,,7.500000000000003e-05,4.7784166721006235e-06,geoprr_router,3182,19092,1,0.0,4.7784166721006235e-06
geoprr,20262020,no_relational_transport_router_stage_two,82,final_recipe,,,7.162521529260768e-05,4.481444419879053e-06,geoprr_router,3182,19092,1,0.0,4.481444419879053e-06
geoprr,20262020,no_relational_transport_router_stage_two,83,final_recipe,,,6.830414474774599e-05,4.591333369414012e-06,geoprr_router,3182,19092,1,0.0,4.591333369414012e-06
geoprr,20262020,no_relational_transport_router_stage_two,84,final_recipe,,,6.503906446127505e-05,4.992805576572816e-06,geoprr_router,3182,19092,1,0.0,4.992805576572816e-06
geoprr,20262020,no_relational_transport_router_stage_two,85,final_recipe,,,6.183221215612905e-05,4.426694423374202e-06,geoprr_router,3182,19092,1,0.0,4.426694423374202e-06
geoprr,20262020,no_relational_transport_router_stage_two,86,final_recipe,,,5.868578564869191e-05,4.678555479687121e-06,geoprr_router,3182,19092,1,0.0,4.678555479687121e-06
geoprr,20262020,no_relational_transport_router_stage_two,87,final_recipe,,,5.5601941342524416e-05,4.937972278437681e-06,geoprr_router,3182,19092,1,0.0,4.937972278437681e-06
geoprr,20262020,no_relational_transport_router_stage_two,88,final_recipe,,,5.258279275047248e-05,4.359805542561743e-06,geoprr_router,3182,19092,1,0.0,4.359805542561743e-06
geoprr,20262020,no_relational_transport_router_stage_two,89,final_recipe,,,4.963040904617132e-05,4.798555487973823e-06,geoprr_router,3182,19092,1,0.0,4.798555487973823e-06
geoprr,20262020,no_relational_transport_router_stage_two,90,final_recipe,,,4.674681364593688e-05,4.6391666142476926e-06,geoprr_router,3182,19092,1,0.0,4.6391666142476926e-06
geoprr,20262020,no_relational_transport_router_stage_two,91,final_recipe,,,4.393398282201788e-05,4.9278332800087e-06,geoprr_router,3182,19092,1,0.0,4.9278332800087e-06
geoprr,20262020,no_relational_transport_router_stage_two,92,final_recipe,,,4.119384434815686e-05,4.612388891271419e-06,geoprr_router,3182,19092,1,0.0,4.612388891271419e-06
geoprr,20262020,no_relational_transport_router_stage_two,93,final_recipe,,,3.852827617839089e-05,4.440499987039301e-06,geoprr_router,3182,19092,1,0.0,4.440499987039301e-06
geoprr,20262020,no_relational_transport_router_stage_two,94,final_recipe,,,3.5939105159995365e-05,5.009916688626011e-06,geoprr_router,3182,19092,1,0.0,5.009916688626011e-06
geoprr,20262020,no_relational_transport_router_stage_two,95,final_recipe,,,3.342810578145437e-05,3.7736944957739776e-06,geoprr_router,3182,19092,1,0.0,3.7736944957739776e-06
geoprr,20262020,no_relational_transport_router_stage_two,96,final_recipe,,,3.0996998956314715e-05,4.084222148069077e-06,geoprr_router,3182,19092,1,0.0,4.084222148069077e-06
geoprr,20262020,no_relational_transport_router_stage_two,97,final_recipe,,,2.8647450843757904e-05,4.081055521965027e-06,geoprr_router,3182,19092,1,0.0,4.081055521965027e-06
geoprr,20262020,no_relational_transport_router_stage_two,98,final_recipe,,,2.6381071706697685e-05,4.752722129018771e-06,geoprr_router,3182,19092,1,0.0,4.752722129018771e-06
geoprr,20262020,no_relational_transport_router_stage_two,99,final_recipe,,,2.4199414808186416e-05,4.4948610270188915e-06,geoprr_router,3182,19092,1,0.0,4.4948610270188915e-06
geoprr,20262020,no_relational_transport_router_stage_two,100,final_recipe,,,2.210397534688618e-05,4.752944352933102e-06,geoprr_router,3182,19092,1,0.0,4.752944352933102e-06
geoprr,20262020,no_relational_transport_router_stage_two,101,final_recipe,,,2.00961894323342e-05,3.774277736536331e-06,geoprr_router,3182,19092,1,0.0,3.774277736536331e-06
geoprr,20262020,no_relational_transport_router_stage_two,102,final_recipe,,,1.8177433100705214e-05,4.352999902847741e-06,geoprr_router,3182,19092,1,0.0,4.352999902847741e-06
geoprr,20262020,no_relational_transport_router_stage_two,103,final_recipe,,,1.6349021371744837e-05,4.266499955621031e-06,geoprr_router,3182,19092,1,0.0,4.266499955621031e-06
geoprr,20262020,no_relational_transport_router_stage_two,104,final_recipe,,,1.4612207347520943e-05,5.119416681635711e-06,geoprr_router,3182,19092,1,0.0,5.119416681635711e-06
geoprr,20262020,no_relational_transport_router_stage_two,105,final_recipe,,,1.2968181353609857e-05,4.2464722517049975e-06,geoprr_router,3182,19092,1,0.0,4.2464722517049975e-06
geoprr,20262020,no_relational_transport_router_stage_two,106,final_recipe,,,1.1418070123306994e-05,4.02769448959993e-06,geoprr_router,3182,19092,1,0.0,4.02769448959993e-06
geoprr,20262020,no_relational_transport_router_stage_two,107,final_recipe,,,9.962936025419743e-06,5.276527824915118e-06,geoprr_router,3182,19092,1,0.0,5.276527824915118e-06
geoprr,20262020,no_relational_transport_router_stage_two,108,final_recipe,,,8.603776336173257e-06,4.206777731370595e-06,geoprr_router,3182,19092,1,0.0,4.206777731370595e-06
geoprr,20262020,no_relational_transport_router_stage_two,109,final_recipe,,,7.341522555726974e-06,4.699138872739341e-06,geoprr_router,3182,19092,1,0.0,4.699138872739341e-06
geoprr,20262020,no_relational_transport_router_stage_two,110,final_recipe,,,6.177039769771062e-06,4.324055561381909e-06,geoprr_router,3182,19092,1,0.0,4.324055561381909e-06
geoprr,20262020,no_relational_transport_router_stage_two,111,final_recipe,,,5.111126056639755e-06,4.3829723209556604e-06,geoprr_router,3182,19092,1,0.0,4.3829723209556604e-06
geoprr,20262020,no_relational_transport_router_stage_two,112,final_recipe,,,4.144511940348518e-06,5.063972203060985e-06,geoprr_router,3182,19092,1,0.0,5.063972203060985e-06
geoprr,20262020,no_relational_transport_router_stage_two,113,final_recipe,,,3.2778598899291478e-06,4.323555492899484e-06,geoprr_router,3182,19092,1,0.0,4.323555492899484e-06
geoprr,20262020,no_relational_transport_router_stage_two,114,final_recipe,,,2.5117638654068248e-06,4.365916700205869e-06,geoprr_router,3182,19092,1,0.0,4.365916700205869e-06
geoprr,20262020,no_relational_transport_router_stage_two,115,final_recipe,,,1.8467489107293517e-06,4.542611099572645e-06,geoprr_router,3182,19092,1,0.0,4.542611099572645e-06
geoprr,20262020,no_relational_transport_router_stage_two,116,final_recipe,,,1.283270793928443e-06,4.9912500091724925e-06,geoprr_router,3182,19092,1,0.0,4.9912500091724925e-06
geoprr,20262020,no_relational_transport_router_stage_two,117,final_recipe,,,8.217156947589902e-07,4.300916593314873e-06,geoprr_router,3182,19092,1,0.0,4.300916593314873e-06
geoprr,20262020,no_relational_transport_router_stage_two,118,final_recipe,,,4.623999400308056e-07,4.5004444352040685e-06,geoprr_router,3182,19092,1,0.0,4.5004444352040685e-06
geoprr,20262020,no_relational_transport_router_stage_two,119,final_recipe,,,2.055697868139251e-07,4.560916632827785e-06,geoprr_router,3182,19092,1,0.0,4.560916632827785e-06
geoprr,20262020,no_relational_transport_router_stage_two,120,final_recipe,,,5.1401253666411035e-08,3.977666686599453e-06,geoprr_router,3182,19092,1,0.0,3.977666686599453e-06
geoprr,20262021,raw_efficientnet_b0,1,final_recipe,initial,1,0.0003,0.016923096583405923,geoprr_candidates,12818,12818,201,0.0,0.016923102555641282
geoprr,20262021,raw_efficientnet_b0,2,final_recipe,initial,2,0.00029917828430524096,0.01322885294444859,geoprr_candidates,12818,12818,201,0.0,0.013228858416615467
geoprr,20262021,raw_efficientnet_b0,3,final_recipe,initial,3,0.0002967221401100708,0.013318915472288306,geoprr_candidates,12818,12818,201,0.0,0.013318921555635624
geoprr,20262021,raw_efficientnet_b0,4,final_recipe,initial,4,0.00029265847744427303,0.013394140972134967,geoprr_candidates,12818,12818,201,0.0,0.01339414666665511
geoprr,20262021,raw_efficientnet_b0,5,final_recipe,initial,5,0.0002870318186463901,0.01332207372230995,geoprr_candidates,12818,12818,201,0.0,0.01332207936120944
geoprr,20262021,raw_efficientnet_b0,6,final_recipe,initial,6,0.0002799038105676658,0.013552183027819006,geoprr_candidates,12818,12818,201,0.0,0.013552189555614151
geoprr,20262021,raw_efficientnet_b0,7,final_recipe,initial,7,0.0002713525491562421,0.013486731638873203,geoprr_candidates,12818,12818,201,0.0,0.01348673772222052
geoprr,20262021,raw_efficientnet_b0,8,final_recipe,initial,8,0.00026147172382160914,0.013444275333313271,geoprr_candidates,12818,12818,201,0.0,0.013444281444470916
geoprr,20262021,raw_efficientnet_b0,9,final_recipe,initial,9,0.00025036959095382875,0.013565844361178784,geoprr_candidates,12818,12818,201,0.0,0.013565849388897834
geoprr,20262021,raw_efficientnet_b0,10,final_recipe,initial,10,0.000238167787843871,0.013359737916746073,geoprr_candidates,12818,12818,201,0.0,0.01335974261112925
geoprr,20262021,raw_efficientnet_b0,11,final_recipe,initial,11,0.00022500000000000002,0.013364522333334511,geoprr_candidates,12818,12818,201,0.0,0.013364526944416057
geoprr,20262021,raw_efficientnet_b0,12,final_recipe,initial,12,0.0002110104964613701,0.013542043250054122,geoprr_candidates,12818,12818,201,0.0,0.013542047861135668
geoprr,20262021,raw_efficientnet_b0,13,final_recipe,initial,13,0.00019635254915624216,0.013518572055553603,geoprr_candidates,12818,12818,201,0.0,0.013518577527849832
geoprr,20262021,raw_efficientnet_b0,14,final_recipe,initial,14,0.00018118675362266393,0.013430451527755294,geoprr_candidates,12818,12818,201,0.0,0.013430456222138471
geoprr,20262021,raw_efficientnet_b0,15,final_recipe,initial,15,0.0001656792694901481,0.013468824944510642,geoprr_candidates,12818,12818,201,0.0,0.013468829861117734
geoprr,20262021,raw_efficientnet_b0,16,final_recipe,initial,16,0.0001500000000000001,0.013388740333418052,geoprr_candidates,12818,12818,201,0.0,0.013388745250025143
geoprr,20262021,raw_efficientnet_b0,17,final_recipe,initial,17,0.00013432073050985205,0.013568528722195576,geoprr_candidates,12818,12818,201,0.0,0.013568533388897776
geoprr,20262021,raw_efficientnet_b0,18,final_recipe,initial,18,0.00011881324637733612,0.013536720777758294,geoprr_candidates,12818,12818,201,0.0,0.013536725611063755
geoprr,20262021,raw_efficientnet_b0,19,final_recipe,initial,19,0.00010364745084375793,0.013499894694476905,geoprr_candidates,12818,12818,201,0.0,0.013499901083349768
geoprr,20262021,raw_efficientnet_b0,20,final_recipe,initial,20,8.898950353863e-05,0.013463104722193546,geoprr_candidates,12818,12818,201,0.0,0.013463109611119661
geoprr,20262021,raw_efficientnet_b0,21,final_recipe,initial,21,7.500000000000006e-05,0.013506220027856114,geoprr_candidates,12818,12818,201,0.0,0.013506224972273533
geoprr,20262021,raw_efficientnet_b0,22,final_recipe,initial,22,6.183221215612908e-05,0.013492389611072011,geoprr_candidates,12818,12818,201,0.0,0.013492394611110082
geoprr,20262021,raw_efficientnet_b0,23,final_recipe,initial,23,4.963040904617134e-05,0.01359078491662836,geoprr_candidates,12818,12818,201,0.0,0.013590789999968062
geoprr,20262021,raw_efficientnet_b0,24,final_recipe,initial,24,3.85282761783909e-05,0.013646384888949493,geoprr_candidates,12818,12818,201,0.0,0.013646389555651695
geoprr,20262021,raw_efficientnet_b0,25,final_recipe,initial,25,2.8647450843757918e-05,0.01362708633338722,geoprr_candidates,12818,12818,201,0.0,0.013627091250123662
geoprr,20262021,raw_efficientnet_b0,26,final_recipe,initial,26,2.0096189432334208e-05,0.013627718027758723,geoprr_candidates,12818,12818,201,0.0,0.013627722916555488
geoprr,20262021,raw_efficientnet_b0,27,final_recipe,initial,27,1.2968181353609862e-05,0.013452033944453837,geoprr_candidates,12818,12818,201,0.0,0.013452038777888649
geoprr,20262021,raw_efficientnet_b0,28,final_recipe,initial,28,7.341522555726975e-06,0.013477129888876031,geoprr_candidates,12818,12818,201,0.0,0.013477134972215733
geoprr,20262021,raw_efficientnet_b0,29,final_recipe,initial,29,3.277859889929149e-06,0.013533237111082093,geoprr_candidates,12818,12818,201,0.0,0.013533242027818537
geoprr,20262021,raw_efficientnet_b0,30,final_recipe,initial,30,8.217156947589904e-07,0.013661114916645197,geoprr_candidates,12818,12818,201,0.0,0.013661119277821853
geoprr,20262021,raw_efficientnet_b0,31,final_recipe,continuation,1,3e-05,0.01346914583325593,geoprr_candidates,12818,12818,201,0.0,0.013469152166637488
geoprr,20262021,raw_efficientnet_b0,32,final_recipe,continuation,2,2.99178284305241e-05,0.013560145666641701,geoprr_candidates,12818,12818,201,0.0,0.01356015224992815
geoprr,20262021,raw_efficientnet_b0,33,final_recipe,continuation,3,2.9672214011007083e-05,0.013838939416713806,geoprr_candidates,12818,12818,201,0.0,0.01383894491669101
geoprr,20262021,raw_efficientnet_b0,34,final_recipe,continuation,4,2.9265847744427305e-05,0.013676272916685168,geoprr_candidates,12818,12818,201,0.0,0.013676278166628131
geoprr,20262021,raw_efficientnet_b0,35,final_recipe,continuation,5,2.870318186463901e-05,0.013530974194485073,geoprr_candidates,12818,12818,201,0.0,0.013530979083281838
geoprr,20262021,raw_efficientnet_b0,36,final_recipe,continuation,6,2.7990381056766583e-05,0.013448422500061698,geoprr_candidates,12818,12818,200,0.0,0.013448427222255203
geoprr,20262021,raw_efficientnet_b0,37,final_recipe,continuation,7,2.7135254915624213e-05,0.013579031555499468,geoprr_candidates,12818,12818,201,0.0,0.013579036250011995
geoprr,20262021,raw_efficientnet_b0,38,final_recipe,continuation,8,2.6147172382160913e-05,0.013453051472315564,geoprr_candidates,12818,12818,201,0.0,0.013453056527844941
geoprr,20262021,raw_efficientnet_b0,39,final_recipe,continuation,9,2.503695909538287e-05,0.013517526250022152,geoprr_candidates,12818,12818,201,0.0,0.013517533388868389
geoprr,20262021,raw_efficientnet_b0,40,final_recipe,continuation,10,2.3816778784387094e-05,0.01341033058331555,geoprr_candidates,12818,12818,201,0.0,0.013410335361129708
geoprr,20262021,raw_efficientnet_b0,41,final_recipe,continuation,11,2.2499999999999998e-05,0.013490203250096077,geoprr_candidates,12818,12818,201,0.0,0.013490208166703169
geoprr,20262021,raw_efficientnet_b0,42,final_recipe,continuation,12,2.1101049646137004e-05,0.013442562555557945,geoprr_candidates,12818,12818,201,0.0,0.013442567500104714
geoprr,20262021,raw_efficientnet_b0,43,final_recipe,continuation,13,1.963525491562421e-05,0.013550789499939937,geoprr_candidates,12818,12818,201,0.0,0.01355079441654703
geoprr,20262021,raw_efficientnet_b0,44,final_recipe,continuation,14,1.8118675362266388e-05,0.013437923027797498,geoprr_candidates,12818,12818,201,0.0,0.01343792769437035
geoprr,20262021,raw_efficientnet_b0,45,final_recipe,continuation,15,1.6567926949014805e-05,0.013501166194522133,geoprr_candidates,12818,12818,201,0.0,0.013501171638878684
geoprr,20262021,raw_efficientnet_b0,46,final_recipe,continuation,16,1.5000000000000005e-05,0.013557543777731352,geoprr_candidates,12818,12818,201,0.0,0.013557550083302582
geoprr,20262021,raw_efficientnet_b0,47,final_recipe,continuation,17,1.3432073050985203e-05,0.01348263038891471,geoprr_candidates,12818,12818,201,0.0,0.013482636555563659
geoprr,20262021,raw_efficientnet_b0,48,final_recipe,continuation,18,1.188132463773361e-05,0.01347734369441039,geoprr_candidates,12818,12818,201,0.0,0.013477348611017482
geoprr,20262021,raw_efficientnet_b0,49,final_recipe,continuation,19,1.036474508437579e-05,0.013504559638806516,geoprr_candidates,12818,12818,201,0.0,0.013504564027664149
geoprr,20262021,raw_efficientnet_b0,50,final_recipe,continuation,20,8.898950353862998e-06,0.01335547991666115,geoprr_candidates,12818,12818,201,0.0,0.013355484638854654
geoprr,20262021,raw_efficientnet_b0,51,final_recipe,continuation,21,7.5000000000000044e-06,0.01369158222223632,geoprr_candidates,12818,12818,201,0.0,0.013691586944429825
geoprr,20262021,raw_efficientnet_b0,52,final_recipe,continuation,22,6.183221215612905e-06,0.013937869666713393,geoprr_candidates,12818,12818,201,0.0,0.013937876416732454
geoprr,20262021,raw_efficientnet_b0,53,final_recipe,continuation,23,4.963040904617132e-06,0.01349986980552785,geoprr_candidates,12818,12818,200,0.0,0.013499874250006138
geoprr,20262021,raw_efficientnet_b0,54,final_recipe,continuation,24,3.852827617839089e-06,0.013033123972127214,geoprr_candidates,12818,12818,201,0.0,0.013033128861053329
geoprr,20262021,raw_efficientnet_b0,55,final_recipe,continuation,25,2.8647450843757908e-06,0.012968346611079243,geoprr_candidates,12818,12818,201,0.0,0.012968351249971116
geoprr,20262021,raw_efficientnet_b0,56,final_recipe,continuation,26,2.0096189432334203e-06,0.012988344111169378,geoprr_candidates,12818,12818,201,0.0,0.01298834886117321
geoprr,20262021,raw_efficientnet_b0,57,final_recipe,continuation,27,1.2968181353609858e-06,0.012961290888876344,geoprr_candidates,12818,12818,201,0.0,0.012961295583259522
geoprr,20262021,raw_efficientnet_b0,58,final_recipe,continuation,28,7.341522555726972e-07,0.012973734888946637,geoprr_candidates,12818,12818,201,0.0,0.012973739666760796
geoprr,20262021,raw_efficientnet_b0,59,final_recipe,continuation,29,3.277859889929148e-07,0.012954032722239692,geoprr_candidates,12818,12818,201,0.0,0.01295403950006908
geoprr,20262021,raw_efficientnet_b0,60,final_recipe,continuation,30,8.2171569475899e-08,0.01294995658332482,geoprr_candidates,12818,12818,201,0.0,0.012949962000000394
geoprr,20262021,remst,1,final_recipe,,,0.0003,0.06291608344440142,geoprr_candidates,12818,38454,1603,0.0,0.06291608383335794
geoprr,20262021,remst,2,final_recipe,,,0.0002713525491562421,0.06255592599989743,geoprr_candidates,12818,38454,1603,0.0,0.06255592680549145
geoprr,20262021,remst,3,final_recipe,,,0.0001963525491562421,0.06271596594441993,geoprr_candidates,12818,38454,1603,0.0,0.0627159662222645
geoprr,20262021,remst,4,final_recipe,,,0.00010364745084375788,0.06365226972227295,geoprr_candidates,12818,38454,1603,0.0,0.06365226999998817
geoprr,20262021,remst,5,final_recipe,,,2.8647450843757894e-05,0.06447937652779122,geoprr_candidates,12818,38454,1603,0.0,0.06447937680550644
geoprr,20262021,r2mt_mean_risk,1,final_recipe,,,0.001,0.00018575616672428117,geoprr_candidates,12818,38454,51,0.0,0.00018575666666341325
geoprr,20262021,r2mt_mean_risk,2,final_recipe,,,0.000998458666866564,0.0001767551944228924,geoprr_candidates,12818,38454,51,0.0,0.00017675563887072107
geoprr,20262021,r2mt_mean_risk,3,final_recipe,,,0.0009938441702975688,0.00016181355562164553,geoprr_candidates,12818,38454,51,0.0,0.0001618140000694742
geoprr,20262021,r2mt_mean_risk,4,final_recipe,,,0.0009861849601988382,0.00016115008335974482,geoprr_candidates,12818,38454,51,0.0,0.00016115033339398602
geoprr,20262021,r2mt_mean_risk,5,final_recipe,,,0.0009755282581475767,0.00016636286111962464,geoprr_candidates,12818,38454,51,0.0,0.00016636311115386586
geoprr,20262021,r2mt_mean_risk,6,final_recipe,,,0.0009619397662556432,0.00016350016670508516,geoprr_candidates,12818,38454,51,0.0,0.0001635003889289995
geoprr,20262021,r2mt_mean_risk,7,final_recipe,,,0.0009455032620941838,0.0001725047499510563,geoprr_candidates,12818,38454,51,0.0,0.00017250499998529753
geoprr,20262021,r2mt_mean_risk,8,final_recipe,,,0.000926320082177046,0.00017749461112543942,geoprr_candidates,12818,38454,51,0.0,0.00017749519436620177
geoprr,20262021,r2mt_mean_risk,9,final_recipe,,,0.0009045084971874736,0.00016302099994694192,geoprr_candidates,12818,38454,51,0.0,0.00016302133328281344
geoprr,20262021,r2mt_mean_risk,10,final_recipe,,,0.0008802029828000154,0.0001637059166872253,geoprr_candidates,12818,38454,51,0.0,0.0001637062500230968
geoprr,20262021,r2mt_mean_risk,11,final_recipe,,,0.0008535533905932736,0.00016126141676472294,geoprr_candidates,12818,38454,51,0.0,0.00016126161117831038
geoprr,20262021,r2mt_mean_risk,12,final_recipe,,,0.0008247240241650918,0.0001941962221947809,geoprr_candidates,12818,38454,51,0.0,0.00019419644441869523
geoprr,20262021,r2mt_mean_risk,13,final_recipe,,,0.0007938926261462365,0.00016883363882597122,geoprr_candidates,12818,38454,51,0.0,0.00016883380555858215
geoprr,20262021,r2mt_mean_risk,14,final_recipe,,,0.0007612492823579742,0.00016665724998650452,geoprr_candidates,12818,38454,51,0.0,0.00016665744452944232
geoprr,20262021,r2mt_mean_risk,15,final_recipe,,,0.0007269952498697732,0.00016966016665618454,geoprr_candidates,12818,38454,51,0.0,0.00016966049999205603
geoprr,20262021,r2mt_mean_risk,16,final_recipe,,,0.0006913417161825447,0.00017534847216059765,geoprr_candidates,12818,38454,51,0.0,0.0001753486110828817
geoprr,20262021,r2mt_mean_risk,17,final_recipe,,,0.0006545084971874736,0.00016787527775805858,geoprr_candidates,12818,38454,51,0.0,0.00016787563890425695
geoprr,20262021,r2mt_mean_risk,18,final_recipe,,,0.0006167226819279527,0.00017458349996660318,geoprr_candidates,12818,38454,51,0.0,0.00017458366656986375
geoprr,20262021,r2mt_mean_risk,19,final_recipe,,,0.0005782172325201154,0.0001670870832943668,geoprr_candidates,12818,38454,51,0.0,0.00016708725002697773
geoprr,20262021,r2mt_mean_risk,20,final_recipe,,,0.0005392295478639224,0.00017636647215113043,geoprr_candidates,12818,38454,51,0.0,0.00017636672218537166
geoprr,20262021,r2mt_mean_risk,21,final_recipe,,,0.0004999999999999999,0.00017621922229106227,geoprr_candidates,12818,38454,51,0.0,0.00017621941670464974
geoprr,20262021,r2mt_mean_risk,22,final_recipe,,,0.0004607704521360775,0.00019733661113099918,geoprr_candidates,12818,38454,51,0.0,0.00019733691665654382
geoprr,20262021,r2mt_mean_risk,23,final_recipe,,,0.0004217827674798846,0.00016290744443217087,geoprr_candidates,12818,38454,51,0.0,0.0001629079166903264
geoprr,20262021,r2mt_mean_risk,24,final_recipe,,,0.0003832773180720472,0.00017345077785042425,geoprr_candidates,12818,38454,51,0.0,0.00017345111118629574
geoprr,20262021,r2mt_mean_risk,25,final_recipe,,,0.0003454915028125262,0.0001695131667010072,geoprr_candidates,12818,38454,51,0.0,0.00016951350003687873
geoprr,20262021,r2mt_mean_risk,26,final_recipe,,,0.00030865828381745506,0.00017802916661215326,geoprr_candidates,12818,38454,51,0.0,0.00017802933321541382
geoprr,20262021,r2mt_mean_risk,27,final_recipe,,,0.0002730047501302265,0.00016841686110840077,geoprr_candidates,12818,38454,51,0.0,0.0001684170555219882
geoprr,20262021,r2mt_mean_risk,28,final_recipe,,,0.0002387507176420255,0.00017573477777962882,geoprr_candidates,12818,38454,51,0.0,0.00017573511111550034
geoprr,20262021,r2mt_mean_risk,29,final_recipe,,,0.0002061073738537634,0.0001611942222290155,geoprr_candidates,12818,38454,51,0.0,0.00016119466667684416
geoprr,20262021,r2mt_mean_risk,30,final_recipe,,,0.00017527597583490815,0.00016416575009417202,geoprr_candidates,12818,38454,51,0.0,0.0001641659166974326
geoprr,20262021,r2mt_mean_risk,31,final_recipe,,,0.0001464466094067262,0.00017671969447595378,geoprr_candidates,12818,38454,51,0.0,0.00017671983339823783
geoprr,20262021,r2mt_mean_risk,32,final_recipe,,,0.00011979701719998447,0.0001641408889554441,geoprr_candidates,12818,38454,51,0.0,0.00016414105555870466
geoprr,20262021,r2mt_mean_risk,33,final_recipe,,,9.549150281252627e-05,0.00019835761114437547,geoprr_candidates,12818,38454,51,0.0,0.00019835780555796292
geoprr,20262021,r2mt_mean_risk,34,final_recipe,,,7.367991782295387e-05,0.00016859347220613726,geoprr_candidates,12818,38454,51,0.0,0.00016859380554200875
geoprr,20262021,r2mt_mean_risk,35,final_recipe,,,5.4496737905816076e-05,0.0001666198333259672,geoprr_candidates,12818,38454,51,0.0,0.0001666201388515118
geoprr,20262021,r2mt_mean_risk,36,final_recipe,,,3.806023374435661e-05,0.00017853849994329114,geoprr_candidates,12818,38454,51,0.0,0.0001785386943568786
geoprr,20262021,r2mt_mean_risk,37,final_recipe,,,2.447174185242322e-05,0.000179710361149369,geoprr_candidates,12818,38454,51,0.0,0.00017971052775262957
geoprr,20262021,r2mt_mean_risk,38,final_recipe,,,1.3815039801161714e-05,0.00017541519443814953,geoprr_candidates,12818,38454,51,0.0,0.00017541536117076045
geoprr,20262021,r2mt_mean_risk,39,final_recipe,,,6.155829702431168e-06,0.00017877002789949378,geoprr_candidates,12818,38454,51,0.0,0.00017877036123536527
geoprr,20262021,r2mt_mean_risk,40,final_recipe,,,1.5413331334360176e-06,0.0001730327222806712,geoprr_candidates,12818,38454,51,0.0,0.0001730330278062158
geoprr,20262021,r2mt_tail_risk,1,final_recipe,,,0.001,0.0001723998055482904,geoprr_candidates,12818,38454,51,0.0,0.00017240011107383504
geoprr,20262021,r2mt_tail_risk,2,final_recipe,,,0.000998458666866564,0.0001882731944270846,geoprr_candidates,12818,38454,51,0.0,0.00018827349995262921
geoprr,20262021,r2mt_tail_risk,3,final_recipe,,,0.0009938441702975688,0.00017326613888144494,geoprr_candidates,12818,38454,51,0.0,0.0001732663054847055
geoprr,20262021,r2mt_tail_risk,4,final_recipe,,,0.0009861849601988382,0.00017509780552548668,geoprr_candidates,12818,38454,51,0.0,0.00017509791663744383
geoprr,20262021,r2mt_tail_risk,5,final_recipe,,,0.0009755282581475767,0.00017787663886944453,geoprr_candidates,12818,38454,51,0.0,0.00017787694439498915
geoprr,20262021,r2mt_tail_risk,6,final_recipe,,,0.0009619397662556432,0.00017577066668309272,geoprr_candidates,12818,38454,51,0.0,0.00017577111113092138
geoprr,20262021,r2mt_tail_risk,7,final_recipe,,,0.0009455032620941838,0.0001679967500321153,geoprr_candidates,12818,38454,51,0.0,0.00016799702774733305
geoprr,20262021,r2mt_tail_risk,8,final_recipe,,,0.000926320082177046,0.00016586405548474028,geoprr_candidates,12818,38454,51,0.0,0.00016586425002767808
geoprr,20262021,r2mt_tail_risk,9,final_recipe,,,0.0009045084971874736,0.00017545797215360735,geoprr_candidates,12818,38454,51,0.0,0.00017545827767915197
geoprr,20262021,r2mt_tail_risk,10,final_recipe,,,0.0008802029828000154,0.0001642198610999104,geoprr_candidates,12818,38454,51,0.0,0.00016422022224610877
geoprr,20262021,r2mt_tail_risk,11,final_recipe,,,0.0008535533905932736,0.0001671550556137744,geoprr_candidates,12818,38454,51,0.0,0.00016715533332899212
geoprr,20262021,r2mt_tail_risk,12,final_recipe,,,0.0008247240241650918,0.0002031686111715519,geoprr_candidates,12818,38454,51,0.0,0.00020316880558513933
geoprr,20262021,r2mt_tail_risk,13,final_recipe,,,0.0007938926261462365,0.00016638136106646723,geoprr_candidates,12818,38454,51,0.0,0.00016638166659201185
geoprr,20262021,r2mt_tail_risk,14,final_recipe,,,0.0007612492823579742,0.00017044758333617613,geoprr_candidates,12818,38454,51,0.0,0.00017044791667204765
geoprr,20262021,r2mt_tail_risk,15,final_recipe,,,0.0007269952498697732,0.00017445005554084976,geoprr_candidates,12818,38454,51,0.0,0.0001744503332560675
geoprr,20262021,r2mt_tail_risk,16,final_recipe,,,0.0006913417161825447,0.00016902791659554673,geoprr_candidates,12818,38454,51,0.0,0.00016902824993141822
geoprr,20262021,r2mt_tail_risk,17,final_recipe,,,0.0006545084971874736,0.00016938480561495654,geoprr_candidates,12818,38454,51,0.0,0.000169385000028544
geoprr,20262021,r2mt_tail_risk,18,final_recipe,,,0.0006167226819279527,0.00017625866664780512,geoprr_candidates,12818,38454,51,0.0,0.00017625886106139256
geoprr,20262021,r2mt_tail_risk,19,final_recipe,,,0.0005782172325201154,0.0001729956666369819,geoprr_candidates,12818,38454,51,0.0,0.00017299586105056934
geoprr,20262021,r2mt_tail_risk,20,final_recipe,,,0.0005392295478639224,0.00016735288883662887,geoprr_candidates,12818,38454,51,0.0,0.00016735322217250036
geoprr,20262021,r2mt_tail_risk,21,final_recipe,,,0.0004999999999999999,0.00017047652780699234,geoprr_candidates,12818,38454,51,0.0,0.00017047680552221008
geoprr,20262021,r2mt_tail_risk,22,final_recipe,,,0.0004607704521360775,0.00020190400006766949,geoprr_candidates,12818,38454,51,0.0,0.00020190419448125693
geoprr,20262021,r2mt_tail_risk,23,final_recipe,,,0.0004217827674798846,0.00016922997220212386,geoprr_candidates,12818,38454,51,0.0,0.00016923022223636508
geoprr,20262021,r2mt_tail_risk,24,final_recipe,,,0.0003832773180720472,0.0001750996666184316,geoprr_candidates,12818,38454,51,0.0,0.00017509997214397623
geoprr,20262021,r2mt_tail_risk,25,final_recipe,,,0.0003454915028125262,0.00016626611119136214,geoprr_candidates,12818,38454,51,0.0,0.00016626633341527646
geoprr,20262021,r2mt_tail_risk,26,final_recipe,,,0.00030865828381745506,0.00017529633335976137,geoprr_candidates,12818,38454,51,0.0,0.0001752965277733488
geoprr,20262021,r2mt_tail_risk,27,final_recipe,,,0.0002730047501302265,0.00017259786112440957,geoprr_candidates,12818,38454,51,0.0,0.00017259805553799702
geoprr,20262021,r2mt_tail_risk,28,final_recipe,,,0.0002387507176420255,0.0001760781944418947,geoprr_candidates,12818,38454,51,0.0,0.00017607838885548213
geoprr,20262021,r2mt_tail_risk,29,final_recipe,,,0.0002061073738537634,0.00017207116664697726,geoprr_candidates,12818,38454,51,0.0,0.00017207152779317563
geoprr,20262021,r2mt_tail_risk,30,final_recipe,,,0.00017527597583490815,0.00017396783339791,geoprr_candidates,12818,38454,51,0.0,0.0001739681667337815
geoprr,20262021,r2mt_tail_risk,31,final_recipe,,,0.0001464466094067262,0.0001713393611781713,geoprr_candidates,12818,38454,51,0.0,0.00017133955559175875
geoprr,20262021,r2mt_tail_risk,32,final_recipe,,,0.00011979701719998447,0.00019986336106537944,geoprr_candidates,12818,38454,51,0.0,0.00019986369440125096
geoprr,20262021,r2mt_tail_risk,33,final_recipe,,,9.549150281252627e-05,0.00016253233331048653,geoprr_candidates,12818,38454,51,0.0,0.00016253255553440088
geoprr,20262021,r2mt_tail_risk,34,final_recipe,,,7.367991782295387e-05,0.00017580333333979878,geoprr_candidates,12818,38454,51,0.0,0.0001758035000724097
geoprr,20262021,r2mt_tail_risk,35,final_recipe,,,5.4496737905816076e-05,0.00016570186113110848,geoprr_candidates,12818,38454,51,0.0,0.00016570202773436905
geoprr,20262021,r2mt_tail_risk,36,final_recipe,,,3.806023374435661e-05,0.0001749378610919747,geoprr_candidates,12818,38454,51,0.0,0.00017493813880719244
geoprr,20262021,r2mt_tail_risk,37,final_recipe,,,2.447174185242322e-05,0.00016601522220298647,geoprr_candidates,12818,38454,51,0.0,0.00016601552772853108
geoprr,20262021,r2mt_tail_risk,38,final_recipe,,,1.3815039801161714e-05,0.00017705219448544085,geoprr_candidates,12818,38454,51,0.0,0.0001770523334077249
geoprr,20262021,r2mt_tail_risk,39,final_recipe,,,6.155829702431168e-06,0.00018546269443403516,geoprr_candidates,12818,38454,51,0.0,0.0001854628888476226
geoprr,20262021,r2mt_tail_risk,40,final_recipe,,,1.5413331334360176e-06,0.00018370236101974215,geoprr_candidates,12818,38454,51,0.0,0.0001837025832436565
geoprr,20262021,r2mt_combined_risk,1,final_recipe,,,0.001,0.00019601244440612694,geoprr_candidates,12818,38454,51,0.0,0.0001960126110093875
geoprr,20262021,r2mt_combined_risk,2,final_recipe,,,0.000998458666866564,0.0001756267777333657,geoprr_candidates,12818,38454,51,0.0,0.00017562691665564973
geoprr,20262021,r2mt_combined_risk,3,final_recipe,,,0.0009938441702975688,0.0001748278889701598,geoprr_candidates,12818,38454,51,0.0,0.00017482816668537755
geoprr,20262021,r2mt_combined_risk,4,final_recipe,,,0.0009861849601988382,0.00017722088895324203,geoprr_candidates,12818,38454,51,0.0,0.0001772211388581329
geoprr,20262021,r2mt_combined_risk,5,final_recipe,,,0.0009755282581475767,0.0001735822499419252,geoprr_candidates,12818,38454,51,0.0,0.00017358255559682018
geoprr,20262021,r2mt_combined_risk,6,final_recipe,,,0.0009619397662556432,0.0001601472777676665,geoprr_candidates,12818,38454,51,0.0,0.00016014755548288424
geoprr,20262021,r2mt_combined_risk,7,final_recipe,,,0.0009455032620941838,0.0001744880000801964,geoprr_candidates,12818,38454,51,0.0,0.0001744882501144376
geoprr,20262021,r2mt_combined_risk,8,final_recipe,,,0.000926320082177046,0.00016903413886514804,geoprr_candidates,12818,38454,51,0.0,0.00016903441658036575
geoprr,20262021,r2mt_combined_risk,9,final_recipe,,,0.0009045084971874736,0.00017788100004610089,geoprr_candidates,12818,38454,51,0.0,0.0001778813055716455
geoprr,20262021,r2mt_combined_risk,10,final_recipe,,,0.0008802029828000154,0.00016615744434400566,geoprr_candidates,12818,38454,51,0.0,0.00016615763888694346
geoprr,20262021,r2mt_combined_risk,11,final_recipe,,,0.0008535533905932736,0.0001944397223026802,geoprr_candidates,12818,38454,51,0.0,0.00019444002782822482
geoprr,20262021,r2mt_combined_risk,12,final_recipe,,,0.0008247240241650918,0.00016830088881154856,geoprr_candidates,12818,38454,51,0.0,0.0001683010277338326
geoprr,20262021,r2mt_combined_risk,13,final_recipe,,,0.0007938926261462365,0.000169894972221098,geoprr_candidates,12818,38454,51,0.0,0.0001698953333672964
geoprr,20262021,r2mt_combined_risk,14,final_recipe,,,0.0007612492823579742,0.00017384147219773796,geoprr_candidates,12818,38454,51,0.0,0.00017384180553360945
geoprr,20262021,r2mt_combined_risk,15,final_recipe,,,0.0007269952498697732,0.00016391572232047716,geoprr_candidates,12818,38454,51,0.0,0.0001639160000356949
geoprr,20262021,r2mt_combined_risk,16,final_recipe,,,0.0006913417161825447,0.0001729401388567769,geoprr_candidates,12818,38454,51,0.0,0.0001729404443823215
geoprr,20262021,r2mt_combined_risk,17,final_recipe,,,0.0006545084971874736,0.00017171400004170007,geoprr_candidates,12818,38454,51,0.0,0.0001717142777569178
geoprr,20262021,r2mt_combined_risk,18,final_recipe,,,0.0006167226819279527,0.00016781738894577656,geoprr_candidates,12818,38454,51,0.0,0.00016781769447132117
geoprr,20262021,r2mt_combined_risk,19,final_recipe,,,0.0005782172325201154,0.00016872211113675602,geoprr_candidates,12818,38454,51,0.0,0.00016872241666230064
geoprr,20262021,r2mt_combined_risk,20,final_recipe,,,0.0005392295478639224,0.0001752825276667459,geoprr_candidates,12818,38454,51,0.0,0.000175282805511314
geoprr,20262021,r2mt_combined_risk,21,final_recipe,,,0.0004999999999999999,0.00018887591677614385,geoprr_candidates,12818,38454,51,0.0,0.00018887613900005817
geoprr,20262021,r2mt_combined_risk,22,final_recipe,,,0.0004607704521360775,0.00016608941666264502,geoprr_candidates,12818,38454,51,0.0,0.00016608963888655934
geoprr,20262021,r2mt_combined_risk,23,final_recipe,,,0.0004217827674798846,0.00016759055550210177,geoprr_candidates,12818,38454,51,0.0,0.0001675908888379733
geoprr,20262021,r2mt_combined_risk,24,final_recipe,,,0.0003832773180720472,0.00017606277781952585,geoprr_candidates,12818,38454,51,0.0,0.0001760630000434402
geoprr,20262021,r2mt_combined_risk,25,final_recipe,,,0.0003454915028125262,0.0001702053610804594,geoprr_candidates,12818,38454,51,0.0,0.00017020555549404688
geoprr,20262021,r2mt_combined_risk,26,final_recipe,,,0.00030865828381745506,0.00017306188897540172,geoprr_candidates,12818,38454,51,0.0,0.00017306219450094633
geoprr,20262021,r2mt_combined_risk,27,final_recipe,,,0.0002730047501302265,0.00017054330557584764,geoprr_candidates,12818,38454,51,0.0,0.00017054363891171913
geoprr,20262021,r2mt_combined_risk,28,final_recipe,,,0.0002387507176420255,0.00017204066660876074,geoprr_candidates,12818,38454,51,0.0,0.00017204099994463226
geoprr,20262021,r2mt_combined_risk,29,final_recipe,,,0.0002061073738537634,0.00016950391672758593,geoprr_candidates,12818,38454,51,0.0,0.00016950411114117337
geoprr,20262021,r2mt_combined_risk,30,final_recipe,,,0.00017527597583490815,0.00018947247221755484,geoprr_candidates,12818,38454,51,0.0,0.00018947263895016577
geoprr,20262021,r2mt_combined_risk,31,final_recipe,,,0.0001464466094067262,0.00016685400002946458,geoprr_candidates,12818,38454,51,0.0,0.0001668542222533789
geoprr,20262021,r2mt_combined_risk,32,final_recipe,,,0.00011979701719998447,0.00017055280558351014,geoprr_candidates,12818,38454,51,0.0,0.0001705529721867707
geoprr,20262021,r2mt_combined_risk,33,final_recipe,,,9.549150281252627e-05,0.00018455616664141415,geoprr_candidates,12818,38454,51,0.0,0.00018455636118435198
geoprr,20262021,r2mt_combined_risk,34,final_recipe,,,7.367991782295387e-05,0.00017631608333128194,geoprr_candidates,12818,38454,51,0.0,0.00017631636117585003
geoprr,20262021,r2mt_combined_risk,35,final_recipe,,,5.4496737905816076e-05,0.00017604936108303566,geoprr_candidates,12818,38454,51,0.0,0.00017604966660858027
geoprr,20262021,r2mt_combined_risk,36,final_recipe,,,3.806023374435661e-05,0.00016331291666978764,geoprr_candidates,12818,38454,51,0.0,0.0001633131945143557
geoprr,20262021,r2mt_combined_risk,37,final_recipe,,,2.447174185242322e-05,0.00018282549999033411,geoprr_candidates,12818,38454,51,0.0,0.0001828258333262056
geoprr,20262021,r2mt_combined_risk,38,final_recipe,,,1.3815039801161714e-05,0.00017068141670380203,geoprr_candidates,12818,38454,51,0.0,0.00017068175003967352
geoprr,20262021,r2mt_combined_risk,39,final_recipe,,,6.155829702431168e-06,0.00017127480551910898,geoprr_candidates,12818,38454,51,0.0,0.00017127500006204678
geoprr,20262021,r2mt_combined_risk,40,final_recipe,,,1.5413331334360176e-06,0.00019289572218743464,geoprr_candidates,12818,38454,51,0.0,0.000192896083333633
geoprr,20262021,r2mt_router,1,final_recipe,,,0.001,0.00019977086107246576,geoprr_candidates,12818,38454,51,0.0,0.0001997714166322516
geoprr,20262021,r2mt_router,2,final_recipe,,,0.000998458666866564,0.00019289822227114604,geoprr_candidates,12818,38454,51,0.0,0.0001928984721760369
geoprr,20262021,r2mt_router,3,final_recipe,,,0.0009938441702975688,0.00020335533332804012,geoprr_candidates,12818,38454,51,0.0,0.00020335561117260822
geoprr,20262021,r2mt_router,4,final_recipe,,,0.0009861849601988382,0.00020320336114511723,geoprr_candidates,12818,38454,51,0.0,0.00020320355555870467
geoprr,20262021,r2mt_router,5,final_recipe,,,0.0009755282581475767,0.0002214979723147634,geoprr_candidates,12818,38454,51,0.0,0.00022149813891802396
geoprr,20262021,r2mt_router,6,final_recipe,,,0.0009619397662556432,0.00020123772219651274,geoprr_candidates,12818,38454,51,0.0,0.0002012378611187968
geoprr,20262021,r2mt_router,7,final_recipe,,,0.0009455032620941838,0.00020144847221672534,geoprr_candidates,12818,38454,51,0.0,0.0002014486666303128
geoprr,20262021,r2mt_router,8,final_recipe,,,0.000926320082177046,0.000195865805597148,geoprr_candidates,12818,38454,51,0.0,0.00019586602782106235
geoprr,20262021,r2mt_router,9,final_recipe,,,0.0009045084971874736,0.00019954602777337034,geoprr_candidates,12818,38454,51,0.0,0.00019954633329891496
geoprr,20262021,r2mt_router,10,final_recipe,,,0.0008802029828000154,0.00022723347220259408,geoprr_candidates,12818,38454,51,0.0,0.0002272336944265084
geoprr,20262021,r2mt_router,11,final_recipe,,,0.0008535533905932736,0.00019723827769565914,geoprr_candidates,12818,38454,51,0.0,0.00019723844442827006
geoprr,20262021,r2mt_router,12,final_recipe,,,0.0008247240241650918,0.00020350219449028373,geoprr_candidates,12818,38454,51,0.0,0.00020350241671419805
geoprr,20262021,r2mt_router,13,final_recipe,,,0.0007938926261462365,0.00020859727778265046,geoprr_candidates,12818,38454,51,0.0,0.00020859738889460763
geoprr,20262021,r2mt_router,14,final_recipe,,,0.0007612492823579742,0.00019966294445718328,geoprr_candidates,12818,38454,51,0.0,0.0001996633332843582
geoprr,20262021,r2mt_router,15,final_recipe,,,0.0007269952498697732,0.000223608722185923,geoprr_candidates,12818,38454,51,0.0,0.0002236090000304911
geoprr,20262021,r2mt_router,16,final_recipe,,,0.0006913417161825447,0.00019738669442530306,geoprr_candidates,12818,38454,51,0.0,0.000197386861157914
geoprr,20262021,r2mt_router,17,final_recipe,,,0.0006545084971874736,0.00019934222218580543,geoprr_candidates,12818,38454,51,0.0,0.0001993424165993929
geoprr,20262021,r2mt_router,18,final_recipe,,,0.0006167226819279527,0.0002066262777791255,geoprr_candidates,12818,38454,51,0.0,0.00020662655549434324
geoprr,20262021,r2mt_router,19,final_recipe,,,0.0005782172325201154,0.00020342444431864552,geoprr_candidates,12818,38454,51,0.0,0.00020342477765451702
geoprr,20262021,r2mt_router,20,final_recipe,,,0.0005392295478639224,0.00020832266671479577,geoprr_candidates,12818,38454,51,0.0,0.00020832291674903697
geoprr,20262021,r2mt_router,21,final_recipe,,,0.0004999999999999999,0.00022993494446078936,geoprr_candidates,12818,38454,51,0.0,0.00022993524998633397
geoprr,20262021,r2mt_router,22,final_recipe,,,0.0004607704521360775,0.00020057091670524742,geoprr_candidates,12818,38454,51,0.0,0.0002005711111188349
geoprr,20262021,r2mt_router,23,final_recipe,,,0.0004217827674798846,0.00020397433338479863,geoprr_candidates,12818,38454,51,0.0,0.00020397455560871298
geoprr,20262021,r2mt_router,24,final_recipe,,,0.0003832773180720472,0.0002016514167189598,geoprr_candidates,12818,38454,51,0.0,0.00020165158345157073
geoprr,20262021,r2mt_router,25,final_recipe,,,0.0003454915028125262,0.00019618655554950237,geoprr_candidates,12818,38454,51,0.0,0.0001961868055837436
geoprr,20262021,r2mt_router,26,final_recipe,,,0.00030865828381745506,0.00022954438890640934,geoprr_candidates,12818,38454,51,0.0,0.0002295445278286934
geoprr,20262021,r2mt_router,27,final_recipe,,,0.0002730047501302265,0.00019980833335365685,geoprr_candidates,12818,38454,51,0.0,0.0001998086388792015
geoprr,20262021,r2mt_router,28,final_recipe,,,0.0002387507176420255,0.00019568997215376133,geoprr_candidates,12818,38454,51,0.0,0.0001956902499983294
geoprr,20262021,r2mt_router,29,final_recipe,,,0.0002061073738537634,0.00019776141659046212,geoprr_candidates,12818,38454,51,0.0,0.00019776163881437647
geoprr,20262021,r2mt_router,30,final_recipe,,,0.00017527597583490815,0.00020612819443663788,geoprr_candidates,12818,38454,51,0.0,0.00020612836103989847
geoprr,20262021,r2mt_router,31,final_recipe,,,0.0001464466094067262,0.00022515011123485035,geoprr_candidates,12818,38454,51,0.0,0.0002251503889500681
geoprr,20262021,r2mt_router,32,final_recipe,,,0.00011979701719998447,0.00020555552780731685,geoprr_candidates,12818,38454,51,0.0,0.00020555586114318834
geoprr,20262021,r2mt_router,33,final_recipe,,,9.549150281252627e-05,0.00019972469437763924,geoprr_candidates,12818,38454,51,0.0,0.00019972488879122668
geoprr,20262021,r2mt_router,34,final_recipe,,,7.367991782295387e-05,0.00019095094434710012,geoprr_candidates,12818,38454,51,0.0,0.00019095108326938417
geoprr,20262021,r2mt_router,35,final_recipe,,,5.4496737905816076e-05,0.00020832738877894977,geoprr_candidates,12818,38454,51,0.0,0.00020832761100286412
geoprr,20262021,r2mt_router,36,final_recipe,,,3.806023374435661e-05,0.00023752119443896743,geoprr_candidates,12818,38454,51,0.0,0.00023752147215418517
geoprr,20262021,r2mt_router,37,final_recipe,,,2.447174185242322e-05,0.00019399225000395543,geoprr_candidates,12818,38454,51,0.0,0.00019399252784852353
geoprr,20262021,r2mt_router,38,final_recipe,,,1.3815039801161714e-05,0.00020876547218196922,geoprr_candidates,12818,38454,51,0.0,0.00020876574989718696
geoprr,20262021,r2mt_router,39,final_recipe,,,6.155829702431168e-06,0.00019848797224565512,geoprr_candidates,12818,38454,51,0.0,0.00019848825009022322
geoprr,20262021,r2mt_router,40,final_recipe,,,1.5413331334360176e-06,0.0001971593333615197,geoprr_candidates,12818,38454,51,0.0,0.00019715955558543405
geoprr,20262021,polar,1,final_recipe,,,0.0005,0.01324045891666578,geoprr_candidates,12818,12818,201,0.0,0.01324045891666578
geoprr,20262021,polar,2,final_recipe,,,0.0004877641290737884,0.013349862694352245,geoprr_candidates,12818,12818,201,0.0,0.013349862694352245
geoprr,20262021,polar,3,final_recipe,,,0.0004522542485937368,0.013307349277763732,geoprr_candidates,12818,12818,201,0.0,0.013307349277763732
geoprr,20262021,polar,4,final_recipe,,,0.0003969463130731183,0.01339825494447723,geoprr_candidates,12818,12818,201,0.0,0.01339825494447723
geoprr,20262021,polar,5,final_recipe,,,0.00032725424859373687,0.01335936383331298,geoprr_candidates,12818,12818,201,0.0,0.01335936383331298
geoprr,20262021,polar,6,final_recipe,,,0.00025,0.013273904944459597,geoprr_candidates,12818,12818,201,0.0,0.013273904944459597
geoprr,20262021,polar,7,final_recipe,,,0.00017274575140626317,0.01328358086123545,geoprr_candidates,12818,12818,201,0.0,0.01328358086123545
geoprr,20262021,polar,8,final_recipe,,,0.00010305368692688175,0.013251817027727764,geoprr_candidates,12818,12818,201,0.0,0.013251817027727764
geoprr,20262021,polar,9,final_recipe,,,4.774575140626317e-05,0.013354847916634754,geoprr_candidates,12818,12818,201,0.0,0.013354847916634754
geoprr,20262021,polar,10,final_recipe,,,1.2235870926211617e-05,0.013252036499971937,geoprr_candidates,12818,12818,201,0.0,0.013252036499971937
geoprr,20262021,full_router_stage_one,1,final_recipe,,,0.001,0.00021229936107475725,geoprr_router,3182,19092,38,0.0,0.00021229936107475725
geoprr,20262021,full_router_stage_one,2,final_recipe,,,0.000998458666866564,0.00020141172222793102,geoprr_router,3182,19092,38,0.0,0.00020141172222793102
geoprr,20262021,full_router_stage_one,3,final_recipe,,,0.0009938441702975688,0.00023459272226318716,geoprr_router,3182,19092,38,0.0,0.00023459272226318716
geoprr,20262021,full_router_stage_one,4,final_recipe,,,0.0009861849601988382,0.00020451761109547482,geoprr_router,3182,19092,38,0.0,0.00020451761109547482
geoprr,20262021,full_router_stage_one,5,final_recipe,,,0.0009755282581475767,0.00023090058342657154,geoprr_router,3182,19092,38,0.0,0.00023090058342657154
geoprr,20262021,full_router_stage_one,6,final_recipe,,,0.0009619397662556432,0.00021396063889066378,geoprr_router,3182,19092,38,0.0,0.00021396063889066378
geoprr,20262021,full_router_stage_one,7,final_recipe,,,0.0009455032620941838,0.000230039138890182,geoprr_router,3182,19092,38,0.0,0.000230039138890182
geoprr,20262021,full_router_stage_one,8,final_recipe,,,0.000926320082177046,0.00020553719446373482,geoprr_router,3182,19092,38,0.0,0.00020553719446373482
geoprr,20262021,full_router_stage_one,9,final_recipe,,,0.0009045084971874736,0.00023755402769893408,geoprr_router,3182,19092,38,0.0,0.00023755402769893408
geoprr,20262021,full_router_stage_one,10,final_recipe,,,0.0008802029828000154,0.0002098476388750391,geoprr_router,3182,19092,38,0.0,0.0002098476388750391
geoprr,20262021,full_router_stage_one,11,final_recipe,,,0.0008535533905932736,0.00021108474996354846,geoprr_router,3182,19092,38,0.0,0.00021108474996354846
geoprr,20262021,full_router_stage_one,12,final_recipe,,,0.0008247240241650918,0.0002262404166524195,geoprr_router,3182,19092,38,0.0,0.0002262404166524195
geoprr,20262021,full_router_stage_one,13,final_recipe,,,0.0007938926261462365,0.00020511149997926422,geoprr_router,3182,19092,38,0.0,0.00020511149997926422
geoprr,20262021,full_router_stage_one,14,final_recipe,,,0.0007612492823579742,0.00022720577790298396,geoprr_router,3182,19092,38,0.0,0.00022720577790298396
geoprr,20262021,full_router_stage_one,15,final_recipe,,,0.0007269952498697732,0.00020190427778288722,geoprr_router,3182,19092,38,0.0,0.00020190427778288722
geoprr,20262021,full_router_stage_one,16,final_recipe,,,0.0006913417161825447,0.00022556763892579408,geoprr_router,3182,19092,38,0.0,0.00022556763892579408
geoprr,20262021,full_router_stage_one,17,final_recipe,,,0.0006545084971874736,0.00021150024995828667,geoprr_router,3182,19092,38,0.0,0.00021150024995828667
geoprr,20262021,full_router_stage_one,18,final_recipe,,,0.0006167226819279527,0.000233027555514127,geoprr_router,3182,19092,38,0.0,0.000233027555514127
geoprr,20262021,full_router_stage_one,19,final_recipe,,,0.0005782172325201154,0.00020936602778318857,geoprr_router,3182,19092,38,0.0,0.00020936602778318857
geoprr,20262021,full_router_stage_one,20,final_recipe,,,0.0005392295478639224,0.00020303002778544193,geoprr_router,3182,19092,38,0.0,0.00020303002778544193
geoprr,20262021,full_router_stage_one,21,final_recipe,,,0.0004999999999999999,0.0002256262777114494,geoprr_router,3182,19092,38,0.0,0.0002256262777114494
geoprr,20262021,full_router_stage_one,22,final_recipe,,,0.0004607704521360775,0.00021399433323596086,geoprr_router,3182,19092,38,0.0,0.00021399433323596086
geoprr,20262021,full_router_stage_one,23,final_recipe,,,0.0004217827674798846,0.00022864780556927953,geoprr_router,3182,19092,38,0.0,0.00022864780556927953
geoprr,20262021,full_router_stage_one,24,final_recipe,,,0.0003832773180720472,0.00020874844437154632,geoprr_router,3182,19092,38,0.0,0.00020874844437154632
geoprr,20262021,full_router_stage_one,25,final_recipe,,,0.0003454915028125262,0.00023378763891135652,geoprr_router,3182,19092,38,0.0,0.00023378763891135652
geoprr,20262021,full_router_stage_one,26,final_recipe,,,0.00030865828381745506,0.00020698969446433088,geoprr_router,3182,19092,38,0.0,0.00020698969446433088
geoprr,20262021,full_router_stage_one,27,final_recipe,,,0.0002730047501302265,0.00020553105562511417,geoprr_router,3182,19092,38,0.0,0.00020553105562511417
geoprr,20262021,full_router_stage_one,28,final_recipe,,,0.0002387507176420255,0.0002392991389044457,geoprr_router,3182,19092,38,0.0,0.0002392991389044457
geoprr,20262021,full_router_stage_one,29,final_recipe,,,0.0002061073738537634,0.00020260575007543795,geoprr_router,3182,19092,38,0.0,0.00020260575007543795
geoprr,20262021,full_router_stage_one,30,final_recipe,,,0.00017527597583490815,0.00020478047223554716,geoprr_router,3182,19092,38,0.0,0.00020478047223554716
geoprr,20262021,full_router_stage_one,31,final_recipe,,,0.0001464466094067262,0.0002008892778151979,geoprr_router,3182,19092,38,0.0,0.0002008892778151979
geoprr,20262021,full_router_stage_one,32,final_recipe,,,0.00011979701719998447,0.000210294111036799,geoprr_router,3182,19092,38,0.0,0.000210294111036799
geoprr,20262021,full_router_stage_one,33,final_recipe,,,9.549150281252627e-05,0.00022192258323128854,geoprr_router,3182,19092,38,0.0,0.00022192258323128854
geoprr,20262021,full_router_stage_one,34,final_recipe,,,7.367991782295387e-05,0.0002101458333587895,geoprr_router,3182,19092,38,0.0,0.0002101458333587895
geoprr,20262021,full_router_stage_one,35,final_recipe,,,5.4496737905816076e-05,0.0002358224166608933,geoprr_router,3182,19092,38,0.0,0.0002358224166608933
geoprr,20262021,full_router_stage_one,36,final_recipe,,,3.806023374435661e-05,0.00020575041662798159,geoprr_router,3182,19092,38,0.0,0.00020575041662798159
geoprr,20262021,full_router_stage_one,37,final_recipe,,,2.447174185242322e-05,0.00023322111112065614,geoprr_router,3182,19092,38,0.0,0.00023322111112065614
geoprr,20262021,full_router_stage_one,38,final_recipe,,,1.3815039801161714e-05,0.00020908394440387687,geoprr_router,3182,19092,38,0.0,0.00020908394440387687
geoprr,20262021,full_router_stage_one,39,final_recipe,,,6.155829702431168e-06,0.00021644316665414307,geoprr_router,3182,19092,38,0.0,0.00021644316665414307
geoprr,20262021,full_router_stage_one,40,final_recipe,,,1.5413331334360176e-06,0.00022830452782929771,geoprr_router,3182,19092,38,0.0,0.00022830452782929771
geoprr,20262021,full_router_stage_two,1,final_recipe,,,0.0003,5.993805567009581e-06,geoprr_router,3182,19092,1,0.0,5.993805567009581e-06
geoprr,20262021,full_router_stage_two,2,final_recipe,,,0.00029994859874633357,4.506861118392812e-06,geoprr_router,3182,19092,1,0.0,4.506861118392812e-06
geoprr,20262021,full_router_stage_two,3,final_recipe,,,0.0002997944302131861,4.22127777710557e-06,geoprr_router,3182,19092,1,0.0,4.22127777710557e-06
geoprr,20262021,full_router_stage_two,4,final_recipe,,,0.0002995376000599692,4.68491667157246e-06,geoprr_router,3182,19092,1,0.0,4.68491667157246e-06
geoprr,20262021,full_router_stage_two,5,final_recipe,,,0.000299178284305241,3.8793610615862745e-06,geoprr_router,3182,19092,1,0.0,3.8793610615862745e-06
geoprr,20262021,full_router_stage_two,6,final_recipe,,,0.0002987167292060716,4.074694459430046e-06,geoprr_router,3182,19092,1,0.0,4.074694459430046e-06
geoprr,20262021,full_router_stage_two,7,final_recipe,,,0.0002981532510892707,4.19194447911448e-06,geoprr_router,3182,19092,1,0.0,4.19194447911448e-06
geoprr,20262021,full_router_stage_two,8,final_recipe,,,0.0002974882361345932,3.951305601124962e-06,geoprr_router,3182,19092,1,0.0,3.951305601124962e-06
geoprr,20262021,full_router_stage_two,9,final_recipe,,,0.00029672214011007087,4.995722168435653e-06,geoprr_router,3182,19092,1,0.0,4.995722168435653e-06
geoprr,20262021,full_router_stage_two,10,final_recipe,,,0.0002958554880596515,4.243861056036419e-06,geoprr_router,3182,19092,1,0.0,4.243861056036419e-06
geoprr,20262021,full_router_stage_two,11,final_recipe,,,0.0002948888739433602,4.946027830657032e-06,geoprr_router,3182,19092,1,0.0,4.946027830657032e-06
geoprr,20262021,full_router_stage_two,12,final_recipe,,,0.00029382296023022894,4.57897226119207e-06,geoprr_router,3182,19092,1,0.0,4.57897226119207e-06
geoprr,20262021,full_router_stage_two,13,final_recipe,,,0.00029265847744427303,4.179194543717636e-06,geoprr_router,3182,19092,1,0.0,4.179194543717636e-06
geoprr,20262021,full_router_stage_two,14,final_recipe,,,0.00029139622366382674,4.64569453874396e-06,geoprr_router,3182,19092,1,0.0,4.64569453874396e-06
geoprr,20262021,full_router_stage_two,15,final_recipe,,,0.00029003706397458023,4.567972177432643e-06,geoprr_router,3182,19092,1,0.0,4.567972177432643e-06
geoprr,20262021,full_router_stage_two,16,final_recipe,,,0.000288581929876693,3.8813332664883795e-06,geoprr_router,3182,19092,1,0.0,3.8813332664883795e-06
geoprr,20262021,full_router_stage_two,17,final_recipe,,,0.0002870318186463901,4.5966944243345e-06,geoprr_router,3182,19092,1,0.0,4.5966944243345e-06
geoprr,20262021,full_router_stage_two,18,final_recipe,,,0.0002853877926524791,4.434472260375818e-06,geoprr_router,3182,19092,1,0.0,4.434472260375818e-06
geoprr,20262021,full_router_stage_two,19,final_recipe,,,0.0002836509786282552,4.111722292792466e-06,geoprr_router,3182,19092,1,0.0,4.111722292792466e-06
geoprr,20262021,full_router_stage_two,20,final_recipe,,,0.0002818225668992948,4.16480548058947e-06,geoprr_router,3182,19092,1,0.0,4.16480548058947e-06
geoprr,20262021,full_router_stage_two,21,final_recipe,,,0.00027990381056766585,4.5126666211419635e-06,geoprr_router,3182,19092,1,0.0,4.5126666211419635e-06
geoprr,20262021,full_router_stage_two,22,final_recipe,,,0.00027789602465311383,4.61711121412615e-06,geoprr_router,3182,19092,1,0.0,4.61711121412615e-06
geoprr,20262021,full_router_stage_two,23,final_recipe,,,0.0002758005851918136,4.232972213584516e-06,geoprr_router,3182,19092,1,0.0,4.232972213584516e-06
geoprr,20262021,full_router_stage_two,24,final_recipe,,,0.00027361892829330236,5.120249956639277e-06,geoprr_router,3182,19092,1,0.0,5.120249956639277e-06
geoprr,20262021,full_router_stage_two,25,final_recipe,,,0.0002713525491562421,4.050833328316609e-06,geoprr_router,3182,19092,1,0.0,4.050833328316609e-06
geoprr,20262021,full_router_stage_two,26,final_recipe,,,0.0002690030010436853,4.095638869330287e-06,geoprr_router,3182,19092,1,0.0,4.095638869330287e-06
geoprr,20262021,full_router_stage_two,27,final_recipe,,,0.0002665718942185457,4.1591389001243645e-06,geoprr_router,3182,19092,1,0.0,4.1591389001243645e-06
geoprr,20262021,full_router_stage_two,28,final_recipe,,,0.0002640608948400047,3.945583270655738e-06,geoprr_router,3182,19092,1,0.0,3.945583270655738e-06
geoprr,20262021,full_router_stage_two,29,final_recipe,,,0.0002614717238216092,4.785888983557622e-06,geoprr_router,3182,19092,1,0.0,4.785888983557622e-06
geoprr,20262021,full_router_stage_two,30,final_recipe,,,0.0002588061556518432,4.812222129354874e-06,geoprr_router,3182,19092,1,0.0,4.812222129354874e-06
geoprr,20262021,full_router_stage_two,31,final_recipe,,,0.00025606601717798223,4.290194354123539e-06,geoprr_router,3182,19092,1,0.0,4.290194354123539e-06
geoprr,20262021,full_router_stage_two,32,final_recipe,,,0.00025325318635406314,4.525249953278237e-06,geoprr_router,3182,19092,1,0.0,4.525249953278237e-06
geoprr,20262021,full_router_stage_two,33,final_recipe,,,0.0002503695909538288,5.108472218530045e-06,geoprr_router,3182,19092,1,0.0,5.108472218530045e-06
geoprr,20262021,full_router_stage_two,34,final_recipe,,,0.00024741720724952765,4.4719167312400205e-06,geoprr_router,3182,19092,1,0.0,4.4719167312400205e-06
geoprr,20262021,full_router_stage_two,35,final_recipe,,,0.00024439805865747574,4.6403611647999945e-06,geoprr_router,3182,19092,1,0.0,4.6403611647999945e-06
geoprr,20262021,full_router_stage_two,36,final_recipe,,,0.00024131421435130823,4.9593056448631815e-06,geoprr_router,3182,19092,1,0.0,4.9593056448631815e-06
geoprr,20262021,full_router_stage_two,37,final_recipe,,,0.0002381677878438711,5.0294721343865e-06,geoprr_router,3182,19092,1,0.0,5.0294721343865e-06
geoprr,20262021,full_router_stage_two,38,final_recipe,,,0.00023496093553872503,4.1297499814795125e-06,geoprr_router,3182,19092,1,0.0,4.1297499814795125e-06
geoprr,20262021,full_router_stage_two,39,final_recipe,,,0.00023169585525225419,3.867388780539235e-06,geoprr_router,3182,19092,1,0.0,3.867388780539235e-06
geoprr,20262021,full_router_stage_two,40,final_recipe,,,0.00022837478470739243,4.153722224550115e-06,geoprr_router,3182,19092,1,0.0,4.153722224550115e-06
geoprr,20262021,full_router_stage_two,41,final_recipe,,,0.0002250000000000001,4.130833290724291e-06,geoprr_router,3182,19092,1,0.0,4.130833290724291e-06
geoprr,20262021,full_router_stage_two,42,final_recipe,,,0.0002215738140389414,3.940722284217676e-06,geoprr_router,3182,19092,1,0.0,3.940722284217676e-06
geoprr,20262021,full_router_stage_two,43,final_recipe,,,0.00021809857496093212,4.3842222334610095e-06,geoprr_router,3182,19092,1,0.0,4.3842222334610095e-06
geoprr,20262021,full_router_stage_two,44,final_recipe,,,0.0002145766645212444,4.69163888030582e-06,geoprr_router,3182,19092,1,0.0,4.69163888030582e-06
geoprr,20262021,full_router_stage_two,45,final_recipe,,,0.00021101049646137014,4.15608338597748e-06,geoprr_router,3182,19092,1,0.0,4.15608338597748e-06
geoprr,20262021,full_router_stage_two,46,final_recipe,,,0.00020740251485476356,3.955861062018408e-06,geoprr_router,3182,19092,1,0.0,3.955861062018408e-06
geoprr,20262021,full_router_stage_two,47,final_recipe,,,0.00020375519243179515,4.425833338043756e-06,geoprr_router,3182,19092,1,0.0,4.425833338043756e-06
geoprr,20262021,full_router_stage_two,48,final_recipe,,,0.00020007102888506572,4.621805597303642e-06,geoprr_router,3182,19092,1,0.0,4.621805597303642e-06
geoprr,20262021,full_router_stage_two,49,final_recipe,,,0.00019635254915624222,4.265249913765324e-06,geoprr_router,3182,19092,1,0.0,4.265249913765324e-06
geoprr,20262021,full_router_stage_two,50,final_recipe,,,0.00019260230170558851,4.458861140948203e-06,geoprr_router,3182,19092,1,0.0,4.458861140948203e-06
geoprr,20262021,full_router_stage_two,51,final_recipe,,,0.00018882285676537818,4.284416661701269e-06,geoprr_router,3182,19092,1,0.0,4.284416661701269e-06
geoprr,20262021,full_router_stage_two,52,final_recipe,,,0.0001850168045783859,4.4457222490261e-06,geoprr_router,3182,19092,1,0.0,4.4457222490261e-06
geoprr,20262021,full_router_stage_two,53,final_recipe,,,0.00018118675362266396,4.174583332820071e-06,geoprr_router,3182,19092,1,0.0,4.174583332820071e-06
geoprr,20262021,full_router_stage_two,54,final_recipe,,,0.0001773353288238222,4.021638823259208e-06,geoprr_router,3182,19092,1,0.0,4.021638823259208e-06
geoprr,20262021,full_router_stage_two,55,final_recipe,,,0.00017346516975603473,4.8527500540432e-06,geoprr_router,3182,19092,1,0.0,4.8527500540432e-06
geoprr,20262021,full_router_stage_two,56,final_recipe,,,0.00016957892883300783,4.844583260516326e-06,geoprr_router,3182,19092,1,0.0,4.844583260516326e-06
geoprr,20262021,full_router_stage_two,57,final_recipe,,,0.00016567926949014812,4.0543611006190375e-06,geoprr_router,3182,19092,1,0.0,4.0543611006190375e-06
geoprr,20262021,full_router_stage_two,58,final_recipe,,,0.00016176886435917683,3.941472257590956e-06,geoprr_router,3182,19092,1,0.0,3.941472257590956e-06
geoprr,20262021,full_router_stage_two,59,final_recipe,,,0.00015785039343644162,4.453138939829336e-06,geoprr_router,3182,19092,1,0.0,4.453138939829336e-06
geoprr,20262021,full_router_stage_two,60,final_recipe,,,0.000153926542246181,4.398555546585057e-06,geoprr_router,3182,19092,1,0.0,4.398555546585057e-06
geoprr,20262021,full_router_stage_two,61,final_recipe,,,0.00015000000000000007,4.0987778144578135e-06,geoprr_router,3182,19092,1,0.0,4.0987778144578135e-06
geoprr,20262021,full_router_stage_two,62,final_recipe,,,0.0001460734577538191,5.541749997064471e-06,geoprr_router,3182,19092,1,0.0,5.541749997064471e-06
geoprr,20262021,full_router_stage_two,63,final_recipe,,,0.0001421496065635585,5.1368333192335235e-06,geoprr_router,3182,19092,1,0.0,5.1368333192335235e-06
geoprr,20262021,full_router_stage_two,64,final_recipe,,,0.0001382311356408233,4.1926111508574755e-06,geoprr_router,3182,19092,1,0.0,4.1926111508574755e-06
geoprr,20262021,full_router_stage_two,65,final_recipe,,,0.00013432073050985202,4.672472261720234e-06,geoprr_router,3182,19092,1,0.0,4.672472261720234e-06
geoprr,20262021,full_router_stage_two,66,final_recipe,,,0.0001304210711669923,4.791138926520944e-06,geoprr_router,3182,19092,1,0.0,4.791138926520944e-06
geoprr,20262021,full_router_stage_two,67,final_recipe,,,0.00012653483024396538,4.459083235512177e-06,geoprr_router,3182,19092,1,0.0,4.459083235512177e-06
geoprr,20262021,full_router_stage_two,68,final_recipe,,,0.00012266467117617793,4.371777694258425e-06,geoprr_router,3182,19092,1,0.0,4.371777694258425e-06
geoprr,20262021,full_router_stage_two,69,final_recipe,,,0.0001188132463773361,4.159500046322743e-06,geoprr_router,3182,19092,1,0.0,4.159500046322743e-06
geoprr,20262021,full_router_stage_two,70,final_recipe,,,0.0001149831954216142,4.874305644383033e-06,geoprr_router,3182,19092,1,0.0,4.874305644383033e-06
geoprr,20262021,full_router_stage_two,71,final_recipe,,,0.0001111771432346219,4.924694464231531e-06,geoprr_router,3182,19092,1,0.0,4.924694464231531e-06
geoprr,20262021,full_router_stage_two,72,final_recipe,,,0.0001073976982944116,4.048361184282435e-06,geoprr_router,3182,19092,1,0.0,4.048361184282435e-06
geoprr,20262021,full_router_stage_two,73,final_recipe,,,0.0001036474508437579,4.282249913861354e-06,geoprr_router,3182,19092,1,0.0,4.282249913861354e-06
geoprr,20262021,full_router_stage_two,74,final_recipe,,,9.992897111493437e-05,4.520305535859532e-06,geoprr_router,3182,19092,1,0.0,4.520305535859532e-06
geoprr,20262021,full_router_stage_two,75,final_recipe,,,9.624480756820496e-05,4.849277773044175e-06,geoprr_router,3182,19092,1,0.0,4.849277773044175e-06
geoprr,20262021,full_router_stage_two,76,final_recipe,,,9.259748514523653e-05,4.874138911772105e-06,geoprr_router,3182,19092,1,0.0,4.874138911772105e-06
geoprr,20262021,full_router_stage_two,77,final_recipe,,,8.898950353862997e-05,3.7482223059568142e-06,geoprr_router,3182,19092,1,0.0,3.7482223059568142e-06
geoprr,20262021,full_router_stage_two,78,final_recipe,,,8.542333547875576e-05,4.268972229005562e-06,geoprr_router,3182,19092,1,0.0,4.268972229005562e-06
geoprr,20262021,full_router_stage_two,79,final_recipe,,,8.190142503906799e-05,4.448777892523341e-06,geoprr_router,3182,19092,1,0.0,4.448777892523341e-06
geoprr,20262021,full_router_stage_two,80,final_recipe,,,7.842618596105874e-05,4.041416751634744e-06,geoprr_router,3182,19092,1,0.0,4.041416751634744e-06
geoprr,20262021,full_router_stage_two,81,final_recipe,,,7.500000000000003e-05,4.7480555561681585e-06,geoprr_router,3182,19092,1,0.0,4.7480555561681585e-06
geoprr,20262021,full_router_stage_two,82,final_recipe,,,7.162521529260768e-05,5.029027686557836e-06,geoprr_router,3182,19092,1,0.0,5.029027686557836e-06
geoprr,20262021,full_router_stage_two,83,final_recipe,,,6.830414474774599e-05,4.50791661731071e-06,geoprr_router,3182,19092,1,0.0,4.50791661731071e-06
geoprr,20262021,full_router_stage_two,84,final_recipe,,,6.503906446127505e-05,4.250805618034469e-06,geoprr_router,3182,19092,1,0.0,4.250805618034469e-06
geoprr,20262021,full_router_stage_two,85,final_recipe,,,6.183221215612905e-05,4.842305530069603e-06,geoprr_router,3182,19092,1,0.0,4.842305530069603e-06
geoprr,20262021,full_router_stage_two,86,final_recipe,,,5.868578564869191e-05,4.3483055196702484e-06,geoprr_router,3182,19092,1,0.0,4.3483055196702484e-06
geoprr,20262021,full_router_stage_two,87,final_recipe,,,5.5601941342524416e-05,4.265472267030014e-06,geoprr_router,3182,19092,1,0.0,4.265472267030014e-06
geoprr,20262021,full_router_stage_two,88,final_recipe,,,5.258279275047248e-05,4.302027842236889e-06,geoprr_router,3182,19092,1,0.0,4.302027842236889e-06
geoprr,20262021,full_router_stage_two,89,final_recipe,,,4.963040904617132e-05,4.593583289533854e-06,geoprr_router,3182,19092,1,0.0,4.593583289533854e-06
geoprr,20262021,full_router_stage_two,90,final_recipe,,,4.674681364593688e-05,5.224916644187437e-06,geoprr_router,3182,19092,1,0.0,5.224916644187437e-06
geoprr,20262021,full_router_stage_two,91,final_recipe,,,4.393398282201788e-05,4.555000018121467e-06,geoprr_router,3182,19092,1,0.0,4.555000018121467e-06
geoprr,20262021,full_router_stage_two,92,final_recipe,,,4.119384434815686e-05,4.506944420023097e-06,geoprr_router,3182,19092,1,0.0,4.506944420023097e-06
geoprr,20262021,full_router_stage_two,93,final_recipe,,,3.852827617839089e-05,4.656861096413599e-06,geoprr_router,3182,19092,1,0.0,4.656861096413599e-06
geoprr,20262021,full_router_stage_two,94,final_recipe,,,3.5939105159995365e-05,4.968166661759218e-06,geoprr_router,3182,19092,1,0.0,4.968166661759218e-06
geoprr,20262021,full_router_stage_two,95,final_recipe,,,3.342810578145437e-05,4.83888886972434e-06,geoprr_router,3182,19092,1,0.0,4.83888886972434e-06
geoprr,20262021,full_router_stage_two,96,final_recipe,,,3.0996998956314715e-05,4.242500031573905e-06,geoprr_router,3182,19092,1,0.0,4.242500031573905e-06
geoprr,20262021,full_router_stage_two,97,final_recipe,,,2.8647450843757904e-05,4.244944365281198e-06,geoprr_router,3182,19092,1,0.0,4.244944365281198e-06
geoprr,20262021,full_router_stage_two,98,final_recipe,,,2.6381071706697685e-05,4.322194339086612e-06,geoprr_router,3182,19092,1,0.0,4.322194339086612e-06
geoprr,20262021,full_router_stage_two,99,final_recipe,,,2.4199414808186416e-05,4.302888927567336e-06,geoprr_router,3182,19092,1,0.0,4.302888927567336e-06
geoprr,20262021,full_router_stage_two,100,final_recipe,,,2.210397534688618e-05,4.254222278379732e-06,geoprr_router,3182,19092,1,0.0,4.254222278379732e-06
geoprr,20262021,full_router_stage_two,101,final_recipe,,,2.00961894323342e-05,3.9838611458738645e-06,geoprr_router,3182,19092,1,0.0,3.9838611458738645e-06
geoprr,20262021,full_router_stage_two,102,final_recipe,,,1.8177433100705214e-05,4.4603334067182405e-06,geoprr_router,3182,19092,1,0.0,4.4603334067182405e-06
geoprr,20262021,full_router_stage_two,103,final_recipe,,,1.6349021371744837e-05,4.030472288529078e-06,geoprr_router,3182,19092,1,0.0,4.030472288529078e-06
geoprr,20262021,full_router_stage_two,104,final_recipe,,,1.4612207347520943e-05,4.15550001586477e-06,geoprr_router,3182,19092,1,0.0,4.15550001586477e-06
geoprr,20262021,full_router_stage_two,105,final_recipe,,,1.2968181353609857e-05,4.536861088126897e-06,geoprr_router,3182,19092,1,0.0,4.536861088126897e-06
geoprr,20262021,full_router_stage_two,106,final_recipe,,,1.1418070123306994e-05,4.270388874121838e-06,geoprr_router,3182,19092,1,0.0,4.270388874121838e-06
geoprr,20262021,full_router_stage_two,107,final_recipe,,,9.962936025419743e-06,4.97683339441816e-06,geoprr_router,3182,19092,1,0.0,4.97683339441816e-06
geoprr,20262021,full_router_stage_two,108,final_recipe,,,8.603776336173257e-06,4.064805495242277e-06,geoprr_router,3182,19092,1,0.0,4.064805495242277e-06
geoprr,20262021,full_router_stage_two,109,final_recipe,,,7.341522555726974e-06,4.3799444877853e-06,geoprr_router,3182,19092,1,0.0,4.3799444877853e-06
geoprr,20262021,full_router_stage_two,110,final_recipe,,,6.177039769771062e-06,4.847638904013567e-06,geoprr_router,3182,19092,1,0.0,4.847638904013567e-06
geoprr,20262021,full_router_stage_two,111,final_recipe,,,5.111126056639755e-06,4.301194437882966e-06,geoprr_router,3182,19092,1,0.0,4.301194437882966e-06
geoprr,20262021,full_router_stage_two,112,final_recipe,,,4.144511940348518e-06,4.725972216369377e-06,geoprr_router,3182,19092,1,0.0,4.725972216369377e-06
geoprr,20262021,full_router_stage_two,113,final_recipe,,,3.2778598899291478e-06,4.1147499966124695e-06,geoprr_router,3182,19092,1,0.0,4.1147499966124695e-06
geoprr,20262021,full_router_stage_two,114,final_recipe,,,2.5117638654068248e-06,4.068500000155634e-06,geoprr_router,3182,19092,1,0.0,4.068500000155634e-06
geoprr,20262021,full_router_stage_two,115,final_recipe,,,1.8467489107293517e-06,5.2404999991671905e-06,geoprr_router,3182,19092,1,0.0,5.2404999991671905e-06
geoprr,20262021,full_router_stage_two,116,final_recipe,,,1.283270793928443e-06,5.340777699732118e-06,geoprr_router,3182,19092,1,0.0,5.340777699732118e-06
geoprr,20262021,full_router_stage_two,117,final_recipe,,,8.217156947589902e-07,4.851249977946281e-06,geoprr_router,3182,19092,1,0.0,4.851249977946281e-06
geoprr,20262021,full_router_stage_two,118,final_recipe,,,4.623999400308056e-07,4.372361193721493e-06,geoprr_router,3182,19092,1,0.0,4.372361193721493e-06
geoprr,20262021,full_router_stage_two,119,final_recipe,,,2.055697868139251e-07,4.36497218389478e-06,geoprr_router,3182,19092,1,0.0,4.36497218389478e-06
geoprr,20262021,full_router_stage_two,120,final_recipe,,,5.1401253666411035e-08,4.403361171070072e-06,geoprr_router,3182,19092,1,0.0,4.403361171070072e-06
geoprr,20262021,no_geometry_fusion_router_stage_one,1,final_recipe,,,0.001,0.0002103759444111751,geoprr_router,3182,19092,38,0.0,0.0002103759444111751
geoprr,20262021,no_geometry_fusion_router_stage_one,2,final_recipe,,,0.000998458666866564,0.00020552922221314576,geoprr_router,3182,19092,38,0.0,0.00020552922221314576
geoprr,20262021,no_geometry_fusion_router_stage_one,3,final_recipe,,,0.0009938441702975688,0.00022865027784266405,geoprr_router,3182,19092,38,0.0,0.00022865027784266405
geoprr,20262021,no_geometry_fusion_router_stage_one,4,final_recipe,,,0.0009861849601988382,0.00020657791665548253,geoprr_router,3182,19092,38,0.0,0.00020657791665548253
geoprr,20262021,no_geometry_fusion_router_stage_one,5,final_recipe,,,0.0009755282581475767,0.00022772908327169716,geoprr_router,3182,19092,38,0.0,0.00022772908327169716
geoprr,20262021,no_geometry_fusion_router_stage_one,6,final_recipe,,,0.0009619397662556432,0.0002000985555868182,geoprr_router,3182,19092,38,0.0,0.0002000985555868182
geoprr,20262021,no_geometry_fusion_router_stage_one,7,final_recipe,,,0.0009455032620941838,0.00023234955565486519,geoprr_router,3182,19092,38,0.0,0.00023234955565486519
geoprr,20262021,no_geometry_fusion_router_stage_one,8,final_recipe,,,0.000926320082177046,0.00021174755555370615,geoprr_router,3182,19092,38,0.0,0.00021174755555370615
geoprr,20262021,no_geometry_fusion_router_stage_one,9,final_recipe,,,0.0009045084971874736,0.0002077613888670587,geoprr_router,3182,19092,38,0.0,0.0002077613888670587
geoprr,20262021,no_geometry_fusion_router_stage_one,10,final_recipe,,,0.0008802029828000154,0.00020118441665545106,geoprr_router,3182,19092,38,0.0,0.00020118441665545106
geoprr,20262021,no_geometry_fusion_router_stage_one,11,final_recipe,,,0.0008535533905932736,0.00021080386113478907,geoprr_router,3182,19092,38,0.0,0.00021080386113478907
geoprr,20262021,no_geometry_fusion_router_stage_one,12,final_recipe,,,0.0008247240241650918,0.00022341044451523986,geoprr_router,3182,19092,38,0.0,0.00022341044451523986
geoprr,20262021,no_geometry_fusion_router_stage_one,13,final_recipe,,,0.0007938926261462365,0.0002019179166139414,geoprr_router,3182,19092,38,0.0,0.0002019179166139414
geoprr,20262021,no_geometry_fusion_router_stage_one,14,final_recipe,,,0.0007612492823579742,0.00022967741656531064,geoprr_router,3182,19092,38,0.0,0.00022967741656531064
geoprr,20262021,no_geometry_fusion_router_stage_one,15,final_recipe,,,0.0007269952498697732,0.0002072588611756348,geoprr_router,3182,19092,38,0.0,0.0002072588611756348
geoprr,20262021,no_geometry_fusion_router_stage_one,16,final_recipe,,,0.0006913417161825447,0.0002333911944232467,geoprr_router,3182,19092,38,0.0,0.0002333911944232467
geoprr,20262021,no_geometry_fusion_router_stage_one,17,final_recipe,,,0.0006545084971874736,0.0001992068055551499,geoprr_router,3182,19092,38,0.0,0.0001992068055551499
geoprr,20262021,no_geometry_fusion_router_stage_one,18,final_recipe,,,0.0006167226819279527,0.00020291458336739904,geoprr_router,3182,19092,38,0.0,0.00020291458336739904
geoprr,20262021,no_geometry_fusion_router_stage_one,19,final_recipe,,,0.0005782172325201154,0.0002261911111418158,geoprr_router,3182,19092,38,0.0,0.0002261911111418158
geoprr,20262021,no_geometry_fusion_router_stage_one,20,final_recipe,,,0.0005392295478639224,0.00020144049996613628,geoprr_router,3182,19092,38,0.0,0.00020144049996613628
geoprr,20262021,no_geometry_fusion_router_stage_one,21,final_recipe,,,0.0004999999999999999,0.00022892633323661155,geoprr_router,3182,19092,38,0.0,0.00022892633323661155
geoprr,20262021,no_geometry_fusion_router_stage_one,22,final_recipe,,,0.0004607704521360775,0.0002200740000181314,geoprr_router,3182,19092,38,0.0,0.0002200740000181314
geoprr,20262021,no_geometry_fusion_router_stage_one,23,final_recipe,,,0.0004217827674798846,0.0002307108611178895,geoprr_router,3182,19092,38,0.0,0.0002307108611178895
geoprr,20262021,no_geometry_fusion_router_stage_one,24,final_recipe,,,0.0003832773180720472,0.00020640516666591994,geoprr_router,3182,19092,38,0.0,0.00020640516666591994
geoprr,20262021,no_geometry_fusion_router_stage_one,25,final_recipe,,,0.0003454915028125262,0.00023345924991493425,geoprr_router,3182,19092,38,0.0,0.00023345924991493425
geoprr,20262021,no_geometry_fusion_router_stage_one,26,final_recipe,,,0.00030865828381745506,0.000205678749933011,geoprr_router,3182,19092,38,0.0,0.000205678749933011
geoprr,20262021,no_geometry_fusion_router_stage_one,27,final_recipe,,,0.0002730047501302265,0.00020466022219301926,geoprr_router,3182,19092,38,0.0,0.00020466022219301926
geoprr,20262021,no_geometry_fusion_router_stage_one,28,final_recipe,,,0.0002387507176420255,0.00023243211119228766,geoprr_router,3182,19092,38,0.0,0.00023243211119228766
geoprr,20262021,no_geometry_fusion_router_stage_one,29,final_recipe,,,0.0002061073738537634,0.00020832152778489722,geoprr_router,3182,19092,38,0.0,0.00020832152778489722
geoprr,20262021,no_geometry_fusion_router_stage_one,30,final_recipe,,,0.00017527597583490815,0.00022404580558132794,geoprr_router,3182,19092,38,0.0,0.00022404580558132794
geoprr,20262021,no_geometry_fusion_router_stage_one,31,final_recipe,,,0.0001464466094067262,0.0002088860278793921,geoprr_router,3182,19092,38,0.0,0.0002088860278793921
geoprr,20262021,no_geometry_fusion_router_stage_one,32,final_recipe,,,0.00011979701719998447,0.00022953436101993754,geoprr_router,3182,19092,38,0.0,0.00022953436101993754
geoprr,20262021,no_geometry_fusion_router_stage_one,33,final_recipe,,,9.549150281252627e-05,0.00021108961107933687,geoprr_router,3182,19092,38,0.0,0.00021108961107933687
geoprr,20262021,no_geometry_fusion_router_stage_one,34,final_recipe,,,7.367991782295387e-05,0.00020772961110600996,geoprr_router,3182,19092,38,0.0,0.00020772961110600996
geoprr,20262021,no_geometry_fusion_router_stage_one,35,final_recipe,,,5.4496737905816076e-05,0.0002292403056182795,geoprr_router,3182,19092,38,0.0,0.0002292403056182795
geoprr,20262021,no_geometry_fusion_router_stage_one,36,final_recipe,,,3.806023374435661e-05,0.0002022777778458678,geoprr_router,3182,19092,38,0.0,0.0002022777778458678
geoprr,20262021,no_geometry_fusion_router_stage_one,37,final_recipe,,,2.447174185242322e-05,0.00021013813882341816,geoprr_router,3182,19092,38,0.0,0.00021013813882341816
geoprr,20262021,no_geometry_fusion_router_stage_one,38,final_recipe,,,1.3815039801161714e-05,0.00019773527772890196,geoprr_router,3182,19092,38,0.0,0.00019773527772890196
geoprr,20262021,no_geometry_fusion_router_stage_one,39,final_recipe,,,6.155829702431168e-06,0.00020993077778257429,geoprr_router,3182,19092,38,0.0,0.00020993077778257429
geoprr,20262021,no_geometry_fusion_router_stage_one,40,final_recipe,,,1.5413331334360176e-06,0.0002273971666323228,geoprr_router,3182,19092,38,0.0,0.0002273971666323228
geoprr,20262021,no_geometry_fusion_router_stage_two,1,final_recipe,,,0.0003,5.5545832340916e-06,geoprr_router,3182,19092,1,0.0,5.5545832340916e-06
geoprr,20262021,no_geometry_fusion_router_stage_two,2,final_recipe,,,0.00029994859874633357,4.460194484434194e-06,geoprr_router,3182,19092,1,0.0,4.460194484434194e-06
geoprr,20262021,no_geometry_fusion_router_stage_two,3,final_recipe,,,0.0002997944302131861,4.550611160488592e-06,geoprr_router,3182,19092,1,0.0,4.550611160488592e-06
geoprr,20262021,no_geometry_fusion_router_stage_two,4,final_recipe,,,0.0002995376000599692,5.133722313783235e-06,geoprr_router,3182,19092,1,0.0,5.133722313783235e-06
geoprr,20262021,no_geometry_fusion_router_stage_two,5,final_recipe,,,0.000299178284305241,4.498027782473299e-06,geoprr_router,3182,19092,1,0.0,4.498027782473299e-06
geoprr,20262021,no_geometry_fusion_router_stage_two,6,final_recipe,,,0.0002987167292060716,4.587416769936681e-06,geoprr_router,3182,19092,1,0.0,4.587416769936681e-06
geoprr,20262021,no_geometry_fusion_router_stage_two,7,final_recipe,,,0.0002981532510892707,4.528583311993215e-06,geoprr_router,3182,19092,1,0.0,4.528583311993215e-06
geoprr,20262021,no_geometry_fusion_router_stage_two,8,final_recipe,,,0.0002974882361345932,4.273111052397224e-06,geoprr_router,3182,19092,1,0.0,4.273111052397224e-06
geoprr,20262021,no_geometry_fusion_router_stage_two,9,final_recipe,,,0.00029672214011007087,4.288666597050097e-06,geoprr_router,3182,19092,1,0.0,4.288666597050097e-06
geoprr,20262021,no_geometry_fusion_router_stage_two,10,final_recipe,,,0.0002958554880596515,3.904861061730318e-06,geoprr_router,3182,19092,1,0.0,3.904861061730318e-06
geoprr,20262021,no_geometry_fusion_router_stage_two,11,final_recipe,,,0.0002948888739433602,3.918444530831443e-06,geoprr_router,3182,19092,1,0.0,3.918444530831443e-06
geoprr,20262021,no_geometry_fusion_router_stage_two,12,final_recipe,,,0.00029382296023022894,4.0218610471735395e-06,geoprr_router,3182,19092,1,0.0,4.0218610471735395e-06
geoprr,20262021,no_geometry_fusion_router_stage_two,13,final_recipe,,,0.00029265847744427303,4.442750036509501e-06,geoprr_router,3182,19092,1,0.0,4.442750036509501e-06
geoprr,20262021,no_geometry_fusion_router_stage_two,14,final_recipe,,,0.00029139622366382674,4.221138854821523e-06,geoprr_router,3182,19092,1,0.0,4.221138854821523e-06
geoprr,20262021,no_geometry_fusion_router_stage_two,15,final_recipe,,,0.00029003706397458023,3.825722184653083e-06,geoprr_router,3182,19092,1,0.0,3.825722184653083e-06
geoprr,20262021,no_geometry_fusion_router_stage_two,16,final_recipe,,,0.000288581929876693,3.960111126717594e-06,geoprr_router,3182,19092,1,0.0,3.960111126717594e-06
geoprr,20262021,no_geometry_fusion_router_stage_two,17,final_recipe,,,0.0002870318186463901,4.254777838165562e-06,geoprr_router,3182,19092,1,0.0,4.254777838165562e-06
geoprr,20262021,no_geometry_fusion_router_stage_two,18,final_recipe,,,0.0002853877926524791,4.709111138557394e-06,geoprr_router,3182,19092,1,0.0,4.709111138557394e-06
geoprr,20262021,no_geometry_fusion_router_stage_two,19,final_recipe,,,0.0002836509786282552,4.159916683824526e-06,geoprr_router,3182,19092,1,0.0,4.159916683824526e-06
geoprr,20262021,no_geometry_fusion_router_stage_two,20,final_recipe,,,0.0002818225668992948,4.564305612196525e-06,geoprr_router,3182,19092,1,0.0,4.564305612196525e-06
geoprr,20262021,no_geometry_fusion_router_stage_two,21,final_recipe,,,0.00027990381056766585,3.7413888559159304e-06,geoprr_router,3182,19092,1,0.0,3.7413888559159304e-06
geoprr,20262021,no_geometry_fusion_router_stage_two,22,final_recipe,,,0.00027789602465311383,4.452000009930796e-06,geoprr_router,3182,19092,1,0.0,4.452000009930796e-06
geoprr,20262021,no_geometry_fusion_router_stage_two,23,final_recipe,,,0.0002758005851918136,4.45172229471306e-06,geoprr_router,3182,19092,1,0.0,4.45172229471306e-06
geoprr,20262021,no_geometry_fusion_router_stage_two,24,final_recipe,,,0.00027361892829330236,4.582444412840737e-06,geoprr_router,3182,19092,1,0.0,4.582444412840737e-06
geoprr,20262021,no_geometry_fusion_router_stage_two,25,final_recipe,,,0.0002713525491562421,3.991222216023339e-06,geoprr_router,3182,19092,1,0.0,3.991222216023339e-06
geoprr,20262021,no_geometry_fusion_router_stage_two,26,final_recipe,,,0.0002690030010436853,3.708694518233339e-06,geoprr_router,3182,19092,1,0.0,3.708694518233339e-06
geoprr,20262021,no_geometry_fusion_router_stage_two,27,final_recipe,,,0.0002665718942185457,4.4456111370689336e-06,geoprr_router,3182,19092,1,0.0,4.4456111370689336e-06
geoprr,20262021,no_geometry_fusion_router_stage_two,28,final_recipe,,,0.0002640608948400047,4.270777830647098e-06,geoprr_router,3182,19092,1,0.0,4.270777830647098e-06
geoprr,20262021,no_geometry_fusion_router_stage_two,29,final_recipe,,,0.0002614717238216092,4.888722259137366e-06,geoprr_router,3182,19092,1,0.0,4.888722259137366e-06
geoprr,20262021,no_geometry_fusion_router_stage_two,30,final_recipe,,,0.0002588061556518432,4.3884721688098374e-06,geoprr_router,3182,19092,1,0.0,4.3884721688098374e-06
geoprr,20262021,no_geometry_fusion_router_stage_two,31,final_recipe,,,0.00025606601717798223,4.7182223190450005e-06,geoprr_router,3182,19092,1,0.0,4.7182223190450005e-06
geoprr,20262021,no_geometry_fusion_router_stage_two,32,final_recipe,,,0.00025325318635406314,4.416277839077843e-06,geoprr_router,3182,19092,1,0.0,4.416277839077843e-06
geoprr,20262021,no_geometry_fusion_router_stage_two,33,final_recipe,,,0.0002503695909538288,3.7401944347139862e-06,geoprr_router,3182,19092,1,0.0,3.7401944347139862e-06
geoprr,20262021,no_geometry_fusion_router_stage_two,34,final_recipe,,,0.00024741720724952765,3.7974167046033673e-06,geoprr_router,3182,19092,1,0.0,3.7974167046033673e-06
geoprr,20262021,no_geometry_fusion_router_stage_two,35,final_recipe,,,0.00024439805865747574,5.036833333886332e-06,geoprr_router,3182,19092,1,0.0,5.036833333886332e-06
geoprr,20262021,no_geometry_fusion_router_stage_two,36,final_recipe,,,0.00024131421435130823,3.967777722411686e-06,geoprr_router,3182,19092,1,0.0,3.967777722411686e-06
geoprr,20262021,no_geometry_fusion_router_stage_two,37,final_recipe,,,0.0002381677878438711,4.583027782953448e-06,geoprr_router,3182,19092,1,0.0,4.583027782953448e-06
geoprr,20262021,no_geometry_fusion_router_stage_two,38,final_recipe,,,0.00023496093553872503,4.49952772921986e-06,geoprr_router,3182,19092,1,0.0,4.49952772921986e-06
geoprr,20262021,no_geometry_fusion_router_stage_two,39,final_recipe,,,0.00023169585525225419,4.8179166494972175e-06,geoprr_router,3182,19092,1,0.0,4.8179166494972175e-06
geoprr,20262021,no_geometry_fusion_router_stage_two,40,final_recipe,,,0.00022837478470739243,4.181444334487121e-06,geoprr_router,3182,19092,1,0.0,4.181444334487121e-06
geoprr,20262021,no_geometry_fusion_router_stage_two,41,final_recipe,,,0.0002250000000000001,4.6503056202911665e-06,geoprr_router,3182,19092,1,0.0,4.6503056202911665e-06
geoprr,20262021,no_geometry_fusion_router_stage_two,42,final_recipe,,,0.0002215738140389414,4.377472343751126e-06,geoprr_router,3182,19092,1,0.0,4.377472343751126e-06
geoprr,20262021,no_geometry_fusion_router_stage_two,43,final_recipe,,,0.00021809857496093212,4.127972190164857e-06,geoprr_router,3182,19092,1,0.0,4.127972190164857e-06
geoprr,20262021,no_geometry_fusion_router_stage_two,44,final_recipe,,,0.0002145766645212444,4.560444374672241e-06,geoprr_router,3182,19092,1,0.0,4.560444374672241e-06
geoprr,20262021,no_geometry_fusion_router_stage_two,45,final_recipe,,,0.00021101049646137014,4.340861147890488e-06,geoprr_router,3182,19092,1,0.0,4.340861147890488e-06
geoprr,20262021,no_geometry_fusion_router_stage_two,46,final_recipe,,,0.00020740251485476356,4.7411666148238715e-06,geoprr_router,3182,19092,1,0.0,4.7411666148238715e-06
geoprr,20262021,no_geometry_fusion_router_stage_two,47,final_recipe,,,0.00020375519243179515,5.317888895256651e-06,geoprr_router,3182,19092,1,0.0,5.317888895256651e-06
geoprr,20262021,no_geometry_fusion_router_stage_two,48,final_recipe,,,0.00020007102888506572,4.462444404554036e-06,geoprr_router,3182,19092,1,0.0,4.462444404554036e-06
geoprr,20262021,no_geometry_fusion_router_stage_two,49,final_recipe,,,0.00019635254915624222,4.723611184292369e-06,geoprr_router,3182,19092,1,0.0,4.723611184292369e-06
geoprr,20262021,no_geometry_fusion_router_stage_two,50,final_recipe,,,0.00019260230170558851,4.797083351554142e-06,geoprr_router,3182,19092,1,0.0,4.797083351554142e-06
geoprr,20262021,no_geometry_fusion_router_stage_two,51,final_recipe,,,0.00018882285676537818,4.482889004672567e-06,geoprr_router,3182,19092,1,0.0,4.482889004672567e-06
geoprr,20262021,no_geometry_fusion_router_stage_two,52,final_recipe,,,0.0001850168045783859,4.189500016056829e-06,geoprr_router,3182,19092,1,0.0,4.189500016056829e-06
geoprr,20262021,no_geometry_fusion_router_stage_two,53,final_recipe,,,0.00018118675362266396,5.4464443948947725e-06,geoprr_router,3182,19092,1,0.0,5.4464443948947725e-06
geoprr,20262021,no_geometry_fusion_router_stage_two,54,final_recipe,,,0.0001773353288238222,4.600194386310047e-06,geoprr_router,3182,19092,1,0.0,4.600194386310047e-06
geoprr,20262021,no_geometry_fusion_router_stage_two,55,final_recipe,,,0.00017346516975603473,3.927194435770313e-06,geoprr_router,3182,19092,1,0.0,3.927194435770313e-06
geoprr,20262021,no_geometry_fusion_router_stage_two,56,final_recipe,,,0.00016957892883300783,4.258333420794871e-06,geoprr_router,3182,19092,1,0.0,4.258333420794871e-06
geoprr,20262021,no_geometry_fusion_router_stage_two,57,final_recipe,,,0.00016567926949014812,4.063361039799121e-06,geoprr_router,3182,19092,1,0.0,4.063361039799121e-06
geoprr,20262021,no_geometry_fusion_router_stage_two,58,final_recipe,,,0.00016176886435917683,4.3607222485459515e-06,geoprr_router,3182,19092,1,0.0,4.3607222485459515e-06
geoprr,20262021,no_geometry_fusion_router_stage_two,59,final_recipe,,,0.00015785039343644162,4.5655555247018735e-06,geoprr_router,3182,19092,1,0.0,4.5655555247018735e-06
geoprr,20262021,no_geometry_fusion_router_stage_two,60,final_recipe,,,0.000153926542246181,4.531166697334912e-06,geoprr_router,3182,19092,1,0.0,4.531166697334912e-06
geoprr,20262021,no_geometry_fusion_router_stage_two,61,final_recipe,,,0.00015000000000000007,4.10019445957409e-06,geoprr_router,3182,19092,1,0.0,4.10019445957409e-06
geoprr,20262021,no_geometry_fusion_router_stage_two,62,final_recipe,,,0.0001460734577538191,3.7964723176426357e-06,geoprr_router,3182,19092,1,0.0,3.7964723176426357e-06
geoprr,20262021,no_geometry_fusion_router_stage_two,63,final_recipe,,,0.0001421496065635585,3.850388909793562e-06,geoprr_router,3182,19092,1,0.0,3.850388909793562e-06
geoprr,20262021,no_geometry_fusion_router_stage_two,64,final_recipe,,,0.0001382311356408233,3.8010277785360815e-06,geoprr_router,3182,19092,1,0.0,3.8010277785360815e-06
geoprr,20262021,no_geometry_fusion_router_stage_two,65,final_recipe,,,0.00013432073050985202,4.63463883433077e-06,geoprr_router,3182,19092,1,0.0,4.63463883433077e-06
geoprr,20262021,no_geometry_fusion_router_stage_two,66,final_recipe,,,0.0001304210711669923,3.935111065705617e-06,geoprr_router,3182,19092,1,0.0,3.935111065705617e-06
geoprr,20262021,no_geometry_fusion_router_stage_two,67,final_recipe,,,0.00012653483024396538,4.536055623450213e-06,geoprr_router,3182,19092,1,0.0,4.536055623450213e-06
geoprr,20262021,no_geometry_fusion_router_stage_two,68,final_recipe,,,0.00012266467117617793,5.2391666556812e-06,geoprr_router,3182,19092,1,0.0,5.2391666556812e-06
geoprr,20262021,no_geometry_fusion_router_stage_two,69,final_recipe,,,0.0001188132463773361,4.842388831699888e-06,geoprr_router,3182,19092,1,0.0,4.842388831699888e-06
geoprr,20262021,no_geometry_fusion_router_stage_two,70,final_recipe,,,0.0001149831954216142,4.547638818621635e-06,geoprr_router,3182,19092,1,0.0,4.547638818621635e-06
geoprr,20262021,no_geometry_fusion_router_stage_two,71,final_recipe,,,0.0001111771432346219,4.607416663525833e-06,geoprr_router,3182,19092,1,0.0,4.607416663525833e-06
geoprr,20262021,no_geometry_fusion_router_stage_two,72,final_recipe,,,0.0001073976982944116,4.8228333859393994e-06,geoprr_router,3182,19092,1,0.0,4.8228333859393994e-06
geoprr,20262021,no_geometry_fusion_router_stage_two,73,final_recipe,,,0.0001036474508437579,5.270138822702898e-06,geoprr_router,3182,19092,1,0.0,5.270138822702898e-06
geoprr,20262021,no_geometry_fusion_router_stage_two,74,final_recipe,,,9.992897111493437e-05,4.325055568996403e-06,geoprr_router,3182,19092,1,0.0,4.325055568996403e-06
geoprr,20262021,no_geometry_fusion_router_stage_two,75,final_recipe,,,9.624480756820496e-05,4.2079722819228965e-06,geoprr_router,3182,19092,1,0.0,4.2079722819228965e-06
geoprr,20262021,no_geometry_fusion_router_stage_two,76,final_recipe,,,9.259748514523653e-05,4.993638851576381e-06,geoprr_router,3182,19092,1,0.0,4.993638851576381e-06
geoprr,20262021,no_geometry_fusion_router_stage_two,77,final_recipe,,,8.898950353862997e-05,4.366611182275746e-06,geoprr_router,3182,19092,1,0.0,4.366611182275746e-06
geoprr,20262021,no_geometry_fusion_router_stage_two,78,final_recipe,,,8.542333547875576e-05,4.557694515420331e-06,geoprr_router,3182,19092,1,0.0,4.557694515420331e-06
geoprr,20262021,no_geometry_fusion_router_stage_two,79,final_recipe,,,8.190142503906799e-05,5.337888918196162e-06,geoprr_router,3182,19092,1,0.0,5.337888918196162e-06
geoprr,20262021,no_geometry_fusion_router_stage_two,80,final_recipe,,,7.842618596105874e-05,4.268527781176898e-06,geoprr_router,3182,19092,1,0.0,4.268527781176898e-06
geoprr,20262021,no_geometry_fusion_router_stage_two,81,final_recipe,,,7.500000000000003e-05,4.971805546018813e-06,geoprr_router,3182,19092,1,0.0,4.971805546018813e-06
geoprr,20262021,no_geometry_fusion_router_stage_two,82,final_recipe,,,7.162521529260768e-05,4.366138924120201e-06,geoprr_router,3182,19092,1,0.0,4.366138924120201e-06
geoprr,20262021,no_geometry_fusion_router_stage_two,83,final_recipe,,,6.830414474774599e-05,4.556249930626816e-06,geoprr_router,3182,19092,1,0.0,4.556249930626816e-06
geoprr,20262021,no_geometry_fusion_router_stage_two,84,final_recipe,,,6.503906446127505e-05,5.0744722183379866e-06,geoprr_router,3182,19092,1,0.0,5.0744722183379866e-06
geoprr,20262021,no_geometry_fusion_router_stage_two,85,final_recipe,,,6.183221215612905e-05,4.044416645127866e-06,geoprr_router,3182,19092,1,0.0,4.044416645127866e-06
geoprr,20262021,no_geometry_fusion_router_stage_two,86,final_recipe,,,5.868578564869191e-05,4.4810277823772695e-06,geoprr_router,3182,19092,1,0.0,4.4810277823772695e-06
geoprr,20262021,no_geometry_fusion_router_stage_two,87,final_recipe,,,5.5601941342524416e-05,4.986444384687477e-06,geoprr_router,3182,19092,1,0.0,4.986444384687477e-06
geoprr,20262021,no_geometry_fusion_router_stage_two,88,final_recipe,,,5.258279275047248e-05,5.246916682355934e-06,geoprr_router,3182,19092,1,0.0,5.246916682355934e-06
geoprr,20262021,no_geometry_fusion_router_stage_two,89,final_recipe,,,4.963040904617132e-05,4.170000061599745e-06,geoprr_router,3182,19092,1,0.0,4.170000061599745e-06
geoprr,20262021,no_geometry_fusion_router_stage_two,90,final_recipe,,,4.674681364593688e-05,4.042666664140092e-06,geoprr_router,3182,19092,1,0.0,4.042666664140092e-06
geoprr,20262021,no_geometry_fusion_router_stage_two,91,final_recipe,,,4.393398282201788e-05,5.028472126772006e-06,geoprr_router,3182,19092,1,0.0,5.028472126772006e-06
geoprr,20262021,no_geometry_fusion_router_stage_two,92,final_recipe,,,4.119384434815686e-05,4.185944433427519e-06,geoprr_router,3182,19092,1,0.0,4.185944433427519e-06
geoprr,20262021,no_geometry_fusion_router_stage_two,93,final_recipe,,,3.852827617839089e-05,4.666666629620724e-06,geoprr_router,3182,19092,1,0.0,4.666666629620724e-06
geoprr,20262021,no_geometry_fusion_router_stage_two,94,final_recipe,,,3.5939105159995365e-05,4.190527833998203e-06,geoprr_router,3182,19092,1,0.0,4.190527833998203e-06
geoprr,20262021,no_geometry_fusion_router_stage_two,95,final_recipe,,,3.342810578145437e-05,3.998249950301316e-06,geoprr_router,3182,19092,1,0.0,3.998249950301316e-06
geoprr,20262021,no_geometry_fusion_router_stage_two,96,final_recipe,,,3.0996998956314715e-05,5.166305668859018e-06,geoprr_router,3182,19092,1,0.0,5.166305668859018e-06
geoprr,20262021,no_geometry_fusion_router_stage_two,97,final_recipe,,,2.8647450843757904e-05,4.529722241891755e-06,geoprr_router,3182,19092,1,0.0,4.529722241891755e-06
geoprr,20262021,no_geometry_fusion_router_stage_two,98,final_recipe,,,2.6381071706697685e-05,4.671305521494813e-06,geoprr_router,3182,19092,1,0.0,4.671305521494813e-06
geoprr,20262021,no_geometry_fusion_router_stage_two,99,final_recipe,,,2.4199414808186416e-05,4.201666710691319e-06,geoprr_router,3182,19092,1,0.0,4.201666710691319e-06
geoprr,20262021,no_geometry_fusion_router_stage_two,100,final_recipe,,,2.210397534688618e-05,4.085388888294498e-06,geoprr_router,3182,19092,1,0.0,4.085388888294498e-06
geoprr,20262021,no_geometry_fusion_router_stage_two,101,final_recipe,,,2.00961894323342e-05,5.0372777817149956e-06,geoprr_router,3182,19092,1,0.0,5.0372777817149956e-06
geoprr,20262021,no_geometry_fusion_router_stage_two,102,final_recipe,,,1.8177433100705214e-05,3.896555475269755e-06,geoprr_router,3182,19092,1,0.0,3.896555475269755e-06
geoprr,20262021,no_geometry_fusion_router_stage_two,103,final_recipe,,,1.6349021371744837e-05,3.776638897963696e-06,geoprr_router,3182,19092,1,0.0,3.776638897963696e-06
geoprr,20262021,no_geometry_fusion_router_stage_two,104,final_recipe,,,1.4612207347520943e-05,4.74322225070662e-06,geoprr_router,3182,19092,1,0.0,4.74322225070662e-06
geoprr,20262021,no_geometry_fusion_router_stage_two,105,final_recipe,,,1.2968181353609857e-05,4.012138944947057e-06,geoprr_router,3182,19092,1,0.0,4.012138944947057e-06
geoprr,20262021,no_geometry_fusion_router_stage_two,106,final_recipe,,,1.1418070123306994e-05,4.539027835966812e-06,geoprr_router,3182,19092,1,0.0,4.539027835966812e-06
geoprr,20262021,no_geometry_fusion_router_stage_two,107,final_recipe,,,9.962936025419743e-06,4.029222117323014e-06,geoprr_router,3182,19092,1,0.0,4.029222117323014e-06
geoprr,20262021,no_geometry_fusion_router_stage_two,108,final_recipe,,,8.603776336173257e-06,4.328611151625712e-06,geoprr_router,3182,19092,1,0.0,4.328611151625712e-06
geoprr,20262021,no_geometry_fusion_router_stage_two,109,final_recipe,,,7.341522555726974e-06,4.808666676075922e-06,geoprr_router,3182,19092,1,0.0,4.808666676075922e-06
geoprr,20262021,no_geometry_fusion_router_stage_two,110,final_recipe,,,6.177039769771062e-06,4.113611196064287e-06,geoprr_router,3182,19092,1,0.0,4.113611196064287e-06
geoprr,20262021,no_geometry_fusion_router_stage_two,111,final_recipe,,,5.111126056639755e-06,4.022444546636608e-06,geoprr_router,3182,19092,1,0.0,4.022444546636608e-06
geoprr,20262021,no_geometry_fusion_router_stage_two,112,final_recipe,,,4.144511940348518e-06,4.109944501477811e-06,geoprr_router,3182,19092,1,0.0,4.109944501477811e-06
geoprr,20262021,no_geometry_fusion_router_stage_two,113,final_recipe,,,3.2778598899291478e-06,4.603861080896523e-06,geoprr_router,3182,19092,1,0.0,4.603861080896523e-06
geoprr,20262021,no_geometry_fusion_router_stage_two,114,final_recipe,,,2.5117638654068248e-06,4.423611098900437e-06,geoprr_router,3182,19092,1,0.0,4.423611098900437e-06
geoprr,20262021,no_geometry_fusion_router_stage_two,115,final_recipe,,,1.8467489107293517e-06,3.94805554404027e-06,geoprr_router,3182,19092,1,0.0,3.94805554404027e-06
geoprr,20262021,no_geometry_fusion_router_stage_two,116,final_recipe,,,1.283270793928443e-06,4.382305519862307e-06,geoprr_router,3182,19092,1,0.0,4.382305519862307e-06
geoprr,20262021,no_geometry_fusion_router_stage_two,117,final_recipe,,,8.217156947589902e-07,4.123749935792552e-06,geoprr_router,3182,19092,1,0.0,4.123749935792552e-06
geoprr,20262021,no_geometry_fusion_router_stage_two,118,final_recipe,,,4.623999400308056e-07,4.622500079373519e-06,geoprr_router,3182,19092,1,0.0,4.622500079373519e-06
geoprr,20262021,no_geometry_fusion_router_stage_two,119,final_recipe,,,2.055697868139251e-07,4.205944456367029e-06,geoprr_router,3182,19092,1,0.0,4.205944456367029e-06
geoprr,20262021,no_geometry_fusion_router_stage_two,120,final_recipe,,,5.1401253666411035e-08,4.664055563302504e-06,geoprr_router,3182,19092,1,0.0,4.664055563302504e-06
geoprr,20262021,no_polar_evidence_router_stage_one,1,final_recipe,,,0.001,0.0002115432222166823,geoprr_router,3182,19092,38,0.0,0.0002115432222166823
geoprr,20262021,no_polar_evidence_router_stage_one,2,final_recipe,,,0.000998458666866564,0.00020794983332355816,geoprr_router,3182,19092,38,0.0,0.00020794983332355816
geoprr,20262021,no_polar_evidence_router_stage_one,3,final_recipe,,,0.0009938441702975688,0.0002282616665535089,geoprr_router,3182,19092,38,0.0,0.0002282616665535089
geoprr,20262021,no_polar_evidence_router_stage_one,4,final_recipe,,,0.0009861849601988382,0.00021926519448041087,geoprr_router,3182,19092,38,0.0,0.00021926519448041087
geoprr,20262021,no_polar_evidence_router_stage_one,5,final_recipe,,,0.0009755282581475767,0.00022892202768060897,geoprr_router,3182,19092,38,0.0,0.00022892202768060897
geoprr,20262021,no_polar_evidence_router_stage_one,6,final_recipe,,,0.0009619397662556432,0.00021292000000054637,geoprr_router,3182,19092,38,0.0,0.00021292000000054637
geoprr,20262021,no_polar_evidence_router_stage_one,7,final_recipe,,,0.0009455032620941838,0.00023406091663572524,geoprr_router,3182,19092,38,0.0,0.00023406091663572524
geoprr,20262021,no_polar_evidence_router_stage_one,8,final_recipe,,,0.000926320082177046,0.00020696147228591144,geoprr_router,3182,19092,38,0.0,0.00020696147228591144
geoprr,20262021,no_polar_evidence_router_stage_one,9,final_recipe,,,0.0009045084971874736,0.00020977144452950192,geoprr_router,3182,19092,38,0.0,0.00020977144452950192
geoprr,20262021,no_polar_evidence_router_stage_one,10,final_recipe,,,0.0008802029828000154,0.0002011751943630063,geoprr_router,3182,19092,38,0.0,0.0002011751943630063
geoprr,20262021,no_polar_evidence_router_stage_one,11,final_recipe,,,0.0008535533905932736,0.00020569516669234468,geoprr_router,3182,19092,38,0.0,0.00020569516669234468
geoprr,20262021,no_polar_evidence_router_stage_one,12,final_recipe,,,0.0008247240241650918,0.00022158286107393604,geoprr_router,3182,19092,38,0.0,0.00022158286107393604
geoprr,20262021,no_polar_evidence_router_stage_one,13,final_recipe,,,0.0007938926261462365,0.00020274386120339234,geoprr_router,3182,19092,38,0.0,0.00020274386120339234
geoprr,20262021,no_polar_evidence_router_stage_one,14,final_recipe,,,0.0007612492823579742,0.00022430452789800863,geoprr_router,3182,19092,38,0.0,0.00022430452789800863
geoprr,20262021,no_polar_evidence_router_stage_one,15,final_recipe,,,0.0007269952498697732,0.0002038843888375494,geoprr_router,3182,19092,38,0.0,0.0002038843888375494
geoprr,20262021,no_polar_evidence_router_stage_one,16,final_recipe,,,0.0006913417161825447,0.0002312273889159163,geoprr_router,3182,19092,38,0.0,0.0002312273889159163
geoprr,20262021,no_polar_evidence_router_stage_one,17,final_recipe,,,0.0006545084971874736,0.00020624711113567982,geoprr_router,3182,19092,38,0.0,0.00020624711113567982
geoprr,20262021,no_polar_evidence_router_stage_one,18,final_recipe,,,0.0006167226819279527,0.00021299388893466028,geoprr_router,3182,19092,38,0.0,0.00021299388893466028
geoprr,20262021,no_polar_evidence_router_stage_one,19,final_recipe,,,0.0005782172325201154,0.00022714336118143466,geoprr_router,3182,19092,38,0.0,0.00022714336118143466
geoprr,20262021,no_polar_evidence_router_stage_one,20,final_recipe,,,0.0005392295478639224,0.00020479055561332238,geoprr_router,3182,19092,38,0.0,0.00020479055561332238
geoprr,20262021,no_polar_evidence_router_stage_one,21,final_recipe,,,0.0004999999999999999,0.00023146913891347747,geoprr_router,3182,19092,38,0.0,0.00023146913891347747
geoprr,20262021,no_polar_evidence_router_stage_one,22,final_recipe,,,0.0004607704521360775,0.0002019563610924201,geoprr_router,3182,19092,38,0.0,0.0002019563610924201
geoprr,20262021,no_polar_evidence_router_stage_one,23,final_recipe,,,0.0004217827674798846,0.00023296380557844207,geoprr_router,3182,19092,38,0.0,0.00023296380557844207
geoprr,20262021,no_polar_evidence_router_stage_one,24,final_recipe,,,0.0003832773180720472,0.00020482830548038084,geoprr_router,3182,19092,38,0.0,0.00020482830548038084
geoprr,20262021,no_polar_evidence_router_stage_one,25,final_recipe,,,0.0003454915028125262,0.00023788222228176892,geoprr_router,3182,19092,38,0.0,0.00023788222228176892
geoprr,20262021,no_polar_evidence_router_stage_one,26,final_recipe,,,0.00030865828381745506,0.000203268472234615,geoprr_router,3182,19092,38,0.0,0.000203268472234615
geoprr,20262021,no_polar_evidence_router_stage_one,27,final_recipe,,,0.0002730047501302265,0.00020749016664922237,geoprr_router,3182,19092,38,0.0,0.00020749016664922237
geoprr,20262021,no_polar_evidence_router_stage_one,28,final_recipe,,,0.0002387507176420255,0.0002233831111031274,geoprr_router,3182,19092,38,0.0,0.0002233831111031274
geoprr,20262021,no_polar_evidence_router_stage_one,29,final_recipe,,,0.0002061073738537634,0.00021418455561312535,geoprr_router,3182,19092,38,0.0,0.00021418455561312535
geoprr,20262021,no_polar_evidence_router_stage_one,30,final_recipe,,,0.00017527597583490815,0.00022876958336888088,geoprr_router,3182,19092,38,0.0,0.00022876958336888088
geoprr,20262021,no_polar_evidence_router_stage_one,31,final_recipe,,,0.0001464466094067262,0.0002091978055735429,geoprr_router,3182,19092,38,0.0,0.0002091978055735429
geoprr,20262021,no_polar_evidence_router_stage_one,32,final_recipe,,,0.00011979701719998447,0.00023353349999524653,geoprr_router,3182,19092,38,0.0,0.00023353349999524653
geoprr,20262021,no_polar_evidence_router_stage_one,33,final_recipe,,,9.549150281252627e-05,0.00022147097223852244,geoprr_router,3182,19092,38,0.0,0.00022147097223852244
geoprr,20262021,no_polar_evidence_router_stage_one,34,final_recipe,,,7.367991782295387e-05,0.0002071579999756068,geoprr_router,3182,19092,38,0.0,0.0002071579999756068
geoprr,20262021,no_polar_evidence_router_stage_one,35,final_recipe,,,5.4496737905816076e-05,0.00023657213896512985,geoprr_router,3182,19092,38,0.0,0.00023657213896512985
geoprr,20262021,no_polar_evidence_router_stage_one,36,final_recipe,,,3.806023374435661e-05,0.00021840522220979133,geoprr_router,3182,19092,38,0.0,0.00021840522220979133
geoprr,20262021,no_polar_evidence_router_stage_one,37,final_recipe,,,2.447174185242322e-05,0.00021117663890537287,geoprr_router,3182,19092,38,0.0,0.00021117663890537287
geoprr,20262021,no_polar_evidence_router_stage_one,38,final_recipe,,,1.3815039801161714e-05,0.0001971471944772121,geoprr_router,3182,19092,38,0.0,0.0001971471944772121
geoprr,20262021,no_polar_evidence_router_stage_one,39,final_recipe,,,6.155829702431168e-06,0.00021390427770610486,geoprr_router,3182,19092,38,0.0,0.00021390427770610486
geoprr,20262021,no_polar_evidence_router_stage_one,40,final_recipe,,,1.5413331334360176e-06,0.00022654747215306592,geoprr_router,3182,19092,38,0.0,0.00022654747215306592
geoprr,20262021,no_polar_evidence_router_stage_two,1,final_recipe,,,0.0003,6.274444490878118e-06,geoprr_router,3182,19092,1,0.0,6.274444490878118e-06
geoprr,20262021,no_polar_evidence_router_stage_two,2,final_recipe,,,0.00029994859874633357,4.435666681577762e-06,geoprr_router,3182,19092,1,0.0,4.435666681577762e-06
geoprr,20262021,no_polar_evidence_router_stage_two,3,final_recipe,,,0.0002997944302131861,4.447944488169418e-06,geoprr_router,3182,19092,1,0.0,4.447944488169418e-06
geoprr,20262021,no_polar_evidence_router_stage_two,4,final_recipe,,,0.0002995376000599692,4.272055553479327e-06,geoprr_router,3182,19092,1,0.0,4.272055553479327e-06
geoprr,20262021,no_polar_evidence_router_stage_two,5,final_recipe,,,0.000299178284305241,3.8406944885436036e-06,geoprr_router,3182,19092,1,0.0,3.8406944885436036e-06
geoprr,20262021,no_polar_evidence_router_stage_two,6,final_recipe,,,0.0002987167292060716,3.882611118670967e-06,geoprr_router,3182,19092,1,0.0,3.882611118670967e-06
geoprr,20262021,no_polar_evidence_router_stage_two,7,final_recipe,,,0.0002981532510892707,4.255333397951391e-06,geoprr_router,3182,19092,1,0.0,4.255333397951391e-06
geoprr,20262021,no_polar_evidence_router_stage_two,8,final_recipe,,,0.0002974882361345932,4.1591667104512454e-06,geoprr_router,3182,19092,1,0.0,4.1591667104512454e-06
geoprr,20262021,no_polar_evidence_router_stage_two,9,final_recipe,,,0.00029672214011007087,4.466999994797839e-06,geoprr_router,3182,19092,1,0.0,4.466999994797839e-06
geoprr,20262021,no_polar_evidence_router_stage_two,10,final_recipe,,,0.0002958554880596515,4.591583403655224e-06,geoprr_router,3182,19092,1,0.0,4.591583403655224e-06
geoprr,20262021,no_polar_evidence_router_stage_two,11,final_recipe,,,0.0002948888739433602,4.3589444572312964e-06,geoprr_router,3182,19092,1,0.0,4.3589444572312964e-06
geoprr,20262021,no_polar_evidence_router_stage_two,12,final_recipe,,,0.00029382296023022894,4.145277715805504e-06,geoprr_router,3182,19092,1,0.0,4.145277715805504e-06
geoprr,20262021,no_polar_evidence_router_stage_two,13,final_recipe,,,0.00029265847744427303,3.8865555284751785e-06,geoprr_router,3182,19092,1,0.0,3.8865555284751785e-06
geoprr,20262021,no_polar_evidence_router_stage_two,14,final_recipe,,,0.00029139622366382674,4.335277739705311e-06,geoprr_router,3182,19092,1,0.0,4.335277739705311e-06
geoprr,20262021,no_polar_evidence_router_stage_two,15,final_recipe,,,0.00029003706397458023,4.209888866171241e-06,geoprr_router,3182,19092,1,0.0,4.209888866171241e-06
geoprr,20262021,no_polar_evidence_router_stage_two,16,final_recipe,,,0.000288581929876693,3.977277859424551e-06,geoprr_router,3182,19092,1,0.0,3.977277859424551e-06
geoprr,20262021,no_polar_evidence_router_stage_two,17,final_recipe,,,0.0002870318186463901,3.769611163685719e-06,geoprr_router,3182,19092,1,0.0,3.769611163685719e-06
geoprr,20262021,no_polar_evidence_router_stage_two,18,final_recipe,,,0.0002853877926524791,4.686444428645902e-06,geoprr_router,3182,19092,1,0.0,4.686444428645902e-06
geoprr,20262021,no_polar_evidence_router_stage_two,19,final_recipe,,,0.0002836509786282552,4.030388857548435e-06,geoprr_router,3182,19092,1,0.0,4.030388857548435e-06
geoprr,20262021,no_polar_evidence_router_stage_two,20,final_recipe,,,0.0002818225668992948,4.899000050500035e-06,geoprr_router,3182,19092,1,0.0,4.899000050500035e-06
geoprr,20262021,no_polar_evidence_router_stage_two,21,final_recipe,,,0.00027990381056766585,4.3990554857171245e-06,geoprr_router,3182,19092,1,0.0,4.3990554857171245e-06
geoprr,20262021,no_polar_evidence_router_stage_two,22,final_recipe,,,0.00027789602465311383,3.955388933213221e-06,geoprr_router,3182,19092,1,0.0,3.955388933213221e-06
geoprr,20262021,no_polar_evidence_router_stage_two,23,final_recipe,,,0.0002758005851918136,4.223472205922007e-06,geoprr_router,3182,19092,1,0.0,4.223472205922007e-06
geoprr,20262021,no_polar_evidence_router_stage_two,24,final_recipe,,,0.00027361892829330236,4.530833361463414e-06,geoprr_router,3182,19092,1,0.0,4.530833361463414e-06
geoprr,20262021,no_polar_evidence_router_stage_two,25,final_recipe,,,0.0002713525491562421,4.930583397961325e-06,geoprr_router,3182,19092,1,0.0,4.930583397961325e-06
geoprr,20262021,no_polar_evidence_router_stage_two,26,final_recipe,,,0.0002690030010436853,4.737999988719821e-06,geoprr_router,3182,19092,1,0.0,4.737999988719821e-06
geoprr,20262021,no_polar_evidence_router_stage_two,27,final_recipe,,,0.0002665718942185457,4.509833330909411e-06,geoprr_router,3182,19092,1,0.0,4.509833330909411e-06
geoprr,20262021,no_polar_evidence_router_stage_two,28,final_recipe,,,0.0002640608948400047,4.762583412230015e-06,geoprr_router,3182,19092,1,0.0,4.762583412230015e-06
geoprr,20262021,no_polar_evidence_router_stage_two,29,final_recipe,,,0.0002614717238216092,4.389777831319306e-06,geoprr_router,3182,19092,1,0.0,4.389777831319306e-06
geoprr,20262021,no_polar_evidence_router_stage_two,30,final_recipe,,,0.0002588061556518432,4.201333245469464e-06,geoprr_router,3182,19092,1,0.0,4.201333245469464e-06
geoprr,20262021,no_polar_evidence_router_stage_two,31,final_recipe,,,0.00025606601717798223,4.122194497742587e-06,geoprr_router,3182,19092,1,0.0,4.122194497742587e-06
geoprr,20262021,no_polar_evidence_router_stage_two,32,final_recipe,,,0.00025325318635406314,4.738138911003868e-06,geoprr_router,3182,19092,1,0.0,4.738138911003868e-06
geoprr,20262021,no_polar_evidence_router_stage_two,33,final_recipe,,,0.0002503695909538288,4.697527684685257e-06,geoprr_router,3182,19092,1,0.0,4.697527684685257e-06
geoprr,20262021,no_polar_evidence_router_stage_two,34,final_recipe,,,0.00024741720724952765,4.290555500321918e-06,geoprr_router,3182,19092,1,0.0,4.290555500321918e-06
geoprr,20262021,no_polar_evidence_router_stage_two,35,final_recipe,,,0.00024439805865747574,4.1955277427203125e-06,geoprr_router,3182,19092,1,0.0,4.1955277427203125e-06
geoprr,20262021,no_polar_evidence_router_stage_two,36,final_recipe,,,0.00024131421435130823,4.714916641306546e-06,geoprr_router,3182,19092,1,0.0,4.714916641306546e-06
geoprr,20262021,no_polar_evidence_router_stage_two,37,final_recipe,,,0.0002381677878438711,4.340527682668633e-06,geoprr_router,3182,19092,1,0.0,4.340527682668633e-06
geoprr,20262021,no_polar_evidence_router_stage_two,38,final_recipe,,,0.00023496093553872503,4.306333268889123e-06,geoprr_router,3182,19092,1,0.0,4.306333268889123e-06
geoprr,20262021,no_polar_evidence_router_stage_two,39,final_recipe,,,0.00023169585525225419,4.506027843389246e-06,geoprr_router,3182,19092,1,0.0,4.506027843389246e-06
geoprr,20262021,no_polar_evidence_router_stage_two,40,final_recipe,,,0.00022837478470739243,4.494111053645611e-06,geoprr_router,3182,19092,1,0.0,4.494111053645611e-06
geoprr,20262021,no_polar_evidence_router_stage_two,41,final_recipe,,,0.0002250000000000001,4.268250065959162e-06,geoprr_router,3182,19092,1,0.0,4.268250065959162e-06
geoprr,20262021,no_polar_evidence_router_stage_two,42,final_recipe,,,0.0002215738140389414,4.257638809374637e-06,geoprr_router,3182,19092,1,0.0,4.257638809374637e-06
geoprr,20262021,no_polar_evidence_router_stage_two,43,final_recipe,,,0.00021809857496093212,4.20986105584436e-06,geoprr_router,3182,19092,1,0.0,4.20986105584436e-06
geoprr,20262021,no_polar_evidence_router_stage_two,44,final_recipe,,,0.0002145766645212444,4.73052780661318e-06,geoprr_router,3182,19092,1,0.0,4.73052780661318e-06
geoprr,20262021,no_polar_evidence_router_stage_two,45,final_recipe,,,0.00021101049646137014,4.240194490800301e-06,geoprr_router,3182,19092,1,0.0,4.240194490800301e-06
geoprr,20262021,no_polar_evidence_router_stage_two,46,final_recipe,,,0.00020740251485476356,4.7277776886605555e-06,geoprr_router,3182,19092,1,0.0,4.7277776886605555e-06
geoprr,20262021,no_polar_evidence_router_stage_two,47,final_recipe,,,0.00020375519243179515,4.9223889234579274e-06,geoprr_router,3182,19092,1,0.0,4.9223889234579274e-06
geoprr,20262021,no_polar_evidence_router_stage_two,48,final_recipe,,,0.00020007102888506572,3.6604721875240406e-06,geoprr_router,3182,19092,1,0.0,3.6604721875240406e-06
geoprr,20262021,no_polar_evidence_router_stage_two,49,final_recipe,,,0.00019635254915624222,4.635222204443482e-06,geoprr_router,3182,19092,1,0.0,4.635222204443482e-06
geoprr,20262021,no_polar_evidence_router_stage_two,50,final_recipe,,,0.00019260230170558851,4.260361117000381e-06,geoprr_router,3182,19092,1,0.0,4.260361117000381e-06
geoprr,20262021,no_polar_evidence_router_stage_two,51,final_recipe,,,0.00018882285676537818,4.017805525412162e-06,geoprr_router,3182,19092,1,0.0,4.017805525412162e-06
geoprr,20262021,no_polar_evidence_router_stage_two,52,final_recipe,,,0.0001850168045783859,4.763888816038767e-06,geoprr_router,3182,19092,1,0.0,4.763888816038767e-06
geoprr,20262021,no_polar_evidence_router_stage_two,53,final_recipe,,,0.00018118675362266396,4.12861118093133e-06,geoprr_router,3182,19092,1,0.0,4.12861118093133e-06
geoprr,20262021,no_polar_evidence_router_stage_two,54,final_recipe,,,0.0001773353288238222,3.6893889773637057e-06,geoprr_router,3182,19092,1,0.0,3.6893889773637057e-06
geoprr,20262021,no_polar_evidence_router_stage_two,55,final_recipe,,,0.00017346516975603473,3.896944431795014e-06,geoprr_router,3182,19092,1,0.0,3.896944431795014e-06
geoprr,20262021,no_polar_evidence_router_stage_two,56,final_recipe,,,0.00016957892883300783,4.0773889567289086e-06,geoprr_router,3182,19092,1,0.0,4.0773889567289086e-06
geoprr,20262021,no_polar_evidence_router_stage_two,57,final_recipe,,,0.00016567926949014812,4.553611183332072e-06,geoprr_router,3182,19092,1,0.0,4.553611183332072e-06
geoprr,20262021,no_polar_evidence_router_stage_two,58,final_recipe,,,0.00016176886435917683,4.434333338091771e-06,geoprr_router,3182,19092,1,0.0,4.434333338091771e-06
geoprr,20262021,no_polar_evidence_router_stage_two,59,final_recipe,,,0.00015785039343644162,4.366555561621984e-06,geoprr_router,3182,19092,1,0.0,4.366555561621984e-06
geoprr,20262021,no_polar_evidence_router_stage_two,60,final_recipe,,,0.000153926542246181,4.424111167382863e-06,geoprr_router,3182,19092,1,0.0,4.424111167382863e-06
geoprr,20262021,no_polar_evidence_router_stage_two,61,final_recipe,,,0.00015000000000000007,4.2278054429011215e-06,geoprr_router,3182,19092,1,0.0,4.2278054429011215e-06
geoprr,20262021,no_polar_evidence_router_stage_two,62,final_recipe,,,0.0001460734577538191,4.55538884529637e-06,geoprr_router,3182,19092,1,0.0,4.55538884529637e-06
geoprr,20262021,no_polar_evidence_router_stage_two,63,final_recipe,,,0.0001421496065635585,4.249250050634146e-06,geoprr_router,3182,19092,1,0.0,4.249250050634146e-06
geoprr,20262021,no_polar_evidence_router_stage_two,64,final_recipe,,,0.0001382311356408233,3.980249942590793e-06,geoprr_router,3182,19092,1,0.0,3.980249942590793e-06
geoprr,20262021,no_polar_evidence_router_stage_two,65,final_recipe,,,0.00013432073050985202,4.834361089807418e-06,geoprr_router,3182,19092,1,0.0,4.834361089807418e-06
geoprr,20262021,no_polar_evidence_router_stage_two,66,final_recipe,,,0.0001304210711669923,4.805749954862727e-06,geoprr_router,3182,19092,1,0.0,4.805749954862727e-06
geoprr,20262021,no_polar_evidence_router_stage_two,67,final_recipe,,,0.00012653483024396538,4.063138945235147e-06,geoprr_router,3182,19092,1,0.0,4.063138945235147e-06
geoprr,20262021,no_polar_evidence_router_stage_two,68,final_recipe,,,0.00012266467117617793,4.912944407098823e-06,geoprr_router,3182,19092,1,0.0,4.912944407098823e-06
geoprr,20262021,no_polar_evidence_router_stage_two,69,final_recipe,,,0.0001188132463773361,4.678416686753432e-06,geoprr_router,3182,19092,1,0.0,4.678416686753432e-06
geoprr,20262021,no_polar_evidence_router_stage_two,70,final_recipe,,,0.0001149831954216142,4.394833231344819e-06,geoprr_router,3182,19092,1,0.0,4.394833231344819e-06
geoprr,20262021,no_polar_evidence_router_stage_two,71,final_recipe,,,0.0001111771432346219,4.838666645810008e-06,geoprr_router,3182,19092,1,0.0,4.838666645810008e-06
geoprr,20262021,no_polar_evidence_router_stage_two,72,final_recipe,,,0.0001073976982944116,4.479666628564398e-06,geoprr_router,3182,19092,1,0.0,4.479666628564398e-06
geoprr,20262021,no_polar_evidence_router_stage_two,73,final_recipe,,,0.0001036474508437579,4.829611085976164e-06,geoprr_router,3182,19092,1,0.0,4.829611085976164e-06
geoprr,20262021,no_polar_evidence_router_stage_two,74,final_recipe,,,9.992897111493437e-05,4.2655833789871796e-06,geoprr_router,3182,19092,1,0.0,4.2655833789871796e-06
geoprr,20262021,no_polar_evidence_router_stage_two,75,final_recipe,,,9.624480756820496e-05,4.349333337611622e-06,geoprr_router,3182,19092,1,0.0,4.349333337611622e-06
geoprr,20262021,no_polar_evidence_router_stage_two,76,final_recipe,,,9.259748514523653e-05,4.066638907210694e-06,geoprr_router,3182,19092,1,0.0,4.066638907210694e-06
geoprr,20262021,no_polar_evidence_router_stage_two,77,final_recipe,,,8.898950353862997e-05,3.9294721662170355e-06,geoprr_router,3182,19092,1,0.0,3.9294721662170355e-06
geoprr,20262021,no_polar_evidence_router_stage_two,78,final_recipe,,,8.542333547875576e-05,4.577861141620411e-06,geoprr_router,3182,19092,1,0.0,4.577861141620411e-06
geoprr,20262021,no_polar_evidence_router_stage_two,79,final_recipe,,,8.190142503906799e-05,4.2196943993783655e-06,geoprr_router,3182,19092,1,0.0,4.2196943993783655e-06
geoprr,20262021,no_polar_evidence_router_stage_two,80,final_recipe,,,7.842618596105874e-05,4.02486107001702e-06,geoprr_router,3182,19092,1,0.0,4.02486107001702e-06
geoprr,20262021,no_polar_evidence_router_stage_two,81,final_recipe,,,7.500000000000003e-05,4.1379166456560295e-06,geoprr_router,3182,19092,1,0.0,4.1379166456560295e-06
geoprr,20262021,no_polar_evidence_router_stage_two,82,final_recipe,,,7.162521529260768e-05,4.783194486258758e-06,geoprr_router,3182,19092,1,0.0,4.783194486258758e-06
geoprr,20262021,no_polar_evidence_router_stage_two,83,final_recipe,,,6.830414474774599e-05,3.849694427723686e-06,geoprr_router,3182,19092,1,0.0,3.849694427723686e-06
geoprr,20262021,no_polar_evidence_router_stage_two,84,final_recipe,,,6.503906446127505e-05,3.6871387985431486e-06,geoprr_router,3182,19092,1,0.0,3.6871387985431486e-06
geoprr,20262021,no_polar_evidence_router_stage_two,85,final_recipe,,,6.183221215612905e-05,3.6297499253931972e-06,geoprr_router,3182,19092,1,0.0,3.6297499253931972e-06
geoprr,20262021,no_polar_evidence_router_stage_two,86,final_recipe,,,5.868578564869191e-05,4.987222297737995e-06,geoprr_router,3182,19092,1,0.0,4.987222297737995e-06
geoprr,20262021,no_polar_evidence_router_stage_two,87,final_recipe,,,5.5601941342524416e-05,4.687388944956991e-06,geoprr_router,3182,19092,1,0.0,4.687388944956991e-06
geoprr,20262021,no_polar_evidence_router_stage_two,88,final_recipe,,,5.258279275047248e-05,4.380888874746031e-06,geoprr_router,3182,19092,1,0.0,4.380888874746031e-06
geoprr,20262021,no_polar_evidence_router_stage_two,89,final_recipe,,,4.963040904617132e-05,4.325305603237616e-06,geoprr_router,3182,19092,1,0.0,4.325305603237616e-06
geoprr,20262021,no_polar_evidence_router_stage_two,90,final_recipe,,,4.674681364593688e-05,4.285388858988881e-06,geoprr_router,3182,19092,1,0.0,4.285388858988881e-06
geoprr,20262021,no_polar_evidence_router_stage_two,91,final_recipe,,,4.393398282201788e-05,4.510444511349002e-06,geoprr_router,3182,19092,1,0.0,4.510444511349002e-06
geoprr,20262021,no_polar_evidence_router_stage_two,92,final_recipe,,,4.119384434815686e-05,4.326361102155513e-06,geoprr_router,3182,19092,1,0.0,4.326361102155513e-06
geoprr,20262021,no_polar_evidence_router_stage_two,93,final_recipe,,,3.852827617839089e-05,4.454777808859944e-06,geoprr_router,3182,19092,1,0.0,4.454777808859944e-06
geoprr,20262021,no_polar_evidence_router_stage_two,94,final_recipe,,,3.5939105159995365e-05,3.693861136626866e-06,geoprr_router,3182,19092,1,0.0,3.693861136626866e-06
geoprr,20262021,no_polar_evidence_router_stage_two,95,final_recipe,,,3.342810578145437e-05,4.5538334072464045e-06,geoprr_router,3182,19092,1,0.0,4.5538334072464045e-06
geoprr,20262021,no_polar_evidence_router_stage_two,96,final_recipe,,,3.0996998956314715e-05,3.7274166889902616e-06,geoprr_router,3182,19092,1,0.0,3.7274166889902616e-06
geoprr,20262021,no_polar_evidence_router_stage_two,97,final_recipe,,,2.8647450843757904e-05,3.703194411678447e-06,geoprr_router,3182,19092,1,0.0,3.703194411678447e-06
geoprr,20262021,no_polar_evidence_router_stage_two,98,final_recipe,,,2.6381071706697685e-05,4.1129443949709335e-06,geoprr_router,3182,19092,1,0.0,4.1129443949709335e-06
geoprr,20262021,no_polar_evidence_router_stage_two,99,final_recipe,,,2.4199414808186416e-05,4.803861180941264e-06,geoprr_router,3182,19092,1,0.0,4.803861180941264e-06
geoprr,20262021,no_polar_evidence_router_stage_two,100,final_recipe,,,2.210397534688618e-05,4.818500019609928e-06,geoprr_router,3182,19092,1,0.0,4.818500019609928e-06
geoprr,20262021,no_polar_evidence_router_stage_two,101,final_recipe,,,2.00961894323342e-05,3.9088887731648155e-06,geoprr_router,3182,19092,1,0.0,3.9088887731648155e-06
geoprr,20262021,no_polar_evidence_router_stage_two,102,final_recipe,,,1.8177433100705214e-05,3.9993332595460945e-06,geoprr_router,3182,19092,1,0.0,3.9993332595460945e-06
geoprr,20262021,no_polar_evidence_router_stage_two,103,final_recipe,,,1.6349021371744837e-05,4.376500017113156e-06,geoprr_router,3182,19092,1,0.0,4.376500017113156e-06
geoprr,20262021,no_polar_evidence_router_stage_two,104,final_recipe,,,1.4612207347520943e-05,4.375305595911211e-06,geoprr_router,3182,19092,1,0.0,4.375305595911211e-06
geoprr,20262021,no_polar_evidence_router_stage_two,105,final_recipe,,,1.2968181353609857e-05,3.8090000291251473e-06,geoprr_router,3182,19092,1,0.0,3.8090000291251473e-06
geoprr,20262021,no_polar_evidence_router_stage_two,106,final_recipe,,,1.1418070123306994e-05,4.012861107993457e-06,geoprr_router,3182,19092,1,0.0,4.012861107993457e-06
geoprr,20262021,no_polar_evidence_router_stage_two,107,final_recipe,,,9.962936025419743e-06,4.58641663297183e-06,geoprr_router,3182,19092,1,0.0,4.58641663297183e-06
geoprr,20262021,no_polar_evidence_router_stage_two,108,final_recipe,,,8.603776336173257e-06,4.561305460002687e-06,geoprr_router,3182,19092,1,0.0,4.561305460002687e-06
geoprr,20262021,no_polar_evidence_router_stage_two,109,final_recipe,,,7.341522555726974e-06,3.97327769961622e-06,geoprr_router,3182,19092,1,0.0,3.97327769961622e-06
geoprr,20262021,no_polar_evidence_router_stage_two,110,final_recipe,,,6.177039769771062e-06,4.323250096705224e-06,geoprr_router,3182,19092,1,0.0,4.323250096705224e-06
geoprr,20262021,no_polar_evidence_router_stage_two,111,final_recipe,,,5.111126056639755e-06,4.844833424107896e-06,geoprr_router,3182,19092,1,0.0,4.844833424107896e-06
geoprr,20262021,no_polar_evidence_router_stage_two,112,final_recipe,,,4.144511940348518e-06,4.543333262619045e-06,geoprr_router,3182,19092,1,0.0,4.543333262619045e-06
geoprr,20262021,no_polar_evidence_router_stage_two,113,final_recipe,,,3.2778598899291478e-06,4.211277700960636e-06,geoprr_router,3182,19092,1,0.0,4.211277700960636e-06
geoprr,20262021,no_polar_evidence_router_stage_two,114,final_recipe,,,2.5117638654068248e-06,4.808222098896901e-06,geoprr_router,3182,19092,1,0.0,4.808222098896901e-06
geoprr,20262021,no_polar_evidence_router_stage_two,115,final_recipe,,,1.8467489107293517e-06,4.11363887704081e-06,geoprr_router,3182,19092,1,0.0,4.11363887704081e-06
geoprr,20262021,no_polar_evidence_router_stage_two,116,final_recipe,,,1.283270793928443e-06,4.283861101915439e-06,geoprr_router,3182,19092,1,0.0,4.283861101915439e-06
geoprr,20262021,no_polar_evidence_router_stage_two,117,final_recipe,,,8.217156947589902e-07,5.301749980491068e-06,geoprr_router,3182,19092,1,0.0,5.301749980491068e-06
geoprr,20262021,no_polar_evidence_router_stage_two,118,final_recipe,,,4.623999400308056e-07,3.991305517653625e-06,geoprr_router,3182,19092,1,0.0,3.991305517653625e-06
geoprr,20262021,no_polar_evidence_router_stage_two,119,final_recipe,,,2.055697868139251e-07,4.5521665985385575e-06,geoprr_router,3182,19092,1,0.0,4.5521665985385575e-06
geoprr,20262021,no_polar_evidence_router_stage_two,120,final_recipe,,,5.1401253666411035e-08,4.302861117240455e-06,geoprr_router,3182,19092,1,0.0,4.302861117240455e-06
geoprr,20262021,no_relational_transport_router_stage_one,1,final_recipe,,,0.001,0.00020665680549831854,geoprr_router,3182,19092,38,0.0,0.00020665680549831854
geoprr,20262021,no_relational_transport_router_stage_one,2,final_recipe,,,0.000998458666866564,0.0002089039166457951,geoprr_router,3182,19092,38,0.0,0.0002089039166457951
geoprr,20262021,no_relational_transport_router_stage_one,3,final_recipe,,,0.0009938441702975688,0.00022892636104693842,geoprr_router,3182,19092,38,0.0,0.00022892636104693842
geoprr,20262021,no_relational_transport_router_stage_one,4,final_recipe,,,0.0009861849601988382,0.0002042392222210765,geoprr_router,3182,19092,38,0.0,0.0002042392222210765
geoprr,20262021,no_relational_transport_router_stage_one,5,final_recipe,,,0.0009755282581475767,0.00023723447216778167,geoprr_router,3182,19092,38,0.0,0.00023723447216778167
geoprr,20262021,no_relational_transport_router_stage_one,6,final_recipe,,,0.0009619397662556432,0.0002062415833481484,geoprr_router,3182,19092,38,0.0,0.0002062415833481484
geoprr,20262021,no_relational_transport_router_stage_one,7,final_recipe,,,0.0009455032620941838,0.00023254922228968807,geoprr_router,3182,19092,38,0.0,0.00023254922228968807
geoprr,20262021,no_relational_transport_router_stage_one,8,final_recipe,,,0.000926320082177046,0.0002105157500288139,geoprr_router,3182,19092,38,0.0,0.0002105157500288139
geoprr,20262021,no_relational_transport_router_stage_one,9,final_recipe,,,0.0009045084971874736,0.00020953988889232277,geoprr_router,3182,19092,38,0.0,0.00020953988889232277
geoprr,20262021,no_relational_transport_router_stage_one,10,final_recipe,,,0.0008802029828000154,0.0001988357221449001,geoprr_router,3182,19092,38,0.0,0.0001988357221449001
geoprr,20262021,no_relational_transport_router_stage_one,11,final_recipe,,,0.0008535533905932736,0.00020210219456607268,geoprr_router,3182,19092,38,0.0,0.00020210219456607268
geoprr,20262021,no_relational_transport_router_stage_one,12,final_recipe,,,0.0008247240241650918,0.00022373083332139586,geoprr_router,3182,19092,38,0.0,0.00022373083332139586
geoprr,20262021,no_relational_transport_router_stage_one,13,final_recipe,,,0.0007938926261462365,0.00020523505557018022,geoprr_router,3182,19092,38,0.0,0.00020523505557018022
geoprr,20262021,no_relational_transport_router_stage_one,14,final_recipe,,,0.0007612492823579742,0.0002371546944292883,geoprr_router,3182,19092,38,0.0,0.0002371546944292883
geoprr,20262021,no_relational_transport_router_stage_one,15,final_recipe,,,0.0007269952498697732,0.00021350763880440758,geoprr_router,3182,19092,38,0.0,0.00021350763880440758
geoprr,20262021,no_relational_transport_router_stage_one,16,final_recipe,,,0.0006913417161825447,0.00022812997223809362,geoprr_router,3182,19092,38,0.0,0.00022812997223809362
geoprr,20262021,no_relational_transport_router_stage_one,17,final_recipe,,,0.0006545084971874736,0.0002042178610443241,geoprr_router,3182,19092,38,0.0,0.0002042178610443241
geoprr,20262021,no_relational_transport_router_stage_one,18,final_recipe,,,0.0006167226819279527,0.00020332586110776498,geoprr_router,3182,19092,38,0.0,0.00020332586110776498
geoprr,20262021,no_relational_transport_router_stage_one,19,final_recipe,,,0.0005782172325201154,0.00023205238885970578,geoprr_router,3182,19092,38,0.0,0.00023205238885970578
geoprr,20262021,no_relational_transport_router_stage_one,20,final_recipe,,,0.0005392295478639224,0.00020497130553445055,geoprr_router,3182,19092,38,0.0,0.00020497130553445055
geoprr,20262021,no_relational_transport_router_stage_one,21,final_recipe,,,0.0004999999999999999,0.00023010300006717443,geoprr_router,3182,19092,38,0.0,0.00023010300006717443
geoprr,20262021,no_relational_transport_router_stage_one,22,final_recipe,,,0.0004607704521360775,0.0002084350832996683,geoprr_router,3182,19092,38,0.0,0.0002084350832996683
geoprr,20262021,no_relational_transport_router_stage_one,23,final_recipe,,,0.0004217827674798846,0.00023679283331148326,geoprr_router,3182,19092,38,0.0,0.00023679283331148326
geoprr,20262021,no_relational_transport_router_stage_one,24,final_recipe,,,0.0003832773180720472,0.00021137608331628144,geoprr_router,3182,19092,38,0.0,0.00021137608331628144
geoprr,20262021,no_relational_transport_router_stage_one,25,final_recipe,,,0.0003454915028125262,0.0002352953055459592,geoprr_router,3182,19092,38,0.0,0.0002352953055459592
geoprr,20262021,no_relational_transport_router_stage_one,26,final_recipe,,,0.00030865828381745506,0.0002072598333729224,geoprr_router,3182,19092,38,0.0,0.0002072598333729224
geoprr,20262021,no_relational_transport_router_stage_one,27,final_recipe,,,0.0002730047501302265,0.00021211861115362908,geoprr_router,3182,19092,38,0.0,0.00021211861115362908
geoprr,20262021,no_relational_transport_router_stage_one,28,final_recipe,,,0.0002387507176420255,0.00022875552777097458,geoprr_router,3182,19092,38,0.0,0.00022875552777097458
geoprr,20262021,no_relational_transport_router_stage_one,29,final_recipe,,,0.0002061073738537634,0.00020948874996975063,geoprr_router,3182,19092,38,0.0,0.00020948874996975063
geoprr,20262021,no_relational_transport_router_stage_one,30,final_recipe,,,0.00017527597583490815,0.0002282138611190021,geoprr_router,3182,19092,38,0.0,0.0002282138611190021
geoprr,20262021,no_relational_transport_router_stage_one,31,final_recipe,,,0.0001464466094067262,0.00020472016664118404,geoprr_router,3182,19092,38,0.0,0.00020472016664118404
geoprr,20262021,no_relational_transport_router_stage_one,32,final_recipe,,,0.00011979701719998447,0.00023352880561206904,geoprr_router,3182,19092,38,0.0,0.00023352880561206904
geoprr,20262021,no_relational_transport_router_stage_one,33,final_recipe,,,9.549150281252627e-05,0.00021818236111559802,geoprr_router,3182,19092,38,0.0,0.00021818236111559802
geoprr,20262021,no_relational_transport_router_stage_one,34,final_recipe,,,7.367991782295387e-05,0.00021023686108593312,geoprr_router,3182,19092,38,0.0,0.00021023686108593312
geoprr,20262021,no_relational_transport_router_stage_one,35,final_recipe,,,5.4496737905816076e-05,0.0002299006944263561,geoprr_router,3182,19092,38,0.0,0.0002299006944263561
geoprr,20262021,no_relational_transport_router_stage_one,36,final_recipe,,,3.806023374435661e-05,0.00020811138881577385,geoprr_router,3182,19092,38,0.0,0.00020811138881577385
geoprr,20262021,no_relational_transport_router_stage_one,37,final_recipe,,,2.447174185242322e-05,0.00021070380552878811,geoprr_router,3182,19092,38,0.0,0.00021070380552878811
geoprr,20262021,no_relational_transport_router_stage_one,38,final_recipe,,,1.3815039801161714e-05,0.00020461188887970316,geoprr_router,3182,19092,38,0.0,0.00020461188887970316
geoprr,20262021,no_relational_transport_router_stage_one,39,final_recipe,,,6.155829702431168e-06,0.0002051350833951599,geoprr_router,3182,19092,38,0.0,0.0002051350833951599
geoprr,20262021,no_relational_transport_router_stage_one,40,final_recipe,,,1.5413331334360176e-06,0.0002199148333683196,geoprr_router,3182,19092,38,0.0,0.0002199148333683196
geoprr,20262021,no_relational_transport_router_stage_two,1,final_recipe,,,0.0003,6.253055503798856e-06,geoprr_router,3182,19092,1,0.0,6.253055503798856e-06
geoprr,20262021,no_relational_transport_router_stage_two,2,final_recipe,,,0.00029994859874633357,4.772333324783378e-06,geoprr_router,3182,19092,1,0.0,4.772333324783378e-06
geoprr,20262021,no_relational_transport_router_stage_two,3,final_recipe,,,0.0002997944302131861,4.146694490272138e-06,geoprr_router,3182,19092,1,0.0,4.146694490272138e-06
geoprr,20262021,no_relational_transport_router_stage_two,4,final_recipe,,,0.0002995376000599692,5.438138937784566e-06,geoprr_router,3182,19092,1,0.0,5.438138937784566e-06
geoprr,20262021,no_relational_transport_router_stage_two,5,final_recipe,,,0.000299178284305241,5.797249937636984e-06,geoprr_router,3182,19092,1,0.0,5.797249937636984e-06
geoprr,20262021,no_relational_transport_router_stage_two,6,final_recipe,,,0.0002987167292060716,4.128499939623806e-06,geoprr_router,3182,19092,1,0.0,4.128499939623806e-06
geoprr,20262021,no_relational_transport_router_stage_two,7,final_recipe,,,0.0002981532510892707,4.723972330490748e-06,geoprr_router,3182,19092,1,0.0,4.723972330490748e-06
geoprr,20262021,no_relational_transport_router_stage_two,8,final_recipe,,,0.0002974882361345932,4.6958055140243635e-06,geoprr_router,3182,19092,1,0.0,4.6958055140243635e-06
geoprr,20262021,no_relational_transport_router_stage_two,9,final_recipe,,,0.00029672214011007087,4.5866389862365196e-06,geoprr_router,3182,19092,1,0.0,4.5866389862365196e-06
geoprr,20262021,no_relational_transport_router_stage_two,10,final_recipe,,,0.0002958554880596515,3.978666694213946e-06,geoprr_router,3182,19092,1,0.0,3.978666694213946e-06
geoprr,20262021,no_relational_transport_router_stage_two,11,final_recipe,,,0.0002948888739433602,4.296999993837542e-06,geoprr_router,3182,19092,1,0.0,4.296999993837542e-06
geoprr,20262021,no_relational_transport_router_stage_two,12,final_recipe,,,0.00029382296023022894,3.93036119122472e-06,geoprr_router,3182,19092,1,0.0,3.93036119122472e-06
geoprr,20262021,no_relational_transport_router_stage_two,13,final_recipe,,,0.00029265847744427303,4.771027791624268e-06,geoprr_router,3182,19092,1,0.0,4.771027791624268e-06
geoprr,20262021,no_relational_transport_router_stage_two,14,final_recipe,,,0.00029139622366382674,4.723083305483063e-06,geoprr_router,3182,19092,1,0.0,4.723083305483063e-06
geoprr,20262021,no_relational_transport_router_stage_two,15,final_recipe,,,0.00029003706397458023,4.12616671787368e-06,geoprr_router,3182,19092,1,0.0,4.12616671787368e-06
geoprr,20262021,no_relational_transport_router_stage_two,16,final_recipe,,,0.000288581929876693,3.890222223061654e-06,geoprr_router,3182,19092,1,0.0,3.890222223061654e-06
geoprr,20262021,no_relational_transport_router_stage_two,17,final_recipe,,,0.0002870318186463901,5.028527876776125e-06,geoprr_router,3182,19092,1,0.0,5.028527876776125e-06
geoprr,20262021,no_relational_transport_router_stage_two,18,final_recipe,,,0.0002853877926524791,4.5670277904719116e-06,geoprr_router,3182,19092,1,0.0,4.5670277904719116e-06
geoprr,20262021,no_relational_transport_router_stage_two,19,final_recipe,,,0.0002836509786282552,4.774722296537624e-06,geoprr_router,3182,19092,1,0.0,4.774722296537624e-06
geoprr,20262021,no_relational_transport_router_stage_two,20,final_recipe,,,0.0002818225668992948,3.743916620603866e-06,geoprr_router,3182,19092,1,0.0,3.743916620603866e-06
geoprr,20262021,no_relational_transport_router_stage_two,21,final_recipe,,,0.00027990381056766585,4.847694395316972e-06,geoprr_router,3182,19092,1,0.0,4.847694395316972e-06
geoprr,20262021,no_relational_transport_router_stage_two,22,final_recipe,,,0.00027789602465311383,4.4313888065516945e-06,geoprr_router,3182,19092,1,0.0,4.4313888065516945e-06
geoprr,20262021,no_relational_transport_router_stage_two,23,final_recipe,,,0.0002758005851918136,4.263611174085074e-06,geoprr_router,3182,19092,1,0.0,4.263611174085074e-06
geoprr,20262021,no_relational_transport_router_stage_two,24,final_recipe,,,0.00027361892829330236,4.050722216359443e-06,geoprr_router,3182,19092,1,0.0,4.050722216359443e-06
geoprr,20262021,no_relational_transport_router_stage_two,25,final_recipe,,,0.0002713525491562421,4.135305579337809e-06,geoprr_router,3182,19092,1,0.0,4.135305579337809e-06
geoprr,20262021,no_relational_transport_router_stage_two,26,final_recipe,,,0.0002690030010436853,4.768499897585975e-06,geoprr_router,3182,19092,1,0.0,4.768499897585975e-06
geoprr,20262021,no_relational_transport_router_stage_two,27,final_recipe,,,0.0002665718942185457,4.2334166614131795e-06,geoprr_router,3182,19092,1,0.0,4.2334166614131795e-06
geoprr,20262021,no_relational_transport_router_stage_two,28,final_recipe,,,0.0002640608948400047,4.376916654614938e-06,geoprr_router,3182,19092,1,0.0,4.376916654614938e-06
geoprr,20262021,no_relational_transport_router_stage_two,29,final_recipe,,,0.0002614717238216092,4.214527758045329e-06,geoprr_router,3182,19092,1,0.0,4.214527758045329e-06
geoprr,20262021,no_relational_transport_router_stage_two,30,final_recipe,,,0.0002588061556518432,4.484361141092247e-06,geoprr_router,3182,19092,1,0.0,4.484361141092247e-06
geoprr,20262021,no_relational_transport_router_stage_two,31,final_recipe,,,0.00025606601717798223,4.6946389031493e-06,geoprr_router,3182,19092,1,0.0,4.6946389031493e-06
geoprr,20262021,no_relational_transport_router_stage_two,32,final_recipe,,,0.00025325318635406314,4.3347499902463625e-06,geoprr_router,3182,19092,1,0.0,4.3347499902463625e-06
geoprr,20262021,no_relational_transport_router_stage_two,33,final_recipe,,,0.0002503695909538288,4.329083280430899e-06,geoprr_router,3182,19092,1,0.0,4.329083280430899e-06
geoprr,20262021,no_relational_transport_router_stage_two,34,final_recipe,,,0.00024741720724952765,4.77402768511739e-06,geoprr_router,3182,19092,1,0.0,4.77402768511739e-06
geoprr,20262021,no_relational_transport_router_stage_two,35,final_recipe,,,0.00024439805865747574,4.572444466046161e-06,geoprr_router,3182,19092,1,0.0,4.572444466046161e-06
geoprr,20262021,no_relational_transport_router_stage_two,36,final_recipe,,,0.00024131421435130823,4.522583266306255e-06,geoprr_router,3182,19092,1,0.0,4.522583266306255e-06
geoprr,20262021,no_relational_transport_router_stage_two,37,final_recipe,,,0.0002381677878438711,4.243750073429611e-06,geoprr_router,3182,19092,1,0.0,4.243750073429611e-06
geoprr,20262021,no_relational_transport_router_stage_two,38,final_recipe,,,0.00023496093553872503,3.946416675009661e-06,geoprr_router,3182,19092,1,0.0,3.946416675009661e-06
geoprr,20262021,no_relational_transport_router_stage_two,39,final_recipe,,,0.00023169585525225419,4.428111068490479e-06,geoprr_router,3182,19092,1,0.0,4.428111068490479e-06
geoprr,20262021,no_relational_transport_router_stage_two,40,final_recipe,,,0.00022837478470739243,4.7947500004536574e-06,geoprr_router,3182,19092,1,0.0,4.7947500004536574e-06
geoprr,20262021,no_relational_transport_router_stage_two,41,final_recipe,,,0.0002250000000000001,5.155888955212302e-06,geoprr_router,3182,19092,1,0.0,5.155888955212302e-06
geoprr,20262021,no_relational_transport_router_stage_two,42,final_recipe,,,0.0002215738140389414,3.7671667006280686e-06,geoprr_router,3182,19092,1,0.0,3.7671667006280686e-06
geoprr,20262021,no_relational_transport_router_stage_two,43,final_recipe,,,0.00021809857496093212,4.278750081236164e-06,geoprr_router,3182,19092,1,0.0,4.278750081236164e-06
geoprr,20262021,no_relational_transport_router_stage_two,44,final_recipe,,,0.0002145766645212444,3.9419167054196195e-06,geoprr_router,3182,19092,1,0.0,3.9419167054196195e-06
geoprr,20262021,no_relational_transport_router_stage_two,45,final_recipe,,,0.00021101049646137014,5.048611071995563e-06,geoprr_router,3182,19092,1,0.0,5.048611071995563e-06
geoprr,20262021,no_relational_transport_router_stage_two,46,final_recipe,,,0.00020740251485476356,4.510527812979288e-06,geoprr_router,3182,19092,1,0.0,4.510527812979288e-06
geoprr,20262021,no_relational_transport_router_stage_two,47,final_recipe,,,0.00020375519243179515,4.989222183616625e-06,geoprr_router,3182,19092,1,0.0,4.989222183616625e-06
geoprr,20262021,no_relational_transport_router_stage_two,48,final_recipe,,,0.00020007102888506572,4.657583388810357e-06,geoprr_router,3182,19092,1,0.0,4.657583388810357e-06
geoprr,20262021,no_relational_transport_router_stage_two,49,final_recipe,,,0.00019635254915624222,5.401805586492022e-06,geoprr_router,3182,19092,1,0.0,5.401805586492022e-06
geoprr,20262021,no_relational_transport_router_stage_two,50,final_recipe,,,0.00019260230170558851,4.968305584043264e-06,geoprr_router,3182,19092,1,0.0,4.968305584043264e-06
geoprr,20262021,no_relational_transport_router_stage_two,51,final_recipe,,,0.00018882285676537818,4.304833322142561e-06,geoprr_router,3182,19092,1,0.0,4.304833322142561e-06
geoprr,20262021,no_relational_transport_router_stage_two,52,final_recipe,,,0.0001850168045783859,4.486472138928043e-06,geoprr_router,3182,19092,1,0.0,4.486472138928043e-06
geoprr,20262021,no_relational_transport_router_stage_two,53,final_recipe,,,0.00018118675362266396,4.780111161784993e-06,geoprr_router,3182,19092,1,0.0,4.780111161784993e-06
geoprr,20262021,no_relational_transport_router_stage_two,54,final_recipe,,,0.0001773353288238222,4.365055485525065e-06,geoprr_router,3182,19092,1,0.0,4.365055485525065e-06
geoprr,20262021,no_relational_transport_router_stage_two,55,final_recipe,,,0.00017346516975603473,4.113861100955142e-06,geoprr_router,3182,19092,1,0.0,4.113861100955142e-06
geoprr,20262021,no_relational_transport_router_stage_two,56,final_recipe,,,0.00016957892883300783,3.817972287328707e-06,geoprr_router,3182,19092,1,0.0,3.817972287328707e-06
geoprr,20262021,no_relational_transport_router_stage_two,57,final_recipe,,,0.00016567926949014812,5.128444431142675e-06,geoprr_router,3182,19092,1,0.0,5.128444431142675e-06
geoprr,20262021,no_relational_transport_router_stage_two,58,final_recipe,,,0.00016176886435917683,4.462055577379134e-06,geoprr_router,3182,19092,1,0.0,4.462055577379134e-06
geoprr,20262021,no_relational_transport_router_stage_two,59,final_recipe,,,0.00015785039343644162,5.096916704335146e-06,geoprr_router,3182,19092,1,0.0,5.096916704335146e-06
geoprr,20262021,no_relational_transport_router_stage_two,60,final_recipe,,,0.000153926542246181,4.418388836913639e-06,geoprr_router,3182,19092,1,0.0,4.418388836913639e-06
geoprr,20262021,no_relational_transport_router_stage_two,61,final_recipe,,,0.00015000000000000007,4.386027835102545e-06,geoprr_router,3182,19092,1,0.0,4.386027835102545e-06
geoprr,20262021,no_relational_transport_router_stage_two,62,final_recipe,,,0.0001460734577538191,3.7606389054821596e-06,geoprr_router,3182,19092,1,0.0,3.7606389054821596e-06
geoprr,20262021,no_relational_transport_router_stage_two,63,final_recipe,,,0.0001421496065635585,4.338138969615102e-06,geoprr_router,3182,19092,1,0.0,4.338138969615102e-06
geoprr,20262021,no_relational_transport_router_stage_two,64,final_recipe,,,0.0001382311356408233,4.142555666880475e-06,geoprr_router,3182,19092,1,0.0,4.142555666880475e-06
geoprr,20262021,no_relational_transport_router_stage_two,65,final_recipe,,,0.00013432073050985202,4.316027819489439e-06,geoprr_router,3182,19092,1,0.0,4.316027819489439e-06
geoprr,20262021,no_relational_transport_router_stage_two,66,final_recipe,,,0.0001304210711669923,4.257749921331803e-06,geoprr_router,3182,19092,1,0.0,4.257749921331803e-06
geoprr,20262021,no_relational_transport_router_stage_two,67,final_recipe,,,0.00012653483024396538,4.099805503048831e-06,geoprr_router,3182,19092,1,0.0,4.099805503048831e-06
geoprr,20262021,no_relational_transport_router_stage_two,68,final_recipe,,,0.00012266467117617793,4.118416691198945e-06,geoprr_router,3182,19092,1,0.0,4.118416691198945e-06
geoprr,20262021,no_relational_transport_router_stage_two,69,final_recipe,,,0.0001188132463773361,4.478472207362453e-06,geoprr_router,3182,19092,1,0.0,4.478472207362453e-06
geoprr,20262021,no_relational_transport_router_stage_two,70,final_recipe,,,0.0001149831954216142,4.559499987711509e-06,geoprr_router,3182,19092,1,0.0,4.559499987711509e-06
geoprr,20262021,no_relational_transport_router_stage_two,71,final_recipe,,,0.0001111771432346219,3.863583293019069e-06,geoprr_router,3182,19092,1,0.0,3.863583293019069e-06
geoprr,20262021,no_relational_transport_router_stage_two,72,final_recipe,,,0.0001073976982944116,4.460166674107313e-06,geoprr_router,3182,19092,1,0.0,4.460166674107313e-06
geoprr,20262021,no_relational_transport_router_stage_two,73,final_recipe,,,0.0001036474508437579,4.9615555649830235e-06,geoprr_router,3182,19092,1,0.0,4.9615555649830235e-06
geoprr,20262021,no_relational_transport_router_stage_two,74,final_recipe,,,9.992897111493437e-05,5.0539166356126465e-06,geoprr_router,3182,19092,1,0.0,5.0539166356126465e-06
geoprr,20262021,no_relational_transport_router_stage_two,75,final_recipe,,,9.624480756820496e-05,4.824388823989365e-06,geoprr_router,3182,19092,1,0.0,4.824388823989365e-06
geoprr,20262021,no_relational_transport_router_stage_two,76,final_recipe,,,9.259748514523653e-05,4.68136108894315e-06,geoprr_router,3182,19092,1,0.0,4.68136108894315e-06
geoprr,20262021,no_relational_transport_router_stage_two,77,final_recipe,,,8.898950353862997e-05,4.514249998869168e-06,geoprr_router,3182,19092,1,0.0,4.514249998869168e-06
geoprr,20262021,no_relational_transport_router_stage_two,78,final_recipe,,,8.542333547875576e-05,4.051361077775558e-06,geoprr_router,3182,19092,1,0.0,4.051361077775558e-06
geoprr,20262021,no_relational_transport_router_stage_two,79,final_recipe,,,8.190142503906799e-05,4.718138888064358e-06,geoprr_router,3182,19092,1,0.0,4.718138888064358e-06
geoprr,20262021,no_relational_transport_router_stage_two,80,final_recipe,,,7.842618596105874e-05,3.7396944955819184e-06,geoprr_router,3182,19092,1,0.0,3.7396944955819184e-06
geoprr,20262021,no_relational_transport_router_stage_two,81,final_recipe,,,7.500000000000003e-05,4.726555586482088e-06,geoprr_router,3182,19092,1,0.0,4.726555586482088e-06
geoprr,20262021,no_relational_transport_router_stage_two,82,final_recipe,,,7.162521529260768e-05,4.2750277659959265e-06,geoprr_router,3182,19092,1,0.0,4.2750277659959265e-06
geoprr,20262021,no_relational_transport_router_stage_two,83,final_recipe,,,6.830414474774599e-05,4.929416657735904e-06,geoprr_router,3182,19092,1,0.0,4.929416657735904e-06
geoprr,20262021,no_relational_transport_router_stage_two,84,final_recipe,,,6.503906446127505e-05,5.553388942240013e-06,geoprr_router,3182,19092,1,0.0,5.553388942240013e-06
geoprr,20262021,no_relational_transport_router_stage_two,85,final_recipe,,,6.183221215612905e-05,4.42588882934716e-06,geoprr_router,3182,19092,1,0.0,4.42588882934716e-06
geoprr,20262021,no_relational_transport_router_stage_two,86,final_recipe,,,5.868578564869191e-05,4.1620833023140825e-06,geoprr_router,3182,19092,1,0.0,4.1620833023140825e-06
geoprr,20262021,no_relational_transport_router_stage_two,87,final_recipe,,,5.5601941342524416e-05,4.125527727107207e-06,geoprr_router,3182,19092,1,0.0,4.125527727107207e-06
geoprr,20262021,no_relational_transport_router_stage_two,88,final_recipe,,,5.258279275047248e-05,4.3544999789446595e-06,geoprr_router,3182,19092,1,0.0,4.3544999789446595e-06
geoprr,20262021,no_relational_transport_router_stage_two,89,final_recipe,,,4.963040904617132e-05,4.4459444729404315e-06,geoprr_router,3182,19092,1,0.0,4.4459444729404315e-06
geoprr,20262021,no_relational_transport_router_stage_two,90,final_recipe,,,4.674681364593688e-05,4.308083249876897e-06,geoprr_router,3182,19092,1,0.0,4.308083249876897e-06
geoprr,20262021,no_relational_transport_router_stage_two,91,final_recipe,,,4.393398282201788e-05,3.935305608643426e-06,geoprr_router,3182,19092,1,0.0,3.935305608643426e-06
geoprr,20262021,no_relational_transport_router_stage_two,92,final_recipe,,,4.119384434815686e-05,4.629666735935542e-06,geoprr_router,3182,19092,1,0.0,4.629666735935542e-06
geoprr,20262021,no_relational_transport_router_stage_two,93,final_recipe,,,3.852827617839089e-05,4.074944364320901e-06,geoprr_router,3182,19092,1,0.0,4.074944364320901e-06
geoprr,20262021,no_relational_transport_router_stage_two,94,final_recipe,,,3.5939105159995365e-05,4.087388903523485e-06,geoprr_router,3182,19092,1,0.0,4.087388903523485e-06
geoprr,20262021,no_relational_transport_router_stage_two,95,final_recipe,,,3.342810578145437e-05,3.845305440740453e-06,geoprr_router,3182,19092,1,0.0,3.845305440740453e-06
geoprr,20262021,no_relational_transport_router_stage_two,96,final_recipe,,,3.0996998956314715e-05,4.448333315344321e-06,geoprr_router,3182,19092,1,0.0,4.448333315344321e-06
geoprr,20262021,no_relational_transport_router_stage_two,97,final_recipe,,,2.8647450843757904e-05,4.569055486677421e-06,geoprr_router,3182,19092,1,0.0,4.569055486677421e-06
geoprr,20262021,no_relational_transport_router_stage_two,98,final_recipe,,,2.6381071706697685e-05,4.618277825001214e-06,geoprr_router,3182,19092,1,0.0,4.618277825001214e-06
geoprr,20262021,no_relational_transport_router_stage_two,99,final_recipe,,,2.4199414808186416e-05,4.281694483425882e-06,geoprr_router,3182,19092,1,0.0,4.281694483425882e-06
geoprr,20262021,no_relational_transport_router_stage_two,100,final_recipe,,,2.210397534688618e-05,3.877805494185951e-06,geoprr_router,3182,19092,1,0.0,3.877805494185951e-06
geoprr,20262021,no_relational_transport_router_stage_two,101,final_recipe,,,2.00961894323342e-05,4.441555485957199e-06,geoprr_router,3182,19092,1,0.0,4.441555485957199e-06
geoprr,20262021,no_relational_transport_router_stage_two,102,final_recipe,,,1.8177433100705214e-05,4.391666605240769e-06,geoprr_router,3182,19092,1,0.0,4.391666605240769e-06
geoprr,20262021,no_relational_transport_router_stage_two,103,final_recipe,,,1.6349021371744837e-05,4.645666599066721e-06,geoprr_router,3182,19092,1,0.0,4.645666599066721e-06
geoprr,20262021,no_relational_transport_router_stage_two,104,final_recipe,,,1.4612207347520943e-05,5.400416622352269e-06,geoprr_router,3182,19092,1,0.0,5.400416622352269e-06
geoprr,20262021,no_relational_transport_router_stage_two,105,final_recipe,,,1.2968181353609857e-05,5.247305638881193e-06,geoprr_router,3182,19092,1,0.0,5.247305638881193e-06
geoprr,20262021,no_relational_transport_router_stage_two,106,final_recipe,,,1.1418070123306994e-05,4.096416653030449e-06,geoprr_router,3182,19092,1,0.0,4.096416653030449e-06
geoprr,20262021,no_relational_transport_router_stage_two,107,final_recipe,,,9.962936025419743e-06,3.832472203713324e-06,geoprr_router,3182,19092,1,0.0,3.832472203713324e-06
geoprr,20262021,no_relational_transport_router_stage_two,108,final_recipe,,,8.603776336173257e-06,4.609055532556441e-06,geoprr_router,3182,19092,1,0.0,4.609055532556441e-06
geoprr,20262021,no_relational_transport_router_stage_two,109,final_recipe,,,7.341522555726974e-06,5.038944461072484e-06,geoprr_router,3182,19092,1,0.0,5.038944461072484e-06
geoprr,20262021,no_relational_transport_router_stage_two,110,final_recipe,,,6.177039769771062e-06,4.213444448800551e-06,geoprr_router,3182,19092,1,0.0,4.213444448800551e-06
geoprr,20262021,no_relational_transport_router_stage_two,111,final_recipe,,,5.111126056639755e-06,4.47336105733282e-06,geoprr_router,3182,19092,1,0.0,4.47336105733282e-06
geoprr,20262021,no_relational_transport_router_stage_two,112,final_recipe,,,4.144511940348518e-06,4.2931388856636155e-06,geoprr_router,3182,19092,1,0.0,4.2931388856636155e-06
geoprr,20262021,no_relational_transport_router_stage_two,113,final_recipe,,,3.2778598899291478e-06,4.6315278288804825e-06,geoprr_router,3182,19092,1,0.0,4.6315278288804825e-06
geoprr,20262021,no_relational_transport_router_stage_two,114,final_recipe,,,2.5117638654068248e-06,4.825944391389688e-06,geoprr_router,3182,19092,1,0.0,4.825944391389688e-06
geoprr,20262021,no_relational_transport_router_stage_two,115,final_recipe,,,1.8467489107293517e-06,4.157916668595539e-06,geoprr_router,3182,19092,1,0.0,4.157916668595539e-06
geoprr,20262021,no_relational_transport_router_stage_two,116,final_recipe,,,1.283270793928443e-06,4.20724998952614e-06,geoprr_router,3182,19092,1,0.0,4.20724998952614e-06
geoprr,20262021,no_relational_transport_router_stage_two,117,final_recipe,,,8.217156947589902e-07,4.0902778144097994e-06,geoprr_router,3182,19092,1,0.0,4.0902778144097994e-06
geoprr,20262021,no_relational_transport_router_stage_two,118,final_recipe,,,4.623999400308056e-07,4.58511109981272e-06,geoprr_router,3182,19092,1,0.0,4.58511109981272e-06
geoprr,20262021,no_relational_transport_router_stage_two,119,final_recipe,,,2.055697868139251e-07,4.147777799516916e-06,geoprr_router,3182,19092,1,0.0,4.147777799516916e-06
geoprr,20262021,no_relational_transport_router_stage_two,120,final_recipe,,,5.1401253666411035e-08,4.075777768674824e-06,geoprr_router,3182,19092,1,0.0,4.075777768674824e-06
geoprr,20262022,raw_efficientnet_b0,1,final_recipe,initial,1,0.0003,0.017245305388933048,geoprr_candidates,12818,12818,201,0.0,0.017245313277752656
geoprr,20262022,raw_efficientnet_b0,2,final_recipe,initial,2,0.00029917828430524096,0.013436638805627203,geoprr_candidates,12818,12818,201,0.0,0.013436644000078862
geoprr,20262022,raw_efficientnet_b0,3,final_recipe,initial,3,0.0002967221401100708,0.013472961861019333,geoprr_candidates,12818,12818,201,0.0,0.013472967472237845
geoprr,20262022,raw_efficientnet_b0,4,final_recipe,initial,4,0.00029265847744427303,0.013382926111161295,geoprr_candidates,12818,12818,201,0.0,0.013382931916664044
geoprr,20262022,raw_efficientnet_b0,5,final_recipe,initial,5,0.0002870318186463901,0.013370290555629051,geoprr_candidates,12818,12818,201,0.0,0.013370296388942127
geoprr,20262022,raw_efficientnet_b0,6,final_recipe,initial,6,0.0002799038105676658,0.013333446694434517,geoprr_candidates,12818,12818,201,0.0,0.01333345194450683
geoprr,20262022,raw_efficientnet_b0,7,final_recipe,initial,7,0.0002713525491562421,0.01344186061113659,geoprr_candidates,12818,12818,201,0.0,0.01344186666667358
geoprr,20262022,raw_efficientnet_b0,8,final_recipe,initial,8,0.00026147172382160914,0.013412061500000872,geoprr_candidates,12818,12818,201,0.0,0.013412067583348189
geoprr,20262022,raw_efficientnet_b0,9,final_recipe,initial,9,0.00025036959095382875,0.013405690388883361,geoprr_candidates,12818,12818,201,0.0,0.013405695138887192
geoprr,20262022,raw_efficientnet_b0,10,final_recipe,initial,10,0.000238167787843871,0.013375390749942097,geoprr_candidates,12818,12818,201,0.0,0.013375395444454626
geoprr,20262022,raw_efficientnet_b0,11,final_recipe,initial,11,0.00022500000000000002,0.013461701416591596,geoprr_candidates,12818,12818,201,0.0,0.01346170597218184
geoprr,20262022,raw_efficientnet_b0,12,final_recipe,initial,12,0.0002110104964613701,0.013443767972187036,geoprr_candidates,12818,12818,201,0.0,0.013443775166653925
geoprr,20262022,raw_efficientnet_b0,13,final_recipe,initial,13,0.00019635254915624216,0.013465432638897457,geoprr_candidates,12818,12818,201,0.0,0.013465438916658362
geoprr,20262022,raw_efficientnet_b0,14,final_recipe,initial,14,0.00018118675362266393,0.013459191722148616,geoprr_candidates,12818,12818,201,0.0,0.013459198277754087
geoprr,20262022,raw_efficientnet_b0,15,final_recipe,initial,15,0.0001656792694901481,0.013410010805560483,geoprr_candidates,12818,12818,201,0.0,0.013410015944520839
geoprr,20262022,raw_efficientnet_b0,16,final_recipe,initial,16,0.0001500000000000001,0.013432069027848128,geoprr_candidates,12818,12818,201,0.0,0.013432074000075874
geoprr,20262022,raw_efficientnet_b0,17,final_recipe,initial,17,0.00013432073050985205,0.013468275333289058,geoprr_candidates,12818,12818,201,0.0,0.013468279888879301
geoprr,20262022,raw_efficientnet_b0,18,final_recipe,initial,18,0.00011881324637733612,0.013438669194519106,geoprr_candidates,12818,12818,201,0.0,0.01343867436116044
geoprr,20262022,raw_efficientnet_b0,19,final_recipe,initial,19,0.00010364745084375793,0.013473885333320747,geoprr_candidates,12818,12818,201,0.0,0.013473890138945233
geoprr,20262022,raw_efficientnet_b0,20,final_recipe,initial,20,8.898950353863e-05,0.013408606805476463,geoprr_candidates,12818,12818,201,0.0,0.013408611972117797
geoprr,20262022,raw_efficientnet_b0,21,final_recipe,initial,21,7.500000000000006e-05,0.013505016055553118,geoprr_candidates,12818,12818,201,0.0,0.01350502069444499
geoprr,20262022,raw_efficientnet_b0,22,final_recipe,initial,22,6.183221215612908e-05,0.01348416786110546,geoprr_candidates,12818,12818,201,0.0,0.013484172694540272
geoprr,20262022,raw_efficientnet_b0,23,final_recipe,initial,23,4.963040904617134e-05,0.013431363222189248,geoprr_candidates,12818,12818,201,0.0,0.013431367722288187
geoprr,20262022,raw_efficientnet_b0,24,final_recipe,initial,24,3.85282761783909e-05,0.01347791688891852,geoprr_candidates,12818,12818,201,0.0,0.013477921388888111
geoprr,20262022,raw_efficientnet_b0,25,final_recipe,initial,25,2.8647450843757918e-05,0.013331033444394255,geoprr_candidates,12818,12818,201,0.0,0.013331038166587759
geoprr,20262022,raw_efficientnet_b0,26,final_recipe,initial,26,2.0096189432334208e-05,0.013471097250003368,geoprr_candidates,12818,12818,201,0.0,0.013471101833403939
geoprr,20262022,raw_efficientnet_b0,27,final_recipe,initial,27,1.2968181353609862e-05,0.01345358861118762,geoprr_candidates,12818,12818,201,0.0,0.013453593638906669
geoprr,20262022,raw_efficientnet_b0,28,final_recipe,initial,28,7.341522555726975e-06,0.013393637472116906,geoprr_candidates,12818,12818,201,0.0,0.013393641999896823
geoprr,20262022,raw_efficientnet_b0,29,final_recipe,initial,29,3.277859889929149e-06,0.013412102638847298,geoprr_candidates,12818,12818,201,0.0,0.01341210722211852
geoprr,20262022,raw_efficientnet_b0,30,final_recipe,initial,30,8.217156947589904e-07,0.01352215805556625,geoprr_candidates,12818,12818,201,0.0,0.013522163500052153
geoprr,20262022,raw_efficientnet_b0,31,final_recipe,continuation,1,3e-05,0.013446137777840098,geoprr_candidates,12818,12818,201,0.0,0.013446143444420564
geoprr,20262022,raw_efficientnet_b0,32,final_recipe,continuation,2,2.99178284305241e-05,0.013496162638896041,geoprr_candidates,12818,12818,201,0.0,0.013496167305468891
geoprr,20262022,raw_efficientnet_b0,33,final_recipe,continuation,3,2.9672214011007083e-05,0.01343136380555936,geoprr_candidates,12818,12818,201,0.0,0.013431368583373519
geoprr,20262022,raw_efficientnet_b0,34,final_recipe,continuation,4,2.9265847744427305e-05,0.013456437472228168,geoprr_candidates,12818,12818,201,0.0,0.013456442416645587
geoprr,20262022,raw_efficientnet_b0,35,final_recipe,continuation,5,2.870318186463901e-05,0.013434821583278892,geoprr_candidates,12818,12818,201,0.0,0.013434826111058808
geoprr,20262022,raw_efficientnet_b0,36,final_recipe,continuation,6,2.7990381056766583e-05,0.013519604972227373,geoprr_candidates,12818,12818,201,0.0,0.013519609722231204
geoprr,20262022,raw_efficientnet_b0,37,final_recipe,continuation,7,2.7135254915624213e-05,0.013429864555493824,geoprr_candidates,12818,12818,201,0.0,0.013429868916670482
geoprr,20262022,raw_efficientnet_b0,38,final_recipe,continuation,8,2.6147172382160913e-05,0.013502649833422361,geoprr_candidates,12818,12818,201,0.0,0.013502654472314236
geoprr,20262022,raw_efficientnet_b0,39,final_recipe,continuation,9,2.503695909538287e-05,0.013447879861083088,geoprr_candidates,12818,12818,201,0.0,0.013447884583405944
geoprr,20262022,raw_efficientnet_b0,40,final_recipe,continuation,10,2.3816778784387094e-05,0.013448061888856399,geoprr_candidates,12818,12818,200,0.0,0.013448067666678172
geoprr,20262022,raw_efficientnet_b0,41,final_recipe,continuation,11,2.2499999999999998e-05,0.013496844805518372,geoprr_candidates,12818,12818,201,0.0,0.0134968495000309
geoprr,20262022,raw_efficientnet_b0,42,final_recipe,continuation,12,2.1101049646137004e-05,0.013517986833273123,geoprr_candidates,12818,12818,201,0.0,0.013517991750009565
geoprr,20262022,raw_efficientnet_b0,43,final_recipe,continuation,13,1.963525491562421e-05,0.013542016638934406,geoprr_candidates,12818,12818,201,0.0,0.013542021277826279
geoprr,20262022,raw_efficientnet_b0,44,final_recipe,continuation,14,1.8118675362266388e-05,0.013405236166694926,geoprr_candidates,12818,12818,201,0.0,0.013405240861207453
geoprr,20262022,raw_efficientnet_b0,45,final_recipe,continuation,15,1.6567926949014805e-05,0.013548892333379222,geoprr_candidates,12818,12818,201,0.0,0.013548897333287945
geoprr,20262022,raw_efficientnet_b0,46,final_recipe,continuation,16,1.5000000000000005e-05,0.013430134027860023,geoprr_candidates,12818,12818,201,0.0,0.013430138750053527
geoprr,20262022,raw_efficientnet_b0,47,final_recipe,continuation,17,1.3432073050985203e-05,0.01352718005551853,geoprr_candidates,12818,12818,201,0.0,0.013527185166668561
geoprr,20262022,raw_efficientnet_b0,48,final_recipe,continuation,18,1.188132463773361e-05,0.01356122861111847,geoprr_candidates,12818,12818,201,0.0,0.013561233416613605
geoprr,20262022,raw_efficientnet_b0,49,final_recipe,continuation,19,1.036474508437579e-05,0.013547426333340506,geoprr_candidates,12818,12818,201,0.0,0.013547431166645967
geoprr,20262022,raw_efficientnet_b0,50,final_recipe,continuation,20,8.898950353862998e-06,0.013502170666664218,geoprr_candidates,12818,12818,200,0.0,0.013502175694512617
geoprr,20262022,raw_efficientnet_b0,51,final_recipe,continuation,21,7.5000000000000044e-06,0.013450424833378443,geoprr_candidates,12818,12818,201,0.0,0.013450429416649664
geoprr,20262022,raw_efficientnet_b0,52,final_recipe,continuation,22,6.183221215612905e-06,0.01347557155544766,geoprr_candidates,12818,12818,201,0.0,0.01347557658329606
geoprr,20262022,raw_efficientnet_b0,53,final_recipe,continuation,23,4.963040904617132e-06,0.01350651038888221,geoprr_candidates,12818,12818,201,0.0,0.013506515277808325
geoprr,20262022,raw_efficientnet_b0,54,final_recipe,continuation,24,3.852827617839089e-06,0.013489560999959294,geoprr_candidates,12818,12818,201,0.0,0.013489565888885408
geoprr,20262022,raw_efficientnet_b0,55,final_recipe,continuation,25,2.8647450843757908e-06,0.013588601250020373,geoprr_candidates,12818,12818,201,0.0,0.013588605944532902
geoprr,20262022,raw_efficientnet_b0,56,final_recipe,continuation,26,2.0096189432334203e-06,0.013472995305459739,geoprr_candidates,12818,12818,201,0.0,0.013473000027782595
geoprr,20262022,raw_efficientnet_b0,57,final_recipe,continuation,27,1.2968181353609858e-06,0.013541435055538184,geoprr_candidates,12818,12818,201,0.0,0.013541439722240384
geoprr,20262022,raw_efficientnet_b0,58,final_recipe,continuation,28,7.341522555726972e-07,0.013494072444478257,geoprr_candidates,12818,12818,201,0.0,0.013494077388895676
geoprr,20262022,raw_efficientnet_b0,59,final_recipe,continuation,29,3.277859889929148e-07,0.013474645888846781,geoprr_candidates,12818,12818,201,0.0,0.013474650527738656
geoprr,20262022,raw_efficientnet_b0,60,final_recipe,continuation,30,8.2171569475899e-08,0.01351001725001778,geoprr_candidates,12818,12818,201,0.0,0.013510022138943896
geoprr,20262022,remst,1,final_recipe,,,0.0003,0.06433145697215675,geoprr_candidates,12818,38454,1603,0.0,0.06433145736111329
geoprr,20262022,remst,2,final_recipe,,,0.0002713525491562421,0.06430276108336531,geoprr_candidates,12818,38454,1603,0.0,0.06430276144451151
geoprr,20262022,remst,3,final_recipe,,,0.0001963525491562421,0.0642964407778345,geoprr_candidates,12818,38454,1603,0.0,0.0642964411389807
geoprr,20262022,remst,4,final_recipe,,,0.00010364745084375788,0.06440593747228074,geoprr_candidates,12818,38454,1603,0.0,0.06440593783342694
geoprr,20262022,remst,5,final_recipe,,,2.8647450843757894e-05,0.06425868102776197,geoprr_candidates,12818,38454,1603,0.0,0.06425868141658915
geoprr,20262022,r2mt_mean_risk,1,final_recipe,,,0.001,0.00019465280554464295,geoprr_candidates,12818,38454,51,0.0,0.00019465333329410188
geoprr,20262022,r2mt_mean_risk,2,final_recipe,,,0.000998458666866564,0.00017087530551685226,geoprr_candidates,12818,38454,51,0.0,0.00017087577777500783
geoprr,20262022,r2mt_mean_risk,3,final_recipe,,,0.0009938441702975688,0.00016806091660530204,geoprr_candidates,12818,38454,51,0.0,0.00016806130543247692
geoprr,20262022,r2mt_mean_risk,4,final_recipe,,,0.0009861849601988382,0.00019267280547258754,geoprr_candidates,12818,38454,51,0.0,0.00019267311099813216
geoprr,20262022,r2mt_mean_risk,5,final_recipe,,,0.0009755282581475767,0.00016932408338309163,geoprr_candidates,12818,38454,51,0.0,0.00016932444439993964
geoprr,20262022,r2mt_mean_risk,6,final_recipe,,,0.0009619397662556432,0.0001792612223006371,geoprr_candidates,12818,38454,51,0.0,0.00017926166674846577
geoprr,20262022,r2mt_mean_risk,7,final_recipe,,,0.0009455032620941838,0.00016759836114943027,geoprr_candidates,12818,38454,51,0.0,0.00016759869448530176
geoprr,20262022,r2mt_mean_risk,8,final_recipe,,,0.000926320082177046,0.00018237108325896165,geoprr_candidates,12818,38454,51,0.0,0.00018237169443940124
geoprr,20262022,r2mt_mean_risk,9,final_recipe,,,0.0009045084971874736,0.00016586505562170512,geoprr_candidates,12818,38454,51,0.0,0.00016586544444888003
geoprr,20262022,r2mt_mean_risk,10,final_recipe,,,0.0008802029828000154,0.00016500219444019927,geoprr_candidates,12818,38454,51,0.0,0.0001650023888537867
geoprr,20262022,r2mt_mean_risk,11,final_recipe,,,0.0008535533905932736,0.00016055908338684174,geoprr_candidates,12818,38454,51,0.0,0.00016055941672271325
geoprr,20262022,r2mt_mean_risk,12,final_recipe,,,0.0008247240241650918,0.00018899969446162384,geoprr_candidates,12818,38454,51,0.0,0.0001889998610648844
geoprr,20262022,r2mt_mean_risk,13,final_recipe,,,0.0007938926261462365,0.00017217013894373344,geoprr_candidates,12818,38454,51,0.0,0.00017217047227960494
geoprr,20262022,r2mt_mean_risk,14,final_recipe,,,0.0007612492823579742,0.00015694911113112338,geoprr_candidates,12818,38454,51,0.0,0.00015694947227732175
geoprr,20262022,r2mt_mean_risk,15,final_recipe,,,0.0007269952498697732,0.00017097494448535145,geoprr_candidates,12818,38454,51,0.0,0.0001709751388989389
geoprr,20262022,r2mt_mean_risk,16,final_recipe,,,0.0006913417161825447,0.00018403355549607013,geoprr_candidates,12818,38454,51,0.0,0.00018403383334063823
geoprr,20262022,r2mt_mean_risk,17,final_recipe,,,0.0006545084971874736,0.00016526627781180043,geoprr_candidates,12818,38454,51,0.0,0.000165266444415061
geoprr,20262022,r2mt_mean_risk,18,final_recipe,,,0.0006167226819279527,0.00016103808341237405,geoprr_candidates,12818,38454,51,0.0,0.00016103827782596152
geoprr,20262022,r2mt_mean_risk,19,final_recipe,,,0.0005782172325201154,0.00016240708322988616,geoprr_candidates,12818,38454,51,0.0,0.00016240727777282397
geoprr,20262022,r2mt_mean_risk,20,final_recipe,,,0.0005392295478639224,0.00019401952779541412,geoprr_candidates,12818,38454,51,0.0,0.00019401983332095876
geoprr,20262022,r2mt_mean_risk,21,final_recipe,,,0.0004999999999999999,0.0001692068888547106,geoprr_candidates,12818,38454,51,0.0,0.0001692071943802552
geoprr,20262022,r2mt_mean_risk,22,final_recipe,,,0.0004607704521360775,0.00017161311116069554,geoprr_candidates,12818,38454,51,0.0,0.00017161347230689394
geoprr,20262022,r2mt_mean_risk,23,final_recipe,,,0.0004217827674798846,0.0001623394166947239,geoprr_candidates,12818,38454,51,0.0,0.00016233969440994164
geoprr,20262022,r2mt_mean_risk,24,final_recipe,,,0.0003832773180720472,0.00018786433333944943,geoprr_candidates,12818,38454,51,0.0,0.00018786449994271
geoprr,20262022,r2mt_mean_risk,25,final_recipe,,,0.0003454915028125262,0.00017345472226022846,geoprr_candidates,12818,38454,51,0.0,0.0001734549444841428
geoprr,20262022,r2mt_mean_risk,26,final_recipe,,,0.00030865828381745506,0.00017578658337394397,geoprr_candidates,12818,38454,51,0.0,0.00017578677778753142
geoprr,20262022,r2mt_mean_risk,27,final_recipe,,,0.0002730047501302265,0.00016959494445472955,geoprr_candidates,12818,38454,51,0.0,0.00016959527779060105
geoprr,20262022,r2mt_mean_risk,28,final_recipe,,,0.0002387507176420255,0.0001933603888998429,geoprr_candidates,12818,38454,51,0.0,0.0001933606944253875
geoprr,20262022,r2mt_mean_risk,29,final_recipe,,,0.0002061073738537634,0.00016812766656383043,geoprr_candidates,12818,38454,51,0.0,0.0001681280555203557
geoprr,20262022,r2mt_mean_risk,30,final_recipe,,,0.00017527597583490815,0.00016631930549111632,geoprr_candidates,12818,38454,51,0.0,0.00016631949990470376
geoprr,20262022,r2mt_mean_risk,31,final_recipe,,,0.0001464466094067262,0.00016904333334726593,geoprr_candidates,12818,38454,51,0.0,0.00016904352776085337
geoprr,20262022,r2mt_mean_risk,32,final_recipe,,,0.00011979701719998447,0.00019090127781964838,geoprr_candidates,12818,38454,51,0.0,0.00019090150004356273
geoprr,20262022,r2mt_mean_risk,33,final_recipe,,,9.549150281252627e-05,0.00016316938899560936,geoprr_candidates,12818,38454,51,0.0,0.0001631695834091968
geoprr,20262022,r2mt_mean_risk,34,final_recipe,,,7.367991782295387e-05,0.0001594949167014824,geoprr_candidates,12818,38454,51,0.0,0.00015949508330474296
geoprr,20262022,r2mt_mean_risk,35,final_recipe,,,5.4496737905816076e-05,0.00017102766665630042,geoprr_candidates,12818,38454,51,0.0,0.00017102794450086852
geoprr,20262022,r2mt_mean_risk,36,final_recipe,,,3.806023374435661e-05,0.00019546411116607486,geoprr_candidates,12818,38454,51,0.0,0.00019546441669161948
geoprr,20262022,r2mt_mean_risk,37,final_recipe,,,2.447174185242322e-05,0.00016358997233005033,geoprr_candidates,12818,38454,51,0.0,0.00016359016674363777
geoprr,20262022,r2mt_mean_risk,38,final_recipe,,,1.3815039801161714e-05,0.00016229175005315078,geoprr_candidates,12818,38454,51,0.0,0.00016229197227706513
geoprr,20262022,r2mt_mean_risk,39,final_recipe,,,6.155829702431168e-06,0.00016419016665572095,geoprr_candidates,12818,38454,51,0.0,0.00016419038887963527
geoprr,20262022,r2mt_mean_risk,40,final_recipe,,,1.5413331334360176e-06,0.00019055669441715711,geoprr_candidates,12818,38454,51,0.0,0.00019055697226172521
geoprr,20262022,r2mt_tail_risk,1,final_recipe,,,0.001,0.00016651738887756235,geoprr_candidates,12818,38454,51,0.0,0.0001665175554808229
geoprr,20262022,r2mt_tail_risk,2,final_recipe,,,0.000998458666866564,0.00016593636104112697,geoprr_candidates,12818,38454,51,0.0,0.00016593655558406478
geoprr,20262022,r2mt_tail_risk,3,final_recipe,,,0.0009938441702975688,0.00016943099999075961,geoprr_candidates,12818,38454,51,0.0,0.00016943122221467396
geoprr,20262022,r2mt_tail_risk,4,final_recipe,,,0.0009861849601988382,0.0001869036111101094,geoprr_candidates,12818,38454,51,0.0,0.00018690377784272034
geoprr,20262022,r2mt_tail_risk,5,final_recipe,,,0.0009755282581475767,0.00017024608328938484,geoprr_candidates,12818,38454,51,0.0,0.00017024627770297228
geoprr,20262022,r2mt_tail_risk,6,final_recipe,,,0.0009619397662556432,0.00017343311117858524,geoprr_candidates,12818,38454,51,0.0,0.00017343330559217268
geoprr,20262022,r2mt_tail_risk,7,final_recipe,,,0.0009455032620941838,0.00017535986107153196,geoprr_candidates,12818,38454,51,0.0,0.00017536025002805723
geoprr,20262022,r2mt_tail_risk,8,final_recipe,,,0.000926320082177046,0.00020090797217562796,geoprr_candidates,12818,38454,51,0.0,0.00020090827770117257
geoprr,20262022,r2mt_tail_risk,9,final_recipe,,,0.0009045084971874736,0.00017444677780278854,geoprr_candidates,12818,38454,51,0.0,0.00017444708332833316
geoprr,20262022,r2mt_tail_risk,10,final_recipe,,,0.0008802029828000154,0.00017334302783840233,geoprr_candidates,12818,38454,51,0.0,0.00017334333336394694
geoprr,20262022,r2mt_tail_risk,11,final_recipe,,,0.0008535533905932736,0.00017001452778155605,geoprr_candidates,12818,38454,51,0.0,0.00017001472232449385
geoprr,20262022,r2mt_tail_risk,12,final_recipe,,,0.0008247240241650918,0.0001960640833971815,geoprr_candidates,12818,38454,51,0.0,0.0001960644722243564
geoprr,20262022,r2mt_tail_risk,13,final_recipe,,,0.0007938926261462365,0.00016568988885006143,geoprr_candidates,12818,38454,51,0.0,0.00016569005558267236
geoprr,20262022,r2mt_tail_risk,14,final_recipe,,,0.0007612492823579742,0.000171168694505468,geoprr_candidates,12818,38454,51,0.0,0.0001711690556516664
geoprr,20262022,r2mt_tail_risk,15,final_recipe,,,0.0007269952498697732,0.00017067797223312988,geoprr_candidates,12818,38454,51,0.0,0.0001706781944570442
geoprr,20262022,r2mt_tail_risk,16,final_recipe,,,0.0006913417161825447,0.0001904096944619798,geoprr_candidates,12818,38454,51,0.0,0.00019041016672013535
geoprr,20262022,r2mt_tail_risk,17,final_recipe,,,0.0006545084971874736,0.00016732675010441907,geoprr_candidates,12818,38454,51,0.0,0.00016732711112126707
geoprr,20262022,r2mt_tail_risk,18,final_recipe,,,0.0006167226819279527,0.00016521955555718807,geoprr_candidates,12818,38454,51,0.0,0.0001652199445137133
geoprr,20262022,r2mt_tail_risk,19,final_recipe,,,0.0005782172325201154,0.00017052675002358027,geoprr_candidates,12818,38454,51,0.0,0.0001705269722474946
geoprr,20262022,r2mt_tail_risk,20,final_recipe,,,0.0005392295478639224,0.00019952150009986427,geoprr_candidates,12818,38454,51,0.0,0.00019952183343573577
geoprr,20262022,r2mt_tail_risk,21,final_recipe,,,0.0004999999999999999,0.00016936683328822255,geoprr_candidates,12818,38454,51,0.0,0.00016936699989148312
geoprr,20262022,r2mt_tail_risk,22,final_recipe,,,0.0004607704521360775,0.00016926933338658678,geoprr_candidates,12818,38454,51,0.0,0.00016926949998984734
geoprr,20262022,r2mt_tail_risk,23,final_recipe,,,0.0004217827674798846,0.00016729930558034942,geoprr_candidates,12818,38454,51,0.0,0.00016729963891622094
geoprr,20262022,r2mt_tail_risk,24,final_recipe,,,0.0003832773180720472,0.00019942566661888526,geoprr_candidates,12818,38454,51,0.0,0.0001994258888427996
geoprr,20262022,r2mt_tail_risk,25,final_recipe,,,0.0003454915028125262,0.000171088472319146,geoprr_candidates,12818,38454,51,0.0,0.00017108866673273346
geoprr,20262022,r2mt_tail_risk,26,final_recipe,,,0.00030865828381745506,0.000172496166649378,geoprr_candidates,12818,38454,51,0.0,0.00017249638887329233
geoprr,20262022,r2mt_tail_risk,27,final_recipe,,,0.0002730047501302265,0.00017665922227833006,geoprr_candidates,12818,38454,51,0.0,0.0001766594166919175
geoprr,20262022,r2mt_tail_risk,28,final_recipe,,,0.0002387507176420255,0.00019941688890361952,geoprr_candidates,12818,38454,51,0.0,0.00019941711112753384
geoprr,20262022,r2mt_tail_risk,29,final_recipe,,,0.0002061073738537634,0.0001727309722142915,geoprr_candidates,12818,38454,51,0.0,0.000172731305550163
geoprr,20262022,r2mt_tail_risk,30,final_recipe,,,0.00017527597583490815,0.00016943497221089072,geoprr_candidates,12818,38454,51,0.0,0.00016943527773643534
geoprr,20262022,r2mt_tail_risk,31,final_recipe,,,0.0001464466094067262,0.000168865194492456,geoprr_candidates,12818,38454,51,0.0,0.00016886541671637032
geoprr,20262022,r2mt_tail_risk,32,final_recipe,,,0.00011979701719998447,0.00019888811110932794,geoprr_candidates,12818,38454,51,0.0,0.00019888844444519943
geoprr,20262022,r2mt_tail_risk,33,final_recipe,,,9.549150281252627e-05,0.00018185002781036827,geoprr_candidates,12818,38454,51,0.0,0.00018185019441362883
geoprr,20262022,r2mt_tail_risk,34,final_recipe,,,7.367991782295387e-05,0.0001777243056696736,geoprr_candidates,12818,38454,51,0.0,0.00017772447227293417
geoprr,20262022,r2mt_tail_risk,35,final_recipe,,,5.4496737905816076e-05,0.00017846861103963522,geoprr_candidates,12818,38454,51,0.0,0.00017846883326354954
geoprr,20262022,r2mt_tail_risk,36,final_recipe,,,3.806023374435661e-05,0.00020367505559180346,geoprr_candidates,12818,38454,51,0.0,0.0002036754445483287
geoprr,20262022,r2mt_tail_risk,37,final_recipe,,,2.447174185242322e-05,0.00016745436121709645,geoprr_candidates,12818,38454,51,0.0,0.00016745458344101077
geoprr,20262022,r2mt_tail_risk,38,final_recipe,,,1.3815039801161714e-05,0.00017609783331863583,geoprr_candidates,12818,38454,51,0.0,0.00017609802773222328
geoprr,20262022,r2mt_tail_risk,39,final_recipe,,,6.155829702431168e-06,0.00016841088887304068,geoprr_candidates,12818,38454,51,0.0,0.00016841102766597437
geoprr,20262022,r2mt_tail_risk,40,final_recipe,,,1.5413331334360176e-06,0.00019866708329775267,geoprr_candidates,12818,38454,51,0.0,0.00019866736114232077
geoprr,20262022,r2mt_combined_risk,1,final_recipe,,,0.001,0.0001710500278406673,geoprr_candidates,12818,38454,51,0.0,0.0001710503611765388
geoprr,20262022,r2mt_combined_risk,2,final_recipe,,,0.000998458666866564,0.00016958827786664997,geoprr_candidates,12818,38454,51,0.0,0.00016958869450415173
geoprr,20262022,r2mt_combined_risk,3,final_recipe,,,0.0009938441702975688,0.00017471202778526477,geoprr_candidates,12818,38454,51,0.0,0.00017471233344015975
geoprr,20262022,r2mt_combined_risk,4,final_recipe,,,0.0009861849601988382,0.0002001163610515909,geoprr_candidates,12818,38454,51,0.0,0.00020011658327550523
geoprr,20262022,r2mt_combined_risk,5,final_recipe,,,0.0009755282581475767,0.00017431941659500202,geoprr_candidates,12818,38454,51,0.0,0.00017431961113793982
geoprr,20262022,r2mt_combined_risk,6,final_recipe,,,0.0009619397662556432,0.00017879025001699725,geoprr_candidates,12818,38454,51,0.0,0.00017879063897352252
geoprr,20262022,r2mt_combined_risk,7,final_recipe,,,0.0009455032620941838,0.00017591097223986353,geoprr_candidates,12818,38454,51,0.0,0.000175911166653451
geoprr,20262022,r2mt_combined_risk,8,final_recipe,,,0.000926320082177046,0.00019537377779165076,geoprr_candidates,12818,38454,51,0.0,0.0001953739722052382
geoprr,20262022,r2mt_combined_risk,9,final_recipe,,,0.0009045084971874736,0.0001781258611784627,geoprr_candidates,12818,38454,51,0.0,0.0001781260277817233
geoprr,20262022,r2mt_combined_risk,10,final_recipe,,,0.0008802029828000154,0.00017560886102728544,geoprr_candidates,12818,38454,51,0.0,0.00017560922217348384
geoprr,20262022,r2mt_combined_risk,11,final_recipe,,,0.0008535533905932736,0.00017610933334152732,geoprr_candidates,12818,38454,51,0.0,0.0001761096944877257
geoprr,20262022,r2mt_combined_risk,12,final_recipe,,,0.0008247240241650918,0.0001916062499448243,geoprr_candidates,12818,38454,51,0.0,0.0001916065832806958
geoprr,20262022,r2mt_combined_risk,13,final_recipe,,,0.0007938926261462365,0.00017022722232569424,geoprr_candidates,12818,38454,51,0.0,0.00017022741673928168
geoprr,20262022,r2mt_combined_risk,14,final_recipe,,,0.0007612492823579742,0.00016877847219196458,geoprr_candidates,12818,38454,51,0.0,0.00016877869441587893
geoprr,20262022,r2mt_combined_risk,15,final_recipe,,,0.0007269952498697732,0.0001786129721181674,geoprr_candidates,12818,38454,51,0.0,0.00017861322215240863
geoprr,20262022,r2mt_combined_risk,16,final_recipe,,,0.0006913417161825447,0.00018977263890620734,geoprr_candidates,12818,38454,51,0.0,0.0001897728333197948
geoprr,20262022,r2mt_combined_risk,17,final_recipe,,,0.0006545084971874736,0.00017445138888433576,geoprr_candidates,12818,38454,51,0.0,0.00017445158342727356
geoprr,20262022,r2mt_combined_risk,18,final_recipe,,,0.0006167226819279527,0.0001752768888966077,geoprr_candidates,12818,38454,51,0.0,0.0001752771944221523
geoprr,20262022,r2mt_combined_risk,19,final_recipe,,,0.0005782172325201154,0.00017353822231396204,geoprr_candidates,12818,38454,51,0.0,0.0001735383889172226
geoprr,20262022,r2mt_combined_risk,20,final_recipe,,,0.0005392295478639224,0.00019175413879565895,geoprr_candidates,12818,38454,51,0.0,0.00019175447213153044
geoprr,20262022,r2mt_combined_risk,21,final_recipe,,,0.0004999999999999999,0.00017305550010253987,geoprr_candidates,12818,38454,51,0.0,0.00017305580562808448
geoprr,20262022,r2mt_combined_risk,22,final_recipe,,,0.0004607704521360775,0.0001705652776743389,geoprr_candidates,12818,38454,51,0.0,0.0001705654722172767
geoprr,20262022,r2mt_combined_risk,23,final_recipe,,,0.0004217827674798846,0.0001771796388655073,geoprr_candidates,12818,38454,51,0.0,0.00017717994452040229
geoprr,20262022,r2mt_combined_risk,24,final_recipe,,,0.0003832773180720472,0.00021095791663457123,geoprr_candidates,12818,38454,51,0.0,0.00021095813885848555
geoprr,20262022,r2mt_combined_risk,25,final_recipe,,,0.0003454915028125262,0.00017452477774996725,geoprr_candidates,12818,38454,51,0.0,0.00017452494435322782
geoprr,20262022,r2mt_combined_risk,26,final_recipe,,,0.00030865828381745506,0.0001741376388559325,geoprr_candidates,12818,38454,51,0.0,0.00017413786107984682
geoprr,20262022,r2mt_combined_risk,27,final_recipe,,,0.0002730047501302265,0.0001720569444458104,geoprr_candidates,12818,38454,51,0.0,0.00017205725010070535
geoprr,20262022,r2mt_combined_risk,28,final_recipe,,,0.0002387507176420255,0.0001939778888805045,geoprr_candidates,12818,38454,51,0.0,0.000193978222216376
geoprr,20262022,r2mt_combined_risk,29,final_recipe,,,0.0002061073738537634,0.0001733431389503595,geoprr_candidates,12818,38454,51,0.0,0.00017334333336394694
geoprr,20262022,r2mt_combined_risk,30,final_recipe,,,0.00017527597583490815,0.00017259819446028107,geoprr_candidates,12818,38454,51,0.0,0.00017259836106354163
geoprr,20262022,r2mt_combined_risk,31,final_recipe,,,0.0001464466094067262,0.0001824286388647225,geoprr_candidates,12818,38454,51,0.0,0.00018242880559733344
geoprr,20262022,r2mt_combined_risk,32,final_recipe,,,0.00011979701719998447,0.00019463213884996042,geoprr_candidates,12818,38454,51,0.0,0.00019463230558257135
geoprr,20262022,r2mt_combined_risk,33,final_recipe,,,9.549150281252627e-05,0.0001777015277184546,geoprr_candidates,12818,38454,51,0.0,0.00017770169445106553
geoprr,20262022,r2mt_combined_risk,34,final_recipe,,,7.367991782295387e-05,0.00017662405566726294,geoprr_candidates,12818,38454,51,0.0,0.0001766242222705235
geoprr,20262022,r2mt_combined_risk,35,final_recipe,,,5.4496737905816076e-05,0.00017099347224252092,geoprr_candidates,12818,38454,51,0.0,0.00017099369446643524
geoprr,20262022,r2mt_combined_risk,36,final_recipe,,,3.806023374435661e-05,0.00019500686114446984,geoprr_candidates,12818,38454,51,0.0,0.0001950070833683842
geoprr,20262022,r2mt_combined_risk,37,final_recipe,,,2.447174185242322e-05,0.00017447858337416418,geoprr_candidates,12818,38454,51,0.0,0.00017447891671003567
geoprr,20262022,r2mt_combined_risk,38,final_recipe,,,1.3815039801161714e-05,0.00016713213886962168,geoprr_candidates,12818,38454,51,0.0,0.00016713230547288224
geoprr,20262022,r2mt_combined_risk,39,final_recipe,,,6.155829702431168e-06,0.00016449277767808073,geoprr_candidates,12818,38454,51,0.0,0.00016449291660036478
geoprr,20262022,r2mt_combined_risk,40,final_recipe,,,1.5413331334360176e-06,0.000196889083340971,geoprr_candidates,12818,38454,51,0.0,0.0001968893333752122
geoprr,20262022,r2mt_router,1,final_recipe,,,0.001,0.00019844522221117383,geoprr_candidates,12818,38454,51,0.0,0.00019844563884867562
geoprr,20262022,r2mt_router,2,final_recipe,,,0.000998458666866564,0.00020635783336021835,geoprr_candidates,12818,38454,51,0.0,0.0002063580277738058
geoprr,20262022,r2mt_router,3,final_recipe,,,0.0009938441702975688,0.0001989976944039679,geoprr_candidates,12818,38454,51,0.0,0.00019899786113657884
geoprr,20262022,r2mt_router,4,final_recipe,,,0.0009861849601988382,0.0001974063056210677,geoprr_candidates,12818,38454,51,0.0,0.00019740663882758882
geoprr,20262022,r2mt_router,5,final_recipe,,,0.0009755282581475767,0.00021979422230894368,geoprr_candidates,12818,38454,51,0.0,0.00021979436110187737
geoprr,20262022,r2mt_router,6,final_recipe,,,0.0009619397662556432,0.0002011751943630063,geoprr_candidates,12818,38454,51,0.0,0.0002011754722075744
geoprr,20262022,r2mt_router,7,final_recipe,,,0.0009455032620941838,0.00021555230551813213,geoprr_candidates,12818,38454,51,0.0,0.00021555255555237332
geoprr,20262022,r2mt_router,8,final_recipe,,,0.000926320082177046,0.00020148374993974965,geoprr_candidates,12818,38454,51,0.0,0.00020148405546529426
geoprr,20262022,r2mt_router,9,final_recipe,,,0.0009045084971874736,0.00019083588888558247,geoprr_candidates,12818,38454,51,0.0,0.00019083616673015057
geoprr,20262022,r2mt_router,10,final_recipe,,,0.0008802029828000154,0.00021805311113389002,geoprr_candidates,12818,38454,51,0.0,0.00021805336103878088
geoprr,20262022,r2mt_router,11,final_recipe,,,0.0008535533905932736,0.00020135922215154601,geoprr_candidates,12818,38454,51,0.0,0.00020136111105481785
geoprr,20262022,r2mt_router,12,final_recipe,,,0.0008247240241650918,0.0002030859445221722,geoprr_candidates,12818,38454,51,0.0,0.0002030860833151059
geoprr,20262022,r2mt_router,13,final_recipe,,,0.0007938926261462365,0.00020375711106074352,geoprr_candidates,12818,38454,51,0.0,0.00020375738877596126
geoprr,20262022,r2mt_router,14,final_recipe,,,0.0007612492823579742,0.00020329733340380092,geoprr_candidates,12818,38454,51,0.0,0.00020329758330869178
geoprr,20262022,r2mt_router,15,final_recipe,,,0.0007269952498697732,0.00023001330555416644,geoprr_candidates,12818,38454,51,0.0,0.00023001352777808076
geoprr,20262022,r2mt_router,16,final_recipe,,,0.0006913417161825447,0.00020142586112746762,geoprr_candidates,12818,38454,51,0.0,0.00020142611116170884
geoprr,20262022,r2mt_router,17,final_recipe,,,0.0006545084971874736,0.00020520199995694888,geoprr_candidates,12818,38454,51,0.0,0.0002052022499911901
geoprr,20262022,r2mt_router,18,final_recipe,,,0.0006167226819279527,0.0001950809723024981,geoprr_candidates,12818,38454,51,0.0,0.00019508122220738893
geoprr,20262022,r2mt_router,19,final_recipe,,,0.0005782172325201154,0.00019969072218777405,geoprr_candidates,12818,38454,51,0.0,0.00019969091673071186
geoprr,20262022,r2mt_router,20,final_recipe,,,0.0005392295478639224,0.00021717702775883178,geoprr_candidates,12818,38454,51,0.0,0.00021717741658600667
geoprr,20262022,r2mt_router,21,final_recipe,,,0.0004999999999999999,0.00019621841674153176,geoprr_candidates,12818,38454,51,0.0,0.0001962186944567495
geoprr,20262022,r2mt_router,22,final_recipe,,,0.0004607704521360775,0.00019829058334127895,geoprr_candidates,12818,38454,51,0.0,0.00019829077775486642
geoprr,20262022,r2mt_router,23,final_recipe,,,0.0004217827674798846,0.00020516041666269303,geoprr_candidates,12818,38454,51,0.0,0.00020516069450726113
geoprr,20262022,r2mt_router,24,final_recipe,,,0.0003832773180720472,0.00018952974997874764,geoprr_candidates,12818,38454,51,0.0,0.00018952991671135856
geoprr,20262022,r2mt_router,25,final_recipe,,,0.0003454915028125262,0.000230404333366702,geoprr_candidates,12818,38454,51,0.0,0.00023040461108191974
geoprr,20262022,r2mt_router,26,final_recipe,,,0.00030865828381745506,0.00019612408333664967,geoprr_candidates,12818,38454,51,0.0,0.00019612438886219428
geoprr,20262022,r2mt_router,27,final_recipe,,,0.0002730047501302265,0.0002076569723431021,geoprr_candidates,12818,38454,51,0.0,0.00020765716675668955
geoprr,20262022,r2mt_router,28,final_recipe,,,0.0002387507176420255,0.0001965402776841074,geoprr_candidates,12818,38454,51,0.0,0.00019654049990802176
geoprr,20262022,r2mt_router,29,final_recipe,,,0.0002061073738537634,0.00020684966675212814,geoprr_candidates,12818,38454,51,0.0,0.00020684997227767276
geoprr,20262022,r2mt_router,30,final_recipe,,,0.00017527597583490815,0.00023027991669045554,geoprr_candidates,12818,38454,51,0.0,0.00023028011110404298
geoprr,20262022,r2mt_router,31,final_recipe,,,0.0001464466094067262,0.00019651944438616435,geoprr_candidates,12818,38454,51,0.0,0.00019651961111877527
geoprr,20262022,r2mt_router,32,final_recipe,,,0.00011979701719998447,0.00019810505560599267,geoprr_candidates,12818,38454,51,0.0,0.00019810533345056077
geoprr,20262022,r2mt_router,33,final_recipe,,,9.549150281252627e-05,0.0001883495276949058,geoprr_candidates,12818,38454,51,0.0,0.00018834986103077728
geoprr,20262022,r2mt_router,34,final_recipe,,,7.367991782295387e-05,0.00019256177785185476,geoprr_candidates,12818,38454,51,0.0,0.00019256194445511533
geoprr,20262022,r2mt_router,35,final_recipe,,,5.4496737905816076e-05,0.00021823205558272699,geoprr_candidates,12818,38454,51,0.0,0.00021823233329794472
geoprr,20262022,r2mt_router,36,final_recipe,,,3.806023374435661e-05,0.00018736638891924586,geoprr_candidates,12818,38454,51,0.0,0.00018736663895348708
geoprr,20262022,r2mt_router,37,final_recipe,,,2.447174185242322e-05,0.00020220288877478905,geoprr_candidates,12818,38454,51,0.0,0.00020220308331772685
geoprr,20262022,r2mt_router,38,final_recipe,,,1.3815039801161714e-05,0.00019345166666122774,geoprr_candidates,12818,38454,51,0.0,0.00019345188888514206
geoprr,20262022,r2mt_router,39,final_recipe,,,6.155829702431168e-06,0.00019027577777807085,geoprr_candidates,12818,38454,51,0.0,0.00019027594451068177
geoprr,20262022,r2mt_router,40,final_recipe,,,1.5413331334360176e-06,0.0002162148888843755,geoprr_candidates,12818,38454,51,0.0,0.00021621505561698643
geoprr,20262022,polar,1,final_recipe,,,0.0005,0.01322310427772916,geoprr_candidates,12818,12818,201,0.0,0.01322310427772916
geoprr,20262022,polar,2,final_recipe,,,0.0004877641290737884,0.013316622666704157,geoprr_candidates,12818,12818,201,0.0,0.013316622666704157
geoprr,20262022,polar,3,final_recipe,,,0.0004522542485937368,0.013333788472227753,geoprr_candidates,12818,12818,201,0.0,0.013333788472227753
geoprr,20262022,polar,4,final_recipe,,,0.0003969463130731183,0.01330385947224891,geoprr_candidates,12818,12818,201,0.0,0.01330385947224891
geoprr,20262022,polar,5,final_recipe,,,0.00032725424859373687,0.01328970147219176,geoprr_candidates,12818,12818,201,0.0,0.01328970147219176
geoprr,20262022,polar,6,final_recipe,,,0.00025,0.013262481805609747,geoprr_candidates,12818,12818,201,0.0,0.013262481805609747
geoprr,20262022,polar,7,final_recipe,,,0.00017274575140626317,0.013334774472233323,geoprr_candidates,12818,12818,201,0.0,0.013334774472233323
geoprr,20262022,polar,8,final_recipe,,,0.00010305368692688175,0.013281050944545616,geoprr_candidates,12818,12818,201,0.0,0.013281050944545616
geoprr,20262022,polar,9,final_recipe,,,4.774575140626317e-05,0.01329856783332717,geoprr_candidates,12818,12818,201,0.0,0.01329856783332717
geoprr,20262022,polar,10,final_recipe,,,1.2235870926211617e-05,0.013267432583314883,geoprr_candidates,12818,12818,201,0.0,0.013267432583314883
geoprr,20262022,full_router_stage_one,1,final_recipe,,,0.001,0.00023218758339579735,geoprr_router,3182,19092,38,0.0,0.00023218758339579735
geoprr,20262022,full_router_stage_one,2,final_recipe,,,0.000998458666866564,0.00020771533341353967,geoprr_router,3182,19092,38,0.0,0.00020771533341353967
geoprr,20262022,full_router_stage_one,3,final_recipe,,,0.0009938441702975688,0.00023450319435343973,geoprr_router,3182,19092,38,0.0,0.00023450319435343973
geoprr,20262022,full_router_stage_one,4,final_recipe,,,0.0009861849601988382,0.00021649822217619254,geoprr_router,3182,19092,38,0.0,0.00021649822217619254
geoprr,20262022,full_router_stage_one,5,final_recipe,,,0.0009755282581475767,0.00023310202781835364,geoprr_router,3182,19092,38,0.0,0.00023310202781835364
geoprr,20262022,full_router_stage_one,6,final_recipe,,,0.0009619397662556432,0.00020424227773522337,geoprr_router,3182,19092,38,0.0,0.00020424227773522337
geoprr,20262022,full_router_stage_one,7,final_recipe,,,0.0009455032620941838,0.00023598738894280461,geoprr_router,3182,19092,38,0.0,0.00023598738894280461
geoprr,20262022,full_router_stage_one,8,final_recipe,,,0.000926320082177046,0.00020277413888834418,geoprr_router,3182,19092,38,0.0,0.00020277413888834418
geoprr,20262022,full_router_stage_one,9,final_recipe,,,0.0009045084971874736,0.00021056819448454512,geoprr_router,3182,19092,38,0.0,0.00021056819448454512
geoprr,20262022,full_router_stage_one,10,final_recipe,,,0.0008802029828000154,0.00023007666666267646,geoprr_router,3182,19092,38,0.0,0.00023007666666267646
geoprr,20262022,full_router_stage_one,11,final_recipe,,,0.0008535533905932736,0.0002036229444719437,geoprr_router,3182,19092,38,0.0,0.0002036229444719437
geoprr,20262022,full_router_stage_one,12,final_recipe,,,0.0008247240241650918,0.00023212511118294465,geoprr_router,3182,19092,38,0.0,0.00023212511118294465
geoprr,20262022,full_router_stage_one,13,final_recipe,,,0.0007938926261462365,0.00020092602780399224,geoprr_router,3182,19092,38,0.0,0.00020092602780399224
geoprr,20262022,full_router_stage_one,14,final_recipe,,,0.0007612492823579742,0.00021784883328816956,geoprr_router,3182,19092,38,0.0,0.00021784883328816956
geoprr,20262022,full_router_stage_one,15,final_recipe,,,0.0007269952498697732,0.00019844552773671845,geoprr_router,3182,19092,38,0.0,0.00019844552773671845
geoprr,20262022,full_router_stage_one,16,final_recipe,,,0.0006913417161825447,0.00020830230554565787,geoprr_router,3182,19092,38,0.0,0.00020830230554565787
geoprr,20262022,full_router_stage_one,17,final_recipe,,,0.0006545084971874736,0.00022305833343933855,geoprr_router,3182,19092,38,0.0,0.00022305833343933855
geoprr,20262022,full_router_stage_one,18,final_recipe,,,0.0006167226819279527,0.00020612847215185562,geoprr_router,3182,19092,38,0.0,0.00020612847215185562
geoprr,20262022,full_router_stage_one,19,final_recipe,,,0.0005782172325201154,0.00022775866660392947,geoprr_router,3182,19092,38,0.0,0.00022775866660392947
geoprr,20262022,full_router_stage_one,20,final_recipe,,,0.0005392295478639224,0.00020122522229535712,geoprr_router,3182,19092,38,0.0,0.00020122522229535712
geoprr,20262022,full_router_stage_one,21,final_recipe,,,0.0004999999999999999,0.00023264522224457728,geoprr_router,3182,19092,38,0.0,0.00023264522224457728
geoprr,20262022,full_router_stage_one,22,final_recipe,,,0.0004607704521360775,0.00020594244447743728,geoprr_router,3182,19092,38,0.0,0.00020594244447743728
geoprr,20262022,full_router_stage_one,23,final_recipe,,,0.0004217827674798846,0.00020209450003070135,geoprr_router,3182,19092,38,0.0,0.00020209450003070135
geoprr,20262022,full_router_stage_one,24,final_recipe,,,0.0003832773180720472,0.00022165769452436103,geoprr_router,3182,19092,38,0.0,0.00022165769452436103
geoprr,20262022,full_router_stage_one,25,final_recipe,,,0.0003454915028125262,0.00020573641665072904,geoprr_router,3182,19092,38,0.0,0.00020573641665072904
geoprr,20262022,full_router_stage_one,26,final_recipe,,,0.00030865828381745506,0.00022695366668307946,geoprr_router,3182,19092,38,0.0,0.00022695366668307946
geoprr,20262022,full_router_stage_one,27,final_recipe,,,0.0002730047501302265,0.00020844716656332214,geoprr_router,3182,19092,38,0.0,0.00020844716656332214
geoprr,20262022,full_router_stage_one,28,final_recipe,,,0.0002387507176420255,0.00023334600005505814,geoprr_router,3182,19092,38,0.0,0.00023334600005505814
geoprr,20262022,full_router_stage_one,29,final_recipe,,,0.0002061073738537634,0.0002049608611398273,geoprr_router,3182,19092,38,0.0,0.0002049608611398273
geoprr,20262022,full_router_stage_one,30,final_recipe,,,0.00017527597583490815,0.00022851822225170002,geoprr_router,3182,19092,38,0.0,0.00022851822225170002
geoprr,20262022,full_router_stage_one,31,final_recipe,,,0.0001464466094067262,0.00020883850003075268,geoprr_router,3182,19092,38,0.0,0.00020883850003075268
geoprr,20262022,full_router_stage_one,32,final_recipe,,,0.00011979701719998447,0.00021501100001235804,geoprr_router,3182,19092,38,0.0,0.00021501100001235804
geoprr,20262022,full_router_stage_one,33,final_recipe,,,9.549150281252627e-05,0.000224135333361725,geoprr_router,3182,19092,38,0.0,0.000224135333361725
geoprr,20262022,full_router_stage_one,34,final_recipe,,,7.367991782295387e-05,0.00020958455564040277,geoprr_router,3182,19092,38,0.0,0.00020958455564040277
geoprr,20262022,full_router_stage_one,35,final_recipe,,,5.4496737905816076e-05,0.0002249962500193053,geoprr_router,3182,19092,38,0.0,0.0002249962500193053
geoprr,20262022,full_router_stage_one,36,final_recipe,,,3.806023374435661e-05,0.0002044434721271197,geoprr_router,3182,19092,38,0.0,0.0002044434721271197
geoprr,20262022,full_router_stage_one,37,final_recipe,,,2.447174185242322e-05,0.00023841936115382445,geoprr_router,3182,19092,38,0.0,0.00023841936115382445
geoprr,20262022,full_router_stage_one,38,final_recipe,,,1.3815039801161714e-05,0.00020323347222680848,geoprr_router,3182,19092,38,0.0,0.00020323347222680848
geoprr,20262022,full_router_stage_one,39,final_recipe,,,6.155829702431168e-06,0.00021450458340243334,geoprr_router,3182,19092,38,0.0,0.00021450458340243334
geoprr,20262022,full_router_stage_one,40,final_recipe,,,1.5413331334360176e-06,0.00023092649993486703,geoprr_router,3182,19092,38,0.0,0.00023092649993486703
geoprr,20262022,full_router_stage_two,1,final_recipe,,,0.0003,3.837027793957127e-06,geoprr_router,3182,19092,1,0.0,3.837027793957127e-06
geoprr,20262022,full_router_stage_two,2,final_recipe,,,0.00029994859874633357,4.344527842476964e-06,geoprr_router,3182,19092,1,0.0,4.344527842476964e-06
geoprr,20262022,full_router_stage_two,3,final_recipe,,,0.0002997944302131861,4.478166681817836e-06,geoprr_router,3182,19092,1,0.0,4.478166681817836e-06
geoprr,20262022,full_router_stage_two,4,final_recipe,,,0.0002995376000599692,4.260250005043215e-06,geoprr_router,3182,19092,1,0.0,4.260250005043215e-06
geoprr,20262022,full_router_stage_two,5,final_recipe,,,0.000299178284305241,4.222833344505893e-06,geoprr_router,3182,19092,1,0.0,4.222833344505893e-06
geoprr,20262022,full_router_stage_two,6,final_recipe,,,0.0002987167292060716,4.515833376596371e-06,geoprr_router,3182,19092,1,0.0,4.515833376596371e-06
geoprr,20262022,full_router_stage_two,7,final_recipe,,,0.0002981532510892707,4.815666600027018e-06,geoprr_router,3182,19092,1,0.0,4.815666600027018e-06
geoprr,20262022,full_router_stage_two,8,final_recipe,,,0.0002974882361345932,4.7783888617737426e-06,geoprr_router,3182,19092,1,0.0,4.7783888617737426e-06
geoprr,20262022,full_router_stage_two,9,final_recipe,,,0.00029672214011007087,5.910111099688543e-06,geoprr_router,3182,19092,1,0.0,5.910111099688543e-06
geoprr,20262022,full_router_stage_two,10,final_recipe,,,0.0002958554880596515,3.965555612618725e-06,geoprr_router,3182,19092,1,0.0,3.965555612618725e-06
geoprr,20262022,full_router_stage_two,11,final_recipe,,,0.0002948888739433602,4.692416664005981e-06,geoprr_router,3182,19092,1,0.0,4.692416664005981e-06
geoprr,20262022,full_router_stage_two,12,final_recipe,,,0.00029382296023022894,4.237416562520796e-06,geoprr_router,3182,19092,1,0.0,4.237416562520796e-06
geoprr,20262022,full_router_stage_two,13,final_recipe,,,0.00029265847744427303,3.997249942686822e-06,geoprr_router,3182,19092,1,0.0,3.997249942686822e-06
geoprr,20262022,full_router_stage_two,14,final_recipe,,,0.00029139622366382674,4.177027795877722e-06,geoprr_router,3182,19092,1,0.0,4.177027795877722e-06
geoprr,20262022,full_router_stage_two,15,final_recipe,,,0.00029003706397458023,3.7516666472786004e-06,geoprr_router,3182,19092,1,0.0,3.7516666472786004e-06
geoprr,20262022,full_router_stage_two,16,final_recipe,,,0.000288581929876693,5.099027831521299e-06,geoprr_router,3182,19092,1,0.0,5.099027831521299e-06
geoprr,20262022,full_router_stage_two,17,final_recipe,,,0.0002870318186463901,4.937888847457038e-06,geoprr_router,3182,19092,1,0.0,4.937888847457038e-06
geoprr,20262022,full_router_stage_two,18,final_recipe,,,0.0002853877926524791,4.456083342019054e-06,geoprr_router,3182,19092,1,0.0,4.456083342019054e-06
geoprr,20262022,full_router_stage_two,19,final_recipe,,,0.0002836509786282552,4.1364443798859914e-06,geoprr_router,3182,19092,1,0.0,4.1364443798859914e-06
geoprr,20262022,full_router_stage_two,20,final_recipe,,,0.0002818225668992948,4.838555533852842e-06,geoprr_router,3182,19092,1,0.0,4.838555533852842e-06
geoprr,20262022,full_router_stage_two,21,final_recipe,,,0.00027990381056766585,4.4468888599011635e-06,geoprr_router,3182,19092,1,0.0,4.4468888599011635e-06
geoprr,20262022,full_router_stage_two,22,final_recipe,,,0.00027789602465311383,4.511861156465279e-06,geoprr_router,3182,19092,1,0.0,4.511861156465279e-06
geoprr,20262022,full_router_stage_two,23,final_recipe,,,0.0002758005851918136,5.0557222372541825e-06,geoprr_router,3182,19092,1,0.0,5.0557222372541825e-06
geoprr,20262022,full_router_stage_two,24,final_recipe,,,0.00027361892829330236,4.268111014324758e-06,geoprr_router,3182,19092,1,0.0,4.268111014324758e-06
geoprr,20262022,full_router_stage_two,25,final_recipe,,,0.0002713525491562421,4.147972213104367e-06,geoprr_router,3182,19092,1,0.0,4.147972213104367e-06
geoprr,20262022,full_router_stage_two,26,final_recipe,,,0.0002690030010436853,4.424166658686267e-06,geoprr_router,3182,19092,1,0.0,4.424166658686267e-06
geoprr,20262022,full_router_stage_two,27,final_recipe,,,0.0002665718942185457,4.250583264769779e-06,geoprr_router,3182,19092,1,0.0,4.250583264769779e-06
geoprr,20262022,full_router_stage_two,28,final_recipe,,,0.0002640608948400047,4.342694430508547e-06,geoprr_router,3182,19092,1,0.0,4.342694430508547e-06
geoprr,20262022,full_router_stage_two,29,final_recipe,,,0.0002614717238216092,4.311555530875922e-06,geoprr_router,3182,19092,1,0.0,4.311555530875922e-06
geoprr,20262022,full_router_stage_two,30,final_recipe,,,0.0002588061556518432,4.836944475149115e-06,geoprr_router,3182,19092,1,0.0,4.836944475149115e-06
geoprr,20262022,full_router_stage_two,31,final_recipe,,,0.00025606601717798223,4.708611199425326e-06,geoprr_router,3182,19092,1,0.0,4.708611199425326e-06
geoprr,20262022,full_router_stage_two,32,final_recipe,,,0.00025325318635406314,5.7789444043818446e-06,geoprr_router,3182,19092,1,0.0,5.7789444043818446e-06
geoprr,20262022,full_router_stage_two,33,final_recipe,,,0.0002503695909538288,4.2451667185458875e-06,geoprr_router,3182,19092,1,0.0,4.2451667185458875e-06
geoprr,20262022,full_router_stage_two,34,final_recipe,,,0.00024741720724952765,5.077055603679684e-06,geoprr_router,3182,19092,1,0.0,5.077055603679684e-06
geoprr,20262022,full_router_stage_two,35,final_recipe,,,0.00024439805865747574,4.914416672868861e-06,geoprr_router,3182,19092,1,0.0,4.914416672868861e-06
geoprr,20262022,full_router_stage_two,36,final_recipe,,,0.00024131421435130823,3.9967500035547545e-06,geoprr_router,3182,19092,1,0.0,3.9967500035547545e-06
geoprr,20262022,full_router_stage_two,37,final_recipe,,,0.0002381677878438711,4.289666604664591e-06,geoprr_router,3182,19092,1,0.0,4.289666604664591e-06
geoprr,20262022,full_router_stage_two,38,final_recipe,,,0.00023496093553872503,4.200416668835614e-06,geoprr_router,3182,19092,1,0.0,4.200416668835614e-06
geoprr,20262022,full_router_stage_two,39,final_recipe,,,0.00023169585525225419,4.214916714570589e-06,geoprr_router,3182,19092,1,0.0,4.214916714570589e-06
geoprr,20262022,full_router_stage_two,40,final_recipe,,,0.00022837478470739243,4.370555592079957e-06,geoprr_router,3182,19092,1,0.0,4.370555592079957e-06
geoprr,20262022,full_router_stage_two,41,final_recipe,,,0.0002250000000000001,4.806638979870412e-06,geoprr_router,3182,19092,1,0.0,4.806638979870412e-06
geoprr,20262022,full_router_stage_two,42,final_recipe,,,0.0002215738140389414,4.147638877232869e-06,geoprr_router,3182,19092,1,0.0,4.147638877232869e-06
geoprr,20262022,full_router_stage_two,43,final_recipe,,,0.00021809857496093212,4.3238611477944585e-06,geoprr_router,3182,19092,1,0.0,4.3238611477944585e-06
geoprr,20262022,full_router_stage_two,44,final_recipe,,,0.0002145766645212444,5.5974443805300525e-06,geoprr_router,3182,19092,1,0.0,5.5974443805300525e-06
geoprr,20262022,full_router_stage_two,45,final_recipe,,,0.00021101049646137014,4.470861102971766e-06,geoprr_router,3182,19092,1,0.0,4.470861102971766e-06
geoprr,20262022,full_router_stage_two,46,final_recipe,,,0.00020740251485476356,4.591055524845918e-06,geoprr_router,3182,19092,1,0.0,4.591055524845918e-06
geoprr,20262022,full_router_stage_two,47,final_recipe,,,0.00020375519243179515,3.817416727542877e-06,geoprr_router,3182,19092,1,0.0,3.817416727542877e-06
geoprr,20262022,full_router_stage_two,48,final_recipe,,,0.00020007102888506572,4.160749958828092e-06,geoprr_router,3182,19092,1,0.0,4.160749958828092e-06
geoprr,20262022,full_router_stage_two,49,final_recipe,,,0.00019635254915624222,4.964611208480265e-06,geoprr_router,3182,19092,1,0.0,4.964611208480265e-06
geoprr,20262022,full_router_stage_two,50,final_recipe,,,0.00019260230170558851,4.663111046991415e-06,geoprr_router,3182,19092,1,0.0,4.663111046991415e-06
geoprr,20262022,full_router_stage_two,51,final_recipe,,,0.00018882285676537818,4.552388951803247e-06,geoprr_router,3182,19092,1,0.0,4.552388951803247e-06
geoprr,20262022,full_router_stage_two,52,final_recipe,,,0.0001850168045783859,4.148611074520482e-06,geoprr_router,3182,19092,1,0.0,4.148611074520482e-06
geoprr,20262022,full_router_stage_two,53,final_recipe,,,0.00018118675362266396,4.694250075974398e-06,geoprr_router,3182,19092,1,0.0,4.694250075974398e-06
geoprr,20262022,full_router_stage_two,54,final_recipe,,,0.0001773353288238222,4.564694439371427e-06,geoprr_router,3182,19092,1,0.0,4.564694439371427e-06
geoprr,20262022,full_router_stage_two,55,final_recipe,,,0.00017346516975603473,4.789083419988552e-06,geoprr_router,3182,19092,1,0.0,4.789083419988552e-06
geoprr,20262022,full_router_stage_two,56,final_recipe,,,0.00016957892883300783,4.267638885519571e-06,geoprr_router,3182,19092,1,0.0,4.267638885519571e-06
geoprr,20262022,full_router_stage_two,57,final_recipe,,,0.00016567926949014812,3.780055558308959e-06,geoprr_router,3182,19092,1,0.0,3.780055558308959e-06
geoprr,20262022,full_router_stage_two,58,final_recipe,,,0.00016176886435917683,3.963333373475406e-06,geoprr_router,3182,19092,1,0.0,3.963333373475406e-06
geoprr,20262022,full_router_stage_two,59,final_recipe,,,0.00015785039343644162,4.178972190452947e-06,geoprr_router,3182,19092,1,0.0,4.178972190452947e-06
geoprr,20262022,full_router_stage_two,60,final_recipe,,,0.000153926542246181,4.278250012753738e-06,geoprr_router,3182,19092,1,0.0,4.278250012753738e-06
geoprr,20262022,full_router_stage_two,61,final_recipe,,,0.00015000000000000007,4.460194484434194e-06,geoprr_router,3182,19092,1,0.0,4.460194484434194e-06
geoprr,20262022,full_router_stage_two,62,final_recipe,,,0.0001460734577538191,3.7498333646605413e-06,geoprr_router,3182,19092,1,0.0,3.7498333646605413e-06
geoprr,20262022,full_router_stage_two,63,final_recipe,,,0.0001421496065635585,4.812444482619564e-06,geoprr_router,3182,19092,1,0.0,4.812444482619564e-06
geoprr,20262022,full_router_stage_two,64,final_recipe,,,0.0001382311356408233,5.01958329954909e-06,geoprr_router,3182,19092,1,0.0,5.01958329954909e-06
geoprr,20262022,full_router_stage_two,65,final_recipe,,,0.00013432073050985202,4.579472200324138e-06,geoprr_router,3182,19092,1,0.0,4.579472200324138e-06
geoprr,20262022,full_router_stage_two,66,final_recipe,,,0.0001304210711669923,4.522194439131352e-06,geoprr_router,3182,19092,1,0.0,4.522194439131352e-06
geoprr,20262022,full_router_stage_two,67,final_recipe,,,0.00012653483024396538,4.404888928143515e-06,geoprr_router,3182,19092,1,0.0,4.404888928143515e-06
geoprr,20262022,full_router_stage_two,68,final_recipe,,,0.00012266467117617793,5.253055520976583e-06,geoprr_router,3182,19092,1,0.0,5.253055520976583e-06
geoprr,20262022,full_router_stage_two,69,final_recipe,,,0.0001188132463773361,4.680083236760564e-06,geoprr_router,3182,19092,1,0.0,4.680083236760564e-06
geoprr,20262022,full_router_stage_two,70,final_recipe,,,0.0001149831954216142,4.329666650543611e-06,geoprr_router,3182,19092,1,0.0,4.329666650543611e-06
geoprr,20262022,full_router_stage_two,71,final_recipe,,,0.0001111771432346219,4.833138858278592e-06,geoprr_router,3182,19092,1,0.0,4.833138858278592e-06
geoprr,20262022,full_router_stage_two,72,final_recipe,,,0.0001073976982944116,4.513777740713623e-06,geoprr_router,3182,19092,1,0.0,4.513777740713623e-06
geoprr,20262022,full_router_stage_two,73,final_recipe,,,0.0001036474508437579,4.382777778017852e-06,geoprr_router,3182,19092,1,0.0,4.382777778017852e-06
geoprr,20262022,full_router_stage_two,74,final_recipe,,,9.992897111493437e-05,3.8108055014163255e-06,geoprr_router,3182,19092,1,0.0,3.8108055014163255e-06
geoprr,20262022,full_router_stage_two,75,final_recipe,,,9.624480756820496e-05,4.1280556211455e-06,geoprr_router,3182,19092,1,0.0,4.1280556211455e-06
geoprr,20262022,full_router_stage_two,76,final_recipe,,,9.259748514523653e-05,4.269444357810749e-06,geoprr_router,3182,19092,1,0.0,4.269444357810749e-06
geoprr,20262022,full_router_stage_two,77,final_recipe,,,8.898950353862997e-05,5.479222292908364e-06,geoprr_router,3182,19092,1,0.0,5.479222292908364e-06
geoprr,20262022,full_router_stage_two,78,final_recipe,,,8.542333547875576e-05,4.113861100955142e-06,geoprr_router,3182,19092,1,0.0,4.113861100955142e-06
geoprr,20262022,full_router_stage_two,79,final_recipe,,,8.190142503906799e-05,4.3000000166810225e-06,geoprr_router,3182,19092,1,0.0,4.3000000166810225e-06
geoprr,20262022,full_router_stage_two,80,final_recipe,,,7.842618596105874e-05,4.551916693647702e-06,geoprr_router,3182,19092,1,0.0,4.551916693647702e-06
geoprr,20262022,full_router_stage_two,81,final_recipe,,,7.500000000000003e-05,4.237916631003221e-06,geoprr_router,3182,19092,1,0.0,4.237916631003221e-06
geoprr,20262022,full_router_stage_two,82,final_recipe,,,7.162521529260768e-05,5.0069166657825315e-06,geoprr_router,3182,19092,1,0.0,5.0069166657825315e-06
geoprr,20262022,full_router_stage_two,83,final_recipe,,,6.830414474774599e-05,4.868388900326358e-06,geoprr_router,3182,19092,1,0.0,4.868388900326358e-06
geoprr,20262022,full_router_stage_two,84,final_recipe,,,6.503906446127505e-05,4.344194377255109e-06,geoprr_router,3182,19092,1,0.0,4.344194377255109e-06
geoprr,20262022,full_router_stage_two,85,final_recipe,,,6.183221215612905e-05,4.755611039905084e-06,geoprr_router,3182,19092,1,0.0,4.755611039905084e-06
geoprr,20262022,full_router_stage_two,86,final_recipe,,,5.868578564869191e-05,5.374388872749275e-06,geoprr_router,3182,19092,1,0.0,5.374388872749275e-06
geoprr,20262022,full_router_stage_two,87,final_recipe,,,5.5601941342524416e-05,4.855055594816804e-06,geoprr_router,3182,19092,1,0.0,4.855055594816804e-06
geoprr,20262022,full_router_stage_two,88,final_recipe,,,5.258279275047248e-05,5.731694529660874e-06,geoprr_router,3182,19092,1,0.0,5.731694529660874e-06
geoprr,20262022,full_router_stage_two,89,final_recipe,,,4.963040904617132e-05,4.45188889797363e-06,geoprr_router,3182,19092,1,0.0,4.45188889797363e-06
geoprr,20262022,full_router_stage_two,90,final_recipe,,,4.674681364593688e-05,4.362333307249679e-06,geoprr_router,3182,19092,1,0.0,4.362333307249679e-06
geoprr,20262022,full_router_stage_two,91,final_recipe,,,4.393398282201788e-05,4.2706389083630505e-06,geoprr_router,3182,19092,1,0.0,4.2706389083630505e-06
geoprr,20262022,full_router_stage_two,92,final_recipe,,,4.119384434815686e-05,4.11905555261506e-06,geoprr_router,3182,19092,1,0.0,4.11905555261506e-06
geoprr,20262022,full_router_stage_two,93,final_recipe,,,3.852827617839089e-05,3.842916598336564e-06,geoprr_router,3182,19092,1,0.0,3.842916598336564e-06
geoprr,20262022,full_router_stage_two,94,final_recipe,,,3.5939105159995365e-05,4.560111038800743e-06,geoprr_router,3182,19092,1,0.0,4.560111038800743e-06
geoprr,20262022,full_router_stage_two,95,final_recipe,,,3.342810578145437e-05,4.117333381954167e-06,geoprr_router,3182,19092,1,0.0,4.117333381954167e-06
geoprr,20262022,full_router_stage_two,96,final_recipe,,,3.0996998956314715e-05,4.771944497608476e-06,geoprr_router,3182,19092,1,0.0,4.771944497608476e-06
geoprr,20262022,full_router_stage_two,97,final_recipe,,,2.8647450843757904e-05,4.702444421127439e-06,geoprr_router,3182,19092,1,0.0,4.702444421127439e-06
geoprr,20262022,full_router_stage_two,98,final_recipe,,,2.6381071706697685e-05,5.013194426687227e-06,geoprr_router,3182,19092,1,0.0,5.013194426687227e-06
geoprr,20262022,full_router_stage_two,99,final_recipe,,,2.4199414808186416e-05,4.324694422798024e-06,geoprr_router,3182,19092,1,0.0,4.324694422798024e-06
geoprr,20262022,full_router_stage_two,100,final_recipe,,,2.210397534688618e-05,4.932305568622219e-06,geoprr_router,3182,19092,1,0.0,4.932305568622219e-06
geoprr,20262022,full_router_stage_two,101,final_recipe,,,2.00961894323342e-05,4.281305526900623e-06,geoprr_router,3182,19092,1,0.0,4.281305526900623e-06
geoprr,20262022,full_router_stage_two,102,final_recipe,,,1.8177433100705214e-05,5.342499999743369e-06,geoprr_router,3182,19092,1,0.0,5.342499999743369e-06
geoprr,20262022,full_router_stage_two,103,final_recipe,,,1.6349021371744837e-05,4.092388812245594e-06,geoprr_router,3182,19092,1,0.0,4.092388812245594e-06
geoprr,20262022,full_router_stage_two,104,final_recipe,,,1.4612207347520943e-05,4.1145554536746605e-06,geoprr_router,3182,19092,1,0.0,4.1145554536746605e-06
geoprr,20262022,full_router_stage_two,105,final_recipe,,,1.2968181353609857e-05,5.579527803800172e-06,geoprr_router,3182,19092,1,0.0,5.579527803800172e-06
geoprr,20262022,full_router_stage_two,106,final_recipe,,,1.1418070123306994e-05,4.868750046524736e-06,geoprr_router,3182,19092,1,0.0,4.868750046524736e-06
geoprr,20262022,full_router_stage_two,107,final_recipe,,,9.962936025419743e-06,4.812333370662398e-06,geoprr_router,3182,19092,1,0.0,4.812333370662398e-06
geoprr,20262022,full_router_stage_two,108,final_recipe,,,8.603776336173257e-06,4.597861164559921e-06,geoprr_router,3182,19092,1,0.0,4.597861164559921e-06
geoprr,20262022,full_router_stage_two,109,final_recipe,,,7.341522555726974e-06,4.43730555060837e-06,geoprr_router,3182,19092,1,0.0,4.43730555060837e-06
geoprr,20262022,full_router_stage_two,110,final_recipe,,,6.177039769771062e-06,4.096611195968257e-06,geoprr_router,3182,19092,1,0.0,4.096611195968257e-06
geoprr,20262022,full_router_stage_two,111,final_recipe,,,5.111126056639755e-06,4.182722316020065e-06,geoprr_router,3182,19092,1,0.0,4.182722316020065e-06
geoprr,20262022,full_router_stage_two,112,final_recipe,,,4.144511940348518e-06,4.098055522061057e-06,geoprr_router,3182,19092,1,0.0,4.098055522061057e-06
geoprr,20262022,full_router_stage_two,113,final_recipe,,,3.2778598899291478e-06,4.415527736354206e-06,geoprr_router,3182,19092,1,0.0,4.415527736354206e-06
geoprr,20262022,full_router_stage_two,114,final_recipe,,,2.5117638654068248e-06,4.534083289197749e-06,geoprr_router,3182,19092,1,0.0,4.534083289197749e-06
geoprr,20262022,full_router_stage_two,115,final_recipe,,,1.8467489107293517e-06,4.499805573787954e-06,geoprr_router,3182,19092,1,0.0,4.499805573787954e-06
geoprr,20262022,full_router_stage_two,116,final_recipe,,,1.283270793928443e-06,4.216777678165171e-06,geoprr_router,3182,19092,1,0.0,4.216777678165171e-06
geoprr,20262022,full_router_stage_two,117,final_recipe,,,8.217156947589902e-07,4.231388835857312e-06,geoprr_router,3182,19092,1,0.0,4.231388835857312e-06
geoprr,20262022,full_router_stage_two,118,final_recipe,,,4.623999400308056e-07,4.1989722133924565e-06,geoprr_router,3182,19092,1,0.0,4.1989722133924565e-06
geoprr,20262022,full_router_stage_two,119,final_recipe,,,2.055697868139251e-07,5.506777799584799e-06,geoprr_router,3182,19092,1,0.0,5.506777799584799e-06
geoprr,20262022,full_router_stage_two,120,final_recipe,,,5.1401253666411035e-08,4.712416557595134e-06,geoprr_router,3182,19092,1,0.0,4.712416557595134e-06
geoprr,20262022,no_geometry_fusion_router_stage_one,1,final_recipe,,,0.001,0.00020823894443714784,geoprr_router,3182,19092,38,0.0,0.00020823894443714784
geoprr,20262022,no_geometry_fusion_router_stage_one,2,final_recipe,,,0.000998458666866564,0.00020093677785351045,geoprr_router,3182,19092,38,0.0,0.00020093677785351045
geoprr,20262022,no_geometry_fusion_router_stage_one,3,final_recipe,,,0.0009938441702975688,0.00022324124997895626,geoprr_router,3182,19092,38,0.0,0.00022324124997895626
geoprr,20262022,no_geometry_fusion_router_stage_one,4,final_recipe,,,0.0009861849601988382,0.00020942486111178167,geoprr_router,3182,19092,38,0.0,0.00020942486111178167
geoprr,20262022,no_geometry_fusion_router_stage_one,5,final_recipe,,,0.0009755282581475767,0.0002285681667530702,geoprr_router,3182,19092,38,0.0,0.0002285681667530702
geoprr,20262022,no_geometry_fusion_router_stage_one,6,final_recipe,,,0.0009619397662556432,0.00020885055548407964,geoprr_router,3182,19092,38,0.0,0.00020885055548407964
geoprr,20262022,no_geometry_fusion_router_stage_one,7,final_recipe,,,0.0009455032620941838,0.00024257944444090957,geoprr_router,3182,19092,38,0.0,0.00024257944444090957
geoprr,20262022,no_geometry_fusion_router_stage_one,8,final_recipe,,,0.000926320082177046,0.00020498394435789023,geoprr_router,3182,19092,38,0.0,0.00020498394435789023
geoprr,20262022,no_geometry_fusion_router_stage_one,9,final_recipe,,,0.0009045084971874736,0.00020479427779921227,geoprr_router,3182,19092,38,0.0,0.00020479427779921227
geoprr,20262022,no_geometry_fusion_router_stage_one,10,final_recipe,,,0.0008802029828000154,0.00020232080559556682,geoprr_router,3182,19092,38,0.0,0.00020232080559556682
geoprr,20262022,no_geometry_fusion_router_stage_one,11,final_recipe,,,0.0008535533905932736,0.00020571430550060337,geoprr_router,3182,19092,38,0.0,0.00020571430550060337
geoprr,20262022,no_geometry_fusion_router_stage_one,12,final_recipe,,,0.0008247240241650918,0.00022811013881841467,geoprr_router,3182,19092,38,0.0,0.00022811013881841467
geoprr,20262022,no_geometry_fusion_router_stage_one,13,final_recipe,,,0.0007938926261462365,0.00020759969445255895,geoprr_router,3182,19092,38,0.0,0.00020759969445255895
geoprr,20262022,no_geometry_fusion_router_stage_one,14,final_recipe,,,0.0007612492823579742,0.00023050297219823633,geoprr_router,3182,19092,38,0.0,0.00023050297219823633
geoprr,20262022,no_geometry_fusion_router_stage_one,15,final_recipe,,,0.0007269952498697732,0.0002105433333458172,geoprr_router,3182,19092,38,0.0,0.0002105433333458172
geoprr,20262022,no_geometry_fusion_router_stage_one,16,final_recipe,,,0.0006913417161825447,0.0002410622221779906,geoprr_router,3182,19092,38,0.0,0.0002410622221779906
geoprr,20262022,no_geometry_fusion_router_stage_one,17,final_recipe,,,0.0006545084971874736,0.00020253952773701813,geoprr_router,3182,19092,38,0.0,0.00020253952773701813
geoprr,20262022,no_geometry_fusion_router_stage_one,18,final_recipe,,,0.0006167226819279527,0.0002052690277600454,geoprr_router,3182,19092,38,0.0,0.0002052690277600454
geoprr,20262022,no_geometry_fusion_router_stage_one,19,final_recipe,,,0.0005782172325201154,0.0002243287777269466,geoprr_router,3182,19092,38,0.0,0.0002243287777269466
geoprr,20262022,no_geometry_fusion_router_stage_one,20,final_recipe,,,0.0005392295478639224,0.00020482063888468675,geoprr_router,3182,19092,38,0.0,0.00020482063888468675
geoprr,20262022,no_geometry_fusion_router_stage_one,21,final_recipe,,,0.0004999999999999999,0.0002335806110770338,geoprr_router,3182,19092,38,0.0,0.0002335806110770338
geoprr,20262022,no_geometry_fusion_router_stage_one,22,final_recipe,,,0.0004607704521360775,0.00020899838897296124,geoprr_router,3182,19092,38,0.0,0.00020899838897296124
geoprr,20262022,no_geometry_fusion_router_stage_one,23,final_recipe,,,0.0004217827674798846,0.00023840561108146277,geoprr_router,3182,19092,38,0.0,0.00023840561108146277
geoprr,20262022,no_geometry_fusion_router_stage_one,24,final_recipe,,,0.0003832773180720472,0.00020117152779777016,geoprr_router,3182,19092,38,0.0,0.00020117152779777016
geoprr,20262022,no_geometry_fusion_router_stage_one,25,final_recipe,,,0.0003454915028125262,0.0002361025278353029,geoprr_router,3182,19092,38,0.0,0.0002361025278353029
geoprr,20262022,no_geometry_fusion_router_stage_one,26,final_recipe,,,0.00030865828381745506,0.00020381227769475016,geoprr_router,3182,19092,38,0.0,0.00020381227769475016
geoprr,20262022,no_geometry_fusion_router_stage_one,27,final_recipe,,,0.0002730047501302265,0.00020880002774194712,geoprr_router,3182,19092,38,0.0,0.00020880002774194712
geoprr,20262022,no_geometry_fusion_router_stage_one,28,final_recipe,,,0.0002387507176420255,0.00022818544439764487,geoprr_router,3182,19092,38,0.0,0.00022818544439764487
geoprr,20262022,no_geometry_fusion_router_stage_one,29,final_recipe,,,0.0002061073738537634,0.00020925827777116662,geoprr_router,3182,19092,38,0.0,0.00020925827777116662
geoprr,20262022,no_geometry_fusion_router_stage_one,30,final_recipe,,,0.00017527597583490815,0.00025122580545333526,geoprr_router,3182,19092,38,0.0,0.00025122580545333526
geoprr,20262022,no_geometry_fusion_router_stage_one,31,final_recipe,,,0.0001464466094067262,0.00020055488890243902,geoprr_router,3182,19092,38,0.0,0.00020055488890243902
geoprr,20262022,no_geometry_fusion_router_stage_one,32,final_recipe,,,0.00011979701719998447,0.0002386415277659479,geoprr_router,3182,19092,38,0.0,0.0002386415277659479
geoprr,20262022,no_geometry_fusion_router_stage_one,33,final_recipe,,,9.549150281252627e-05,0.00020264866671317982,geoprr_router,3182,19092,38,0.0,0.00020264866671317982
geoprr,20262022,no_geometry_fusion_router_stage_one,34,final_recipe,,,7.367991782295387e-05,0.00020798663893300626,geoprr_router,3182,19092,38,0.0,0.00020798663893300626
geoprr,20262022,no_geometry_fusion_router_stage_one,35,final_recipe,,,5.4496737905816076e-05,0.0002318221388850361,geoprr_router,3182,19092,38,0.0,0.0002318221388850361
geoprr,20262022,no_geometry_fusion_router_stage_one,36,final_recipe,,,3.806023374435661e-05,0.0002040312223188165,geoprr_router,3182,19092,38,0.0,0.0002040312223188165
geoprr,20262022,no_geometry_fusion_router_stage_one,37,final_recipe,,,2.447174185242322e-05,0.0002186868055206206,geoprr_router,3182,19092,38,0.0,0.0002186868055206206
geoprr,20262022,no_geometry_fusion_router_stage_one,38,final_recipe,,,1.3815039801161714e-05,0.00019835538890523215,geoprr_router,3182,19092,38,0.0,0.00019835538890523215
geoprr,20262022,no_geometry_fusion_router_stage_one,39,final_recipe,,,6.155829702431168e-06,0.0002052788611035794,geoprr_router,3182,19092,38,0.0,0.0002052788611035794
geoprr,20262022,no_geometry_fusion_router_stage_one,40,final_recipe,,,1.5413331334360176e-06,0.00022720277775079012,geoprr_router,3182,19092,38,0.0,0.00022720277775079012
geoprr,20262022,no_geometry_fusion_router_stage_two,1,final_recipe,,,0.0003,5.937027744948864e-06,geoprr_router,3182,19092,1,0.0,5.937027744948864e-06
geoprr,20262022,no_geometry_fusion_router_stage_two,2,final_recipe,,,0.00029994859874633357,4.278750081236164e-06,geoprr_router,3182,19092,1,0.0,4.278750081236164e-06
geoprr,20262022,no_geometry_fusion_router_stage_two,3,final_recipe,,,0.0002997944302131861,3.945583270655738e-06,geoprr_router,3182,19092,1,0.0,3.945583270655738e-06
geoprr,20262022,no_geometry_fusion_router_stage_two,4,final_recipe,,,0.0002995376000599692,4.568555547545353e-06,geoprr_router,3182,19092,1,0.0,4.568555547545353e-06
geoprr,20262022,no_geometry_fusion_router_stage_two,5,final_recipe,,,0.000299178284305241,4.480249998677108e-06,geoprr_router,3182,19092,1,0.0,4.480249998677108e-06
geoprr,20262022,no_geometry_fusion_router_stage_two,6,final_recipe,,,0.0002987167292060716,4.390638916649752e-06,geoprr_router,3182,19092,1,0.0,4.390638916649752e-06
geoprr,20262022,no_geometry_fusion_router_stage_two,7,final_recipe,,,0.0002981532510892707,4.557499972482522e-06,geoprr_router,3182,19092,1,0.0,4.557499972482522e-06
geoprr,20262022,no_geometry_fusion_router_stage_two,8,final_recipe,,,0.0002974882361345932,4.495444397131602e-06,geoprr_router,3182,19092,1,0.0,4.495444397131602e-06
geoprr,20262022,no_geometry_fusion_router_stage_two,9,final_recipe,,,0.00029672214011007087,4.132694513019589e-06,geoprr_router,3182,19092,1,0.0,4.132694513019589e-06
geoprr,20262022,no_geometry_fusion_router_stage_two,10,final_recipe,,,0.0002958554880596515,4.0527500419153105e-06,geoprr_router,3182,19092,1,0.0,4.0527500419153105e-06
geoprr,20262022,no_geometry_fusion_router_stage_two,11,final_recipe,,,0.0002948888739433602,4.680361081328657e-06,geoprr_router,3182,19092,1,0.0,4.680361081328657e-06
geoprr,20262022,no_geometry_fusion_router_stage_two,12,final_recipe,,,0.00029382296023022894,3.904583346512582e-06,geoprr_router,3182,19092,1,0.0,3.904583346512582e-06
geoprr,20262022,no_geometry_fusion_router_stage_two,13,final_recipe,,,0.00029265847744427303,4.599194508045912e-06,geoprr_router,3182,19092,1,0.0,4.599194508045912e-06
geoprr,20262022,no_geometry_fusion_router_stage_two,14,final_recipe,,,0.00029139622366382674,5.335249912200703e-06,geoprr_router,3182,19092,1,0.0,5.335249912200703e-06
geoprr,20262022,no_geometry_fusion_router_stage_two,15,final_recipe,,,0.00029003706397458023,4.918888961482379e-06,geoprr_router,3182,19092,1,0.0,4.918888961482379e-06
geoprr,20262022,no_geometry_fusion_router_stage_two,16,final_recipe,,,0.000288581929876693,4.429194507085615e-06,geoprr_router,3182,19092,1,0.0,4.429194507085615e-06
geoprr,20262022,no_geometry_fusion_router_stage_two,17,final_recipe,,,0.0002870318186463901,4.572222242131829e-06,geoprr_router,3182,19092,1,0.0,4.572222242131829e-06
geoprr,20262022,no_geometry_fusion_router_stage_two,18,final_recipe,,,0.0002853877926524791,5.049083330151107e-06,geoprr_router,3182,19092,1,0.0,5.049083330151107e-06
geoprr,20262022,no_geometry_fusion_router_stage_two,19,final_recipe,,,0.0002836509786282552,4.981972225424316e-06,geoprr_router,3182,19092,1,0.0,4.981972225424316e-06
geoprr,20262022,no_geometry_fusion_router_stage_two,20,final_recipe,,,0.0002818225668992948,4.038583332051833e-06,geoprr_router,3182,19092,1,0.0,4.038583332051833e-06
geoprr,20262022,no_geometry_fusion_router_stage_two,21,final_recipe,,,0.00027990381056766585,5.41705547624992e-06,geoprr_router,3182,19092,1,0.0,5.41705547624992e-06
geoprr,20262022,no_geometry_fusion_router_stage_two,22,final_recipe,,,0.00027789602465311383,4.382888889975018e-06,geoprr_router,3182,19092,1,0.0,4.382888889975018e-06
geoprr,20262022,no_geometry_fusion_router_stage_two,23,final_recipe,,,0.0002758005851918136,4.442472191941407e-06,geoprr_router,3182,19092,1,0.0,4.442472191941407e-06
geoprr,20262022,no_geometry_fusion_router_stage_two,24,final_recipe,,,0.00027361892829330236,4.574722196492884e-06,geoprr_router,3182,19092,1,0.0,4.574722196492884e-06
geoprr,20262022,no_geometry_fusion_router_stage_two,25,final_recipe,,,0.0002713525491562421,4.805749954862727e-06,geoprr_router,3182,19092,1,0.0,4.805749954862727e-06
geoprr,20262022,no_geometry_fusion_router_stage_two,26,final_recipe,,,0.0002690030010436853,5.165972203637163e-06,geoprr_router,3182,19092,1,0.0,5.165972203637163e-06
geoprr,20262022,no_geometry_fusion_router_stage_two,27,final_recipe,,,0.0002665718942185457,4.369611075768868e-06,geoprr_router,3182,19092,1,0.0,4.369611075768868e-06
geoprr,20262022,no_geometry_fusion_router_stage_two,28,final_recipe,,,0.0002640608948400047,4.79255557163722e-06,geoprr_router,3182,19092,1,0.0,4.79255557163722e-06
geoprr,20262022,no_geometry_fusion_router_stage_two,29,final_recipe,,,0.0002614717238216092,4.2696389007485576e-06,geoprr_router,3182,19092,1,0.0,4.2696389007485576e-06
geoprr,20262022,no_geometry_fusion_router_stage_two,30,final_recipe,,,0.0002588061556518432,5.0945833532346615e-06,geoprr_router,3182,19092,1,0.0,5.0945833532346615e-06
geoprr,20262022,no_geometry_fusion_router_stage_two,31,final_recipe,,,0.00025606601717798223,4.127749966250526e-06,geoprr_router,3182,19092,1,0.0,4.127749966250526e-06
geoprr,20262022,no_geometry_fusion_router_stage_two,32,final_recipe,,,0.00025325318635406314,4.5211666211899784e-06,geoprr_router,3182,19092,1,0.0,4.5211666211899784e-06
geoprr,20262022,no_geometry_fusion_router_stage_two,33,final_recipe,,,0.0002503695909538288,3.989833381233944e-06,geoprr_router,3182,19092,1,0.0,3.989833381233944e-06
geoprr,20262022,no_geometry_fusion_router_stage_two,34,final_recipe,,,0.00024741720724952765,4.603305521110693e-06,geoprr_router,3182,19092,1,0.0,4.603305521110693e-06
geoprr,20262022,no_geometry_fusion_router_stage_two,35,final_recipe,,,0.00024439805865747574,4.483027797606256e-06,geoprr_router,3182,19092,1,0.0,4.483027797606256e-06
geoprr,20262022,no_geometry_fusion_router_stage_two,36,final_recipe,,,0.00024131421435130823,4.388472298160196e-06,geoprr_router,3182,19092,1,0.0,4.388472298160196e-06
geoprr,20262022,no_geometry_fusion_router_stage_two,37,final_recipe,,,0.0002381677878438711,5.042944491530458e-06,geoprr_router,3182,19092,1,0.0,5.042944491530458e-06
geoprr,20262022,no_geometry_fusion_router_stage_two,38,final_recipe,,,0.00023496093553872503,5.209250116927756e-06,geoprr_router,3182,19092,1,0.0,5.209250116927756e-06
geoprr,20262022,no_geometry_fusion_router_stage_two,39,final_recipe,,,0.00023169585525225419,4.3827221573640905e-06,geoprr_router,3182,19092,1,0.0,4.3827221573640905e-06
geoprr,20262022,no_geometry_fusion_router_stage_two,40,final_recipe,,,0.00022837478470739243,5.10333338752389e-06,geoprr_router,3182,19092,1,0.0,5.10333338752389e-06
geoprr,20262022,no_geometry_fusion_router_stage_two,41,final_recipe,,,0.0002250000000000001,4.110555552567045e-06,geoprr_router,3182,19092,1,0.0,4.110555552567045e-06
geoprr,20262022,no_geometry_fusion_router_stage_two,42,final_recipe,,,0.0002215738140389414,4.839333317553003e-06,geoprr_router,3182,19092,1,0.0,4.839333317553003e-06
geoprr,20262022,no_geometry_fusion_router_stage_two,43,final_recipe,,,0.00021809857496093212,3.935638944514924e-06,geoprr_router,3182,19092,1,0.0,3.935638944514924e-06
geoprr,20262022,no_geometry_fusion_router_stage_two,44,final_recipe,,,0.0002145766645212444,4.406805641742216e-06,geoprr_router,3182,19092,1,0.0,4.406805641742216e-06
geoprr,20262022,no_geometry_fusion_router_stage_two,45,final_recipe,,,0.00021101049646137014,5.235416659464439e-06,geoprr_router,3182,19092,1,0.0,5.235416659464439e-06
geoprr,20262022,no_geometry_fusion_router_stage_two,46,final_recipe,,,0.00020740251485476356,4.3990554857171245e-06,geoprr_router,3182,19092,1,0.0,4.3990554857171245e-06
geoprr,20262022,no_geometry_fusion_router_stage_two,47,final_recipe,,,0.00020375519243179515,4.457111159960429e-06,geoprr_router,3182,19092,1,0.0,4.457111159960429e-06
geoprr,20262022,no_geometry_fusion_router_stage_two,48,final_recipe,,,0.00020007102888506572,4.348361140324009e-06,geoprr_router,3182,19092,1,0.0,4.348361140324009e-06
geoprr,20262022,no_geometry_fusion_router_stage_two,49,final_recipe,,,0.00019635254915624222,4.646194477876028e-06,geoprr_router,3182,19092,1,0.0,4.646194477876028e-06
geoprr,20262022,no_geometry_fusion_router_stage_two,50,final_recipe,,,0.00019260230170558851,4.803444414089123e-06,geoprr_router,3182,19092,1,0.0,4.803444414089123e-06
geoprr,20262022,no_geometry_fusion_router_stage_two,51,final_recipe,,,0.00018882285676537818,4.935361082769103e-06,geoprr_router,3182,19092,1,0.0,4.935361082769103e-06
geoprr,20262022,no_geometry_fusion_router_stage_two,52,final_recipe,,,0.0001850168045783859,4.724111123424437e-06,geoprr_router,3182,19092,1,0.0,4.724111123424437e-06
geoprr,20262022,no_geometry_fusion_router_stage_two,53,final_recipe,,,0.00018118675362266396,5.605277708835072e-06,geoprr_router,3182,19092,1,0.0,5.605277708835072e-06
geoprr,20262022,no_geometry_fusion_router_stage_two,54,final_recipe,,,0.0001773353288238222,5.1528333117150596e-06,geoprr_router,3182,19092,1,0.0,5.1528333117150596e-06
geoprr,20262022,no_geometry_fusion_router_stage_two,55,final_recipe,,,0.00017346516975603473,4.665083381243878e-06,geoprr_router,3182,19092,1,0.0,4.665083381243878e-06
geoprr,20262022,no_geometry_fusion_router_stage_two,56,final_recipe,,,0.00016957892883300783,4.5188888907432555e-06,geoprr_router,3182,19092,1,0.0,4.5188888907432555e-06
geoprr,20262022,no_geometry_fusion_router_stage_two,57,final_recipe,,,0.00016567926949014812,3.817333425912592e-06,geoprr_router,3182,19092,1,0.0,3.817333425912592e-06
geoprr,20262022,no_geometry_fusion_router_stage_two,58,final_recipe,,,0.00016176886435917683,5.1587222454448545e-06,geoprr_router,3182,19092,1,0.0,5.1587222454448545e-06
geoprr,20262022,no_geometry_fusion_router_stage_two,59,final_recipe,,,0.00015785039343644162,4.411750059160921e-06,geoprr_router,3182,19092,1,0.0,4.411750059160921e-06
geoprr,20262022,no_geometry_fusion_router_stage_two,60,final_recipe,,,0.000153926542246181,4.07816674042907e-06,geoprr_router,3182,19092,1,0.0,4.07816674042907e-06
geoprr,20262022,no_geometry_fusion_router_stage_two,61,final_recipe,,,0.00015000000000000007,4.406888943372501e-06,geoprr_router,3182,19092,1,0.0,4.406888943372501e-06
geoprr,20262022,no_geometry_fusion_router_stage_two,62,final_recipe,,,0.0001460734577538191,3.7458889548563295e-06,geoprr_router,3182,19092,1,0.0,3.7458889548563295e-06
geoprr,20262022,no_geometry_fusion_router_stage_two,63,final_recipe,,,0.0001421496065635585,4.332527751103043e-06,geoprr_router,3182,19092,1,0.0,4.332527751103043e-06
geoprr,20262022,no_geometry_fusion_router_stage_two,64,final_recipe,,,0.0001382311356408233,4.9358888322280515e-06,geoprr_router,3182,19092,1,0.0,4.9358888322280515e-06
geoprr,20262022,no_geometry_fusion_router_stage_two,65,final_recipe,,,0.00013432073050985202,4.616472223359678e-06,geoprr_router,3182,19092,1,0.0,4.616472223359678e-06
geoprr,20262022,no_geometry_fusion_router_stage_two,66,final_recipe,,,0.0001304210711669923,3.700138897531562e-06,geoprr_router,3182,19092,1,0.0,3.700138897531562e-06
geoprr,20262022,no_geometry_fusion_router_stage_two,67,final_recipe,,,0.00012653483024396538,4.359222172449033e-06,geoprr_router,3182,19092,1,0.0,4.359222172449033e-06
geoprr,20262022,no_geometry_fusion_router_stage_two,68,final_recipe,,,0.00012266467117617793,4.200111143290997e-06,geoprr_router,3182,19092,1,0.0,4.200111143290997e-06
geoprr,20262022,no_geometry_fusion_router_stage_two,69,final_recipe,,,0.0001188132463773361,4.0740554686635736e-06,geoprr_router,3182,19092,1,0.0,4.0740554686635736e-06
geoprr,20262022,no_geometry_fusion_router_stage_two,70,final_recipe,,,0.0001149831954216142,4.64491662569344e-06,geoprr_router,3182,19092,1,0.0,4.64491662569344e-06
geoprr,20262022,no_geometry_fusion_router_stage_two,71,final_recipe,,,0.0001111771432346219,4.419749990726511e-06,geoprr_router,3182,19092,1,0.0,4.419749990726511e-06
geoprr,20262022,no_geometry_fusion_router_stage_two,72,final_recipe,,,0.0001073976982944116,4.7373056360003024e-06,geoprr_router,3182,19092,1,0.0,4.7373056360003024e-06
geoprr,20262022,no_geometry_fusion_router_stage_two,73,final_recipe,,,0.0001036474508437579,4.9281111245767934e-06,geoprr_router,3182,19092,1,0.0,4.9281111245767934e-06
geoprr,20262022,no_geometry_fusion_router_stage_two,74,final_recipe,,,9.992897111493437e-05,4.406138840648863e-06,geoprr_router,3182,19092,1,0.0,4.406138840648863e-06
geoprr,20262022,no_geometry_fusion_router_stage_two,75,final_recipe,,,9.624480756820496e-05,4.001722231300341e-06,geoprr_router,3182,19092,1,0.0,4.001722231300341e-06
geoprr,20262022,no_geometry_fusion_router_stage_two,76,final_recipe,,,9.259748514523653e-05,4.234583272288243e-06,geoprr_router,3182,19092,1,0.0,4.234583272288243e-06
geoprr,20262022,no_geometry_fusion_router_stage_two,77,final_recipe,,,8.898950353862997e-05,4.2778333752519554e-06,geoprr_router,3182,19092,1,0.0,4.2778333752519554e-06
geoprr,20262022,no_geometry_fusion_router_stage_two,78,final_recipe,,,8.542333547875576e-05,3.7972501013427974e-06,geoprr_router,3182,19092,1,0.0,3.7972501013427974e-06
geoprr,20262022,no_geometry_fusion_router_stage_two,79,final_recipe,,,8.190142503906799e-05,4.663083236664534e-06,geoprr_router,3182,19092,1,0.0,4.663083236664534e-06
geoprr,20262022,no_geometry_fusion_router_stage_two,80,final_recipe,,,7.842618596105874e-05,4.97552786125905e-06,geoprr_router,3182,19092,1,0.0,4.97552786125905e-06
geoprr,20262022,no_geometry_fusion_router_stage_two,81,final_recipe,,,7.500000000000003e-05,5.022416719132e-06,geoprr_router,3182,19092,1,0.0,5.022416719132e-06
geoprr,20262022,no_geometry_fusion_router_stage_two,82,final_recipe,,,7.162521529260768e-05,4.50791661731071e-06,geoprr_router,3182,19092,1,0.0,4.50791661731071e-06
geoprr,20262022,no_geometry_fusion_router_stage_two,83,final_recipe,,,6.830414474774599e-05,3.9492221549153325e-06,geoprr_router,3182,19092,1,0.0,3.9492221549153325e-06
geoprr,20262022,no_geometry_fusion_router_stage_two,84,final_recipe,,,6.503906446127505e-05,3.7709999984751145e-06,geoprr_router,3182,19092,1,0.0,3.7709999984751145e-06
geoprr,20262022,no_geometry_fusion_router_stage_two,85,final_recipe,,,6.183221215612905e-05,4.7571666073054075e-06,geoprr_router,3182,19092,1,0.0,4.7571666073054075e-06
geoprr,20262022,no_geometry_fusion_router_stage_two,86,final_recipe,,,5.868578564869191e-05,3.965166656093465e-06,geoprr_router,3182,19092,1,0.0,3.965166656093465e-06
geoprr,20262022,no_geometry_fusion_router_stage_two,87,final_recipe,,,5.5601941342524416e-05,4.453555577331119e-06,geoprr_router,3182,19092,1,0.0,4.453555577331119e-06
geoprr,20262022,no_geometry_fusion_router_stage_two,88,final_recipe,,,5.258279275047248e-05,4.98597225588229e-06,geoprr_router,3182,19092,1,0.0,4.98597225588229e-06
geoprr,20262022,no_geometry_fusion_router_stage_two,89,final_recipe,,,4.963040904617132e-05,3.782027763211065e-06,geoprr_router,3182,19092,1,0.0,3.782027763211065e-06
geoprr,20262022,no_geometry_fusion_router_stage_two,90,final_recipe,,,4.674681364593688e-05,5.772694324453672e-06,geoprr_router,3182,19092,1,0.0,5.772694324453672e-06
geoprr,20262022,no_geometry_fusion_router_stage_two,91,final_recipe,,,4.393398282201788e-05,4.575138963345024e-06,geoprr_router,3182,19092,1,0.0,4.575138963345024e-06
geoprr,20262022,no_geometry_fusion_router_stage_two,92,final_recipe,,,4.119384434815686e-05,4.1927499437911645e-06,geoprr_router,3182,19092,1,0.0,4.1927499437911645e-06
geoprr,20262022,no_geometry_fusion_router_stage_two,93,final_recipe,,,3.852827617839089e-05,4.285305557358596e-06,geoprr_router,3182,19092,1,0.0,4.285305557358596e-06
geoprr,20262022,no_geometry_fusion_router_stage_two,94,final_recipe,,,3.5939105159995365e-05,4.805222205403778e-06,geoprr_router,3182,19092,1,0.0,4.805222205403778e-06
geoprr,20262022,no_geometry_fusion_router_stage_two,95,final_recipe,,,3.342810578145437e-05,3.947722337519129e-06,geoprr_router,3182,19092,1,0.0,3.947722337519129e-06
geoprr,20262022,no_geometry_fusion_router_stage_two,96,final_recipe,,,3.0996998956314715e-05,4.730333263675372e-06,geoprr_router,3182,19092,1,0.0,4.730333263675372e-06
geoprr,20262022,no_geometry_fusion_router_stage_two,97,final_recipe,,,2.8647450843757904e-05,4.315666673291061e-06,geoprr_router,3182,19092,1,0.0,4.315666673291061e-06
geoprr,20262022,no_geometry_fusion_router_stage_two,98,final_recipe,,,2.6381071706697685e-05,4.653583358352383e-06,geoprr_router,3182,19092,1,0.0,4.653583358352383e-06
geoprr,20262022,no_geometry_fusion_router_stage_two,99,final_recipe,,,2.4199414808186416e-05,4.50105561564366e-06,geoprr_router,3182,19092,1,0.0,4.50105561564366e-06
geoprr,20262022,no_geometry_fusion_router_stage_two,100,final_recipe,,,2.210397534688618e-05,4.6101666521281e-06,geoprr_router,3182,19092,1,0.0,4.6101666521281e-06
geoprr,20262022,no_geometry_fusion_router_stage_two,101,final_recipe,,,2.00961894323342e-05,5.320694375162323e-06,geoprr_router,3182,19092,1,0.0,5.320694375162323e-06
geoprr,20262022,no_geometry_fusion_router_stage_two,102,final_recipe,,,1.8177433100705214e-05,4.664833347002665e-06,geoprr_router,3182,19092,1,0.0,4.664833347002665e-06
geoprr,20262022,no_geometry_fusion_router_stage_two,103,final_recipe,,,1.6349021371744837e-05,4.390805519910322e-06,geoprr_router,3182,19092,1,0.0,4.390805519910322e-06
geoprr,20262022,no_geometry_fusion_router_stage_two,104,final_recipe,,,1.4612207347520943e-05,4.379250005715423e-06,geoprr_router,3182,19092,1,0.0,4.379250005715423e-06
geoprr,20262022,no_geometry_fusion_router_stage_two,105,final_recipe,,,1.2968181353609857e-05,4.19641663837764e-06,geoprr_router,3182,19092,1,0.0,4.19641663837764e-06
geoprr,20262022,no_geometry_fusion_router_stage_two,106,final_recipe,,,1.1418070123306994e-05,4.58852788950834e-06,geoprr_router,3182,19092,1,0.0,4.58852788950834e-06
geoprr,20262022,no_geometry_fusion_router_stage_two,107,final_recipe,,,9.962936025419743e-06,4.016972250408597e-06,geoprr_router,3182,19092,1,0.0,4.016972250408597e-06
geoprr,20262022,no_geometry_fusion_router_stage_two,108,final_recipe,,,8.603776336173257e-06,4.3085000167290366e-06,geoprr_router,3182,19092,1,0.0,4.3085000167290366e-06
geoprr,20262022,no_geometry_fusion_router_stage_two,109,final_recipe,,,7.341522555726974e-06,4.810416657063696e-06,geoprr_router,3182,19092,1,0.0,4.810416657063696e-06
geoprr,20262022,no_geometry_fusion_router_stage_two,110,final_recipe,,,6.177039769771062e-06,4.37880555788676e-06,geoprr_router,3182,19092,1,0.0,4.37880555788676e-06
geoprr,20262022,no_geometry_fusion_router_stage_two,111,final_recipe,,,5.111126056639755e-06,4.1996110748085714e-06,geoprr_router,3182,19092,1,0.0,4.1996110748085714e-06
geoprr,20262022,no_geometry_fusion_router_stage_two,112,final_recipe,,,4.144511940348518e-06,4.885888968904813e-06,geoprr_router,3182,19092,1,0.0,4.885888968904813e-06
geoprr,20262022,no_geometry_fusion_router_stage_two,113,final_recipe,,,3.2778598899291478e-06,4.495249983544151e-06,geoprr_router,3182,19092,1,0.0,4.495249983544151e-06
geoprr,20262022,no_geometry_fusion_router_stage_two,114,final_recipe,,,2.5117638654068248e-06,3.966999938711524e-06,geoprr_router,3182,19092,1,0.0,3.966999938711524e-06
geoprr,20262022,no_geometry_fusion_router_stage_two,115,final_recipe,,,1.8467489107293517e-06,4.194944372607602e-06,geoprr_router,3182,19092,1,0.0,4.194944372607602e-06
geoprr,20262022,no_geometry_fusion_router_stage_two,116,final_recipe,,,1.283270793928443e-06,4.59988886076543e-06,geoprr_router,3182,19092,1,0.0,4.59988886076543e-06
geoprr,20262022,no_geometry_fusion_router_stage_two,117,final_recipe,,,8.217156947589902e-07,4.3817777704033585e-06,geoprr_router,3182,19092,1,0.0,4.3817777704033585e-06
geoprr,20262022,no_geometry_fusion_router_stage_two,118,final_recipe,,,4.623999400308056e-07,5.3015555669036175e-06,geoprr_router,3182,19092,1,0.0,5.3015555669036175e-06
geoprr,20262022,no_geometry_fusion_router_stage_two,119,final_recipe,,,2.055697868139251e-07,4.399722286810478e-06,geoprr_router,3182,19092,1,0.0,4.399722286810478e-06
geoprr,20262022,no_geometry_fusion_router_stage_two,120,final_recipe,,,5.1401253666411035e-08,4.370444480122791e-06,geoprr_router,3182,19092,1,0.0,4.370444480122791e-06
geoprr,20262022,no_polar_evidence_router_stage_one,1,final_recipe,,,0.001,0.00021171888892745807,geoprr_router,3182,19092,38,0.0,0.00021171888892745807
geoprr,20262022,no_polar_evidence_router_stage_one,2,final_recipe,,,0.000998458666866564,0.00020663386120253966,geoprr_router,3182,19092,38,0.0,0.00020663386120253966
geoprr,20262022,no_polar_evidence_router_stage_one,3,final_recipe,,,0.0009938441702975688,0.00022624227774536445,geoprr_router,3182,19092,38,0.0,0.00022624227774536445
geoprr,20262022,no_polar_evidence_router_stage_one,4,final_recipe,,,0.0009861849601988382,0.00021109069438858164,geoprr_router,3182,19092,38,0.0,0.00021109069438858164
geoprr,20262022,no_polar_evidence_router_stage_one,5,final_recipe,,,0.0009755282581475767,0.00023461624992907875,geoprr_router,3182,19092,38,0.0,0.00023461624992907875
geoprr,20262022,no_polar_evidence_router_stage_one,6,final_recipe,,,0.0009619397662556432,0.00021153741671393314,geoprr_router,3182,19092,38,0.0,0.00021153741671393314
geoprr,20262022,no_polar_evidence_router_stage_one,7,final_recipe,,,0.0009455032620941838,0.0002366387778117011,geoprr_router,3182,19092,38,0.0,0.0002366387778117011
geoprr,20262022,no_polar_evidence_router_stage_one,8,final_recipe,,,0.000926320082177046,0.0002017800555202282,geoprr_router,3182,19092,38,0.0,0.0002017800555202282
geoprr,20262022,no_polar_evidence_router_stage_one,9,final_recipe,,,0.0009045084971874736,0.00020757841657743686,geoprr_router,3182,19092,38,0.0,0.00020757841657743686
geoprr,20262022,no_polar_evidence_router_stage_one,10,final_recipe,,,0.0008802029828000154,0.0002018422776988397,geoprr_router,3182,19092,38,0.0,0.0002018422776988397
geoprr,20262022,no_polar_evidence_router_stage_one,11,final_recipe,,,0.0008535533905932736,0.00020447783327351014,geoprr_router,3182,19092,38,0.0,0.00020447783327351014
geoprr,20262022,no_polar_evidence_router_stage_one,12,final_recipe,,,0.0008247240241650918,0.00022368647222821084,geoprr_router,3182,19092,38,0.0,0.00022368647222821084
geoprr,20262022,no_polar_evidence_router_stage_one,13,final_recipe,,,0.0007938926261462365,0.0002097814722866234,geoprr_router,3182,19092,38,0.0,0.0002097814722866234
geoprr,20262022,no_polar_evidence_router_stage_one,14,final_recipe,,,0.0007612492823579742,0.00022853033332568076,geoprr_router,3182,19092,38,0.0,0.00022853033332568076
geoprr,20262022,no_polar_evidence_router_stage_one,15,final_recipe,,,0.0007269952498697732,0.00021465013890216748,geoprr_router,3182,19092,38,0.0,0.00021465013890216748
geoprr,20262022,no_polar_evidence_router_stage_one,16,final_recipe,,,0.0006913417161825447,0.0002339939166429556,geoprr_router,3182,19092,38,0.0,0.0002339939166429556
geoprr,20262022,no_polar_evidence_router_stage_one,17,final_recipe,,,0.0006545084971874736,0.00020932822216612596,geoprr_router,3182,19092,38,0.0,0.00020932822216612596
geoprr,20262022,no_polar_evidence_router_stage_one,18,final_recipe,,,0.0006167226819279527,0.0002022075832873169,geoprr_router,3182,19092,38,0.0,0.0002022075832873169
geoprr,20262022,no_polar_evidence_router_stage_one,19,final_recipe,,,0.0005782172325201154,0.000227881000092667,geoprr_router,3182,19092,38,0.0,0.000227881000092667
geoprr,20262022,no_polar_evidence_router_stage_one,20,final_recipe,,,0.0005392295478639224,0.00021009913891450397,geoprr_router,3182,19092,38,0.0,0.00021009913891450397
geoprr,20262022,no_polar_evidence_router_stage_one,21,final_recipe,,,0.0004999999999999999,0.00022360769449733197,geoprr_router,3182,19092,38,0.0,0.00022360769449733197
geoprr,20262022,no_polar_evidence_router_stage_one,22,final_recipe,,,0.0004607704521360775,0.00021455166667389374,geoprr_router,3182,19092,38,0.0,0.00021455166667389374
geoprr,20262022,no_polar_evidence_router_stage_one,23,final_recipe,,,0.0004217827674798846,0.0002385410277121183,geoprr_router,3182,19092,38,0.0,0.0002385410277121183
geoprr,20262022,no_polar_evidence_router_stage_one,24,final_recipe,,,0.0003832773180720472,0.0002109253889001492,geoprr_router,3182,19092,38,0.0,0.0002109253889001492
geoprr,20262022,no_polar_evidence_router_stage_one,25,final_recipe,,,0.0003454915028125262,0.0002279383888364666,geoprr_router,3182,19092,38,0.0,0.0002279383888364666
geoprr,20262022,no_polar_evidence_router_stage_one,26,final_recipe,,,0.00030865828381745506,0.00020359325002775424,geoprr_router,3182,19092,38,0.0,0.00020359325002775424
geoprr,20262022,no_polar_evidence_router_stage_one,27,final_recipe,,,0.0002730047501302265,0.000218705500010401,geoprr_router,3182,19092,38,0.0,0.000218705500010401
geoprr,20262022,no_polar_evidence_router_stage_one,28,final_recipe,,,0.0002387507176420255,0.00022439369440285697,geoprr_router,3182,19092,38,0.0,0.00022439369440285697
geoprr,20262022,no_polar_evidence_router_stage_one,29,final_recipe,,,0.0002061073738537634,0.00020085491666880747,geoprr_router,3182,19092,38,0.0,0.00020085491666880747
geoprr,20262022,no_polar_evidence_router_stage_one,30,final_recipe,,,0.00017527597583490815,0.0002297483334162583,geoprr_router,3182,19092,38,0.0,0.0002297483334162583
geoprr,20262022,no_polar_evidence_router_stage_one,31,final_recipe,,,0.0001464466094067262,0.00020557075001609822,geoprr_router,3182,19092,38,0.0,0.00020557075001609822
geoprr,20262022,no_polar_evidence_router_stage_one,32,final_recipe,,,0.00011979701719998447,0.00022942925001391106,geoprr_router,3182,19092,38,0.0,0.00022942925001391106
geoprr,20262022,no_polar_evidence_router_stage_one,33,final_recipe,,,9.549150281252627e-05,0.00020408672228869464,geoprr_router,3182,19092,38,0.0,0.00020408672228869464
geoprr,20262022,no_polar_evidence_router_stage_one,34,final_recipe,,,7.367991782295387e-05,0.00020890644441048305,geoprr_router,3182,19092,38,0.0,0.00020890644441048305
geoprr,20262022,no_polar_evidence_router_stage_one,35,final_recipe,,,5.4496737905816076e-05,0.0002336788334004167,geoprr_router,3182,19092,38,0.0,0.0002336788334004167
geoprr,20262022,no_polar_evidence_router_stage_one,36,final_recipe,,,3.806023374435661e-05,0.00019696402777400282,geoprr_router,3182,19092,38,0.0,0.00019696402777400282
geoprr,20262022,no_polar_evidence_router_stage_one,37,final_recipe,,,2.447174185242322e-05,0.0002139965554751042,geoprr_router,3182,19092,38,0.0,0.0002139965554751042
geoprr,20262022,no_polar_evidence_router_stage_one,38,final_recipe,,,1.3815039801161714e-05,0.0002022191388015118,geoprr_router,3182,19092,38,0.0,0.0002022191388015118
geoprr,20262022,no_polar_evidence_router_stage_one,39,final_recipe,,,6.155829702431168e-06,0.000202290750005179,geoprr_router,3182,19092,38,0.0,0.000202290750005179
geoprr,20262022,no_polar_evidence_router_stage_one,40,final_recipe,,,1.5413331334360176e-06,0.0002272763889696863,geoprr_router,3182,19092,38,0.0,0.0002272763889696863
geoprr,20262022,no_polar_evidence_router_stage_two,1,final_recipe,,,0.0003,5.868166659234299e-06,geoprr_router,3182,19092,1,0.0,5.868166659234299e-06
geoprr,20262022,no_polar_evidence_router_stage_two,2,final_recipe,,,0.00029994859874633357,3.7489999603066178e-06,geoprr_router,3182,19092,1,0.0,3.7489999603066178e-06
geoprr,20262022,no_polar_evidence_router_stage_two,3,final_recipe,,,0.0002997944302131861,4.123861047749718e-06,geoprr_router,3182,19092,1,0.0,4.123861047749718e-06
geoprr,20262022,no_polar_evidence_router_stage_two,4,final_recipe,,,0.0002995376000599692,5.358833328096403e-06,geoprr_router,3182,19092,1,0.0,5.358833328096403e-06
geoprr,20262022,no_polar_evidence_router_stage_two,5,final_recipe,,,0.000299178284305241,4.698638933607273e-06,geoprr_router,3182,19092,1,0.0,4.698638933607273e-06
geoprr,20262022,no_polar_evidence_router_stage_two,6,final_recipe,,,0.0002987167292060716,4.55466668224997e-06,geoprr_router,3182,19092,1,0.0,4.55466668224997e-06
geoprr,20262022,no_polar_evidence_router_stage_two,7,final_recipe,,,0.0002981532510892707,4.7708888693402215e-06,geoprr_router,3182,19092,1,0.0,4.7708888693402215e-06
geoprr,20262022,no_polar_evidence_router_stage_two,8,final_recipe,,,0.0002974882361345932,5.254805631314715e-06,geoprr_router,3182,19092,1,0.0,5.254805631314715e-06
geoprr,20262022,no_polar_evidence_router_stage_two,9,final_recipe,,,0.00029672214011007087,4.314444441762235e-06,geoprr_router,3182,19092,1,0.0,4.314444441762235e-06
geoprr,20262022,no_polar_evidence_router_stage_two,10,final_recipe,,,0.0002958554880596515,4.14877780713141e-06,geoprr_router,3182,19092,1,0.0,4.14877780713141e-06
geoprr,20262022,no_polar_evidence_router_stage_two,11,final_recipe,,,0.0002948888739433602,4.8243056517094375e-06,geoprr_router,3182,19092,1,0.0,4.8243056517094375e-06
geoprr,20262022,no_polar_evidence_router_stage_two,12,final_recipe,,,0.00029382296023022894,4.539861110970378e-06,geoprr_router,3182,19092,1,0.0,4.539861110970378e-06
geoprr,20262022,no_polar_evidence_router_stage_two,13,final_recipe,,,0.00029265847744427303,4.408305588488777e-06,geoprr_router,3182,19092,1,0.0,4.408305588488777e-06
geoprr,20262022,no_polar_evidence_router_stage_two,14,final_recipe,,,0.00029139622366382674,4.3207500129938125e-06,geoprr_router,3182,19092,1,0.0,4.3207500129938125e-06
geoprr,20262022,no_polar_evidence_router_stage_two,15,final_recipe,,,0.00029003706397458023,4.323083364094297e-06,geoprr_router,3182,19092,1,0.0,4.323083364094297e-06
geoprr,20262022,no_polar_evidence_router_stage_two,16,final_recipe,,,0.000288581929876693,4.8381388963510595e-06,geoprr_router,3182,19092,1,0.0,4.8381388963510595e-06
geoprr,20262022,no_polar_evidence_router_stage_two,17,final_recipe,,,0.0002870318186463901,4.244972175608079e-06,geoprr_router,3182,19092,1,0.0,4.244972175608079e-06
geoprr,20262022,no_polar_evidence_router_stage_two,18,final_recipe,,,0.0002853877926524791,3.99797223508358e-06,geoprr_router,3182,19092,1,0.0,3.99797223508358e-06
geoprr,20262022,no_polar_evidence_router_stage_two,19,final_recipe,,,0.0002836509786282552,4.085972129056851e-06,geoprr_router,3182,19092,1,0.0,4.085972129056851e-06
geoprr,20262022,no_polar_evidence_router_stage_two,20,final_recipe,,,0.0002818225668992948,3.5897776898410586e-06,geoprr_router,3182,19092,1,0.0,3.5897776898410586e-06
geoprr,20262022,no_polar_evidence_router_stage_two,21,final_recipe,,,0.00027990381056766585,5.347361115531789e-06,geoprr_router,3182,19092,1,0.0,5.347361115531789e-06
geoprr,20262022,no_polar_evidence_router_stage_two,22,final_recipe,,,0.00027789602465311383,4.380555538874533e-06,geoprr_router,3182,19092,1,0.0,4.380555538874533e-06
geoprr,20262022,no_polar_evidence_router_stage_two,23,final_recipe,,,0.0002758005851918136,4.102111173172792e-06,geoprr_router,3182,19092,1,0.0,4.102111173172792e-06
geoprr,20262022,no_polar_evidence_router_stage_two,24,final_recipe,,,0.00027361892829330236,3.923722284121646e-06,geoprr_router,3182,19092,1,0.0,3.923722284121646e-06
geoprr,20262022,no_polar_evidence_router_stage_two,25,final_recipe,,,0.0002713525491562421,4.511555501570304e-06,geoprr_router,3182,19092,1,0.0,4.511555501570304e-06
geoprr,20262022,no_polar_evidence_router_stage_two,26,final_recipe,,,0.0002690030010436853,4.47894433616764e-06,geoprr_router,3182,19092,1,0.0,4.47894433616764e-06
geoprr,20262022,no_polar_evidence_router_stage_two,27,final_recipe,,,0.0002665718942185457,4.734444406090511e-06,geoprr_router,3182,19092,1,0.0,4.734444406090511e-06
geoprr,20262022,no_polar_evidence_router_stage_two,28,final_recipe,,,0.0002640608948400047,4.424666597818335e-06,geoprr_router,3182,19092,1,0.0,4.424666597818335e-06
geoprr,20262022,no_polar_evidence_router_stage_two,29,final_recipe,,,0.0002614717238216092,4.3583055958151815e-06,geoprr_router,3182,19092,1,0.0,4.3583055958151815e-06
geoprr,20262022,no_polar_evidence_router_stage_two,30,final_recipe,,,0.0002588061556518432,4.4622499909665845e-06,geoprr_router,3182,19092,1,0.0,4.4622499909665845e-06
geoprr,20262022,no_polar_evidence_router_stage_two,31,final_recipe,,,0.00025606601717798223,4.273055561093821e-06,geoprr_router,3182,19092,1,0.0,4.273055561093821e-06
geoprr,20262022,no_polar_evidence_router_stage_two,32,final_recipe,,,0.00025325318635406314,4.681472200900316e-06,geoprr_router,3182,19092,1,0.0,4.681472200900316e-06
geoprr,20262022,no_polar_evidence_router_stage_two,33,final_recipe,,,0.0002503695909538288,4.694666713476181e-06,geoprr_router,3182,19092,1,0.0,4.694666713476181e-06
geoprr,20262022,no_polar_evidence_router_stage_two,34,final_recipe,,,0.00024741720724952765,4.034138853765196e-06,geoprr_router,3182,19092,1,0.0,4.034138853765196e-06
geoprr,20262022,no_polar_evidence_router_stage_two,35,final_recipe,,,0.00024439805865747574,3.766861175083452e-06,geoprr_router,3182,19092,1,0.0,3.766861175083452e-06
geoprr,20262022,no_polar_evidence_router_stage_two,36,final_recipe,,,0.00024131421435130823,3.6704444533420936e-06,geoprr_router,3182,19092,1,0.0,3.6704444533420936e-06
geoprr,20262022,no_polar_evidence_router_stage_two,37,final_recipe,,,0.0002381677878438711,3.9238055857519305e-06,geoprr_router,3182,19092,1,0.0,3.9238055857519305e-06
geoprr,20262022,no_polar_evidence_router_stage_two,38,final_recipe,,,0.00023496093553872503,4.542444366961718e-06,geoprr_router,3182,19092,1,0.0,4.542444366961718e-06
geoprr,20262022,no_polar_evidence_router_stage_two,39,final_recipe,,,0.00023169585525225419,4.030972227661146e-06,geoprr_router,3182,19092,1,0.0,4.030972227661146e-06
geoprr,20262022,no_polar_evidence_router_stage_two,40,final_recipe,,,0.00022837478470739243,4.703527730372217e-06,geoprr_router,3182,19092,1,0.0,4.703527730372217e-06
geoprr,20262022,no_polar_evidence_router_stage_two,41,final_recipe,,,0.0002250000000000001,4.713527806517151e-06,geoprr_router,3182,19092,1,0.0,4.713527806517151e-06
geoprr,20262022,no_polar_evidence_router_stage_two,42,final_recipe,,,0.0002215738140389414,3.972861191464795e-06,geoprr_router,3182,19092,1,0.0,3.972861191464795e-06
geoprr,20262022,no_polar_evidence_router_stage_two,43,final_recipe,,,0.00021809857496093212,4.371333375780119e-06,geoprr_router,3182,19092,1,0.0,4.371333375780119e-06
geoprr,20262022,no_polar_evidence_router_stage_two,44,final_recipe,,,0.0002145766645212444,4.2084166004012025e-06,geoprr_router,3182,19092,1,0.0,4.2084166004012025e-06
geoprr,20262022,no_polar_evidence_router_stage_two,45,final_recipe,,,0.00021101049646137014,4.509499995037913e-06,geoprr_router,3182,19092,1,0.0,4.509499995037913e-06
geoprr,20262022,no_polar_evidence_router_stage_two,46,final_recipe,,,0.00020740251485476356,3.98713888393508e-06,geoprr_router,3182,19092,1,0.0,3.98713888393508e-06
geoprr,20262022,no_polar_evidence_router_stage_two,47,final_recipe,,,0.00020375519243179515,4.227805572251479e-06,geoprr_router,3182,19092,1,0.0,4.227805572251479e-06
geoprr,20262022,no_polar_evidence_router_stage_two,48,final_recipe,,,0.00020007102888506572,4.032499984734588e-06,geoprr_router,3182,19092,1,0.0,4.032499984734588e-06
geoprr,20262022,no_polar_evidence_router_stage_two,49,final_recipe,,,0.00019635254915624222,4.586944511781137e-06,geoprr_router,3182,19092,1,0.0,4.586944511781137e-06
geoprr,20262022,no_polar_evidence_router_stage_two,50,final_recipe,,,0.00019260230170558851,4.0302222542878654e-06,geoprr_router,3182,19092,1,0.0,4.0302222542878654e-06
geoprr,20262022,no_polar_evidence_router_stage_two,51,final_recipe,,,0.00018882285676537818,4.520861095645361e-06,geoprr_router,3182,19092,1,0.0,4.520861095645361e-06
geoprr,20262022,no_polar_evidence_router_stage_two,52,final_recipe,,,0.0001850168045783859,5.2601111949317985e-06,geoprr_router,3182,19092,1,0.0,5.2601111949317985e-06
geoprr,20262022,no_polar_evidence_router_stage_two,53,final_recipe,,,0.00018118675362266396,4.2613055039611125e-06,geoprr_router,3182,19092,1,0.0,4.2613055039611125e-06
geoprr,20262022,no_polar_evidence_router_stage_two,54,final_recipe,,,0.0001773353288238222,4.865999928572112e-06,geoprr_router,3182,19092,1,0.0,4.865999928572112e-06
geoprr,20262022,no_polar_evidence_router_stage_two,55,final_recipe,,,0.00017346516975603473,4.460694423566262e-06,geoprr_router,3182,19092,1,0.0,4.460694423566262e-06
geoprr,20262022,no_polar_evidence_router_stage_two,56,final_recipe,,,0.00016957892883300783,5.374138838508063e-06,geoprr_router,3182,19092,1,0.0,5.374138838508063e-06
geoprr,20262022,no_polar_evidence_router_stage_two,57,final_recipe,,,0.00016567926949014812,3.9991944666124055e-06,geoprr_router,3182,19092,1,0.0,3.9991944666124055e-06
geoprr,20262022,no_polar_evidence_router_stage_two,58,final_recipe,,,0.00016176886435917683,4.228388942364189e-06,geoprr_router,3182,19092,1,0.0,4.228388942364189e-06
geoprr,20262022,no_polar_evidence_router_stage_two,59,final_recipe,,,0.00015785039343644162,4.469805474703511e-06,geoprr_router,3182,19092,1,0.0,4.469805474703511e-06
geoprr,20262022,no_polar_evidence_router_stage_two,60,final_recipe,,,0.000153926542246181,3.9533054870035914e-06,geoprr_router,3182,19092,1,0.0,3.9533054870035914e-06
geoprr,20262022,no_polar_evidence_router_stage_two,61,final_recipe,,,0.00015000000000000007,4.27377772414022e-06,geoprr_router,3182,19092,1,0.0,4.27377772414022e-06
geoprr,20262022,no_polar_evidence_router_stage_two,62,final_recipe,,,0.0001460734577538191,4.32147230539057e-06,geoprr_router,3182,19092,1,0.0,4.32147230539057e-06
geoprr,20262022,no_polar_evidence_router_stage_two,63,final_recipe,,,0.0001421496065635585,4.187888957353102e-06,geoprr_router,3182,19092,1,0.0,4.187888957353102e-06
geoprr,20262022,no_polar_evidence_router_stage_two,64,final_recipe,,,0.0001382311356408233,4.4867221731692554e-06,geoprr_router,3182,19092,1,0.0,4.4867221731692554e-06
geoprr,20262022,no_polar_evidence_router_stage_two,65,final_recipe,,,0.00013432073050985202,3.854083285356561e-06,geoprr_router,3182,19092,1,0.0,3.854083285356561e-06
geoprr,20262022,no_polar_evidence_router_stage_two,66,final_recipe,,,0.0001304210711669923,4.550888875706328e-06,geoprr_router,3182,19092,1,0.0,4.550888875706328e-06
geoprr,20262022,no_polar_evidence_router_stage_two,67,final_recipe,,,0.00012653483024396538,3.993000007337994e-06,geoprr_router,3182,19092,1,0.0,3.993000007337994e-06
geoprr,20262022,no_polar_evidence_router_stage_two,68,final_recipe,,,0.00012266467117617793,4.743833301795853e-06,geoprr_router,3182,19092,1,0.0,4.743833301795853e-06
geoprr,20262022,no_polar_evidence_router_stage_two,69,final_recipe,,,0.0001188132463773361,4.619055608701375e-06,geoprr_router,3182,19092,1,0.0,4.619055608701375e-06
geoprr,20262022,no_polar_evidence_router_stage_two,70,final_recipe,,,0.0001149831954216142,4.146194421789713e-06,geoprr_router,3182,19092,1,0.0,4.146194421789713e-06
geoprr,20262022,no_polar_evidence_router_stage_two,71,final_recipe,,,0.0001111771432346219,3.7339166738092898e-06,geoprr_router,3182,19092,1,0.0,3.7339166738092898e-06
geoprr,20262022,no_polar_evidence_router_stage_two,72,final_recipe,,,0.0001073976982944116,4.398027797126108e-06,geoprr_router,3182,19092,1,0.0,4.398027797126108e-06
geoprr,20262022,no_polar_evidence_router_stage_two,73,final_recipe,,,0.0001036474508437579,4.566916678514745e-06,geoprr_router,3182,19092,1,0.0,4.566916678514745e-06
geoprr,20262022,no_polar_evidence_router_stage_two,74,final_recipe,,,9.992897111493437e-05,3.7620833609253167e-06,geoprr_router,3182,19092,1,0.0,3.7620833609253167e-06
geoprr,20262022,no_polar_evidence_router_stage_two,75,final_recipe,,,9.624480756820496e-05,4.388777823704813e-06,geoprr_router,3182,19092,1,0.0,4.388777823704813e-06
geoprr,20262022,no_polar_evidence_router_stage_two,76,final_recipe,,,9.259748514523653e-05,4.438638894094361e-06,geoprr_router,3182,19092,1,0.0,4.438638894094361e-06
geoprr,20262022,no_polar_evidence_router_stage_two,77,final_recipe,,,8.898950353862997e-05,4.002388903043336e-06,geoprr_router,3182,19092,1,0.0,4.002388903043336e-06
geoprr,20262022,no_polar_evidence_router_stage_two,78,final_recipe,,,8.542333547875576e-05,4.7155555027226605e-06,geoprr_router,3182,19092,1,0.0,4.7155555027226605e-06
geoprr,20262022,no_polar_evidence_router_stage_two,79,final_recipe,,,8.190142503906799e-05,4.347944502822227e-06,geoprr_router,3182,19092,1,0.0,4.347944502822227e-06
geoprr,20262022,no_polar_evidence_router_stage_two,80,final_recipe,,,7.842618596105874e-05,4.657611199137238e-06,geoprr_router,3182,19092,1,0.0,4.657611199137238e-06
geoprr,20262022,no_polar_evidence_router_stage_two,81,final_recipe,,,7.500000000000003e-05,3.974111103970143e-06,geoprr_router,3182,19092,1,0.0,3.974111103970143e-06
geoprr,20262022,no_polar_evidence_router_stage_two,82,final_recipe,,,7.162521529260768e-05,4.942472248027722e-06,geoprr_router,3182,19092,1,0.0,4.942472248027722e-06
geoprr,20262022,no_polar_evidence_router_stage_two,83,final_recipe,,,6.830414474774599e-05,3.722861098746459e-06,geoprr_router,3182,19092,1,0.0,3.722861098746459e-06
geoprr,20262022,no_polar_evidence_router_stage_two,84,final_recipe,,,6.503906446127505e-05,4.2631389159295294e-06,geoprr_router,3182,19092,1,0.0,4.2631389159295294e-06
geoprr,20262022,no_polar_evidence_router_stage_two,85,final_recipe,,,6.183221215612905e-05,4.660361187739505e-06,geoprr_router,3182,19092,1,0.0,4.660361187739505e-06
geoprr,20262022,no_polar_evidence_router_stage_two,86,final_recipe,,,5.868578564869191e-05,4.095749981287453e-06,geoprr_router,3182,19092,1,0.0,4.095749981287453e-06
geoprr,20262022,no_polar_evidence_router_stage_two,87,final_recipe,,,5.5601941342524416e-05,4.19827773132258e-06,geoprr_router,3182,19092,1,0.0,4.19827773132258e-06
geoprr,20262022,no_polar_evidence_router_stage_two,88,final_recipe,,,5.258279275047248e-05,4.526166788612803e-06,geoprr_router,3182,19092,1,0.0,4.526166788612803e-06
geoprr,20262022,no_polar_evidence_router_stage_two,89,final_recipe,,,4.963040904617132e-05,3.868694443048702e-06,geoprr_router,3182,19092,1,0.0,3.868694443048702e-06
geoprr,20262022,no_polar_evidence_router_stage_two,90,final_recipe,,,4.674681364593688e-05,4.490944427541561e-06,geoprr_router,3182,19092,1,0.0,4.490944427541561e-06
geoprr,20262022,no_polar_evidence_router_stage_two,91,final_recipe,,,4.393398282201788e-05,4.084000053505103e-06,geoprr_router,3182,19092,1,0.0,4.084000053505103e-06
geoprr,20262022,no_polar_evidence_router_stage_two,92,final_recipe,,,4.119384434815686e-05,4.770777757383055e-06,geoprr_router,3182,19092,1,0.0,4.770777757383055e-06
geoprr,20262022,no_polar_evidence_router_stage_two,93,final_recipe,,,3.852827617839089e-05,4.33655546253754e-06,geoprr_router,3182,19092,1,0.0,4.33655546253754e-06
geoprr,20262022,no_polar_evidence_router_stage_two,94,final_recipe,,,3.5939105159995365e-05,4.6860277911441195e-06,geoprr_router,3182,19092,1,0.0,4.6860277911441195e-06
geoprr,20262022,no_polar_evidence_router_stage_two,95,final_recipe,,,3.342810578145437e-05,4.65088886105352e-06,geoprr_router,3182,19092,1,0.0,4.65088886105352e-06
geoprr,20262022,no_polar_evidence_router_stage_two,96,final_recipe,,,3.0996998956314715e-05,4.250472282162971e-06,geoprr_router,3182,19092,1,0.0,4.250472282162971e-06
geoprr,20262022,no_polar_evidence_router_stage_two,97,final_recipe,,,2.8647450843757904e-05,4.6268056353761094e-06,geoprr_router,3182,19092,1,0.0,4.6268056353761094e-06
geoprr,20262022,no_polar_evidence_router_stage_two,98,final_recipe,,,2.6381071706697685e-05,5.264388811257151e-06,geoprr_router,3182,19092,1,0.0,5.264388811257151e-06
geoprr,20262022,no_polar_evidence_router_stage_two,99,final_recipe,,,2.4199414808186416e-05,4.39283334546619e-06,geoprr_router,3182,19092,1,0.0,4.39283334546619e-06
geoprr,20262022,no_polar_evidence_router_stage_two,100,final_recipe,,,2.210397534688618e-05,4.67577781010833e-06,geoprr_router,3182,19092,1,0.0,4.67577781010833e-06
geoprr,20262022,no_polar_evidence_router_stage_two,101,final_recipe,,,2.00961894323342e-05,4.65072225779295e-06,geoprr_router,3182,19092,1,0.0,4.65072225779295e-06
geoprr,20262022,no_polar_evidence_router_stage_two,102,final_recipe,,,1.8177433100705214e-05,4.320472168425719e-06,geoprr_router,3182,19092,1,0.0,4.320472168425719e-06
geoprr,20262022,no_polar_evidence_router_stage_two,103,final_recipe,,,1.6349021371744837e-05,4.485055623162124e-06,geoprr_router,3182,19092,1,0.0,4.485055623162124e-06
geoprr,20262022,no_polar_evidence_router_stage_two,104,final_recipe,,,1.4612207347520943e-05,4.4950833802835805e-06,geoprr_router,3182,19092,1,0.0,4.4950833802835805e-06
geoprr,20262022,no_polar_evidence_router_stage_two,105,final_recipe,,,1.2968181353609857e-05,4.141888865787122e-06,geoprr_router,3182,19092,1,0.0,4.141888865787122e-06
geoprr,20262022,no_polar_evidence_router_stage_two,106,final_recipe,,,1.1418070123306994e-05,4.561333270329568e-06,geoprr_router,3182,19092,1,0.0,4.561333270329568e-06
geoprr,20262022,no_polar_evidence_router_stage_two,107,final_recipe,,,9.962936025419743e-06,4.263972190933095e-06,geoprr_router,3182,19092,1,0.0,4.263972190933095e-06
geoprr,20262022,no_polar_evidence_router_stage_two,108,final_recipe,,,8.603776336173257e-06,4.273000069790416e-06,geoprr_router,3182,19092,1,0.0,4.273000069790416e-06
geoprr,20262022,no_polar_evidence_router_stage_two,109,final_recipe,,,7.341522555726974e-06,3.7262500781151984e-06,geoprr_router,3182,19092,1,0.0,3.7262500781151984e-06
geoprr,20262022,no_polar_evidence_router_stage_two,110,final_recipe,,,6.177039769771062e-06,4.891916566217939e-06,geoprr_router,3182,19092,1,0.0,4.891916566217939e-06
geoprr,20262022,no_polar_evidence_router_stage_two,111,final_recipe,,,5.111126056639755e-06,3.8585278929935565e-06,geoprr_router,3182,19092,1,0.0,3.8585278929935565e-06
geoprr,20262022,no_polar_evidence_router_stage_two,112,final_recipe,,,4.144511940348518e-06,4.394083257971538e-06,geoprr_router,3182,19092,1,0.0,4.394083257971538e-06
geoprr,20262022,no_polar_evidence_router_stage_two,113,final_recipe,,,3.2778598899291478e-06,4.365916700205869e-06,geoprr_router,3182,19092,1,0.0,4.365916700205869e-06
geoprr,20262022,no_polar_evidence_router_stage_two,114,final_recipe,,,2.5117638654068248e-06,4.599583335220814e-06,geoprr_router,3182,19092,1,0.0,4.599583335220814e-06
geoprr,20262022,no_polar_evidence_router_stage_two,115,final_recipe,,,1.8467489107293517e-06,4.674305544338292e-06,geoprr_router,3182,19092,1,0.0,4.674305544338292e-06
geoprr,20262022,no_polar_evidence_router_stage_two,116,final_recipe,,,1.283270793928443e-06,4.350110991961426e-06,geoprr_router,3182,19092,1,0.0,4.350110991961426e-06
geoprr,20262022,no_polar_evidence_router_stage_two,117,final_recipe,,,8.217156947589902e-07,4.313361132517457e-06,geoprr_router,3182,19092,1,0.0,4.313361132517457e-06
geoprr,20262022,no_polar_evidence_router_stage_two,118,final_recipe,,,4.623999400308056e-07,4.9701111856848e-06,geoprr_router,3182,19092,1,0.0,4.9701111856848e-06
geoprr,20262022,no_polar_evidence_router_stage_two,119,final_recipe,,,2.055697868139251e-07,4.349527751199073e-06,geoprr_router,3182,19092,1,0.0,4.349527751199073e-06
geoprr,20262022,no_polar_evidence_router_stage_two,120,final_recipe,,,5.1401253666411035e-08,4.317111128734218e-06,geoprr_router,3182,19092,1,0.0,4.317111128734218e-06
geoprr,20262022,no_relational_transport_router_stage_one,1,final_recipe,,,0.001,0.00021162763884704974,geoprr_router,3182,19092,38,0.0,0.00021162763884704974
geoprr,20262022,no_relational_transport_router_stage_one,2,final_recipe,,,0.000998458666866564,0.00022199680550127394,geoprr_router,3182,19092,38,0.0,0.00022199680550127394
geoprr,20262022,no_relational_transport_router_stage_one,3,final_recipe,,,0.0009938441702975688,0.0002246310832237618,geoprr_router,3182,19092,38,0.0,0.0002246310832237618
geoprr,20262022,no_relational_transport_router_stage_one,4,final_recipe,,,0.0009861849601988382,0.0002029867500015017,geoprr_router,3182,19092,38,0.0,0.0002029867500015017
geoprr,20262022,no_relational_transport_router_stage_one,5,final_recipe,,,0.0009755282581475767,0.00023249777771222095,geoprr_router,3182,19092,38,0.0,0.00023249777771222095
geoprr,20262022,no_relational_transport_router_stage_one,6,final_recipe,,,0.0009619397662556432,0.00021373455554971263,geoprr_router,3182,19092,38,0.0,0.00021373455554971263
geoprr,20262022,no_relational_transport_router_stage_one,7,final_recipe,,,0.0009455032620941838,0.00023768763885729843,geoprr_router,3182,19092,38,0.0,0.00023768763885729843
geoprr,20262022,no_relational_transport_router_stage_one,8,final_recipe,,,0.000926320082177046,0.00020619061115818718,geoprr_router,3182,19092,38,0.0,0.00020619061115818718
geoprr,20262022,no_relational_transport_router_stage_one,9,final_recipe,,,0.0009045084971874736,0.00021015758328657183,geoprr_router,3182,19092,38,0.0,0.00021015758328657183
geoprr,20262022,no_relational_transport_router_stage_one,10,final_recipe,,,0.0008802029828000154,0.00019956116668052145,geoprr_router,3182,19092,38,0.0,0.00019956116668052145
geoprr,20262022,no_relational_transport_router_stage_one,11,final_recipe,,,0.0008535533905932736,0.0002090703055728227,geoprr_router,3182,19092,38,0.0,0.0002090703055728227
geoprr,20262022,no_relational_transport_router_stage_one,12,final_recipe,,,0.0008247240241650918,0.0002261479999611361,geoprr_router,3182,19092,38,0.0,0.0002261479999611361
geoprr,20262022,no_relational_transport_router_stage_one,13,final_recipe,,,0.0007938926261462365,0.0002022195278873874,geoprr_router,3182,19092,38,0.0,0.0002022195278873874
geoprr,20262022,no_relational_transport_router_stage_one,14,final_recipe,,,0.0007612492823579742,0.0002298361388966441,geoprr_router,3182,19092,38,0.0,0.0002298361388966441
geoprr,20262022,no_relational_transport_router_stage_one,15,final_recipe,,,0.0007269952498697732,0.00020985538877236345,geoprr_router,3182,19092,38,0.0,0.00020985538877236345
geoprr,20262022,no_relational_transport_router_stage_one,16,final_recipe,,,0.0006913417161825447,0.0002329656389904105,geoprr_router,3182,19092,38,0.0,0.0002329656389904105
geoprr,20262022,no_relational_transport_router_stage_one,17,final_recipe,,,0.0006545084971874736,0.00020233502766738335,geoprr_router,3182,19092,38,0.0,0.00020233502766738335
geoprr,20262022,no_relational_transport_router_stage_one,18,final_recipe,,,0.0006167226819279527,0.00020593108337682982,geoprr_router,3182,19092,38,0.0,0.00020593108337682982
geoprr,20262022,no_relational_transport_router_stage_one,19,final_recipe,,,0.0005782172325201154,0.0002206460834066901,geoprr_router,3182,19092,38,0.0,0.0002206460834066901
geoprr,20262022,no_relational_transport_router_stage_one,20,final_recipe,,,0.0005392295478639224,0.00019912438881066112,geoprr_router,3182,19092,38,0.0,0.00019912438881066112
geoprr,20262022,no_relational_transport_router_stage_one,21,final_recipe,,,0.0004999999999999999,0.00023243819441025456,geoprr_router,3182,19092,38,0.0,0.00023243819441025456
geoprr,20262022,no_relational_transport_router_stage_one,22,final_recipe,,,0.0004607704521360775,0.00020933000008679098,geoprr_router,3182,19092,38,0.0,0.00020933000008679098
geoprr,20262022,no_relational_transport_router_stage_one,23,final_recipe,,,0.0004217827674798846,0.00023302213883855276,geoprr_router,3182,19092,38,0.0,0.00023302213883855276
geoprr,20262022,no_relational_transport_router_stage_one,24,final_recipe,,,0.0003832773180720472,0.0002059664444014844,geoprr_router,3182,19092,38,0.0,0.0002059664444014844
geoprr,20262022,no_relational_transport_router_stage_one,25,final_recipe,,,0.0003454915028125262,0.00022096558331718876,geoprr_router,3182,19092,38,0.0,0.00022096558331718876
geoprr,20262022,no_relational_transport_router_stage_one,26,final_recipe,,,0.00030865828381745506,0.00020865394436340366,geoprr_router,3182,19092,38,0.0,0.00020865394436340366
geoprr,20262022,no_relational_transport_router_stage_one,27,final_recipe,,,0.0002730047501302265,0.00020916813893968032,geoprr_router,3182,19092,38,0.0,0.00020916813893968032
geoprr,20262022,no_relational_transport_router_stage_one,28,final_recipe,,,0.0002387507176420255,0.00022958766669034958,geoprr_router,3182,19092,38,0.0,0.00022958766669034958
geoprr,20262022,no_relational_transport_router_stage_one,29,final_recipe,,,0.0002061073738537634,0.00020292363892723288,geoprr_router,3182,19092,38,0.0,0.00020292363892723288
geoprr,20262022,no_relational_transport_router_stage_one,30,final_recipe,,,0.00017527597583490815,0.00022776527783005602,geoprr_router,3182,19092,38,0.0,0.00022776527783005602
geoprr,20262022,no_relational_transport_router_stage_one,31,final_recipe,,,0.0001464466094067262,0.00020415494438364275,geoprr_router,3182,19092,38,0.0,0.00020415494438364275
geoprr,20262022,no_relational_transport_router_stage_one,32,final_recipe,,,0.00011979701719998447,0.00022669777778598169,geoprr_router,3182,19092,38,0.0,0.00022669777778598169
geoprr,20262022,no_relational_transport_router_stage_one,33,final_recipe,,,9.549150281252627e-05,0.00020938294435230394,geoprr_router,3182,19092,38,0.0,0.00020938294435230394
geoprr,20262022,no_relational_transport_router_stage_one,34,final_recipe,,,7.367991782295387e-05,0.0002100800555975487,geoprr_router,3182,19092,38,0.0,0.0002100800555975487
geoprr,20262022,no_relational_transport_router_stage_one,35,final_recipe,,,5.4496737905816076e-05,0.000234388166702249,geoprr_router,3182,19092,38,0.0,0.000234388166702249
geoprr,20262022,no_relational_transport_router_stage_one,36,final_recipe,,,3.806023374435661e-05,0.0002010191111670186,geoprr_router,3182,19092,38,0.0,0.0002010191111670186
geoprr,20262022,no_relational_transport_router_stage_one,37,final_recipe,,,2.447174185242322e-05,0.000212583277736687,geoprr_router,3182,19092,38,0.0,0.000212583277736687
geoprr,20262022,no_relational_transport_router_stage_one,38,final_recipe,,,1.3815039801161714e-05,0.00020030116675318115,geoprr_router,3182,19092,38,0.0,0.00020030116675318115
geoprr,20262022,no_relational_transport_router_stage_one,39,final_recipe,,,6.155829702431168e-06,0.00021921788898503615,geoprr_router,3182,19092,38,0.0,0.00021921788898503615
geoprr,20262022,no_relational_transport_router_stage_one,40,final_recipe,,,1.5413331334360176e-06,0.00023265433342506487,geoprr_router,3182,19092,38,0.0,0.00023265433342506487
geoprr,20262022,no_relational_transport_router_stage_two,1,final_recipe,,,0.0003,5.645055660150117e-06,geoprr_router,3182,19092,1,0.0,5.645055660150117e-06
geoprr,20262022,no_relational_transport_router_stage_two,2,final_recipe,,,0.00029994859874633357,5.112305516377092e-06,geoprr_router,3182,19092,1,0.0,5.112305516377092e-06
geoprr,20262022,no_relational_transport_router_stage_two,3,final_recipe,,,0.0002997944302131861,4.567750082868668e-06,geoprr_router,3182,19092,1,0.0,4.567750082868668e-06
geoprr,20262022,no_relational_transport_router_stage_two,4,final_recipe,,,0.0002995376000599692,4.253111158808072e-06,geoprr_router,3182,19092,1,0.0,4.253111158808072e-06
geoprr,20262022,no_relational_transport_router_stage_two,5,final_recipe,,,0.000299178284305241,4.386305550320281e-06,geoprr_router,3182,19092,1,0.0,4.386305550320281e-06
geoprr,20262022,no_relational_transport_router_stage_two,6,final_recipe,,,0.0002987167292060716,4.626055532652471e-06,geoprr_router,3182,19092,1,0.0,4.626055532652471e-06
geoprr,20262022,no_relational_transport_router_stage_two,7,final_recipe,,,0.0002981532510892707,4.589000018313527e-06,geoprr_router,3182,19092,1,0.0,4.589000018313527e-06
geoprr,20262022,no_relational_transport_router_stage_two,8,final_recipe,,,0.0002974882361345932,4.037777738024791e-06,geoprr_router,3182,19092,1,0.0,4.037777738024791e-06
geoprr,20262022,no_relational_transport_router_stage_two,9,final_recipe,,,0.00029672214011007087,4.527444511445032e-06,geoprr_router,3182,19092,1,0.0,4.527444511445032e-06
geoprr,20262022,no_relational_transport_router_stage_two,10,final_recipe,,,0.0002958554880596515,3.860944416373968e-06,geoprr_router,3182,19092,1,0.0,3.860944416373968e-06
geoprr,20262022,no_relational_transport_router_stage_two,11,final_recipe,,,0.0002948888739433602,4.33063897718158e-06,geoprr_router,3182,19092,1,0.0,4.33063897718158e-06
geoprr,20262022,no_relational_transport_router_stage_two,12,final_recipe,,,0.00029382296023022894,4.397638840600848e-06,geoprr_router,3182,19092,1,0.0,4.397638840600848e-06
geoprr,20262022,no_relational_transport_router_stage_two,13,final_recipe,,,0.00029265847744427303,3.8111666476147044e-06,geoprr_router,3182,19092,1,0.0,3.8111666476147044e-06
geoprr,20262022,no_relational_transport_router_stage_two,14,final_recipe,,,0.00029139622366382674,4.491805642222365e-06,geoprr_router,3182,19092,1,0.0,4.491805642222365e-06
geoprr,20262022,no_relational_transport_router_stage_two,15,final_recipe,,,0.00029003706397458023,4.3755833111289474e-06,geoprr_router,3182,19092,1,0.0,4.3755833111289474e-06
geoprr,20262022,no_relational_transport_router_stage_two,16,final_recipe,,,0.000288581929876693,4.12975011082987e-06,geoprr_router,3182,19092,1,0.0,4.12975011082987e-06
geoprr,20262022,no_relational_transport_router_stage_two,17,final_recipe,,,0.0002870318186463901,4.610472307023075e-06,geoprr_router,3182,19092,1,0.0,4.610472307023075e-06
geoprr,20262022,no_relational_transport_router_stage_two,18,final_recipe,,,0.0002853877926524791,4.59858332760632e-06,geoprr_router,3182,19092,1,0.0,4.59858332760632e-06
geoprr,20262022,no_relational_transport_router_stage_two,19,final_recipe,,,0.0002836509786282552,4.9471666312052145e-06,geoprr_router,3182,19092,1,0.0,4.9471666312052145e-06
geoprr,20262022,no_relational_transport_router_stage_two,20,final_recipe,,,0.0002818225668992948,4.962361159010066e-06,geoprr_router,3182,19092,1,0.0,4.962361159010066e-06
geoprr,20262022,no_relational_transport_router_stage_two,21,final_recipe,,,0.00027990381056766585,4.212694346076912e-06,geoprr_router,3182,19092,1,0.0,4.212694346076912e-06
geoprr,20262022,no_relational_transport_router_stage_two,22,final_recipe,,,0.00027789602465311383,4.579472200324138e-06,geoprr_router,3182,19092,1,0.0,4.579472200324138e-06
geoprr,20262022,no_relational_transport_router_stage_two,23,final_recipe,,,0.0002758005851918136,4.318777808091707e-06,geoprr_router,3182,19092,1,0.0,4.318777808091707e-06
geoprr,20262022,no_relational_transport_router_stage_two,24,final_recipe,,,0.00027361892829330236,4.693527783577641e-06,geoprr_router,3182,19092,1,0.0,4.693527783577641e-06
geoprr,20262022,no_relational_transport_router_stage_two,25,final_recipe,,,0.0002713525491562421,4.599416602609886e-06,geoprr_router,3182,19092,1,0.0,4.599416602609886e-06
geoprr,20262022,no_relational_transport_router_stage_two,26,final_recipe,,,0.0002690030010436853,4.248805473455124e-06,geoprr_router,3182,19092,1,0.0,4.248805473455124e-06
geoprr,20262022,no_relational_transport_router_stage_two,27,final_recipe,,,0.0002665718942185457,4.183583401350512e-06,geoprr_router,3182,19092,1,0.0,4.183583401350512e-06
geoprr,20262022,no_relational_transport_router_stage_two,28,final_recipe,,,0.0002640608948400047,3.828333380321661e-06,geoprr_router,3182,19092,1,0.0,3.828333380321661e-06
geoprr,20262022,no_relational_transport_router_stage_two,29,final_recipe,,,0.0002614717238216092,4.401805603669749e-06,geoprr_router,3182,19092,1,0.0,4.401805603669749e-06
geoprr,20262022,no_relational_transport_router_stage_two,30,final_recipe,,,0.0002588061556518432,4.543833331101471e-06,geoprr_router,3182,19092,1,0.0,4.543833331101471e-06
geoprr,20262022,no_relational_transport_router_stage_two,31,final_recipe,,,0.00025606601717798223,4.574750006819765e-06,geoprr_router,3182,19092,1,0.0,4.574750006819765e-06
geoprr,20262022,no_relational_transport_router_stage_two,32,final_recipe,,,0.00025325318635406314,4.120305594470766e-06,geoprr_router,3182,19092,1,0.0,4.120305594470766e-06
geoprr,20262022,no_relational_transport_router_stage_two,33,final_recipe,,,0.0002503695909538288,4.410472206978335e-06,geoprr_router,3182,19092,1,0.0,4.410472206978335e-06
geoprr,20262022,no_relational_transport_router_stage_two,34,final_recipe,,,0.00024741720724952765,4.971638942758243e-06,geoprr_router,3182,19092,1,0.0,4.971638942758243e-06
geoprr,20262022,no_relational_transport_router_stage_two,35,final_recipe,,,0.00024439805865747574,4.535333331053456e-06,geoprr_router,3182,19092,1,0.0,4.535333331053456e-06
geoprr,20262022,no_relational_transport_router_stage_two,36,final_recipe,,,0.00024131421435130823,4.746277764853504e-06,geoprr_router,3182,19092,1,0.0,4.746277764853504e-06
geoprr,20262022,no_relational_transport_router_stage_two,37,final_recipe,,,0.0002381677878438711,4.621277718494336e-06,geoprr_router,3182,19092,1,0.0,4.621277718494336e-06
geoprr,20262022,no_relational_transport_router_stage_two,38,final_recipe,,,0.00023496093553872503,4.359611128974292e-06,geoprr_router,3182,19092,1,0.0,4.359611128974292e-06
geoprr,20262022,no_relational_transport_router_stage_two,39,final_recipe,,,0.00023169585525225419,5.1123611370308535e-06,geoprr_router,3182,19092,1,0.0,5.1123611370308535e-06
geoprr,20262022,no_relational_transport_router_stage_two,40,final_recipe,,,0.00022837478470739243,4.698583312953512e-06,geoprr_router,3182,19092,1,0.0,4.698583312953512e-06
geoprr,20262022,no_relational_transport_router_stage_two,41,final_recipe,,,0.0002250000000000001,4.901638927145137e-06,geoprr_router,3182,19092,1,0.0,4.901638927145137e-06
geoprr,20262022,no_relational_transport_router_stage_two,42,final_recipe,,,0.0002215738140389414,4.509361072753867e-06,geoprr_router,3182,19092,1,0.0,4.509361072753867e-06
geoprr,20262022,no_relational_transport_router_stage_two,43,final_recipe,,,0.00021809857496093212,4.97627783463233e-06,geoprr_router,3182,19092,1,0.0,4.97627783463233e-06
geoprr,20262022,no_relational_transport_router_stage_two,44,final_recipe,,,0.0002145766645212444,4.631749923444457e-06,geoprr_router,3182,19092,1,0.0,4.631749923444457e-06
geoprr,20262022,no_relational_transport_router_stage_two,45,final_recipe,,,0.00021101049646137014,4.3884721688098374e-06,geoprr_router,3182,19092,1,0.0,4.3884721688098374e-06
geoprr,20262022,no_relational_transport_router_stage_two,46,final_recipe,,,0.00020740251485476356,4.532555532124308e-06,geoprr_router,3182,19092,1,0.0,4.532555532124308e-06
geoprr,20262022,no_relational_transport_router_stage_two,47,final_recipe,,,0.00020375519243179515,4.935388893095984e-06,geoprr_router,3182,19092,1,0.0,4.935388893095984e-06
geoprr,20262022,no_relational_transport_router_stage_two,48,final_recipe,,,0.00020007102888506572,4.222666611894965e-06,geoprr_router,3182,19092,1,0.0,4.222666611894965e-06
geoprr,20262022,no_relational_transport_router_stage_two,49,final_recipe,,,0.00019635254915624222,4.903333416829506e-06,geoprr_router,3182,19092,1,0.0,4.903333416829506e-06
geoprr,20262022,no_relational_transport_router_stage_two,50,final_recipe,,,0.00019260230170558851,4.525805642414424e-06,geoprr_router,3182,19092,1,0.0,4.525805642414424e-06
geoprr,20262022,no_relational_transport_router_stage_two,51,final_recipe,,,0.00018882285676537818,4.689444322139024e-06,geoprr_router,3182,19092,1,0.0,4.689444322139024e-06
geoprr,20262022,no_relational_transport_router_stage_two,52,final_recipe,,,0.0001850168045783859,4.604833407534493e-06,geoprr_router,3182,19092,1,0.0,4.604833407534493e-06
geoprr,20262022,no_relational_transport_router_stage_two,53,final_recipe,,,0.00018118675362266396,4.788388808568318e-06,geoprr_router,3182,19092,1,0.0,4.788388808568318e-06
geoprr,20262022,no_relational_transport_router_stage_two,54,final_recipe,,,0.0001773353288238222,5.165499945481618e-06,geoprr_router,3182,19092,1,0.0,5.165499945481618e-06
geoprr,20262022,no_relational_transport_router_stage_two,55,final_recipe,,,0.00017346516975603473,4.356305451235837e-06,geoprr_router,3182,19092,1,0.0,4.356305451235837e-06
geoprr,20262022,no_relational_transport_router_stage_two,56,final_recipe,,,0.00016957892883300783,4.848499989344014e-06,geoprr_router,3182,19092,1,0.0,4.848499989344014e-06
geoprr,20262022,no_relational_transport_router_stage_two,57,final_recipe,,,0.00016567926949014812,4.117888812389639e-06,geoprr_router,3182,19092,1,0.0,4.117888812389639e-06
geoprr,20262022,no_relational_transport_router_stage_two,58,final_recipe,,,0.00016176886435917683,4.935722228967481e-06,geoprr_router,3182,19092,1,0.0,4.935722228967481e-06
geoprr,20262022,no_relational_transport_router_stage_two,59,final_recipe,,,0.00015785039343644162,4.754138774135047e-06,geoprr_router,3182,19092,1,0.0,4.754138774135047e-06
geoprr,20262022,no_relational_transport_router_stage_two,60,final_recipe,,,0.000153926542246181,4.6047221662269696e-06,geoprr_router,3182,19092,1,0.0,4.6047221662269696e-06
geoprr,20262022,no_relational_transport_router_stage_two,61,final_recipe,,,0.00015000000000000007,3.895388993745049e-06,geoprr_router,3182,19092,1,0.0,3.895388993745049e-06
geoprr,20262022,no_relational_transport_router_stage_two,62,final_recipe,,,0.0001460734577538191,4.4005277514871626e-06,geoprr_router,3182,19092,1,0.0,4.4005277514871626e-06
geoprr,20262022,no_relational_transport_router_stage_two,63,final_recipe,,,0.0001421496065635585,4.588333346570531e-06,geoprr_router,3182,19092,1,0.0,4.588333346570531e-06
geoprr,20262022,no_relational_transport_router_stage_two,64,final_recipe,,,0.0001382311356408233,4.2339445402224855e-06,geoprr_router,3182,19092,1,0.0,4.2339445402224855e-06
geoprr,20262022,no_relational_transport_router_stage_two,65,final_recipe,,,0.00013432073050985202,4.549694454504384e-06,geoprr_router,3182,19092,1,0.0,4.549694454504384e-06
geoprr,20262022,no_relational_transport_router_stage_two,66,final_recipe,,,0.0001304210711669923,4.106861047653689e-06,geoprr_router,3182,19092,1,0.0,4.106861047653689e-06
geoprr,20262022,no_relational_transport_router_stage_two,67,final_recipe,,,0.00012653483024396538,4.229888889110751e-06,geoprr_router,3182,19092,1,0.0,4.229888889110751e-06
geoprr,20262022,no_relational_transport_router_stage_two,68,final_recipe,,,0.00012266467117617793,4.871444414473242e-06,geoprr_router,3182,19092,1,0.0,4.871444414473242e-06
geoprr,20262022,no_relational_transport_router_stage_two,69,final_recipe,,,0.0001188132463773361,4.601250014578303e-06,geoprr_router,3182,19092,1,0.0,4.601250014578303e-06
geoprr,20262022,no_relational_transport_router_stage_two,70,final_recipe,,,0.0001149831954216142,5.203222131563558e-06,geoprr_router,3182,19092,1,0.0,5.203222131563558e-06
geoprr,20262022,no_relational_transport_router_stage_two,71,final_recipe,,,0.0001111771432346219,4.377305481789841e-06,geoprr_router,3182,19092,1,0.0,4.377305481789841e-06
geoprr,20262022,no_relational_transport_router_stage_two,72,final_recipe,,,0.0001073976982944116,3.749111072263784e-06,geoprr_router,3182,19092,1,0.0,3.749111072263784e-06
geoprr,20262022,no_relational_transport_router_stage_two,73,final_recipe,,,0.0001036474508437579,4.003277669350306e-06,geoprr_router,3182,19092,1,0.0,4.003277669350306e-06
geoprr,20262022,no_relational_transport_router_stage_two,74,final_recipe,,,9.992897111493437e-05,3.9670277490384045e-06,geoprr_router,3182,19092,1,0.0,3.9670277490384045e-06
geoprr,20262022,no_relational_transport_router_stage_two,75,final_recipe,,,9.624480756820496e-05,4.08975006495085e-06,geoprr_router,3182,19092,1,0.0,4.08975006495085e-06
geoprr,20262022,no_relational_transport_router_stage_two,76,final_recipe,,,9.259748514523653e-05,4.499861194441716e-06,geoprr_router,3182,19092,1,0.0,4.499861194441716e-06
geoprr,20262022,no_relational_transport_router_stage_two,77,final_recipe,,,8.898950353862997e-05,4.504083319463663e-06,geoprr_router,3182,19092,1,0.0,4.504083319463663e-06
geoprr,20262022,no_relational_transport_router_stage_two,78,final_recipe,,,8.542333547875576e-05,4.553833277896046e-06,geoprr_router,3182,19092,1,0.0,4.553833277896046e-06
geoprr,20262022,no_relational_transport_router_stage_two,79,final_recipe,,,8.190142503906799e-05,4.587194416671991e-06,geoprr_router,3182,19092,1,0.0,4.587194416671991e-06
geoprr,20262022,no_relational_transport_router_stage_two,80,final_recipe,,,7.842618596105874e-05,4.480944351396627e-06,geoprr_router,3182,19092,1,0.0,4.480944351396627e-06
geoprr,20262022,no_relational_transport_router_stage_two,81,final_recipe,,,7.500000000000003e-05,4.685138895486792e-06,geoprr_router,3182,19092,1,0.0,4.685138895486792e-06
geoprr,20262022,no_relational_transport_router_stage_two,82,final_recipe,,,7.162521529260768e-05,4.573333361703489e-06,geoprr_router,3182,19092,1,0.0,4.573333361703489e-06
geoprr,20262022,no_relational_transport_router_stage_two,83,final_recipe,,,6.830414474774599e-05,4.657083449678288e-06,geoprr_router,3182,19092,1,0.0,4.657083449678288e-06
geoprr,20262022,no_relational_transport_router_stage_two,84,final_recipe,,,6.503906446127505e-05,4.7803610666758484e-06,geoprr_router,3182,19092,1,0.0,4.7803610666758484e-06
geoprr,20262022,no_relational_transport_router_stage_two,85,final_recipe,,,6.183221215612905e-05,4.541055532172323e-06,geoprr_router,3182,19092,1,0.0,4.541055532172323e-06
geoprr,20262022,no_relational_transport_router_stage_two,86,final_recipe,,,5.868578564869191e-05,4.224444532559978e-06,geoprr_router,3182,19092,1,0.0,4.224444532559978e-06
geoprr,20262022,no_relational_transport_router_stage_two,87,final_recipe,,,5.5601941342524416e-05,4.703083282543553e-06,geoprr_router,3182,19092,1,0.0,4.703083282543553e-06
geoprr,20262022,no_relational_transport_router_stage_two,88,final_recipe,,,5.258279275047248e-05,4.13608336303797e-06,geoprr_router,3182,19092,1,0.0,4.13608336303797e-06
geoprr,20262022,no_relational_transport_router_stage_two,89,final_recipe,,,4.963040904617132e-05,4.859638995387488e-06,geoprr_router,3182,19092,1,0.0,4.859638995387488e-06
geoprr,20262022,no_relational_transport_router_stage_two,90,final_recipe,,,4.674681364593688e-05,4.076083294219441e-06,geoprr_router,3182,19092,1,0.0,4.076083294219441e-06
geoprr,20262022,no_relational_transport_router_stage_two,91,final_recipe,,,4.393398282201788e-05,4.385444464989834e-06,geoprr_router,3182,19092,1,0.0,4.385444464989834e-06
geoprr,20262022,no_relational_transport_router_stage_two,92,final_recipe,,,4.119384434815686e-05,4.024166587947143e-06,geoprr_router,3182,19092,1,0.0,4.024166587947143e-06
geoprr,20262022,no_relational_transport_router_stage_two,93,final_recipe,,,3.852827617839089e-05,4.378166567120287e-06,geoprr_router,3182,19092,1,0.0,4.378166567120287e-06
geoprr,20262022,no_relational_transport_router_stage_two,94,final_recipe,,,3.5939105159995365e-05,4.331500062512027e-06,geoprr_router,3182,19092,1,0.0,4.331500062512027e-06
geoprr,20262022,no_relational_transport_router_stage_two,95,final_recipe,,,3.342810578145437e-05,4.250638885423541e-06,geoprr_router,3182,19092,1,0.0,4.250638885423541e-06
geoprr,20262022,no_relational_transport_router_stage_two,96,final_recipe,,,3.0996998956314715e-05,4.189472335080306e-06,geoprr_router,3182,19092,1,0.0,4.189472335080306e-06
geoprr,20262022,no_relational_transport_router_stage_two,97,final_recipe,,,2.8647450843757904e-05,4.013249935168359e-06,geoprr_router,3182,19092,1,0.0,4.013249935168359e-06
geoprr,20262022,no_relational_transport_router_stage_two,98,final_recipe,,,2.6381071706697685e-05,5.101333372294903e-06,geoprr_router,3182,19092,1,0.0,5.101333372294903e-06
geoprr,20262022,no_relational_transport_router_stage_two,99,final_recipe,,,2.4199414808186416e-05,4.6393611571855015e-06,geoprr_router,3182,19092,1,0.0,4.6393611571855015e-06
geoprr,20262022,no_relational_transport_router_stage_two,100,final_recipe,,,2.210397534688618e-05,4.066472174599767e-06,geoprr_router,3182,19092,1,0.0,4.066472174599767e-06
geoprr,20262022,no_relational_transport_router_stage_two,101,final_recipe,,,2.00961894323342e-05,3.992805593750543e-06,geoprr_router,3182,19092,1,0.0,3.992805593750543e-06
geoprr,20262022,no_relational_transport_router_stage_two,102,final_recipe,,,1.8177433100705214e-05,5.093499914639526e-06,geoprr_router,3182,19092,1,0.0,5.093499914639526e-06
geoprr,20262022,no_relational_transport_router_stage_two,103,final_recipe,,,1.6349021371744837e-05,4.467972192085451e-06,geoprr_router,3182,19092,1,0.0,4.467972192085451e-06
geoprr,20262022,no_relational_transport_router_stage_two,104,final_recipe,,,1.4612207347520943e-05,4.163194421885742e-06,geoprr_router,3182,19092,1,0.0,4.163194421885742e-06
geoprr,20262022,no_relational_transport_router_stage_two,105,final_recipe,,,1.2968181353609857e-05,4.7950277156713936e-06,geoprr_router,3182,19092,1,0.0,4.7950277156713936e-06
geoprr,20262022,no_relational_transport_router_stage_two,106,final_recipe,,,1.1418070123306994e-05,4.86302784540587e-06,geoprr_router,3182,19092,1,0.0,4.86302784540587e-06
geoprr,20262022,no_relational_transport_router_stage_two,107,final_recipe,,,9.962936025419743e-06,4.431083410357436e-06,geoprr_router,3182,19092,1,0.0,4.431083410357436e-06
geoprr,20262022,no_relational_transport_router_stage_two,108,final_recipe,,,8.603776336173257e-06,5.152388863886396e-06,geoprr_router,3182,19092,1,0.0,5.152388863886396e-06
geoprr,20262022,no_relational_transport_router_stage_two,109,final_recipe,,,7.341522555726974e-06,4.349305527284741e-06,geoprr_router,3182,19092,1,0.0,4.349305527284741e-06
geoprr,20262022,no_relational_transport_router_stage_two,110,final_recipe,,,6.177039769771062e-06,4.929277735451857e-06,geoprr_router,3182,19092,1,0.0,4.929277735451857e-06
geoprr,20262022,no_relational_transport_router_stage_two,111,final_recipe,,,5.111126056639755e-06,4.17472212575376e-06,geoprr_router,3182,19092,1,0.0,4.17472212575376e-06
geoprr,20262022,no_relational_transport_router_stage_two,112,final_recipe,,,4.144511940348518e-06,3.96022223867476e-06,geoprr_router,3182,19092,1,0.0,3.96022223867476e-06
geoprr,20262022,no_relational_transport_router_stage_two,113,final_recipe,,,3.2778598899291478e-06,4.268472289873494e-06,geoprr_router,3182,19092,1,0.0,4.268472289873494e-06
geoprr,20262022,no_relational_transport_router_stage_two,114,final_recipe,,,2.5117638654068248e-06,3.925222101517849e-06,geoprr_router,3182,19092,1,0.0,3.925222101517849e-06
geoprr,20262022,no_relational_transport_router_stage_two,115,final_recipe,,,1.8467489107293517e-06,4.659166637187203e-06,geoprr_router,3182,19092,1,0.0,4.659166637187203e-06
geoprr,20262022,no_relational_transport_router_stage_two,116,final_recipe,,,1.283270793928443e-06,4.5376666821539404e-06,geoprr_router,3182,19092,1,0.0,4.5376666821539404e-06
geoprr,20262022,no_relational_transport_router_stage_two,117,final_recipe,,,8.217156947589902e-07,5.0490277094973454e-06,geoprr_router,3182,19092,1,0.0,5.0490277094973454e-06
geoprr,20262022,no_relational_transport_router_stage_two,118,final_recipe,,,4.623999400308056e-07,4.418694491808613e-06,geoprr_router,3182,19092,1,0.0,4.418694491808613e-06
geoprr,20262022,no_relational_transport_router_stage_two,119,final_recipe,,,2.055697868139251e-07,5.003027747281723e-06,geoprr_router,3182,19092,1,0.0,5.003027747281723e-06
geoprr,20262022,no_relational_transport_router_stage_two,120,final_recipe,,,5.1401253666411035e-08,4.945388839890559e-06,geoprr_router,3182,19092,1,0.0,4.945388839890559e-06
