seed,stage,pipeline_stage,epoch,learning_rate,elapsed_seconds,training_elapsed_seconds,train_elapsed_seconds,steps,optimizer_steps,samples,unique_training_images,image_condition_rows,condition_rows,physical_samples_seen,metric_absolute_moment_error,metric_absolute_total_shift,metric_combined_risk_weight,metric_condition_regression,metric_consistency,metric_final_l1,metric_gain,metric_gain_loss,metric_gradient_norm,metric_loss,metric_mean_absolute_shift,metric_mean_condition_l1,metric_mean_risk_weight,metric_moment_budget_gain,metric_nmae,metric_no_harm,metric_polar_consistency,metric_prior_kl,metric_raw_nmae,metric_relation_available,metric_route,metric_route_imitation,metric_route_loss,metric_sarn_nmae,metric_scale16_feature_residual_rms,metric_scale8_feature_residual_rms,metric_tail10,metric_tail_l1,metric_tail_risk_weight,metric_weighted_exact_l1,metric_worst_excess
20262020,remst,remst,1,0.0003,316.9208585000597,316.92085730005056,,2000,2000,,16000,48000,48000,16000,1.2788727936613453e-08,0.00415353084424396,,,,,,,,0.4593951003551483,,,,1.022807324975729,0.014252641474828125,,,,0.024310812142677603,0.9432083427608013,,,,0.01712102361000143,0.022375197865650988,0.027822018503706202,,,,,
20262020,remst,remst,2,0.0002713525491562421,318.3853825000115,318.38538130000234,,2000,2000,,16000,48000,48000,16000,1.300158851191835e-08,0.007128028876613826,,,,,,,,0.43818717856705186,,,,1.0732166503071785,0.01251856765418779,,,,0.024313403767067938,0.9445000095069408,,,,0.017450233069946988,0.03138929296704009,0.03431782669294626,,,,,
20262020,remst,remst,3,0.0001963525491562421,317.69745340012014,317.69745199987665,,2000,2000,,16000,48000,48000,16000,1.2979857652167803e-08,0.008692064953269437,,,,,,,,0.42502634692192076,,,,1.1119210934042931,0.011454388124053366,,,,0.02479233635449782,0.9443125092089176,,,,0.01752058740123175,0.03499482626654208,0.03743883130326867,,,,,
20262020,remst,remst,4,0.00010364745084375788,318.2906456999481,318.2906442997046,,2000,2000,,16000,48000,48000,16000,1.280700029667424e-08,0.009034229207667522,,,,,,,,0.4233431570231915,,,,1.1362197304964066,0.011506303827511147,,,,0.02498681360995397,0.9438750091791153,,,,0.017932971591129897,0.03655834203865379,0.03746152537688613,,,,,
20262020,remst,remst,5,2.8647450843757894e-05,318.1418241998181,318.14182269992307,,2000,2000,,16000,48000,48000,16000,1.2833120973608156e-08,0.008995528429048136,,,,,,,,0.4160557021200657,,,,1.1483505214452743,0.010937767257797533,,,,0.024749166124500333,0.9436875088512897,,,,0.017418012619949876,0.03709154134523124,0.03717778890579939,,,,,
20262020,r2mt_mean_risk,r2mt,1,0.001,0.7940087001770735,,0.7940064002759755,,63,,16000,48000,,,,,,,0.005411666251718998,,,,,0.00959295354783535,0.0027130813002586365,,,,,,,,,,,,,,,,,0.017599506020545958,,0.007724767751991749,
20262020,r2mt_mean_risk,r2mt,2,0.000998458666866564,0.777840600349009,,0.7778392001055181,,63,,16000,48000,,,,,,,0.0052702312953770165,,,,,0.008633000560104846,0.0018099597860127689,,,,,,,,,,,,,,,,,0.016277324363589286,,0.006899862799793482,
20262020,r2mt_mean_risk,r2mt,3,0.0009938441702975688,0.748652399983257,,0.748650100082159,,63,,16000,48000,,,,,,,0.005179495971649885,,,,,0.008430897362530231,0.0022863422967493536,,,,,,,,,,,,,,,,,0.015853178799152375,,0.006741988506168127,
20262020,r2mt_mean_risk,r2mt,4,0.0009861849601988382,0.8115110998041928,,0.811508399900049,,63,,16000,48000,,,,,,,0.005112684078514576,,,,,0.008152461919933558,0.0026424054224044083,,,,,,,,,,,,,,,,,0.015378211498260498,,0.006512385580688715,
20262020,r2mt_mean_risk,r2mt,5,0.0009755282581475767,0.757882900070399,,0.7578805000521243,,63,,16000,48000,,,,,,,0.005059001259505749,,,,,0.007951887413859368,0.0029971632529050113,,,,,,,,,,,,,,,,,0.014927572220563888,,0.006357948135584593,
20262020,r2mt_mean_risk,r2mt,6,0.0009619397662556432,0.7419789000414312,,0.7419769000262022,,63,,16000,48000,,,,,,,0.005010127417743206,,,,,0.007773488871753216,0.0031629264913499355,,,,,,,,,,,,,,,,,0.014586929596960545,,0.006214590981602669,
20262020,r2mt_mean_risk,r2mt,7,0.0009455032620941838,0.7630597995594144,,0.7630575997754931,,63,,16000,48000,,,,,,,0.004949235647916794,,,,,0.0075522555112838745,0.003451919849961996,,,,,,,,,,,,,,,,,0.014157138958573342,,0.006037554025650024,
20262020,r2mt_mean_risk,r2mt,8,0.000926320082177046,0.8261921000666916,,0.8261895999312401,,63,,16000,48000,,,,,,,0.004899945065379142,,,,,0.007402514971792698,0.0036012832038104536,,,,,,,,,,,,,,,,,0.013869961351156234,,0.005917516767978668,
20262020,r2mt_mean_risk,r2mt,9,0.0009045084971874736,0.758150499779731,,0.7581492001190782,,63,,16000,48000,,,,,,,0.004860209807753563,,,,,0.007169365361332894,0.003830426061525941,,,,,,,,,,,,,,,,,0.013424570001661777,,0.00572970074787736,
20262020,r2mt_mean_risk,r2mt,10,0.0008802029828000154,0.7721337000839412,,0.7721322998404503,,63,,16000,48000,,,,,,,0.004807741031050682,,,,,0.006981800653040409,0.003989664688706398,,,,,,,,,,,,,,,,,0.013063757844269277,,0.005579266265034676,
20262020,r2mt_mean_risk,r2mt,11,0.0008535533905932736,0.8314662999473512,,0.8314648997038603,,63,,16000,48000,,,,,,,0.004771776583045721,,,,,0.006880280613899231,0.004100286297500134,,,,,,,,,,,,,,,,,0.012821607612073422,,0.005502680294215679,
20262020,r2mt_mean_risk,r2mt,12,0.0008247240241650918,0.770527099724859,,0.7705257995985448,,63,,16000,48000,,,,,,,0.0047323032990098,,,,,0.006687390450388193,0.0042630285397171975,,,,,,,,,,,,,,,,,0.012457509063184262,,0.005346989087760448,
20262020,r2mt_mean_risk,r2mt,13,0.0007938926261462365,0.7929607997648418,,0.7929590996354818,,63,,16000,48000,,,,,,,0.004659302104264498,,,,,0.006518180668354035,0.00437252214923501,,,,,,,,,,,,,,,,,0.01214518240839243,,0.005210471842437983,
20262020,r2mt_mean_risk,r2mt,14,0.0007612492823579742,0.777097100391984,,0.7770958002656698,,63,,16000,48000,,,,,,,0.004634967822581529,,,,,0.0063471455499529835,0.00448211221024394,,,,,,,,,,,,,,,,,0.011855864226818084,,0.005068854939192534,
20262020,r2mt_mean_risk,r2mt,15,0.0007269952498697732,0.8575124000199139,,0.857511100359261,,63,,16000,48000,,,,,,,0.004588938824832439,,,,,0.006269094556570053,0.004602242700755596,,,,,,,,,,,,,,,,,0.011658104673027992,,0.005011500351130962,
20262020,r2mt_mean_risk,r2mt,16,0.0006913417161825447,0.7623522002249956,,0.7623513001017272,,63,,16000,48000,,,,,,,0.0045442676916718485,,,,,0.006053983390331268,0.004711685121059418,,,,,,,,,,,,,,,,,0.011246404595673084,,0.00483845230191946,
20262020,r2mt_mean_risk,r2mt,17,0.0006545084971874736,0.7388278003782034,,0.7388262003660202,,63,,16000,48000,,,,,,,0.004493784591555595,,,,,0.005956210535019636,0.004820202562958002,,,,,,,,,,,,,,,,,0.011065960004925728,,0.004759733397513628,
20262020,r2mt_mean_risk,r2mt,18,0.0006167226819279527,0.7663986999541521,,0.7663973001763225,,63,,16000,48000,,,,,,,0.004454550925642252,,,,,0.005779129087924957,0.0048875192478299145,,,,,,,,,,,,,,,,,0.010756428495049477,,0.004614389661699534,
20262020,r2mt_mean_risk,r2mt,19,0.0005782172325201154,0.8336354000493884,,0.833633600268513,,63,,16000,48000,,,,,,,0.004405278265476226,,,,,0.005586802199482918,0.005042067568749189,,,,,,,,,,,,,,,,,0.01036171966791153,,0.0044625187367200855,
20262020,r2mt_mean_risk,r2mt,20,0.0005392295478639224,0.7818967998027802,,0.7818958000279963,,63,,16000,48000,,,,,,,0.004354494886472821,,,,,0.005477635383605957,0.00508485484495759,,,,,,,,,,,,,,,,,0.010170292280614376,,0.004373510222882032,
20262020,r2mt_mean_risk,r2mt,21,0.0004999999999999999,0.7688683001324534,,0.768867100123316,,63,,16000,48000,,,,,,,0.004325838882476092,,,,,0.005335698250681162,0.005181766338646412,,,,,,,,,,,,,,,,,0.009922736927866936,,0.004256901551038026,
20262020,r2mt_mean_risk,r2mt,22,0.0004607704521360775,0.7876072996295989,,0.7876057997345924,,63,,16000,48000,,,,,,,0.004273326892405748,,,,,0.005225048970431089,0.005251964092254638,,,,,,,,,,,,,,,,,0.009693515807390213,,0.004170224560424685,
20262020,r2mt_mean_risk,r2mt,23,0.0004217827674798846,0.8831599000841379,,0.8831583000719547,,63,,16000,48000,,,,,,,0.004213767115026712,,,,,0.005047322150319815,0.005349523220211268,,,,,,,,,,,,,,,,,0.009381626538932323,,0.004024877667427063,
20262020,r2mt_mean_risk,r2mt,24,0.0003832773180720472,0.7452545999549329,,0.7452532001771033,,63,,16000,48000,,,,,,,0.00418095251917839,,,,,0.004946889135986567,0.0054338198378682135,,,,,,,,,,,,,,,,,0.00919682877510786,,0.003943580551072955,
20262020,r2mt_mean_risk,r2mt,25,0.0003454915028125262,0.7833044999279082,,0.7833032999187708,,63,,16000,48000,,,,,,,0.004100944705307484,,,,,0.0047873867824673655,0.005483760356903076,,,,,,,,,,,,,,,,,0.00893414232879877,,0.0038119468707591294,
20262020,r2mt_mean_risk,r2mt,26,0.00030865828381745506,0.8746732999570668,,0.8746726997196674,,63,,16000,48000,,,,,,,0.004075551507994533,,,,,0.004731216043233871,0.0055328007601201535,,,,,,,,,,,,,,,,,0.008822572611272336,,0.003767440898343921,
20262020,r2mt_mean_risk,r2mt,27,0.0002730047501302265,0.7630660003051162,,0.7630652002990246,,63,,16000,48000,,,,,,,0.004016143944114447,,,,,0.004604212392121553,0.00556818700954318,,,,,,,,,,,,,,,,,0.008617093332111836,,0.003662173245102167,
20262020,r2mt_mean_risk,r2mt,28,0.0002387507176420255,0.7536721001379192,,0.7536713001318276,,63,,16000,48000,,,,,,,0.003981840074062348,,,,,0.00448953240737319,0.005621870506554842,,,,,,,,,,,,,,,,,0.008427730165421962,,0.003567115552723408,
20262020,r2mt_mean_risk,r2mt,29,0.0002061073738537634,0.7928301002830267,,0.7928294003941119,,63,,16000,48000,,,,,,,0.003948760328814387,,,,,0.004396848205476999,0.005699776947498321,,,,,,,,,,,,,,,,,0.008247221529483794,,0.0034931436721235515,
20262020,r2mt_mean_risk,r2mt,30,0.00017527597583490815,0.8499789000488818,,0.8499779002740979,,63,,16000,48000,,,,,,,0.0038988693952560424,,,,,0.004298059679567814,0.005708241123706102,,,,,,,,,,,,,,,,,0.008112992979586125,,0.0034087758157402277,
20262020,r2mt_mean_risk,r2mt,31,0.0001464466094067262,0.7664856999181211,,0.7664843001402915,,63,,16000,48000,,,,,,,0.0038681219797581435,,,,,0.004205748923122882,0.0057390420101583,,,,,,,,,,,,,,,,,0.007981013003736735,,0.003330277893692255,
20262020,r2mt_mean_risk,r2mt,32,0.00011979701719998447,0.7646344001404941,,0.7646335000172257,,63,,16000,48000,,,,,,,0.0038398522585630416,,,,,0.0041355716027319436,0.005792323026806116,,,,,,,,,,,,,,,,,0.007871492948383093,,0.003271617840975523,
20262020,r2mt_mean_risk,r2mt,33,9.549150281252627e-05,0.7621034001931548,,0.7621015002951026,,63,,16000,48000,,,,,,,0.00380744462646544,,,,,0.004055732432752848,0.0057947335280478,,,,,,,,,,,,,,,,,0.00776492902636528,,0.003203083224594593,
20262020,r2mt_mean_risk,r2mt,34,7.367991782295387e-05,0.8308422998525202,,0.8308409997262061,,63,,16000,48000,,,,,,,0.0037840232029557226,,,,,0.003998900460079312,0.005823837954550982,,,,,,,,,,,,,,,,,0.007694127660244703,,0.003153799753636122,
20262020,r2mt_mean_risk,r2mt,35,5.4496737905816076e-05,0.7626785999163985,,0.7626777002587914,,63,,16000,48000,,,,,,,0.003768188662827015,,,,,0.003958347998559475,0.005847746286541224,,,,,,,,,,,,,,,,,0.007631511323153973,,0.003119825540110469,
20262020,r2mt_mean_risk,r2mt,36,3.806023374435661e-05,0.7943057003431022,,0.794304400216788,,63,,16000,48000,,,,,,,0.0037538222260773183,,,,,0.003915765970945359,0.005853771805763245,,,,,,,,,,,,,,,,,0.007582754302769899,,0.003082406546920538,
20262020,r2mt_mean_risk,r2mt,37,2.447174185242322e-05,0.7777657997794449,,0.7777648996561766,,63,,16000,48000,,,,,,,0.0037386874426156283,,,,,0.003882914915680885,0.005860119957476854,,,,,,,,,,,,,,,,,0.007543765924870968,,0.0030537570118904112,
20262020,r2mt_mean_risk,r2mt,38,1.3815039801161714e-05,0.8517511999234557,,0.8517498997971416,,63,,16000,48000,,,,,,,0.00372931245341897,,,,,0.003862911619246006,0.0058624550327658655,,,,,,,,,,,,,,,,,0.007520234771072864,,0.0030362943336367607,
20262020,r2mt_mean_risk,r2mt,39,6.155829702431168e-06,0.7937690000981092,,0.7937683002091944,,63,,16000,48000,,,,,,,0.0037266635112464426,,,,,0.0038494997192174197,0.005873180340975523,,,,,,,,,,,,,,,,,0.007506638899445534,,0.003024295011535287,
20262020,r2mt_mean_risk,r2mt,40,1.5413331334360176e-06,0.7724178000353277,,0.7724168999120593,,63,,16000,48000,,,,,,,0.0037239202577620746,,,,,0.0038413563556969166,0.005876832880079746,,,,,,,,,,,,,,,,,0.00749706381931901,,0.003017163977026939,
20262020,r2mt_tail_risk,r2mt,1,0.001,0.8399142003618181,,0.8399127000011504,,63,,16000,48000,,,,,,,0.0054330404736101625,,,,,0.011461071856319904,0.0028109144549816846,,,,,,,,,,,,,,,,,0.017755196377635,,0.007801369480788708,
20262020,r2mt_tail_risk,r2mt,2,0.000998458666866564,0.7800414999946952,,0.7800406003370881,,63,,16000,48000,,,,,,,0.005301579028367996,,,,,0.01020304537564516,0.0017808074709028006,,,,,,,,,,,,,,,,,0.016214623883366586,,0.006854088328778743,
20262020,r2mt_tail_risk,r2mt,3,0.0009938441702975688,0.779923599679023,,0.7799220997840166,,63,,16000,48000,,,,,,,0.005181582383811474,,,,,0.009941810101270676,0.0024067036490887403,,,,,,,,,,,,,,,,,0.015759160667657854,,0.00668634519353509,
20262020,r2mt_tail_risk,r2mt,4,0.0009861849601988382,0.779256499838084,,0.7792552998289466,,63,,16000,48000,,,,,,,0.005111760307103396,,,,,0.009715577088296413,0.0027618114463984966,,,,,,,,,,,,,,,,,0.01537848536670208,,0.006537643246352673,
20262020,r2mt_tail_risk,r2mt,5,0.0009755282581475767,0.8287197998724878,,0.8287188997492194,,63,,16000,48000,,,,,,,0.00505892401188612,,,,,0.00944109783321619,0.0030213620755821465,,,,,,,,,,,,,,,,,0.014937267310917378,,0.006352463953197002,
20262020,r2mt_tail_risk,r2mt,6,0.0009619397662556432,0.7954388000071049,,0.7954374998807907,,63,,16000,48000,,,,,,,0.0050190467983484265,,,,,0.009249714888632297,0.003283129448071122,,,,,,,,,,,,,,,,,0.01459520499408245,,0.006230290587991476,
20262020,r2mt_tail_risk,r2mt,7,0.0009455032620941838,0.7946742996573448,,0.7946730996482074,,63,,16000,48000,,,,,,,0.004952850956469774,,,,,0.008949877485632897,0.003512969298288226,,,,,,,,,,,,,,,,,0.014088636085391045,,0.0060330904759466645,
20262020,r2mt_tail_risk,r2mt,8,0.000926320082177046,0.8658608999103308,,0.8658596999011934,,63,,16000,48000,,,,,,,0.00491562270745635,,,,,0.00872224061191082,0.0036893973127007486,,,,,,,,,,,,,,,,,0.013709923401474953,,0.005881940312683583,
20262020,r2mt_tail_risk,r2mt,9,0.0009045084971874736,0.7675622999668121,,0.767560999840498,,63,,16000,48000,,,,,,,0.004848265819251537,,,,,0.008560091570019721,0.00381617028452456,,,,,,,,,,,,,,,,,0.013397048100829125,,0.005783713065087796,
20262020,r2mt_tail_risk,r2mt,10,0.0008802029828000154,0.7840841002762318,,0.7840829002670944,,63,,16000,48000,,,,,,,0.004807599008083343,,,,,0.008300821430981159,0.003958806160837412,,,,,,,,,,,,,,,,,0.01301307126134634,,0.005602051492780447,
20262020,r2mt_tail_risk,r2mt,11,0.0008535533905932736,0.7884923997335136,,0.788491599727422,,63,,16000,48000,,,,,,,0.004756756246089935,,,,,0.008108743973076343,0.004207309730350971,,,,,,,,,,,,,,,,,0.012677742779254913,,0.005478056129068137,
20262020,r2mt_tail_risk,r2mt,12,0.0008247240241650918,0.867624499835074,,0.8676235997118056,,63,,16000,48000,,,,,,,0.004733573853969574,,,,,0.007952570158988237,0.004248991571366787,,,,,,,,,,,,,,,,,0.012422770299017429,,0.005373340331017971,
20262020,r2mt_tail_risk,r2mt,13,0.0007938926261462365,0.7692078999243677,,0.769206800032407,,63,,16000,48000,,,,,,,0.004670495323836803,,,,,0.007739010531455278,0.004383548155426979,,,,,,,,,,,,,,,,,0.01206643319875002,,0.005232309378683567,
20262020,r2mt_tail_risk,r2mt,14,0.0007612492823579742,0.7458804999478161,,0.7458792999386787,,63,,16000,48000,,,,,,,0.004622917909175158,,,,,0.007574829712510109,0.004514320030808449,,,,,,,,,,,,,,,,,0.011797103375196457,,0.005122945856302977,
20262020,r2mt_tail_risk,r2mt,15,0.0007269952498697732,0.7567018000409007,,0.7567008002661169,,63,,16000,48000,,,,,,,0.004589412122964859,,,,,0.0073519710227847096,0.004663750790059567,,,,,,,,,,,,,,,,,0.011420283049345016,,0.004976120989769697,
20262020,r2mt_tail_risk,r2mt,16,0.0006913417161825447,0.8260229998268187,,0.8260218999348581,,63,,16000,48000,,,,,,,0.0045448107570409775,,,,,0.00722093915194273,0.004698497045785188,,,,,,,,,,,,,,,,,0.011188080444931983,,0.004892421569675207,
20262020,r2mt_tail_risk,r2mt,17,0.0006545084971874736,0.8121004002168775,,0.8120993999764323,,63,,16000,48000,,,,,,,0.0045020880401134495,,,,,0.007068685159087181,0.004858415551483631,,,,,,,,,,,,,,,,,0.010929267361760139,,0.0047927842885255815,
20262020,r2mt_tail_risk,r2mt,18,0.0006167226819279527,0.7662508999928832,,0.7662500003352761,,63,,16000,48000,,,,,,,0.004448808815330267,,,,,0.006888463765382767,0.004923659585416317,,,,,,,,,,,,,,,,,0.010662395007908344,,0.004667002905160189,
20262020,r2mt_tail_risk,r2mt,19,0.0005782172325201154,0.8537546000443399,,0.853753199800849,,63,,16000,48000,,,,,,,0.004407176725566387,,,,,0.006664325129240751,0.0050276598073542116,,,,,,,,,,,,,,,,,0.01032108360528946,,0.0045119588971138,
20262020,r2mt_tail_risk,r2mt,20,0.0005392295478639224,0.7438478996045887,,0.7438469999469817,,63,,16000,48000,,,,,,,0.00435247702896595,,,,,0.006568401265889407,0.0051218212991952896,,,,,,,,,,,,,,,,,0.010145992942154408,,0.004452146951109171,
20262020,r2mt_tail_risk,r2mt,21,0.0004999999999999999,0.7686411999166012,,0.7686403999105096,,63,,16000,48000,,,,,,,0.0043075898885726925,,,,,0.00639374341443181,0.005165882531553507,,,,,,,,,,,,,,,,,0.009867934465408325,,0.004333998497575521,
20262020,r2mt_tail_risk,r2mt,22,0.0004607704521360775,0.7598542999476194,,0.7598536000587046,,63,,16000,48000,,,,,,,0.004249279133975506,,,,,0.006192922614514828,0.005300411984324455,,,,,,,,,,,,,,,,,0.00956161218136549,,0.004195608023554087,
20262020,r2mt_tail_risk,r2mt,23,0.0004217827674798846,0.8689735997468233,,0.8689719000831246,,63,,16000,48000,,,,,,,0.004191797155886888,,,,,0.006032857041805982,0.005365844417363405,,,,,,,,,,,,,,,,,0.009317370310425758,,0.004085540289059281,
20262020,r2mt_tail_risk,r2mt,24,0.0003832773180720472,0.7827697996981442,,0.7827687999233603,,63,,16000,48000,,,,,,,0.004158537440001965,,,,,0.005914546813815832,0.005415505234152079,,,,,,,,,,,,,,,,,0.009130769193172454,,0.004005215477198363,
20262020,r2mt_tail_risk,r2mt,25,0.0003454915028125262,0.7914495002478361,,0.791448200121522,,63,,16000,48000,,,,,,,0.004095867637544871,,,,,0.005765398807823658,0.005460611347109079,,,,,,,,,,,,,,,,,0.008902584999799729,,0.0039029575176537036,
20262020,r2mt_tail_risk,r2mt,26,0.00030865828381745506,0.7719590999186039,,0.7719582999125123,,63,,16000,48000,,,,,,,0.004065453108400107,,,,,0.005627277996391058,0.0055481881164014335,,,,,,,,,,,,,,,,,0.008698419205844403,,0.00380627803504467,
20262020,r2mt_tail_risk,r2mt,27,0.0002730047501302265,0.8910727999173105,,0.8910718997940421,,63,,16000,48000,,,,,,,0.004026548713445663,,,,,0.005500855069607497,0.005582908913493156,,,,,,,,,,,,,,,,,0.008509380929172038,,0.003718440767377615,
20262020,r2mt_tail_risk,r2mt,28,0.0002387507176420255,0.7594160996377468,,0.759415099862963,,63,,16000,48000,,,,,,,0.0039780975244939325,,,,,0.005378833908587694,0.005648077666759491,,,,,,,,,,,,,,,,,0.008337689083069562,,0.0036317268572747708,
20262020,r2mt_tail_risk,r2mt,29,0.0002061073738537634,0.7411834998056293,,0.7411825996823609,,63,,16000,48000,,,,,,,0.003932054564356804,,,,,0.005232114795595408,0.00569045914337039,,,,,,,,,,,,,,,,,0.0081410643607378,,0.0035252535156905652,
20262020,r2mt_tail_risk,r2mt,30,0.00017527597583490815,0.7373568997718394,,0.7373560001142323,,63,,16000,48000,,,,,,,0.0038963950835168362,,,,,0.0051407569609582425,0.005732507575303316,,,,,,,,,,,,,,,,,0.008010243814438581,,0.0034607728235423567,
20262020,r2mt_tail_risk,r2mt,31,0.0001464466094067262,0.8950155000202358,,0.8950147000141442,,63,,16000,48000,,,,,,,0.0038591648563742636,,,,,0.005051273163408041,0.00575213610380888,,,,,,,,,,,,,,,,,0.007883962601423263,,0.0033972899597138166,
20262020,r2mt_tail_risk,r2mt,32,0.00011979701719998447,0.8017044002190232,,0.8017032998614013,,63,,16000,48000,,,,,,,0.0038361498638987543,,,,,0.00496244802698493,0.00578005925565958,,,,,,,,,,,,,,,,,0.007772694326937199,,0.003331178694963455,
20262020,r2mt_tail_risk,r2mt,33,9.549150281252627e-05,0.7634403998963535,,0.7634395998902619,,63,,16000,48000,,,,,,,0.0038051237445324657,,,,,0.004892012242227793,0.005804345205426216,,,,,,,,,,,,,,,,,0.007684807807207108,,0.0032789406068623067,
20262020,r2mt_tail_risk,r2mt,34,7.367991782295387e-05,0.8179438998922706,,0.8179433001205325,,63,,16000,48000,,,,,,,0.00377787958830595,,,,,0.004818689174950123,0.005830299694091081,,,,,,,,,,,,,,,,,0.007593459364026785,,0.003224432084709406,
20262020,r2mt_tail_risk,r2mt,35,5.4496737905816076e-05,0.7496698000468314,,0.7496691001579165,,63,,16000,48000,,,,,,,0.003760180525481701,,,,,0.004762109588831663,0.00584795230999589,,,,,,,,,,,,,,,,,0.007521276086568832,,0.0031826430913060905,
20262020,r2mt_tail_risk,r2mt,36,3.806023374435661e-05,0.782137000001967,,0.7821360002271831,,63,,16000,48000,,,,,,,0.003743174806237221,,,,,0.0047183635532855985,0.005858384970575571,,,,,,,,,,,,,,,,,0.00747183471173048,,0.0031491254772990944,
20262020,r2mt_tail_risk,r2mt,37,2.447174185242322e-05,0.761858900077641,,0.7618574998341501,,63,,16000,48000,,,,,,,0.0037357719875872135,,,,,0.004684427559375763,0.00587610150501132,,,,,,,,,,,,,,,,,0.007433913964778185,,0.0031229215450584887,
20262020,r2mt_tail_risk,r2mt,38,1.3815039801161714e-05,0.8433208996430039,,0.8433197997510433,,63,,16000,48000,,,,,,,0.0037262358255684374,,,,,0.0046590459384024145,0.005873964410275221,,,,,,,,,,,,,,,,,0.007404725350439548,,0.0031035684514790773,
20262020,r2mt_tail_risk,r2mt,39,6.155829702431168e-06,0.7508561001159251,,0.750855399761349,,63,,16000,48000,,,,,,,0.0037223588153719902,,,,,0.004644370410591364,0.00588888830691576,,,,,,,,,,,,,,,,,0.007387727368623019,,0.003092369930818677,
20262020,r2mt_tail_risk,r2mt,40,1.5413331334360176e-06,0.7699780999682844,,0.7699765996076167,,63,,16000,48000,,,,,,,0.0037183792144060133,,,,,0.00463516265898943,0.005882693197578192,,,,,,,,,,,,,,,,,0.0073810996487736705,,0.0030845673996955157,
20262020,r2mt_combined_risk,r2mt,1,0.001,0.7583727999590337,,0.7583718998357654,,63,,16000,48000,,,,,,,0.005441520720720291,,,,,0.01173628356307745,0.0027770338924601673,,,,,,,,,,,,,,,,,0.01774207754433155,,0.008079034850001336,
20262020,r2mt_combined_risk,r2mt,2,0.000998458666866564,0.87156270025298,,0.8715617000125349,,63,,16000,48000,,,,,,,0.005275351658463478,,,,,0.010524498626589775,0.0018510671285912395,,,,,,,,,,,,,,,,,0.01626582618057728,,0.0071658255942165855,
20262020,r2mt_combined_risk,r2mt,3,0.0009938441702975688,0.7664973000064492,,0.7664962997660041,,63,,16000,48000,,,,,,,0.005170660953968763,,,,,0.010142092376947402,0.0023608280681073667,,,,,,,,,,,,,,,,,0.015732574224472044,,0.006892163224518299,
20262020,r2mt_combined_risk,r2mt,4,0.0009861849601988382,0.7443046001717448,,0.74430390028283,,63,,16000,48000,,,,,,,0.0050930755138397215,,,,,0.009863893687725066,0.002918313194066286,,,,,,,,,,,,,,,,,0.015287994727492333,,0.006704431403428316,
20262020,r2mt_combined_risk,r2mt,5,0.0009755282581475767,0.7906283996999264,,0.7906275996938348,,63,,16000,48000,,,,,,,0.005052115999162197,,,,,0.009563981972634793,0.0031458904165774584,,,,,,,,,,,,,,,,,0.014814572252333165,,0.006500023040920496,
20262020,r2mt_combined_risk,r2mt,6,0.0009619397662556432,0.847342099994421,,0.8473407998681068,,63,,16000,48000,,,,,,,0.004987712565809489,,,,,0.009312402419745923,0.0033566669020801783,,,,,,,,,,,,,,,,,0.014362956196069717,,0.006340054258704185,
20262020,r2mt_combined_risk,r2mt,7,0.0009455032620941838,0.7842510999180377,,0.7842502999119461,,63,,16000,48000,,,,,,,0.00495061569660902,,,,,0.009001579016447067,0.003598904861137271,,,,,,,,,,,,,,,,,0.01392471668869257,,0.006117620382457971,
20262020,r2mt_combined_risk,r2mt,8,0.000926320082177046,0.7821483998559415,,0.7821470997296274,,63,,16000,48000,,,,,,,0.004905638117343188,,,,,0.008818358525633813,0.003790197756141424,,,,,,,,,,,,,,,,,0.013600028097629547,,0.00600023689866066,
20262020,r2mt_combined_risk,r2mt,9,0.0009045084971874736,0.8368779001757503,,0.8368768002837896,,63,,16000,48000,,,,,,,0.004870458737015724,,,,,0.00868779230862856,0.0038844947479665277,,,,,,,,,,,,,,,,,0.013393849156796932,,0.005911609642207622,
20262020,r2mt_combined_risk,r2mt,10,0.0008802029828000154,0.7589373998343945,,0.7589366999454796,,63,,16000,48000,,,,,,,0.0048349441774189475,,,,,0.008402222938835621,0.004038299307227135,,,,,,,,,,,,,,,,,0.012963882848620415,,0.005712743617594242,
20262020,r2mt_combined_risk,r2mt,11,0.0008535533905932736,0.8045374997891486,,0.8045358997769654,,63,,16000,48000,,,,,,,0.004791057284921408,,,,,0.008225792065262794,0.0041677559427917,,,,,,,,,,,,,,,,,0.012703958861529828,,0.005589175011962652,
20262020,r2mt_combined_risk,r2mt,12,0.0008247240241650918,0.7606203998439014,,0.7606195998378098,,63,,16000,48000,,,,,,,0.004747286044061184,,,,,0.007978558011353016,0.00433137372508645,,,,,,,,,,,,,,,,,0.012339368283748627,,0.005415734190493822,
20262020,r2mt_combined_risk,r2mt,13,0.0007938926261462365,0.8425866002216935,,0.8425859003327787,,63,,16000,48000,,,,,,,0.0047317174188792705,,,,,0.007810799591243267,0.004445549577474594,,,,,,,,,,,,,,,,,0.012054833695292472,,0.005305193863809109,
20262020,r2mt_combined_risk,r2mt,14,0.0007612492823579742,0.7928702002391219,,0.792868500109762,,63,,16000,48000,,,,,,,0.004651489976793528,,,,,0.007676572099328041,0.004501536749303341,,,,,,,,,,,,,,,,,0.0118354297503829,,0.005216451436281204,
20262020,r2mt_combined_risk,r2mt,15,0.0007269952498697732,0.7643780000507832,,0.7643768000416458,,63,,16000,48000,,,,,,,0.004636369924992323,,,,,0.0074332205764949325,0.004703965701162815,,,,,,,,,,,,,,,,,0.011461416356265545,,0.005048204731196165,
20262020,r2mt_combined_risk,r2mt,16,0.0006913417161825447,0.7907134997658432,,0.7907122997567058,,63,,16000,48000,,,,,,,0.004570164322853089,,,,,0.007259323742240667,0.004747839901596307,,,,,,,,,,,,,,,,,0.011201502002775669,,0.004927614685148001,
20262020,r2mt_combined_risk,r2mt,17,0.0006545084971874736,0.8523574001155794,,0.852356200106442,,63,,16000,48000,,,,,,,0.004535359956324101,,,,,0.007063444547355175,0.004879150114953518,,,,,,,,,,,,,,,,,0.010877471826970577,,0.0047972373999655244,
20262020,r2mt_combined_risk,r2mt,18,0.0006167226819279527,0.7537520001642406,,0.7537508001551032,,63,,16000,48000,,,,,,,0.004484490636736155,,,,,0.006837940335273743,0.004962178196758032,,,,,,,,,,,,,,,,,0.010549413055181504,,0.004638362042605877,
20262020,r2mt_combined_risk,r2mt,19,0.0005782172325201154,0.7787914997898042,,0.7787907999008894,,63,,16000,48000,,,,,,,0.004411858711391687,,,,,0.006726991217583418,0.005022580944001675,,,,,,,,,,,,,,,,,0.010388232439756393,,0.0045611016340553765,
20262020,r2mt_combined_risk,r2mt,20,0.0005392295478639224,0.7841976000927389,,0.7841964000836015,,63,,16000,48000,,,,,,,0.004385145477950573,,,,,0.006524982262402773,0.005173209242522716,,,,,,,,,,,,,,,,,0.010093838773667813,,0.0044185052886605266,
20262020,r2mt_combined_risk,r2mt,21,0.0004999999999999999,0.8262781999073923,,0.8262768997810781,,63,,16000,48000,,,,,,,0.004353463247418404,,,,,0.00636935506016016,0.005222155626863241,,,,,,,,,,,,,,,,,0.00985919326543808,,0.0043104407377541065,
20262020,r2mt_combined_risk,r2mt,22,0.0004607704521360775,0.7937634997069836,,0.793762699700892,,63,,16000,48000,,,,,,,0.004301718614995479,,,,,0.006168719004839659,0.005311045866459608,,,,,,,,,,,,,,,,,0.009543642207980155,,0.004173949614167213,
20262020,r2mt_combined_risk,r2mt,23,0.0004217827674798846,0.7810603999532759,,0.7810597000643611,,63,,16000,48000,,,,,,,0.004242803137749433,,,,,0.005980552185326815,0.00538200505822897,,,,,,,,,,,,,,,,,0.009297471180558205,,0.004036195196211338,
20262020,r2mt_combined_risk,r2mt,24,0.0003832773180720472,0.8651927998289466,,0.865191999822855,,63,,16000,48000,,,,,,,0.004222357969731093,,,,,0.005856251876801252,0.005471592381596565,,,,,,,,,,,,,,,,,0.009096085377037525,,0.003952580749988556,
20262020,r2mt_combined_risk,r2mt,25,0.0003454915028125262,0.776044299826026,,0.7760430001653731,,63,,16000,48000,,,,,,,0.004171014931052923,,,,,0.005723399676382542,0.0055157664231956,,,,,,,,,,,,,,,,,0.008912492476403713,,0.0038574739042669536,
20262020,r2mt_combined_risk,r2mt,26,0.00030865828381745506,0.8115833001211286,,0.8115823003463447,,63,,16000,48000,,,,,,,0.004116156365722418,,,,,0.005533945687115192,0.0055704559609293935,,,,,,,,,,,,,,,,,0.008652518592774869,,0.0037211117409169676,
20262020,r2mt_combined_risk,r2mt,27,0.0002730047501302265,0.7795255999080837,,0.779523799661547,,63,,16000,48000,,,,,,,0.00408045220375061,,,,,0.005398805752396584,0.005637901559472084,,,,,,,,,,,,,,,,,0.008461698062717914,,0.003624849859625101,
20262020,r2mt_combined_risk,r2mt,28,0.0002387507176420255,0.8647279003635049,,0.8647269001230597,,63,,16000,48000,,,,,,,0.004031230989843607,,,,,0.0052983019948005675,0.005678929354995489,,,,,,,,,,,,,,,,,0.008329660788178444,,0.003551737889647484,
20262020,r2mt_combined_risk,r2mt,29,0.0002061073738537634,0.7686954000964761,,0.7686942000873387,,63,,16000,48000,,,,,,,0.004001985345035791,,,,,0.005165537487715483,0.005701593413949013,,,,,,,,,,,,,,,,,0.008150682371109724,,0.0034553539287298916,
20262020,r2mt_combined_risk,r2mt,30,0.00017527597583490815,0.7931351996958256,,0.7931339000351727,,63,,16000,48000,,,,,,,0.003965118043124676,,,,,0.005041511841118336,0.005758295826613903,,,,,,,,,,,,,,,,,0.008000352039933205,,0.003362131580710411,
20262020,r2mt_combined_risk,r2mt,31,0.0001464466094067262,0.7770928000099957,,0.7770916000008583,,63,,16000,48000,,,,,,,0.0039309321120381355,,,,,0.00493305179849267,0.005785958789288998,,,,,,,,,,,,,,,,,0.007867833733558654,,0.00328085882216692,
20262020,r2mt_combined_risk,r2mt,32,0.00011979701719998447,0.8367839003913105,,0.8367830002680421,,63,,16000,48000,,,,,,,0.0039061028473079203,,,,,0.004873443130403757,0.005829059626907111,,,,,,,,,,,,,,,,,0.007796115957200527,,0.003236090235412121,
20262020,r2mt_combined_risk,r2mt,33,9.549150281252627e-05,0.7915276996791363,,0.7915260996669531,,63,,16000,48000,,,,,,,0.003881670970469713,,,,,0.004787486210465431,0.005833913553506136,,,,,,,,,,,,,,,,,0.007696202337741852,,0.0031706046164035797,
20262020,r2mt_combined_risk,r2mt,34,7.367991782295387e-05,0.8127040998078883,,0.8127032998017967,,63,,16000,48000,,,,,,,0.0038665283769369124,,,,,0.004720952987670899,0.005867351025342941,,,,,,,,,,,,,,,,,0.007614050053060054,,0.0031208045985549686,
20262020,r2mt_combined_risk,r2mt,35,5.4496737905816076e-05,0.7659191000275314,,0.7659172001294792,,63,,16000,48000,,,,,,,0.0038456386551260946,,,,,0.0046621278449893,0.0058681369200348854,,,,,,,,,,,,,,,,,0.007560109749436378,,0.003073185371235013,
20262020,r2mt_combined_risk,r2mt,36,3.806023374435661e-05,0.8703847997821867,,0.8703834996558726,,63,,16000,48000,,,,,,,0.0038367278724908828,,,,,0.0046147767417132855,0.005905946973711252,,,,,,,,,,,,,,,,,0.007507844902575016,,0.003036465335637331,
20262020,r2mt_combined_risk,r2mt,37,2.447174185242322e-05,0.7948980000801384,,0.7948974003084004,,63,,16000,48000,,,,,,,0.003821594513952732,,,,,0.004580806199461222,0.005900445528328419,,,,,,,,,,,,,,,,,0.007475839711725712,,0.0030091985166072845,
20262020,r2mt_combined_risk,r2mt,38,1.3815039801161714e-05,0.7703811000101268,,0.7703803000040352,,63,,16000,48000,,,,,,,0.0038133987449109554,,,,,0.00455379643291235,0.005895935155451297,,,,,,,,,,,,,,,,,0.0074515663385391236,,0.002987207317724824,
20262020,r2mt_combined_risk,r2mt,39,6.155829702431168e-06,0.8712798999622464,,0.8712785001844168,,63,,16000,48000,,,,,,,0.0038086371533572676,,,,,0.004532388795167207,0.005903975363820791,,,,,,,,,,,,,,,,,0.00743073246628046,,0.0029700616989284754,
20262020,r2mt_combined_risk,r2mt,40,1.5413331334360176e-06,0.7362812999635935,,0.7362802997231483,,63,,16000,48000,,,,,,,0.0038073286414146423,,,,,0.004523165106773377,0.005907135710120201,,,,,,,,,,,,,,,,,0.007423211019486189,,0.0029623684640973807,
20262020,r2mt_router,r2mt,1,0.001,0.911225900053978,,0.9112235000357032,,63,,16000,48000,,,,,0.3084211962223053,,0.0034016035087406633,,,,,0.006326316103339195,,,0.3806907343864441,,,,,0.02365067945048213,,,,1.1030125198364258,,,,,,0.006815058689564467,0.31088809728622435,0.0027955962009727953,
20262020,r2mt_router,r2mt,2,0.000998458666866564,0.9052109997719526,,0.9052104000002146,,63,,16000,48000,,,,,0.31133818554878234,,0.0033968219421803953,,,,,0.006317583058029414,,,0.3763570444583893,,,,,0.025484595641493798,,,,1.1010483884811402,,,,,,0.006804565321654081,0.3123047995567322,0.002791084550321102,
20262020,r2mt_router,r2mt,3,0.0009938441702975688,0.9451238000765443,,0.9451226000674069,,63,,16000,48000,,,,,0.3111766726970673,,0.003393141573294997,,,,,0.006314348883926868,,,0.37601048374176027,,,,,0.0267794576138258,,,,1.1011367654800415,,,,,,0.006796121668070555,0.3128128771781921,0.002787252552807331,
20262020,r2mt_router,r2mt,4,0.0009861849601988382,0.8911407999694347,,0.8911397000774741,,63,,16000,48000,,,,,0.31139108347892763,,0.003389608474448323,,,,,0.006309132799506187,,,0.3770543677806854,,,,,0.026683449223637582,,,,1.1007334423065185,,,,,,0.0067895506210625175,0.31155457520484925,0.002783868554979563,
20262020,r2mt_router,r2mt,5,0.0009755282581475767,0.8688416997902095,,0.8688409999012947,,63,,16000,48000,,,,,0.3106536293029785,,0.003385306593030691,,,,,0.0063054306134581566,,,0.3775549857616425,,,,,0.0276179279088974,,,,1.10097589302063,,,,,,0.006781031385064125,0.31179141092300416,0.0027795637398958205,
20262020,r2mt_router,r2mt,6,0.0009619397662556432,0.9491905001923442,,0.9491896000690758,,63,,16000,48000,,,,,0.3102490997314453,,0.003380416702479124,,,,,0.006299261812120676,,,0.37719586038589475,,,,,0.028620860159397125,,,,1.1004797258377075,,,,,,0.006772495865821839,0.31255507135391236,0.0027745837438851594,
20262020,r2mt_router,r2mt,7,0.0009455032620941838,0.8723156000487506,,0.872314800042659,,63,,16000,48000,,,,,0.3104030125141144,,0.0033753278478980066,,,,,0.006294174242764712,,,0.37684363150596617,,,,,0.02973505064845085,,,,1.1001957807540894,,,,,,0.006763705238699913,0.3127533919811249,0.002770072704181075,
20262020,r2mt_router,r2mt,8,0.000926320082177046,0.8593421997502446,,0.8593406002037227,,63,,16000,48000,,,,,0.31042602396011354,,0.0033689876310527326,,,,,0.006287432074546814,,,0.37775891184806826,,,,,0.03123304706811905,,,,1.1003132123947144,,,,,,0.006750282980501652,0.31181509494781495,0.0027630079817026853,
20262020,r2mt_router,r2mt,9,0.0009045084971874736,0.8890215000137687,,0.8890207000076771,,63,,16000,48000,,,,,0.3095979537963867,,0.0033639555778354406,,,,,0.006282308276742697,,,0.377528263092041,,,,,0.03213101157546044,,,,1.0999355363845824,,,,,,0.0067433126904070375,0.31287380957603456,0.002758728051558137,
20262020,r2mt_router,r2mt,10,0.0008802029828000154,1.0130342999473214,,1.0130336000584066,,63,,16000,48000,,,,,0.3104389715194702,,0.0033571122884750366,,,,,0.006274189222604036,,,0.3769038679599762,,,,,0.033468398094177246,,,,1.0991513633728027,,,,,,0.006733405772596597,0.31265719413757326,0.0027523596361279487,
20262020,r2mt_router,r2mt,11,0.0008535533905932736,0.8874352998100221,,0.8874343000352383,,63,,16000,48000,,,,,0.30976891779899596,,0.003351383736357093,,,,,0.006267513919621706,,,0.37881437873840335,,,,,0.03454444894194603,,,,1.0993195657730102,,,,,,0.006719065196812153,0.3114167294502258,0.0027457363326102496,
20262020,r2mt_router,r2mt,12,0.0008247240241650918,0.8783387998118997,,0.8783380999229848,,63,,16000,48000,,,,,0.3093074152469635,,0.0033404114115983246,,,,,0.006256321940571069,,,0.3779028491973877,,,,,0.036624947011470795,,,,1.0986198587417602,,,,,,0.006702244777232408,0.312789767742157,0.0027361146230250595,
20262020,r2mt_router,r2mt,13,0.0007938926261462365,0.9666597000323236,,0.9666587999090552,,63,,16000,48000,,,,,0.31012237930297853,,0.0033348462544381618,,,,,0.00625146596506238,,,0.37783569407463075,,,,,0.037983021721243855,,,,1.0984612941741942,,,,,,0.006691031102091074,0.31204195523262024,0.002731529684737325,
20262020,r2mt_router,r2mt,14,0.0007612492823579742,0.8407259001396596,,0.8407252002507448,,63,,16000,48000,,,,,0.30969096851348876,,0.0033293189331889154,,,,,0.00624295574426651,,,0.3774700005054474,,,,,0.03897655203938484,,,,1.0976069955825805,,,,,,0.006675697688013315,0.3128390629291534,0.002725805612280965,
20262020,r2mt_router,r2mt,15,0.0007269952498697732,0.9005460003390908,,0.9005451002158225,,63,,16000,48000,,,,,0.31022104597091676,,0.0033207446672022345,,,,,0.006233668453991413,,,0.3777334246635437,,,,,0.04047812858223915,,,,1.0971772546768188,,,,,,0.0066640725471079345,0.31204555702209474,0.002717425052076578,
20262020,r2mt_router,r2mt,16,0.0006913417161825447,0.8711083997040987,,0.8711072998121381,,63,,16000,48000,,,,,0.308938490152359,,0.003311018181964755,,,,,0.006222822677344084,,,0.3780119996070862,,,,,0.04180077627301216,,,,1.0963646564483642,,,,,,0.00665051244944334,0.3130495409965515,0.0027088387291878463,
20262020,r2mt_router,r2mt,17,0.0006545084971874736,0.9277468002401292,,0.9277457999996841,,63,,16000,48000,,,,,0.30846205043792724,,0.0033061144277453424,,,,,0.006215594571083784,,,0.37870728588104247,,,,,0.043294074594974516,,,,1.096196536064148,,,,,,0.0066383865773677825,0.3128306884765625,0.0027018482591956855,
20262020,r2mt_router,r2mt,18,0.0006167226819279527,0.8783744000829756,,0.8783733998425305,,63,,16000,48000,,,,,0.30904885053634645,,0.0032969542033970357,,,,,0.006205001387745142,,,0.37825389194488523,,,,,0.04478596398234368,,,,1.0952084426879882,,,,,,0.006621973801404238,0.3126972925662994,0.002694057898595929,
20262020,r2mt_router,r2mt,19,0.0005782172325201154,0.870191200170666,,0.8701904998160899,,63,,16000,48000,,,,,0.308689838886261,,0.0032868944630026816,,,,,0.006194373734295368,,,0.3790617022514343,,,,,0.04628473302721977,,,,1.0944808406829833,,,,,,0.0066062892228364945,0.31224848556518553,0.002685520077124238,
20262020,r2mt_router,r2mt,20,0.0005392295478639224,0.8969797999598086,,0.8969788998365402,,63,,16000,48000,,,,,0.30904107880592346,,0.003280370267108083,,,,,0.006184921722859144,,,0.3790947723388672,,,,,0.04779249051213264,,,,1.0939483785629271,,,,,,0.006593053035438061,0.31186418056488036,0.0026773456688970326,
20262020,r2mt_router,r2mt,21,0.0004999999999999999,0.948669099714607,,0.9486676999367774,,63,,16000,48000,,,,,0.30800496649742126,,0.003270666150376201,,,,,0.006176444437354803,,,0.3793064832687378,,,,,0.049533942997455595,,,,1.0934550638198852,,,,,,0.006580394703894854,0.31268858194351196,0.0026698200795799492,
20262020,r2mt_router,r2mt,22,0.0004607704521360775,0.88332249969244,,0.883321600034833,,63,,16000,48000,,,,,0.30854626083374026,,0.0032661749925464393,,,,,0.006168796762824059,,,0.3780106225013733,,,,,0.050939253836870195,,,,1.0924036149978638,,,,,,0.0065711806677281855,0.3134431507587433,0.002664406917989254,
20262020,r2mt_router,r2mt,23,0.0004217827674798846,0.8651379002258182,,0.8651367002166808,,63,,16000,48000,,,,,0.30834823632240294,,0.003256295783445239,,,,,0.006157772798091174,,,0.37939099645614627,,,,,0.05177880969643593,,,,1.0918119964599609,,,,,,0.00655847742035985,0.3122608036994934,0.0026554904226213693,
20262020,r2mt_router,r2mt,24,0.0003832773180720472,0.939219200052321,,0.9392182999290526,,63,,16000,48000,,,,,0.3080989034175873,,0.003249595418572426,,,,,0.006150154463946819,,,0.37845994472503663,,,,,0.053763125479221345,,,,1.091261393547058,,,,,,0.006545699641108513,0.31344118547439576,0.002648676011711359,
20262020,r2mt_router,r2mt,25,0.0003454915028125262,0.8849713997915387,,0.8849705997854471,,63,,16000,48000,,,,,0.30725663447380064,,0.003243059491738677,,,,,0.006139919750392437,,,0.37972960782051085,,,,,0.054471359848976136,,,,1.09041464138031,,,,,,0.00653075497597456,0.3130137805938721,0.002641475135460496,
20262020,r2mt_router,r2mt,26,0.00030865828381745506,0.906128800008446,,0.9061279003508389,,63,,16000,48000,,,,,0.30778528904914854,,0.0032381414473056794,,,,,0.006133862506598234,,,0.37903111267089845,,,,,0.055840761959552766,,,,1.0896379566192627,,,,,,0.006529181614518166,0.3131836247444153,0.0026362458821386097,
20262020,r2mt_router,r2mt,27,0.0002730047501302265,0.898320599924773,,0.8983193999156356,,63,,16000,48000,,,,,0.3076091856956482,,0.0032309911251068115,,,,,0.006126086074858904,,,0.37980991244316104,,,,,0.056917101919651034,,,,1.0894085454940796,,,,,,0.006514840558171272,0.3125809330940247,0.002629543758928776,
20262020,r2mt_router,r2mt,28,0.0002387507176420255,0.8733628001064062,,0.8733621002174914,,63,,16000,48000,,,,,0.30791377735137937,,0.0032252959199249743,,,,,0.00611750777438283,,,0.3782665882110596,,,,,0.05840929079055786,,,,1.0883387727737426,,,,,,0.006504529431462288,0.3138196630477905,0.002623292734846473,
20262020,r2mt_router,r2mt,29,0.0002061073738537634,0.9781931000761688,,0.9781921999529004,,63,,16000,48000,,,,,0.30661022615432737,,0.0032210134789347647,,,,,0.006112559732049704,,,0.3804222807884216,,,,,0.05874710151553154,,,,1.0884418382644654,,,,,,0.006499427083879709,0.3129675235748291,0.002618345046415925,
20262020,r2mt_router,r2mt,30,0.00017527597583490815,0.8481855997815728,,0.848184899892658,,63,,16000,48000,,,,,0.307486946105957,,0.003215974312275648,,,,,0.00610580712929368,,,0.3790967924594879,,,,,0.059565782874822615,,,,1.0874219188690186,,,,,,0.0064889658205211165,0.3134162871837616,0.002614470522850752,
20262020,r2mt_router,r2mt,31,0.0001464466094067262,0.8859958001412451,,0.8859947999008,,63,,16000,48000,,,,,0.3074153752326965,,0.0032121955342590807,,,,,0.006101039558649063,,,0.379041431427002,,,,,0.060917740166187284,,,,1.0872911195755004,,,,,,0.006482770081609488,0.3135432286262512,0.002609373088926077,
20262020,r2mt_router,r2mt,32,0.00011979701719998447,0.9742108001373708,,0.9742097002454102,,63,,16000,48000,,,,,0.306970422744751,,0.0032089292388409376,,,,,0.00609621274471283,,,0.3795645987987518,,,,,0.0609489136338234,,,,1.086787317276001,,,,,,0.006477817490696907,0.313465012550354,0.0026063352283090353,
20262020,r2mt_router,r2mt,33,9.549150281252627e-05,0.8877638000994921,,0.8877630000934005,,63,,16000,48000,,,,,0.30769183826446533,,0.0032058529444038866,,,,,0.006092805843800306,,,0.37861839866638186,,,,,0.06198120579123497,,,,1.086294400215149,,,,,,0.006475253690034151,0.3136897966861725,0.0026034463252872227,
20262020,r2mt_router,r2mt,34,7.367991782295387e-05,0.8694175002165139,,0.8694167998619378,,63,,16000,48000,,,,,0.30703960680961606,,0.00320288085564971,,,,,0.006088702492415905,,,0.3791456551551819,,,,,0.06241675043106079,,,,1.0862208185195923,,,,,,0.006467665579169989,0.31381476402282715,0.0025999095123261213,
20262020,r2mt_router,r2mt,35,5.4496737905816076e-05,0.8554146001115441,,0.8554136999882758,,63,,16000,48000,,,,,0.3062631900310516,,0.0032012965846806764,,,,,0.006086843147873879,,,0.37980394983291627,,,,,0.06234035462141037,,,,1.0860662851333618,,,,,,0.006468036137521267,0.31393289208412173,0.0025985075403004883,
20262020,r2mt_router,r2mt,36,3.806023374435661e-05,0.9479638999328017,,0.9479632000438869,,63,,16000,48000,,,,,0.30699449133872986,,0.003199747044593096,,,,,0.006084208238869905,,,0.37943919706344603,,,,,0.06262872341275215,,,,1.085711314201355,,,,,,0.006465312223881483,0.3135663452148437,0.0025967751126736403,
20262020,r2mt_router,r2mt,37,2.447174185242322e-05,0.886417499743402,,0.8864166000857949,,63,,16000,48000,,,,,0.3073173477649689,,0.0031976697128266096,,,,,0.006082088317722082,,,0.37958907985687257,,,,,0.06335521739721298,,,,1.0857775659561157,,,,,,0.006461364384740591,0.31309360003471376,0.002594199415296316,
20262020,r2mt_router,r2mt,38,1.3815039801161714e-05,0.87511430028826,,0.8751136003993452,,63,,16000,48000,,,,,0.3066365666389465,,0.00319876991212368,,,,,0.006081040319055319,,,0.3794863567352295,,,,,0.06291488444805145,,,,1.0854325551986694,,,,,,0.0064611073769629,0.3138771023750305,0.0025944579504430295,
20262020,r2mt_router,r2mt,39,6.155829702431168e-06,0.9804082000628114,,0.9804076002910733,,63,,16000,48000,,,,,0.30775477075576785,,0.0031979824900627138,,,,,0.006080876555293799,,,0.3793283998966217,,,,,0.06327537661790848,,,,1.0853252639770508,,,,,,0.0064624111279845235,0.3129168622493744,0.002594087263569236,
20262020,r2mt_router,r2mt,40,1.5413331334360176e-06,0.8826315002515912,,0.8826304003596306,,63,,16000,48000,,,,,0.30696783900260927,,0.003196976825594902,,,,,0.006079594187438488,,,0.37894367551803587,,,,,0.06327428829669952,,,,1.085220407485962,,,,,,0.006458383902907371,0.31408851337432864,0.002593490980565548,
20262020,polar_evidence,unified,1,0.0005,58.29920220002532,,,,250,16000,16000,16000,,,,,,,,,,,,0.009503101842105389,,,,,0.0065678849667310715,,,,,,,,,,,,0.02935216875374317,,,,
20262020,polar_evidence,unified,2,0.0004877641290737884,58.08833790011704,,,,250,16000,16000,16000,,,,,,,,,,,,0.01007296004537493,,,,,0.006843898129649461,,,,,,,,,,,,0.032290619157254695,,,,
20262020,polar_evidence,unified,3,0.0004522542485937368,58.24805930024013,,,,250,16000,16000,16000,,,,,,,,,,,,0.010069022187963128,,,,,0.006847912797704339,,,,,,,,,,,,0.03221109390258789,,,,
20262020,polar_evidence,unified,4,0.0003969463130731183,58.25783669995144,,,,250,16000,16000,16000,,,,,,,,,,,,0.01028625202756375,,,,,0.006954992855899036,,,,,,,,,,,,0.03331259171664715,,,,
20262020,polar_evidence,unified,5,0.00032725424859373687,58.4050785000436,,,,250,16000,16000,16000,,,,,,,,,,,,0.010095464935526252,,,,,0.006843446770682931,,,,,,,,,,,,0.032520181648433205,,,,
20262020,polar_evidence,unified,6,0.00025,58.68416659999639,,,,250,16000,16000,16000,,,,,,,,,,,,0.0101230922030285,,,,,0.006861752639524639,,,,,,,,,,,,0.032613395635038615,,,,
20262020,polar_evidence,unified,7,0.00017274575140626317,57.94152929959819,,,,250,16000,16000,16000,,,,,,,,,,,,0.010415290878154338,,,,,0.0069931439338251945,,,,,,,,,,,,0.03422146944329143,,,,
20262020,polar_evidence,unified,8,0.00010305368692688175,58.297514700330794,,,,250,16000,16000,16000,,,,,,,,,,,,0.00972179133463651,,,,,0.006627905550412833,,,,,,,,,,,,0.030938857842236756,,,,
20262020,polar_evidence,unified,9,4.774575140626317e-05,58.16292979987338,,,,250,16000,16000,16000,,,,,,,,,,,,0.009987788889557123,,,,,0.006790575938299299,,,,,,,,,,,,0.031972129512578246,,,,
20262020,polar_evidence,unified,10,1.2235870926211617e-05,58.28195190010592,,,,250,16000,16000,16000,,,,,,,,,,,,0.009638588439673185,,,,,0.006560703340917825,,,,,,,,,,,,0.030778850987553598,,,,
20262020,conditional_router_stage_one,unified,1,0.001,3.877491899766028,,,,188,96000,16000,96000,,,,,,,,0.00445333672935764,0.003359463001290957,,,0.007988170124590396,,,,,,0.0001803896715476488,,,,,0.9050021904309591,,,,,,,,,,
20262020,conditional_router_stage_one,unified,2,0.000998458666866564,3.780130300205201,,,,188,96000,16000,96000,,,,,,,,0.00436056732883056,0.002748959483578801,,,0.007550512393315633,,,,,,0.00018399536446668207,,,,,0.8847331891059875,,,,,,,,,,
20262020,conditional_router_stage_one,unified,3,0.0009938441702975688,3.8620251999236643,,,,188,96000,16000,96000,,,,,,,,0.004339948573460182,0.002486668455724915,,,0.007387636243055264,,,,,,0.00018360984496151408,,,,,0.8792254365285238,,,,,,,,,,
20262020,conditional_router_stage_one,unified,4,0.0009861849601988382,3.7950449003838003,,,,188,96000,16000,96000,,,,,,,,0.004329934148738781,0.002360269932076335,,,0.007309592337658008,,,,,,0.0001834223904297687,,,,,0.8768337624867757,,,,,,,,,,
20262020,conditional_router_stage_one,unified,5,0.0009755282581475767,3.854382900055498,,,,188,96000,16000,96000,,,,,,,,0.004319880984723568,0.0022772260053704183,,,0.007254568544526895,,,,,,0.000183172096653531,,,,,0.8751407284736633,,,,,,,,,,
20262020,conditional_router_stage_one,unified,6,0.0009619397662556432,3.865076099988073,,,,188,96000,16000,96000,,,,,,,,0.004312993014852206,0.0022094078827649354,,,0.0072098300233483315,,,,,,0.00018284039296365034,,,,,0.8732114572525025,,,,,,,,,,
20262020,conditional_router_stage_one,unified,7,0.0009455032620941838,3.7961160000413656,,,,188,96000,16000,96000,,,,,,,,0.0043035880078872045,0.0021538457913945117,,,0.007167848825454712,,,,,,0.00018241597940990082,,,,,0.8708669374783834,,,,,,,,,,
20262020,conditional_router_stage_one,unified,8,0.000926320082177046,3.7658030996099114,,,,188,96000,16000,96000,,,,,,,,0.0042966824683050315,0.0020940140162905058,,,0.0071273847209910556,,,,,,0.00018160083579520385,,,,,0.8691474720637004,,,,,,,,,,
20262020,conditional_router_stage_one,unified,9,0.0009045084971874736,3.737511099781841,,,,188,96000,16000,96000,,,,,,,,0.004289898774276177,0.0020512321597586074,,,0.007096063981453578,,,,,,0.00018073964790285874,,,,,0.8676820581754049,,,,,,,,,,
20262020,conditional_router_stage_one,unified,10,0.0008802029828000154,3.821669999975711,,,,188,96000,16000,96000,,,,,,,,0.004283815223102768,0.0020102454324563345,,,0.007066499846676985,,,,,,0.0001804193335895737,,,,,0.8662285108566284,,,,,,,,,,
20262020,conditional_router_stage_one,unified,11,0.0008535533905932736,3.785729800350964,,,,188,96000,16000,96000,,,,,,,,0.004278911744554838,0.0019811517217506965,,,0.00704492719595631,,,,,,0.00017992932725852977,,,,,0.8652285963694255,,,,,,,,,,
20262020,conditional_router_stage_one,unified,12,0.0008247240241650918,3.7709877998568118,,,,188,96000,16000,96000,,,,,,,,0.004272060626496871,0.0019427769016474486,,,0.007015343038986126,,,,,,0.00017935250924589732,,,,,0.8635278700192769,,,,,,,,,,
20262020,conditional_router_stage_one,unified,13,0.0007938926261462365,3.759355999995023,,,,188,96000,16000,96000,,,,,,,,0.004265809239198764,0.001914694011832277,,,0.006990803711116314,,,,,,0.00017888271141176421,,,,,0.8614633537928263,,,,,,,,,,
20262020,conditional_router_stage_one,unified,14,0.0007612492823579742,3.8556746998801827,,,,188,96000,16000,96000,,,,,,,,0.0042590988650918005,0.0018848781703660886,,,0.006966509466369947,,,,,,0.00017780711342735837,,,,,0.8602598414421082,,,,,,,,,,
20262020,conditional_router_stage_one,unified,15,0.0007269952498697732,3.799487399868667,,,,188,96000,16000,96000,,,,,,,,0.004253656638165315,0.0018513731577744087,,,0.006942576934893926,,,,,,0.00017726556363049895,,,,,0.859458633740743,,,,,,,,,,
20262020,conditional_router_stage_one,unified,16,0.0006913417161825447,3.764066900126636,,,,188,96000,16000,96000,,,,,,,,0.00424727551266551,0.0018263998199254275,,,0.006918608916302522,,,,,,0.00017671964193383854,,,,,0.8569767408370972,,,,,,,,,,
20262020,conditional_router_stage_one,unified,17,0.0006545084971874736,3.7921927999705076,,,,188,96000,16000,96000,,,,,,,,0.004238898896301786,0.001805788260884583,,,0.006895619358867407,,,,,,0.00017576514079701156,,,,,0.8549424889882405,,,,,,,,,,
20262020,conditional_router_stage_one,unified,18,0.0006167226819279527,3.8108254997059703,,,,188,96000,16000,96000,,,,,,,,0.004234924330065648,0.0017797656748443841,,,0.0068788380548357965,,,,,,0.00017554904027686764,,,,,0.8550717705090841,,,,,,,,,,
20262020,conditional_router_stage_one,unified,19,0.0005782172325201154,3.809307999908924,,,,188,96000,16000,96000,,,,,,,,0.004227333367491762,0.001759366120522221,,,0.006855061898628871,,,,,,0.0001743968741502613,,,,,0.8522230876286825,,,,,,,,,,
20262020,conditional_router_stage_one,unified,20,0.0005392295478639224,3.7814736999571323,,,,188,96000,16000,96000,,,,,,,,0.004220873354623715,0.0017446325694521268,,,0.006839352248857419,,,,,,0.00017377534337962666,,,,,0.8513593328793844,,,,,,,,,,
20262020,conditional_router_stage_one,unified,21,0.0004999999999999999,3.806707799900323,,,,188,96000,16000,96000,,,,,,,,0.004215580468376477,0.001716273969039321,,,0.006816879533231258,,,,,,0.00017291376177066317,,,,,0.8499667765299479,,,,,,,,,,
20262020,conditional_router_stage_one,unified,22,0.0004607704521360775,3.7684752997010946,,,,188,96000,16000,96000,,,,,,,,0.004208745977530876,0.0017016289529080192,,,0.006798603660116593,,,,,,0.00017246887320652605,,,,,0.847962947845459,,,,,,,,,,
20262020,conditional_router_stage_one,unified,23,0.0004217827674798846,3.8454312002286315,,,,188,96000,16000,96000,,,,,,,,0.004203165059909224,0.0016835050899535416,,,0.0067823069989681245,,,,,,0.00017156607859457532,,,,,0.8472488940556844,,,,,,,,,,
20262020,conditional_router_stage_one,unified,24,0.0003832773180720472,3.794351300224662,,,,188,96000,16000,96000,,,,,,,,0.004197922403613726,0.0016613401832679907,,,0.0067618565633893015,,,,,,0.00017091941003066798,,,,,0.8452670674324035,,,,,,,,,,
20262020,conditional_router_stage_one,unified,25,0.0003454915028125262,3.8114256002008915,,,,188,96000,16000,96000,,,,,,,,0.0041908817278842134,0.0016478955593581001,,,0.0067448942301174,,,,,,0.00017007713722220311,,,,,0.8437726885477702,,,,,,,,,,
20262020,conditional_router_stage_one,unified,26,0.00030865828381745506,3.816706799902022,,,,188,96000,16000,96000,,,,,,,,0.004183606094991167,0.0016296538456032673,,,0.00672523711870114,,,,,,0.00016947133482123414,,,,,0.8422181021372477,,,,,,,,,,
20262020,conditional_router_stage_one,unified,27,0.0002730047501302265,3.7675592000596225,,,,188,96000,16000,96000,,,,,,,,0.004180448583016793,0.0016140006470183532,,,0.006712622821331025,,,,,,0.00016904575121589005,,,,,0.8414561974207561,,,,,,,,,,
20262020,conditional_router_stage_one,unified,28,0.0002387507176420255,3.9019571002572775,,,,188,96000,16000,96000,,,,,,,,0.004173657488077879,0.0015995013657957315,,,0.006695626142124335,,,,,,0.00016828838697013755,,,,,0.840072902361552,,,,,,,,,,
20262020,conditional_router_stage_one,unified,29,0.0002061073738537634,3.8509478997439146,,,,188,96000,16000,96000,,,,,,,,0.004168405351539453,0.0015870896180470784,,,0.006681467687090238,,,,,,0.00016760724422056227,,,,,0.8388078130086263,,,,,,,,,,
20262020,conditional_router_stage_one,unified,30,0.00017527597583490815,3.789008399937302,,,,188,96000,16000,96000,,,,,,,,0.00416363004843394,0.001576611328870058,,,0.006668827702601751,,,,,,0.00016729100797480592,,,,,0.8375345760981242,,,,,,,,,,
20262020,conditional_router_stage_one,unified,31,0.0001464466094067262,3.856821400113404,,,,188,96000,16000,96000,,,,,,,,0.004160109762102365,0.0015669240405162175,,,0.0066586953413983185,,,,,,0.00016677622718270867,,,,,0.8367147053082784,,,,,,,,,,
20262020,conditional_router_stage_one,unified,32,0.00011979701719998447,3.8098220000974834,,,,188,96000,16000,96000,,,,,,,,0.004155030449231466,0.001557672613300383,,,0.006646865889430046,,,,,,0.0001663991695192332,,,,,0.8356996358235677,,,,,,,,,,
20262020,conditional_router_stage_one,unified,33,9.549150281252627e-05,3.8316902997903526,,,,188,96000,16000,96000,,,,,,,,0.004152829963713884,0.0015484070048357049,,,0.006638345076392094,,,,,,0.00016568420291878283,,,,,0.8349452384312948,,,,,,,,,,
20262020,conditional_router_stage_one,unified,34,7.367991782295387e-05,3.7537938002496958,,,,188,96000,16000,96000,,,,,,,,0.004149843342602253,0.0015390165820717812,,,0.006629343573004007,,,,,,0.00016544049660054347,,,,,0.834315868695577,,,,,,,,,,
20262020,conditional_router_stage_one,unified,35,5.4496737905816076e-05,3.7906671999953687,,,,188,96000,16000,96000,,,,,,,,0.004146523738900821,0.0015358095870663723,,,0.0066228519479433695,,,,,,0.000165151925990358,,,,,0.8335676657358805,,,,,,,,,,
20262020,conditional_router_stage_one,unified,36,3.806023374435661e-05,3.7481563999317586,,,,188,96000,16000,96000,,,,,,,,0.004143484660113851,0.0015334702419737974,,,0.006617284043381612,,,,,,0.00016495859425049274,,,,,0.832912270228068,,,,,,,,,,
20262020,conditional_router_stage_one,unified,37,2.447174185242322e-05,3.868474300019443,,,,188,96000,16000,96000,,,,,,,,0.004142680651197831,0.0015254463311284781,,,0.006612496090432008,,,,,,0.00016494930787788083,,,,,0.8329274349212646,,,,,,,,,,
20262020,conditional_router_stage_one,unified,38,1.3815039801161714e-05,3.824005899950862,,,,188,96000,16000,96000,,,,,,,,0.004140929500261943,0.0015228665433824062,,,0.0066085755228996275,,,,,,0.00016451108758337797,,,,,0.8325424467722575,,,,,,,,,,
20262020,conditional_router_stage_one,unified,39,6.155829702431168e-06,3.8121730000711977,,,,188,96000,16000,96000,,,,,,,,0.004140660669654608,0.0015192235223948955,,,0.0066062474809587,,,,,,0.00016461659975660343,,,,,0.832410410563151,,,,,,,,,,
20262020,conditional_router_stage_one,unified,40,1.5413331334360176e-06,3.781011799816042,,,,188,96000,16000,96000,,,,,,,,0.004138453628867864,0.0015225722504158814,,,0.006604614141086737,,,,,,0.00016457456847031912,,,,,0.8318653230667115,,,,,,,,,,
20262020,conditional_router_stage_two,unified,1,0.0003,0.07666849996894598,,,,1,96000,16000,96000,,,,,,0.0,,,,0.0015213254373520613,0.032812997698783875,0.007643100805580616,,0.00414276821538806,,,,,0.001392766018398106,,,,,,0.8318296074867249,,,,,,,,0.0010048093972727656
20262020,conditional_router_stage_two,unified,2,0.00029994859874633357,0.06128690019249916,,,,1,96000,16000,96000,,,,,,0.0,,,,0.002084339503198862,0.0183265320956707,0.0072273798286914825,,0.004021724686026573,,,,,0.0013540354557335377,,,,,,0.7986728549003601,,,,,,,,0.0008075450896285474
20262020,conditional_router_stage_two,unified,3,0.0002997944302131861,0.05450710002332926,,,,1,96000,16000,96000,,,,,,0.0,,,,0.0028836342971771955,0.00856679305434227,0.007044559344649315,,0.003930588718503714,,,,,0.0013073633890599012,,,,,,0.7734439373016357,,,,,,,,0.0006790728657506406
20262020,conditional_router_stage_two,unified,4,0.0002995376000599692,0.06037429999560118,,,,1,96000,16000,96000,,,,,,0.0,,,,0.0037420853041112423,0.0038784691132605076,0.007002183236181736,,0.0038648888003081083,,,,,0.0012492963578552008,,,,,,0.75579833984375,,,,,,,,0.0005980574642308056
20262020,conditional_router_stage_two,unified,5,0.000299178284305241,0.05995910009369254,,,,1,96000,16000,96000,,,,,,0.0,,,,0.004467098042368889,0.004593642894178629,0.007013995200395584,,0.00382036785595119,,,,,0.0011854333570227027,,,,,,0.7427815198898315,,,,,,,,0.0005484923021867871
20262020,conditional_router_stage_two,unified,6,0.0002987167292060716,0.06034800037741661,,,,1,96000,16000,96000,,,,,,0.0,,,,0.004951173905283213,0.005649861413985491,0.007028033956885338,,0.003792697098106146,,,,,0.0011281897313892841,,,,,,0.7327157258987427,,,,,,,,0.0005195949343033135
20262020,conditional_router_stage_two,unified,7,0.0002981532510892707,0.059209899976849556,,,,1,96000,16000,96000,,,,,,0.0,,,,0.005178987979888916,0.005916187074035406,0.007027372717857361,,0.0037783579900860786,,,,,0.0010876903543248773,,,,,,0.7255467176437378,,,,,,,,0.0005055915680713952
20262020,conditional_router_stage_two,unified,8,0.0002974882361345932,0.05880350014194846,,,,1,96000,16000,96000,,,,,,0.0,,,,0.0051919687539339066,0.0055442447774112225,0.007011596579104662,,0.0037740578409284353,,,,,0.0010675425874069333,,,,,,0.7213587164878845,,,,,,,,0.0005023395642638206
20262020,conditional_router_stage_two,unified,9,0.00029672214011007087,0.05429450003430247,,,,1,96000,16000,96000,,,,,,0.0,,,,0.005054838955402374,0.004889714531600475,0.006987331435084343,,0.0037771123461425304,,,,,0.0010670206975191832,,,,,,0.7200034856796265,,,,,,,,0.0005065507721155882
20262020,conditional_router_stage_two,unified,10,0.0002958554880596515,0.05616150004789233,,,,1,96000,16000,96000,,,,,,0.0,,,,0.004830457735806704,0.004033973440527916,0.006960464175790548,,0.0037849415093660355,,,,,0.0010832359548658133,,,,,,0.7211033701896667,,,,,,,,0.0005150788347236812
20262020,conditional_router_stage_two,unified,11,0.0002948888739433602,0.059483499731868505,,,,1,96000,16000,96000,,,,,,0.0,,,,0.004572430159896612,0.0031099990010261536,0.006936820689588785,,0.0037956959567964077,,,,,0.0011107617756351829,,,,,,0.7240526676177979,,,,,,,,0.0005259060999378562
20262020,conditional_router_stage_two,unified,12,0.00029382296023022894,0.056262600235641,,,,1,96000,16000,96000,,,,,,0.0,,,,0.004324835259467363,0.0024767403956502676,0.006919932086020708,,0.0038075658958405256,,,,,0.001141571905463934,,,,,,0.7278442978858948,,,,,,,,0.0005374994361773133
20262020,conditional_router_stage_two,unified,13,0.00029265847744427303,0.05976550001651049,,,,1,96000,16000,96000,,,,,,0.0,,,,0.00411894079297781,0.002262330148369074,0.00690801627933979,,0.003818174358457327,,,,,0.0011665568454191089,,,,,,0.7309547662734985,,,,,,,,0.0005479202372953296
20262020,conditional_router_stage_two,unified,14,0.00029139622366382674,0.060740900225937366,,,,1,96000,16000,96000,,,,,,0.0,,,,0.003967843484133482,0.0022422154434025288,0.006898758467286825,,0.0038261725567281246,,,,,0.0011802560184150934,,,,,,0.7321921586990356,,,,,,,,0.0005561907892115414
20262020,conditional_router_stage_two,unified,15,0.00029003706397458023,0.05463160015642643,,,,1,96000,16000,96000,,,,,,0.0,,,,0.0038711572997272015,0.0023678429424762726,0.006890361197292805,,0.003831047099083662,,,,,0.0011826267000287771,,,,,,0.7313989400863647,,,,,,,,0.0005618002614937723
20262020,conditional_router_stage_two,unified,16,0.000288581929876693,0.05737339984625578,,,,1,96000,16000,96000,,,,,,0.0,,,,0.003818849567323923,0.002637390745803714,0.006882091984152794,,0.003833085997030139,,,,,0.0011779553024098277,,,,,,0.7292887568473816,,,,,,,,0.0005647068028338253
20262020,conditional_router_stage_two,unified,17,0.0002870318186463901,0.0567968999966979,,,,1,96000,16000,96000,,,,,,0.0,,,,0.00379747012630105,0.0029062109533697367,0.00687352754175663,,0.0038329041562974453,,,,,0.0011716752778738737,,,,,,0.726799488067627,,,,,,,,0.0005650607636198401
20262020,conditional_router_stage_two,unified,18,0.0002853877926524791,0.056950800120830536,,,,1,96000,16000,96000,,,,,,0.0,,,,0.003797181649133563,0.0029021401423960924,0.006864330265671015,,0.0038309753872454166,,,,,0.0011670611565932631,,,,,,0.7245768308639526,,,,,,,,0.0005630352534353733
20262020,conditional_router_stage_two,unified,19,0.0002836509786282552,0.05572760012000799,,,,1,96000,16000,96000,,,,,,0.0,,,,0.0038180153351277113,0.0026930691674351692,0.006855527404695749,,0.0038275825791060925,,,,,0.0011632548412308097,,,,,,0.7226284146308899,,,,,,,,0.000559080857783556
20262020,conditional_router_stage_two,unified,20,0.0002818225668992948,0.06114460015669465,,,,1,96000,16000,96000,,,,,,0.0,,,,0.0038614056538790464,0.002421655924990773,0.006848285440355539,,0.003823022125288844,,,,,0.0011578613193705678,,,,,,0.7206642031669617,,,,,,,,0.0005538375698961318
20262020,conditional_router_stage_two,unified,21,0.00027990381056766585,0.06094799982383847,,,,1,96000,16000,96000,,,,,,0.0,,,,0.003924145363271236,0.002199458424001932,0.006842457689344883,,0.0038175261579453945,,,,,0.001149485819041729,,,,,,0.7184973955154419,,,,,,,,0.0005477500963024795
20262020,conditional_router_stage_two,unified,22,0.00027789602465311383,0.0570660000666976,,,,1,96000,16000,96000,,,,,,0.0,,,,0.0039995512925088406,0.0019433050183579326,0.006837389897555113,,0.0038114171475172043,,,,,0.0011381227523088455,,,,,,0.7160604000091553,,,,,,,,0.0005412000464275479
20262020,conditional_router_stage_two,unified,23,0.0002758005851918136,0.05674730008468032,,,,1,96000,16000,96000,,,,,,0.0,,,,0.004075571428984404,0.0017244446789845824,0.00683230347931385,,0.0038052366580814123,,,,,0.0011261446634307504,,,,,,0.7137043476104736,,,,,,,,0.0005346204852685332
20262020,conditional_router_stage_two,unified,24,0.00027361892829330236,0.05957659985870123,,,,1,96000,16000,96000,,,,,,0.0,,,,0.004140266217291355,0.0015356248477473855,0.006827016826719046,,0.00379965896718204,,,,,0.001116692554205656,,,,,,0.7118762731552124,,,,,,,,0.0005285383085720241
20262020,conditional_router_stage_two,unified,25,0.0002713525491562421,0.05599829973652959,,,,1,96000,16000,96000,,,,,,0.0,,,,0.004184426739811897,0.0013563738903030753,0.0068216207437217236,,0.003795269411057234,,,,,0.0011119685368612409,,,,,,0.7108492851257324,,,,,,,,0.0005235009011812508
20262020,conditional_router_stage_two,unified,26,0.0002690030010436853,0.05927419988438487,,,,1,96000,16000,96000,,,,,,0.0,,,,0.0042052920907735825,0.0011957429815083742,0.006816416047513485,,0.0037923294585198164,,,,,0.0011123493313789368,,,,,,0.7106704115867615,,,,,,,,0.0005198116414248943
20262020,conditional_router_stage_two,unified,27,0.0002665718942185457,0.0563870002515614,,,,1,96000,16000,96000,,,,,,0.0,,,,0.00420568510890007,0.001076057436875999,0.006811655126512051,,0.0037907660007476807,,,,,0.0011164179304614663,,,,,,0.7111313343048096,,,,,,,,0.0005175264086574316
20262020,conditional_router_stage_two,unified,28,0.0002640608948400047,0.05567059991881251,,,,1,96000,16000,96000,,,,,,0.0,,,,0.004192320164293051,0.00103769451379776,0.006807452999055386,,0.003790233749896288,,,,,0.001121913781389594,,,,,,0.7119336724281311,,,,,,,,0.0005164113827049732
20262020,conditional_router_stage_two,unified,29,0.0002614717238216092,0.055388799868524075,,,,1,96000,16000,96000,,,,,,0.0,,,,0.00417304178699851,0.0010053253499791026,0.006803454365581274,,0.0037901997566223145,,,,,0.0011263607302680612,,,,,,0.7126713991165161,,,,,,,,0.0005160252330824733
20262020,conditional_router_stage_two,unified,30,0.0002588061556518432,0.05574580002576113,,,,1,96000,16000,96000,,,,,,0.0,,,,0.0041548749431967735,0.0009639711352065206,0.006799884606152773,,0.0037903531920164824,,,,,0.0011277328012511134,,,,,,0.7130174040794373,,,,,,,,0.0005161240696907043
20262020,conditional_router_stage_two,unified,31,0.00025606601717798223,0.061023700051009655,,,,1,96000,16000,96000,,,,,,0.0,,,,0.004140456672757864,0.0009136467706412077,0.006796517875045538,,0.0037904251366853714,,,,,0.001126291579566896,,,,,,0.7129668593406677,,,,,,,,0.0005163763416931033
20262020,conditional_router_stage_two,unified,32,0.00025325318635406314,0.06061129970476031,,,,1,96000,16000,96000,,,,,,0.0,,,,0.004129121080040932,0.0009414719534106553,0.006793423555791378,,0.0037903976626694202,,,,,0.001123849069699645,,,,,,0.712765634059906,,,,,,,,0.0005166051560081542
20262020,conditional_router_stage_two,unified,33,0.0002503695909538288,0.05598259996622801,,,,1,96000,16000,96000,,,,,,0.0,,,,0.0041185771115124226,0.0009884770261123776,0.006790269166231155,,0.0037902528420090675,,,,,0.0011225254274904728,,,,,,0.7126531600952148,,,,,,,,0.0005166068440303206
20262020,conditional_router_stage_two,unified,34,0.00024741720724952765,0.06080370023846626,,,,1,96000,16000,96000,,,,,,0.0,,,,0.004110028501600027,0.0009763475391082466,0.0067869131453335285,,0.003789875190705061,,,,,0.0011225973721593618,,,,,,0.7125963568687439,,,,,,,,0.0005162074230611324
20262020,conditional_router_stage_two,unified,35,0.00024439805865747574,0.05658769980072975,,,,1,96000,16000,96000,,,,,,0.0,,,,0.004106034059077501,0.0009202063083648682,0.006783450022339821,,0.0037891478277742863,,,,,0.0011234016856178641,,,,,,0.7124742865562439,,,,,,,,0.0005153196398168802
20262020,conditional_router_stage_two,unified,36,0.00024131421435130823,0.05927259987220168,,,,1,96000,16000,96000,,,,,,0.0,,,,0.004109816625714302,0.0008777337498031557,0.006780059076845646,,0.0037879510782659054,,,,,0.0011235660640522838,,,,,,0.7121041417121887,,,,,,,,0.0005139181739650667
20262020,conditional_router_stage_two,unified,37,0.0002381677878438711,0.05566279962658882,,,,1,96000,16000,96000,,,,,,0.0,,,,0.0041224099695682526,0.0008109334157779813,0.006776839029043913,,0.0037862746976315975,,,,,0.0011220709420740604,,,,,,0.7113771438598633,,,,,,,,0.0005120851565152407
20262020,conditional_router_stage_two,unified,38,0.00023496093553872503,0.05707299988716841,,,,1,96000,16000,96000,,,,,,0.0,,,,0.00414193794131279,0.0007428131066262722,0.006774068810045719,,0.0037843293976038694,,,,,0.0011188196949660778,,,,,,0.7103362083435059,,,,,,,,0.0005100772832520306
20262020,conditional_router_stage_two,unified,39,0.00023169585525225419,0.060716900043189526,,,,1,96000,16000,96000,,,,,,0.0,,,,0.0041641960851848125,0.0007165287970565259,0.006771628744900227,,0.0037823040038347244,,,,,0.0011148282792419195,,,,,,0.709185779094696,,,,,,,,0.0005080621340312064
20262020,conditional_router_stage_two,unified,40,0.00022837478470739243,0.05602780031040311,,,,1,96000,16000,96000,,,,,,0.0,,,,0.004182002041488886,0.0007075167377479374,0.006769309751689434,,0.0037805382162332535,,,,,0.0011122748255729675,,,,,,0.7083147764205933,,,,,,,,0.0005062505370005965
20262020,conditional_router_stage_two,unified,41,0.0002250000000000001,0.06042650016024709,,,,1,96000,16000,96000,,,,,,0.0,,,,0.004193302243947983,0.0006847616168670356,0.006767010781913996,,0.00377913611009717,,,,,0.0011115536326542497,,,,,,0.7077838778495789,,,,,,,,0.0005047273589298129
20262020,conditional_router_stage_two,unified,42,0.0002215738140389414,0.05563180008903146,,,,1,96000,16000,96000,,,,,,0.0,,,,0.004198502749204636,0.0006567982491105795,0.006764691788703203,,0.00377808790653944,,,,,0.0011120450217276812,,,,,,0.7075099349021912,,,,,,,,0.0005035295616835356
20262020,conditional_router_stage_two,unified,43,0.00021809857496093212,0.05655580013990402,,,,1,96000,16000,96000,,,,,,0.0,,,,0.004200806375592947,0.0006489547668024898,0.0067623453214764595,,0.0037772408686578274,,,,,0.0011123204603791237,,,,,,0.7072774767875671,,,,,,,,0.0005025806021876633
20262020,conditional_router_stage_two,unified,44,0.0002145766645212444,0.056393499951809645,,,,1,96000,16000,96000,,,,,,0.0,,,,0.004202033393085003,0.000625111220870167,0.006760016083717346,,0.003776503261178732,,,,,0.0011117762187495828,,,,,,0.7070116400718689,,,,,,,,0.0005018190131522715
20262020,conditional_router_stage_two,unified,45,0.00021101049646137014,0.058678700122982264,,,,1,96000,16000,96000,,,,,,0.0,,,,0.00420171394944191,0.0006222500815056264,0.006757816299796104,,0.003775916527956724,,,,,0.0011109940242022276,,,,,,0.7068042755126953,,,,,,,,0.0005012340261600912
20262020,conditional_router_stage_two,unified,46,0.00020740251485476356,0.05490759992972016,,,,1,96000,16000,96000,,,,,,0.0,,,,0.0041985586285591125,0.0006208000122569501,0.006755685433745384,,0.0037755006924271584,,,,,0.0011109185870736837,,,,,,0.7068079710006714,,,,,,,,0.0005007765721529722
20262020,conditional_router_stage_two,unified,47,0.00020375519243179515,0.055500099901109934,,,,1,96000,16000,96000,,,,,,0.0,,,,0.00419261259958148,0.0005854617920704186,0.006753723137080669,,0.003775252727791667,,,,,0.0011121267452836037,,,,,,0.7070877552032471,,,,,,,,0.0005004021804779768
20262020,conditional_router_stage_two,unified,48,0.00020007102888506572,0.058006000239402056,,,,1,96000,16000,96000,,,,,,0.0,,,,0.004187477752566338,0.0005715335137210786,0.0067518772557377815,,0.0037749563343822956,,,,,0.0011135300155729055,,,,,,0.7074407339096069,,,,,,,,0.0004999524680897593
20262020,conditional_router_stage_two,unified,49,0.00019635254915624222,0.05893160030245781,,,,1,96000,16000,96000,,,,,,0.0,,,,0.004186728969216347,0.0005756234168075025,0.006750184111297131,,0.0037744403816759586,,,,,0.001113785314373672,,,,,,0.7076235413551331,,,,,,,,0.0004993403563275933
20262020,conditional_router_stage_two,unified,50,0.00019260230170558851,0.054497200064361095,,,,1,96000,16000,96000,,,,,,0.0,,,,0.004189636092633009,0.0005875893984921277,0.006748492829501629,,0.003773728385567665,,,,,0.001113059581257403,,,,,,0.7075988054275513,,,,,,,,0.000498572422657162
20262020,conditional_router_stage_two,unified,51,0.00018882285676537818,0.05996049987152219,,,,1,96000,16000,96000,,,,,,0.0,,,,0.004194318782538176,0.0005605794722214341,0.006746809929609299,,0.003772913943976164,,,,,0.0011120015988126397,,,,,,0.7074966430664062,,,,,,,,0.0004977096687071025
20262020,conditional_router_stage_two,unified,52,0.0001850168045783859,0.061610699631273746,,,,1,96000,16000,96000,,,,,,0.0,,,,0.00419851578772068,0.0005435833591036499,0.006745119579136372,,0.0037721097469329834,,,,,0.001111382502131164,,,,,,0.7074536085128784,,,,,,,,0.000496825494337827
20262020,conditional_router_stage_two,unified,53,0.00018118675362266396,0.05525729991495609,,,,1,96000,16000,96000,,,,,,0.0,,,,0.0042016031220555305,0.0005285373190417886,0.006743439007550478,,0.003771356772631407,,,,,0.0011112656211480498,,,,,,0.7074795961380005,,,,,,,,0.0004959744401276112
20262020,conditional_router_stage_two,unified,54,0.0001773353288238222,0.058035499881953,,,,1,96000,16000,96000,,,,,,0.0,,,,0.004204299300909042,0.0005165230832062662,0.006741855759173632,,0.0037706808652728796,,,,,0.0011111667845398188,,,,,,0.7074424028396606,,,,,,,,0.0004952120943926275
20262020,conditional_router_stage_two,unified,55,0.00017346516975603473,0.06054859980940819,,,,1,96000,16000,96000,,,,,,0.0,,,,0.004208745434880257,0.0005114547675475478,0.0067403013817965984,,0.003769952803850174,,,,,0.0011104430304840207,,,,,,0.7071995735168457,,,,,,,,0.0004944367101415992
20262020,conditional_router_stage_two,unified,56,0.00016957892883300783,0.05982309998944402,,,,1,96000,16000,96000,,,,,,0.0,,,,0.004213856998831034,0.0005005302373319864,0.006738772615790367,,0.0037692224141210318,,,,,0.0011093711946159601,,,,,,0.7068328261375427,,,,,,,,0.0004936894401907921
20262020,conditional_router_stage_two,unified,57,0.00016567926949014812,0.05865040002390742,,,,1,96000,16000,96000,,,,,,0.0,,,,0.004218114074319601,0.00048247483209706843,0.006737376097589731,,0.00376859400421381,,,,,0.0011083969147875905,,,,,,0.7064663171768188,,,,,,,,0.0004930539289489388
20262020,conditional_router_stage_two,unified,58,0.00016176886435917683,0.05730129964649677,,,,1,96000,16000,96000,,,,,,0.0,,,,0.004220773931592703,0.000497792789246887,0.006736026611179113,,0.003768074791878462,,,,,0.001107653952203691,,,,,,0.7061814665794373,,,,,,,,0.0004925229004584253
20262020,conditional_router_stage_two,unified,59,0.00015785039343644162,0.0592140001244843,,,,1,96000,16000,96000,,,,,,0.0,,,,0.00422131409868598,0.00048528797924518585,0.0067347376607358456,,0.0037676719948649406,,,,,0.0011074900394305587,,,,,,0.7060809135437012,,,,,,,,0.0004920792998746037
20262020,conditional_router_stage_two,unified,60,0.000153926542246181,0.05650659976527095,,,,1,96000,16000,96000,,,,,,0.0,,,,0.004220942966639996,0.00046847821795381606,0.006733410060405731,,0.0037673087790608406,,,,,0.0011074154172092676,,,,,,0.7060255408287048,,,,,,,,0.0004916787729598582
20262020,conditional_router_stage_two,unified,61,0.00015000000000000007,0.0586965000256896,,,,1,96000,16000,96000,,,,,,0.0,,,,0.004220929928123951,0.0004970009904354811,0.006732093170285225,,0.0037669443991035223,,,,,0.0011070017935708165,,,,,,0.705906093120575,,,,,,,,0.0004913046723231673
20262020,conditional_router_stage_two,unified,62,0.0001460734577538191,0.05461669992655516,,,,1,96000,16000,96000,,,,,,0.0,,,,0.0042213574051856995,0.0005002765683457255,0.006730888970196247,,0.003766596084460616,,,,,0.0011065525468438864,,,,,,0.7057366371154785,,,,,,,,0.0004909531562589109
20262020,conditional_router_stage_two,unified,63,0.0001421496065635585,0.06069489987567067,,,,1,96000,16000,96000,,,,,,0.0,,,,0.004222583025693893,0.0004791495739482343,0.006729745771735907,,0.0037662077229470015,,,,,0.0011061499826610088,,,,,,0.7055481672286987,,,,,,,,0.0004905571113340557
20262020,conditional_router_stage_two,unified,64,0.0001382311356408233,0.059461199678480625,,,,1,96000,16000,96000,,,,,,0.0,,,,0.004223665688186884,0.0005182893364690244,0.006728617940098047,,0.003765806555747986,,,,,0.001106172800064087,,,,,,0.705424964427948,,,,,,,,0.0004901175270788372
20262020,conditional_router_stage_two,unified,65,0.00013432073050985202,0.058716199826449156,,,,1,96000,16000,96000,,,,,,0.0,,,,0.004224988166242838,0.00046336313243955374,0.006727444473654032,,0.003765357192605734,,,,,0.0011063504498451948,,,,,,0.7053493857383728,,,,,,,,0.0004896104801446199
20262020,conditional_router_stage_two,unified,66,0.0001304210711669923,0.05768470000475645,,,,1,96000,16000,96000,,,,,,0.0,,,,0.004227782599627972,0.0005467074806801975,0.006726410239934921,,0.003764859866350889,,,,,0.0011061282129958272,,,,,,0.7052355408668518,,,,,,,,0.0004890718264505267
20262020,conditional_router_stage_two,unified,67,0.00012653483024396538,0.055410499684512615,,,,1,96000,16000,96000,,,,,,0.0,,,,0.004231881815940142,0.0005244195344857872,0.0067253513261675835,,0.0037642752286046743,,,,,0.0011055683717131615,,,,,,0.705075204372406,,,,,,,,0.0004884583177044988
20262020,conditional_router_stage_two,unified,68,0.00012266467117617793,0.0610726997256279,,,,1,96000,16000,96000,,,,,,0.0,,,,0.0042365193367004395,0.000431327847763896,0.006724261678755283,,0.003763653337955475,,,,,0.0011046985164284706,,,,,,0.7048838138580322,,,,,,,,0.0004878276668023318
20262020,conditional_router_stage_two,unified,69,0.0001188132463773361,0.055656200274825096,,,,1,96000,16000,96000,,,,,,0.0,,,,0.004240329843014479,0.0005261101177893579,0.006723360158503056,,0.0037631429731845856,,,,,0.0011039488017559052,,,,,,0.7047304511070251,,,,,,,,0.0004873073485214263
20262020,conditional_router_stage_two,unified,70,0.0001149831954216142,0.05717250006273389,,,,1,96000,16000,96000,,,,,,0.0,,,,0.004242426250129938,0.0004936357727274299,0.0067224097438156605,,0.0037627180572599173,,,,,0.0011035463539883494,,,,,,0.7046729922294617,,,,,,,,0.0004868514370173216
20262020,conditional_router_stage_two,unified,71,0.0001111771432346219,0.059046799782663584,,,,1,96000,16000,96000,,,,,,0.0,,,,0.004242916125804186,0.0004757684364449233,0.00672148447483778,,0.0037623930256813765,,,,,0.0011034761555492878,,,,,,0.704694390296936,,,,,,,,0.00048648641677573323
20262020,conditional_router_stage_two,unified,72,0.0001073976982944116,0.06138730002567172,,,,1,96000,16000,96000,,,,,,0.0,,,,0.004241906572133303,0.0005430874298326671,0.006720633711665869,,0.0037621823139488697,,,,,0.0011038079392164946,,,,,,0.7047606706619263,,,,,,,,0.00048622634494677186
20262020,conditional_router_stage_two,unified,73,0.0001036474508437579,0.058454000391066074,,,,1,96000,16000,96000,,,,,,0.0,,,,0.004240692127496004,0.00050391536206007,0.006719779223203659,,0.0037619839422404766,,,,,0.0011042702244594693,,,,,,0.7048243284225464,,,,,,,,0.00048597200657241046
20262020,conditional_router_stage_two,unified,74,9.992897111493437e-05,0.05692930007353425,,,,1,96000,16000,96000,,,,,,0.0,,,,0.0042413328774273396,0.0004594756755977869,0.006718995049595833,,0.003761713858693838,,,,,0.001104113063775003,,,,,,0.7047734260559082,,,,,,,,0.0004856761952396482
20262020,conditional_router_stage_two,unified,75,9.624480756820496e-05,0.05649379966780543,,,,1,96000,16000,96000,,,,,,0.0,,,,0.004243087954819202,0.0004490564751904458,0.006718244403600693,,0.0037613948807120323,,,,,0.0011036299401894212,,,,,,0.7046610713005066,,,,,,,,0.0004853451973758638
20262020,conditional_router_stage_two,unified,76,9.259748514523653e-05,0.055727300234138966,,,,1,96000,16000,96000,,,,,,0.0,,,,0.004243858158588409,0.00043705914868041873,0.0067174676805734634,,0.003761117812246084,,,,,0.0011035514762625098,,,,,,0.7046061158180237,,,,,,,,0.0004850343684665859
20262020,conditional_router_stage_two,unified,77,8.898950353862997e-05,0.05816589994356036,,,,1,96000,16000,96000,,,,,,0.0,,,,0.004244509153068066,0.00047318823635578156,0.006716712843626738,,0.003760849591344595,,,,,0.0011035565985366702,,,,,,0.7045626640319824,,,,,,,,0.0004847310483455658
20262020,conditional_router_stage_two,unified,78,8.542333547875576e-05,0.05859290016815066,,,,1,96000,16000,96000,,,,,,0.0,,,,0.004245782736688852,0.0005017871153540909,0.006716027855873108,,0.00376056763343513,,,,,0.0011032390175387263,,,,,,0.7044873237609863,,,,,,,,0.000484439660795033
20262020,conditional_router_stage_two,unified,79,8.190142503906799e-05,0.0613667001016438,,,,1,96000,16000,96000,,,,,,0.0,,,,0.004245993681252003,0.00045312687871046364,0.006715350318700075,,0.0037603441160172224,,,,,0.0011033493792638183,,,,,,0.7044622302055359,,,,,,,,0.00048418776714242995
20262020,conditional_router_stage_two,unified,80,7.842618596105874e-05,0.054780600126832724,,,,1,96000,16000,96000,,,,,,0.0,,,,0.00424649752676487,0.00045741305802948773,0.006714746356010437,,0.0037601343356072903,,,,,0.0011032952461391687,,,,,,0.7044053673744202,,,,,,,,0.00048396148486062884
20262020,conditional_router_stage_two,unified,81,7.500000000000003e-05,0.056904100347310305,,,,1,96000,16000,96000,,,,,,0.0,,,,0.004247618373483419,0.00042736370232887566,0.006714118644595146,,0.0037598840426653624,,,,,0.0011030299356207252,,,,,,0.7043185830116272,,,,,,,,0.00048370248987339437
20262020,conditional_router_stage_two,unified,82,7.162521529260768e-05,0.059719199780374765,,,,1,96000,16000,96000,,,,,,0.0,,,,0.004248760174959898,0.0004197597736492753,0.006713510025292635,,0.0037596276961266994,,,,,0.001102826907299459,,,,,,0.7042585611343384,,,,,,,,0.000483434007037431
20262020,conditional_router_stage_two,unified,83,6.830414474774599e-05,0.06078779976814985,,,,1,96000,16000,96000,,,,,,0.0,,,,0.004249937366694212,0.00043630466097965837,0.006712936796247959,,0.0037593755405396223,,,,,0.0011026199208572507,,,,,,0.7042152285575867,,,,,,,,0.0004831687256228179
20262020,conditional_router_stage_two,unified,84,6.503906446127505e-05,0.0576732000336051,,,,1,96000,16000,96000,,,,,,0.0,,,,0.004251221660524607,0.0004194437642581761,0.006712437607347965,,0.003759140847250819,,,,,0.001102325739338994,,,,,,0.7041768431663513,,,,,,,,0.0004829249228350818
20262020,conditional_router_stage_two,unified,85,6.183221215612905e-05,0.055323099717497826,,,,1,96000,16000,96000,,,,,,0.0,,,,0.004252721555531025,0.0004251654027029872,0.006711938418447971,,0.0037588966079056263,,,,,0.0011019478552043438,,,,,,0.7041207551956177,,,,,,,,0.0004826754448004067
20262020,conditional_router_stage_two,unified,86,5.868578564869191e-05,0.059663400053977966,,,,1,96000,16000,96000,,,,,,0.0,,,,0.0042534759268164635,0.00042035322985611856,0.00671143876388669,,0.0037586945109069347,,,,,0.0011018724180758,,,,,,0.7040916085243225,,,,,,,,0.0004824546631425619
20262020,conditional_router_stage_two,unified,87,5.5601941342524416e-05,0.05795239983126521,,,,1,96000,16000,96000,,,,,,0.0,,,,0.0042533306404948235,0.0004251821374054998,0.006710954010486603,,0.0037585459649562836,,,,,0.001102089649066329,,,,,,0.7041029334068298,,,,,,,,0.0004822772752959281
20262020,conditional_router_stage_two,unified,88,5.258279275047248e-05,0.057955400086939335,,,,1,96000,16000,96000,,,,,,0.0,,,,0.004253374878317118,0.00045175623381510377,0.00671051861718297,,0.003758407896384597,,,,,0.0011021719546988606,,,,,,0.704092800617218,,,,,,,,0.0004821199690923095
20262020,conditional_router_stage_two,unified,89,4.963040904617132e-05,0.05952210025861859,,,,1,96000,16000,96000,,,,,,0.0,,,,0.004253547638654709,0.0004544227267615497,0.006710100453346968,,0.0037582721561193466,,,,,0.0011021716054528952,,,,,,0.7040683031082153,,,,,,,,0.0004819694731850177
20262020,conditional_router_stage_two,unified,90,4.674681364593688e-05,0.06088280025869608,,,,1,96000,16000,96000,,,,,,0.0,,,,0.004253902472555637,0.00046263280091807246,0.00670969020575285,,0.003758131992071867,,,,,0.001102065434679389,,,,,,0.7040284872055054,,,,,,,,0.0004818207526113838
20262020,conditional_router_stage_two,unified,91,4.393398282201788e-05,0.06164039997383952,,,,1,96000,16000,96000,,,,,,0.0,,,,0.004255073145031929,0.0004215560620650649,0.006709315348416567,,0.0037579580675810575,,,,,0.0011016937205567956,,,,,,0.7039411067962646,,,,,,,,0.0004816545406356454
20262020,conditional_router_stage_two,unified,92,4.119384434815686e-05,0.05904809990897775,,,,1,96000,16000,96000,,,,,,0.0,,,,0.004256339278072119,0.0004369273083284497,0.006708967499434948,,0.00375778297893703,,,,,0.0011013627517968416,,,,,,0.7038578987121582,,,,,,,,0.00048148445785045624
20262020,conditional_router_stage_two,unified,93,3.852827617839089e-05,0.05513039976358414,,,,1,96000,16000,96000,,,,,,0.0,,,,0.0042576598934829235,0.00042597821447998285,0.006708652712404728,,0.003757614642381668,,,,,0.0011010202579200268,,,,,,0.7037781476974487,,,,,,,,0.0004813203704543412
20262020,conditional_router_stage_two,unified,94,3.5939105159995365e-05,0.0548505000770092,,,,1,96000,16000,96000,,,,,,0.0,,,,0.004258374683558941,0.0004549470031633973,0.006708347238600254,,0.00375748286023736,,,,,0.0011008399305865169,,,,,,0.7037324905395508,,,,,,,,0.00048118524136953056
20262020,conditional_router_stage_two,unified,95,3.342810578145437e-05,0.06143599981442094,,,,1,96000,16000,96000,,,,,,0.0,,,,0.004258912522345781,0.00042945967288687825,0.006708046421408653,,0.003757364582270384,,,,,0.0011006786953657866,,,,,,0.7036914229393005,,,,,,,,0.00048106315080076456
20262020,conditional_router_stage_two,unified,96,3.0996998956314715e-05,0.05784610006958246,,,,1,96000,16000,96000,,,,,,0.0,,,,0.004259098786860704,0.00045315094757825136,0.006707772146910429,,0.0037572772707790136,,,,,0.0011005915002897382,,,,,,0.7036556005477905,,,,,,,,0.0004809731908608228
20262020,conditional_router_stage_two,unified,97,2.8647450843757904e-05,0.058353899978101254,,,,1,96000,16000,96000,,,,,,0.0,,,,0.004258665256202221,0.00046311013284139335,0.006707523483783007,,0.0037572276778519154,,,,,0.0011007686844095588,,,,,,0.7036575675010681,,,,,,,,0.0004809089587070048
20262020,conditional_router_stage_two,unified,98,2.6381071706697685e-05,0.05636719986796379,,,,1,96000,16000,96000,,,,,,0.0,,,,0.004258430562913418,0.0004483452648855746,0.006707277148962021,,0.0037571655120700598,,,,,0.001100921886973083,,,,,,0.7036550045013428,,,,,,,,0.0004808322701137513
20262020,conditional_router_stage_two,unified,99,2.4199414808186416e-05,0.0627632001414895,,,,1,96000,16000,96000,,,,,,0.0,,,,0.004258566070348024,0.00045570367365144193,0.006707065273076296,,0.0037570935674011707,,,,,0.001100947498343885,,,,,,0.70363849401474,,,,,,,,0.0004807512741535902
20262020,conditional_router_stage_two,unified,100,2.210397534688618e-05,0.05661810003221035,,,,1,96000,16000,96000,,,,,,0.0,,,,0.004258947912603617,0.00041449774289503694,0.0067068785429000854,,0.0037570137064903975,,,,,0.0011008422588929534,,,,,,0.7036173343658447,,,,,,,,0.0004806710931006819
20262020,conditional_router_stage_two,unified,101,2.00961894323342e-05,0.05666650040075183,,,,1,96000,16000,96000,,,,,,0.0,,,,0.004259288776665926,0.0004382864572107792,0.006706702522933483,,0.0037569403648376465,,,,,0.0011007199063897133,,,,,,0.7036019563674927,,,,,,,,0.00048059687833301723
20262020,conditional_router_stage_two,unified,102,1.8177433100705214e-05,0.05631350027397275,,,,1,96000,16000,96000,,,,,,0.0,,,,0.004259317647665739,0.0004349568043835461,0.006706537678837776,,0.003756888909265399,,,,,0.001100702676922083,,,,,,0.7035977244377136,,,,,,,,0.00048054050421342254
20262020,conditional_router_stage_two,unified,103,1.6349021371744837e-05,0.057589799631386995,,,,1,96000,16000,96000,,,,,,0.0,,,,0.004259233362972736,0.00042932588257826865,0.0067063746973872185,,0.003756844438612461,,,,,0.0011007431894540787,,,,,,0.7035971879959106,,,,,,,,0.00048048768076114357
20262020,conditional_router_stage_two,unified,104,1.4612207347520943e-05,0.057524699717760086,,,,1,96000,16000,96000,,,,,,0.0,,,,0.00425923615694046,0.00044015952153131366,0.006706235930323601,,0.003756802063435316,,,,,0.0011007614666596055,,,,,,0.7035951614379883,,,,,,,,0.0004804386990144849
20262020,conditional_router_stage_two,unified,105,1.2968181353609857e-05,0.056408900301903486,,,,1,96000,16000,96000,,,,,,0.0,,,,0.004259306006133556,0.00044183596037328243,0.006706109270453453,,0.003756759688258171,,,,,0.0011007434222847223,,,,,,0.7035870552062988,,,,,,,,0.00048039358807727695
20262020,conditional_router_stage_two,unified,106,1.1418070123306994e-05,0.060276000294834375,,,,1,96000,16000,96000,,,,,,0.0,,,,0.004259160719811916,0.00043309247121214867,0.006706001702696085,,0.0037567352410405874,,,,,0.0011007811408489943,,,,,,0.703588604927063,,,,,,,,0.0004803658230230212
20262020,conditional_router_stage_two,unified,107,9.962936025419743e-06,0.05560149997472763,,,,1,96000,16000,96000,,,,,,0.0,,,,0.004259013570845127,0.0004227518802508712,0.00670591089874506,,0.0037567177787423134,,,,,0.0011007986031472683,,,,,,0.7035852074623108,,,,,,,,0.0004803473420906812
20262020,conditional_router_stage_two,unified,108,8.603776336173257e-06,0.059841899666935205,,,,1,96000,16000,96000,,,,,,0.0,,,,0.004258986562490463,0.00046241373638622463,0.006705830805003643,,0.003756697755306959,,,,,0.0011007726425305009,,,,,,0.7035766839981079,,,,,,,,0.0004803275805898011
20262020,conditional_router_stage_two,unified,109,7.341522555726974e-06,0.05689850030466914,,,,1,96000,16000,96000,,,,,,0.0,,,,0.00425900612026453,0.0004482173826545477,0.006705755367875099,,0.0037566744722425938,,,,,0.0011007538996636868,,,,,,0.7035722136497498,,,,,,,,0.0004803030751645565
20262020,conditional_router_stage_two,unified,110,6.177039769771062e-06,0.05790989985689521,,,,1,96000,16000,96000,,,,,,0.0,,,,0.004259034991264343,0.0004276124236639589,0.006705684121698141,,0.0037566504906862974,,,,,0.0011007522698491812,,,,,,0.7035709619522095,,,,,,,,0.00048027667799033225
20262020,conditional_router_stage_two,unified,111,5.111126056639755e-06,0.0608339998871088,,,,1,96000,16000,96000,,,,,,0.0,,,,0.004259070847183466,0.00042520518763922155,0.006705626379698515,,0.003756630700081587,,,,,0.0011007544817402959,,,,,,0.7035704851150513,,,,,,,,0.00048025339492596686
20262020,conditional_router_stage_two,unified,112,4.144511940348518e-06,0.060563100036233664,,,,1,96000,16000,96000,,,,,,0.0,,,,0.004259128123521805,0.0004139450320508331,0.006705580744892359,,0.0037566120736300945,,,,,0.0011007506400346756,,,,,,0.7035698294639587,,,,,,,,0.00048023313865996897
20262020,conditional_router_stage_two,unified,113,3.2778598899291478e-06,0.06054010009393096,,,,1,96000,16000,96000,,,,,,0.0,,,,0.004259209148585796,0.00045182384201325476,0.0067055486142635345,,0.0037565971724689007,,,,,0.0011007373686879873,,,,,,0.703567385673523,,,,,,,,0.00048021695693023503
20262020,conditional_router_stage_two,unified,114,2.5117638654068248e-06,0.05707479966804385,,,,1,96000,16000,96000,,,,,,0.0,,,,0.004259305074810982,0.0004384680651128292,0.006705519277602434,,0.0037565825041383505,,,,,0.001100715366192162,,,,,,0.7035627961158752,,,,,,,,0.000480202172184363
20262020,conditional_router_stage_two,unified,115,1.8467489107293517e-06,0.05756040010601282,,,,1,96000,16000,96000,,,,,,0.0,,,,0.004259378183633089,0.0004441661876626313,0.006705495063215494,,0.0037565710954368114,,,,,0.0011006977874785662,,,,,,0.7035585641860962,,,,,,,,0.00048019064706750214
20262020,conditional_router_stage_two,unified,116,1.283270793928443e-06,0.05947839980944991,,,,1,96000,16000,96000,,,,,,0.0,,,,0.004259416367858648,0.0004283535236027092,0.006705476902425289,,0.0037565636448562145,,,,,0.0011006899876520038,,,,,,0.7035561800003052,,,,,,,,0.0004801825270988047
20262020,conditional_router_stage_two,unified,117,8.217156947589902e-07,0.05565909994766116,,,,1,96000,16000,96000,,,,,,0.0,,,,0.004259428940713406,0.00038707905332557857,0.0067054638639092445,,0.003756558522582054,,,,,0.0011006892891600728,,,,,,0.7035553455352783,,,,,,,,0.0004801774339284748
20262020,conditional_router_stage_two,unified,118,4.623999400308056e-07,0.06101489998400211,,,,1,96000,16000,96000,,,,,,0.0,,,,0.004259437322616577,0.0003809845948126167,0.00670545594766736,,0.0037565554957836866,,,,,0.0011006890563294291,,,,,,0.7035549283027649,,,,,,,,0.0004801741451956332
20262020,conditional_router_stage_two,unified,119,2.055697868139251e-07,0.058720700442790985,,,,1,96000,16000,96000,,,,,,0.0,,,,0.004259442910552025,0.000389621767681092,0.0067054508253932,,0.0037565536331385374,,,,,0.00110068847425282,,,,,,0.7035545110702515,,,,,,,,0.0004801720497198403
20262020,conditional_router_stage_two,unified,120,5.1401253666411035e-08,0.05634329980239272,,,,1,96000,16000,96000,,,,,,0.0,,,,0.004259447101503611,0.0003887641942128539,0.006705448962748051,,0.003756552701815963,,,,,0.0011006876593455672,,,,,,0.7035543322563171,,,,,,,,0.0004801712930202484
20262021,remst,remst,1,0.0003,315.86276819976047,315.8627664996311,,2000,2000,,16000,48000,48000,16000,1.2880426830346944e-08,0.0037643876375154832,,,,,,,,0.4518476941734552,,,,1.0125798536241055,0.013770534860435873,,,,0.023074529909994455,0.9432083427011967,,,,0.016386356751667337,0.022528833251912146,0.023968924990098457,,,,,
20262021,remst,remst,2,0.0002713525491562421,316.4916823999956,316.4916811999865,,2000,2000,,16000,48000,48000,16000,1.2698945052441041e-08,0.006323242873710114,,,,,,,,0.43632126270234584,,,,1.0704984441399574,0.012348978574271315,,,,0.02333437762549147,0.9445000095367432,,,,0.016757880641147496,0.03220065372064709,0.031116454509086906,,,,,
20262021,remst,remst,3,0.0001963525491562421,316.9696232001297,316.9696217998862,,2000,2000,,16000,48000,48000,16000,1.3039224627295343e-08,0.007748859665589407,,,,,,,,0.4241355259418488,,,,1.1097310893535615,0.01141601347818505,,,,0.02345967661309987,0.944312509149313,,,,0.016709392459830268,0.034906289133243264,0.03299396815616638,,,,,
20262021,remst,remst,4,0.00010364745084375788,318.2598315998912,318.25982940010726,,2000,2000,,16000,48000,48000,16000,1.2917667607137417e-08,0.008170571289840155,,,,,,,,0.42170972348749636,,,,1.1283217186927796,0.011293631093925796,,,,0.023526250323280692,0.9438750091791153,,,,0.01698653425555676,0.036126945104449984,0.033942801577039064,,,,,
20262021,remst,remst,5,2.8647450843757894e-05,318.0094297998585,318.00942849973217,,2000,2000,,16000,48000,48000,16000,1.3007511134560668e-08,0.008140438018890563,,,,,,,,0.415163305029273,,,,1.1378575941920281,0.01093944445962552,,,,0.023442784037441017,0.9436875083446503,,,,0.016656739805825056,0.03705680987797678,0.034454248153604566,,,,,
20262021,r2mt_mean_risk,r2mt,1,0.001,0.848475799895823,,0.8484744997695088,,63,,16000,48000,,,,,,,0.005267462834715843,,,,,0.009573460519313813,0.002687645531259477,,,,,,,,,,,,,,,,,0.01747912612557411,,0.007720196455717087,
20262021,r2mt_mean_risk,r2mt,2,0.000998458666866564,0.7672958001494408,,0.7672940003685653,,63,,16000,48000,,,,,,,0.00511520279571414,,,,,0.008557650491595268,0.0019083138499408961,,,,,,,,,,,,,,,,,0.01603542374074459,,0.00685180339217186,
20262021,r2mt_mean_risk,r2mt,3,0.0009938441702975688,0.7905784999020398,,0.7905766000039876,,63,,16000,48000,,,,,,,0.005063107132911682,,,,,0.008287069361656903,0.0026984989792108536,,,,,,,,,,,,,,,,,0.015442526191473007,,0.006641553163528442,
20262021,r2mt_mean_risk,r2mt,4,0.0009861849601988382,0.8926930003799498,,0.8926916001364589,,63,,16000,48000,,,,,,,0.005025292314589024,,,,,0.008031140327453614,0.003018857741728425,,,,,,,,,,,,,,,,,0.01501681862771511,,0.0064289507009089,
20262021,r2mt_mean_risk,r2mt,5,0.0009755282581475767,0.7919327998533845,,0.7919309996068478,,63,,16000,48000,,,,,,,0.0049817985258996484,,,,,0.007812855917960406,0.0033317185044288637,,,,,,,,,,,,,,,,,0.014601376369595527,,0.006253079999238253,
20262021,r2mt_mean_risk,r2mt,6,0.0009619397662556432,0.7473451001569629,,0.7473435001447797,,63,,16000,48000,,,,,,,0.004950832150876522,,,,,0.007603351518511772,0.003566328380256891,,,,,,,,,,,,,,,,,0.01416382921487093,,0.006087949194014073,
20262021,r2mt_mean_risk,r2mt,7,0.0009455032620941838,0.7603661003522575,,0.7603647001087666,,63,,16000,48000,,,,,,,0.0049059525579214095,,,,,0.007416069485247135,0.0037856525518000124,,,,,,,,,,,,,,,,,0.013807267040014268,,0.0059372205697000024,
20262021,r2mt_mean_risk,r2mt,8,0.000926320082177046,0.8281078999862075,,0.8281057998538017,,63,,16000,48000,,,,,,,0.0048487822078168395,,,,,0.0071948452666401866,0.003935284517705441,,,,,,,,,,,,,,,,,0.013380129516124726,,0.0057598531842231755,
20262021,r2mt_mean_risk,r2mt,9,0.0009045084971874736,0.7838498000055552,,0.7838483001105487,,63,,16000,48000,,,,,,,0.004787209939211607,,,,,0.007089861344546079,0.004100752741098404,,,,,,,,,,,,,,,,,0.013124575845897197,,0.005681655760854483,
20262021,r2mt_mean_risk,r2mt,10,0.0008802029828000154,0.7928577996790409,,0.7928569000214338,,63,,16000,48000,,,,,,,0.004778172355145216,,,,,0.006860839836299419,0.004224327515810728,,,,,,,,,,,,,,,,,0.01269238816201687,,0.00549603359401226,
20262021,r2mt_mean_risk,r2mt,11,0.0008535533905932736,0.7689207000657916,,0.7689197999425232,,63,,16000,48000,,,,,,,0.004718830898404121,,,,,0.006670759096741676,0.004349904499948025,,,,,,,,,,,,,,,,,0.01234528149664402,,0.005341849982738495,
20262021,r2mt_mean_risk,r2mt,12,0.0008247240241650918,0.822067900095135,,0.8220672998577356,,63,,16000,48000,,,,,,,0.004663633190095425,,,,,0.006531313944607973,0.004544589214026928,,,,,,,,,,,,,,,,,0.012072629041969776,,0.005230773638933897,
20262021,r2mt_mean_risk,r2mt,13,0.0007938926261462365,0.7661101999692619,,0.766108900308609,,63,,16000,48000,,,,,,,0.0046242643482983115,,,,,0.00639955921843648,0.00458205547183752,,,,,,,,,,,,,,,,,0.011792332515120506,,0.005127835810184478,
20262021,r2mt_mean_risk,r2mt,14,0.0007612492823579742,0.810546400025487,,0.8105457001365721,,63,,16000,48000,,,,,,,0.004593567151576281,,,,,0.006216536961495876,0.004738569892942905,,,,,,,,,,,,,,,,,0.011436049334704875,,0.0049810556694865225,
20262021,r2mt_mean_risk,r2mt,15,0.0007269952498697732,0.8401334001682699,,0.8401323002763093,,63,,16000,48000,,,,,,,0.004543625134974718,,,,,0.00609481505677104,0.004907751213759184,,,,,,,,,,,,,,,,,0.01119559745490551,,0.004884377364069223,
20262021,r2mt_mean_risk,r2mt,16,0.0006913417161825447,0.7308980999514461,,0.7308974000625312,,63,,16000,48000,,,,,,,0.004475400045514106,,,,,0.005922554641962051,0.004967714842408896,,,,,,,,,,,,,,,,,0.010856430016458035,,0.004747398030012846,
20262021,r2mt_mean_risk,r2mt,17,0.0006545084971874736,0.7737614000216126,,0.7737607001326978,,63,,16000,48000,,,,,,,0.00443548572063446,,,,,0.005729467567056418,0.0051031894646584985,,,,,,,,,,,,,,,,,0.010537842854857444,,0.0045869678594172,
20262021,r2mt_mean_risk,r2mt,18,0.0006167226819279527,0.7741380999796093,,0.7741366997361183,,63,,16000,48000,,,,,,,0.004373264089226722,,,,,0.0056445195488631725,0.005154648158699274,,,,,,,,,,,,,,,,,0.010387757509946824,,0.004518272586166858,
20262021,r2mt_mean_risk,r2mt,19,0.0005782172325201154,0.8353055003099144,,0.8353048004209995,,63,,16000,48000,,,,,,,0.00434206548705697,,,,,0.005395996946841479,0.005271288149058819,,,,,,,,,,,,,,,,,0.009930080853402615,,0.00431614138558507,
20262021,r2mt_mean_risk,r2mt,20,0.0005392295478639224,0.774324799887836,,0.7743242997676134,,63,,16000,48000,,,,,,,0.004278875358402729,,,,,0.005235295001417398,0.0053665473759174345,,,,,,,,,,,,,,,,,0.009646543860435485,,0.004185056760907174,
20262021,r2mt_mean_risk,r2mt,21,0.0004999999999999999,0.7729507000185549,,0.7729497002437711,,63,,16000,48000,,,,,,,0.004224080972373485,,,,,0.005171235803514719,0.005464675609022379,,,,,,,,,,,,,,,,,0.009501579470932484,,0.004136589825153351,
20262021,r2mt_mean_risk,r2mt,22,0.0004607704521360775,0.765802999958396,,0.7658023000694811,,63,,16000,48000,,,,,,,0.004180736046284437,,,,,0.005022010777145624,0.005493097633123398,,,,,,,,,,,,,,,,,0.009250513538718223,,0.004013338126242161,
20262021,r2mt_mean_risk,r2mt,23,0.0004217827674798846,0.8499072999693453,,0.8499067998491228,,63,,16000,48000,,,,,,,0.004130829524248839,,,,,0.00488110713288188,0.005578876573592424,,,,,,,,,,,,,,,,,0.008995072044432163,,0.003898976506665349,
20262021,r2mt_mean_risk,r2mt,24,0.0003832773180720472,0.7837069001980126,,0.783705800306052,,63,,16000,48000,,,,,,,0.0040863737538456915,,,,,0.004778420258313418,0.0056197292245924475,,,,,,,,,,,,,,,,,0.008811743669211865,,0.0038155115973204376,
20262021,r2mt_mean_risk,r2mt,25,0.0003454915028125262,0.7502648998051882,,0.7502643000334501,,63,,16000,48000,,,,,,,0.004034901075065136,,,,,0.004628456775099039,0.00571440315619111,,,,,,,,,,,,,,,,,0.008580149121582508,,0.003689736783504486,
20262021,r2mt_mean_risk,r2mt,26,0.00030865828381745506,0.7451718999072909,,0.7451709001325071,,63,,16000,48000,,,,,,,0.003981032960116863,,,,,0.004528871726244688,0.005765232726931572,,,,,,,,,,,,,,,,,0.008396559163928032,,0.0036095880027860404,
20262021,r2mt_mean_risk,r2mt,27,0.0002730047501302265,0.836115799844265,,0.8361148000694811,,63,,16000,48000,,,,,,,0.003937700144946575,,,,,0.004406511392444372,0.005798692129552365,,,,,,,,,,,,,,,,,0.00818563125282526,,0.003509187087416649,
20262021,r2mt_mean_risk,r2mt,28,0.0002387507176420255,0.7851090002804995,,0.7851076000370085,,63,,16000,48000,,,,,,,0.0038977811224758627,,,,,0.004320070307701826,0.005833906758576632,,,,,,,,,,,,,,,,,0.008035858370363712,,0.003438521532341838,
20262021,r2mt_mean_risk,r2mt,29,0.0002061073738537634,0.7779878000728786,,0.7779866000637412,,63,,16000,48000,,,,,,,0.0038610517494380475,,,,,0.0042010930404067035,0.0059013512134552006,,,,,,,,,,,,,,,,,0.007852208513766527,,0.0033386436849832534,
20262021,r2mt_mean_risk,r2mt,30,0.00017527597583490815,0.8336073998361826,,0.8336066999472678,,63,,16000,48000,,,,,,,0.00381294328160584,,,,,0.00412613894417882,0.005928558830171823,,,,,,,,,,,,,,,,,0.007748654250055552,,0.0032750071119517087,
20262021,r2mt_mean_risk,r2mt,31,0.0001464466094067262,0.7705411002971232,,0.7705402001738548,,63,,16000,48000,,,,,,,0.003777299787849188,,,,,0.004029719032347202,0.0059569099843502045,,,,,,,,,,,,,,,,,0.007601643595844507,,0.0031940011102706196,
20262021,r2mt_mean_risk,r2mt,32,0.00011979701719998447,0.7780852001160383,,0.7780841002240777,,63,,16000,48000,,,,,,,0.0037460482101887463,,,,,0.003962008072063327,0.005969686426222324,,,,,,,,,,,,,,,,,0.007506499148905278,,0.003136429600417614,
20262021,r2mt_mean_risk,r2mt,33,9.549150281252627e-05,0.7644413001835346,,0.7644397001713514,,63,,16000,48000,,,,,,,0.0037206103336066007,,,,,0.0038987124897539617,0.006006707139313221,,,,,,,,,,,,,,,,,0.007415848929435015,,0.0030827077031135557,
20262021,r2mt_mean_risk,r2mt,34,7.367991782295387e-05,0.8558878996409476,,0.855886799748987,,63,,16000,48000,,,,,,,0.0036934341844171285,,,,,0.0038460488114506006,0.0060070384070277216,,,,,,,,,,,,,,,,,0.0073482078909873965,,0.003037351654842496,
20262021,r2mt_mean_risk,r2mt,35,5.4496737905816076e-05,0.7704354003071785,,0.7704342999495566,,63,,16000,48000,,,,,,,0.0036699219085276126,,,,,0.003799891799688339,0.006028317537158727,,,,,,,,,,,,,,,,,0.007288853578269481,,0.002997600274160504,
20262021,r2mt_mean_risk,r2mt,36,3.806023374435661e-05,0.7505621002055705,,0.7505609001964331,,63,,16000,48000,,,,,,,0.003655751096084714,,,,,0.0037646125927567483,0.006036562241613865,,,,,,,,,,,,,,,,,0.007251010097563267,,0.002966388799250126,
20262021,r2mt_mean_risk,r2mt,37,2.447174185242322e-05,0.8546345001086593,,0.8546335003338754,,63,,16000,48000,,,,,,,0.003640670822933316,,,,,0.00373454686999321,0.006041675817221403,,,,,,,,,,,,,,,,,0.007218939531594515,,0.0029398317635059355,
20262021,r2mt_mean_risk,r2mt,38,1.3815039801161714e-05,0.7887017000466585,,0.7887011002749205,,63,,16000,48000,,,,,,,0.0036344263143837452,,,,,0.003712474402040243,0.006048415564000606,,,,,,,,,,,,,,,,,0.007191746257245541,,0.00292060343362391,
20262021,r2mt_mean_risk,r2mt,39,6.155829702431168e-06,0.7915533999912441,,0.7915527001023293,,63,,16000,48000,,,,,,,0.003629056315869093,,,,,0.0036975950580090283,0.006055946551263332,,,,,,,,,,,,,,,,,0.007172909468412399,,0.0029077151771634818,
20262021,r2mt_mean_risk,r2mt,40,1.5413331334360176e-06,0.787298200186342,,0.7872974001802504,,63,,16000,48000,,,,,,,0.003625073233619332,,,,,0.0036898619458079337,0.0060471417494118215,,,,,,,,,,,,,,,,,0.0071660252287983894,,0.0029007501751184463,
20262021,r2mt_tail_risk,r2mt,1,0.001,0.8199014002457261,,0.8199007003568113,,63,,16000,48000,,,,,,,0.00524016534537077,,,,,0.011066159546375274,0.002597518278285861,,,,,,,,,,,,,,,,,0.017149053424596786,,0.007531543742865324,
20262021,r2mt_tail_risk,r2mt,2,0.000998458666866564,0.7732508000917733,,0.7732501002028584,,63,,16000,48000,,,,,,,0.005103314369916916,,,,,0.010049659006297588,0.0023835360519587996,,,,,,,,,,,,,,,,,0.015807489186525345,,0.006786093667149544,
20262021,r2mt_tail_risk,r2mt,3,0.0009938441702975688,0.7917474000714719,,0.7917462000623345,,63,,16000,48000,,,,,,,0.0050578385889530186,,,,,0.009755604669451714,0.0027100979797542095,,,,,,,,,,,,,,,,,0.01535174372792244,,0.006584097526967526,
20262021,r2mt_tail_risk,r2mt,4,0.0009861849601988382,0.7985536996275187,,0.7985529997386038,,63,,16000,48000,,,,,,,0.00502076018601656,,,,,0.009458791092038154,0.0030890267789363862,,,,,,,,,,,,,,,,,0.014917757332324982,,0.006374822318553924,
20262021,r2mt_tail_risk,r2mt,5,0.0009755282581475767,0.837349200155586,,0.8373481999151409,,63,,16000,48000,,,,,,,0.0049879316315054895,,,,,0.009243751227855682,0.0034012620393186806,,,,,,,,,,,,,,,,,0.014508080072700977,,0.006242374155670405,
20262021,r2mt_tail_risk,r2mt,6,0.0009619397662556432,0.770140300039202,,0.7701389999128878,,63,,16000,48000,,,,,,,0.004935547705739737,,,,,0.009000070318579674,0.0035509608425199984,,,,,,,,,,,,,,,,,0.014070084914565087,,0.006087339527904988,
20262021,r2mt_tail_risk,r2mt,7,0.0009455032620941838,0.7873713998124003,,0.787370199803263,,63,,16000,48000,,,,,,,0.004882313352078199,,,,,0.00866863029450178,0.0038084923140704633,,,,,,,,,,,,,,,,,0.01358816397190094,,0.005853348050266504,
20262021,r2mt_tail_risk,r2mt,8,0.000926320082177046,0.8712765001691878,,0.8712754002772272,,63,,16000,48000,,,,,,,0.004830293551087379,,,,,0.008438307859003544,0.004006596028804779,,,,,,,,,,,,,,,,,0.013169323518872261,,0.005707833591848612,
20262021,r2mt_tail_risk,r2mt,9,0.0009045084971874736,0.7423141002655029,,0.7423129002563655,,63,,16000,48000,,,,,,,0.004813623327761888,,,,,0.008259925968945026,0.004156933877617121,,,,,,,,,,,,,,,,,0.012890488065779209,,0.00558555194735527,
20262021,r2mt_tail_risk,r2mt,10,0.0008802029828000154,0.7737677996046841,,0.7737666997127235,,63,,16000,48000,,,,,,,0.00474262198060751,,,,,0.008060931265354156,0.0043353300374001265,,,,,,,,,,,,,,,,,0.012539572022855282,,0.005458160046488047,
20262021,r2mt_tail_risk,r2mt,11,0.0008535533905932736,0.7794736996293068,,0.7794727999716997,,63,,16000,48000,,,,,,,0.004692930616438389,,,,,0.007803879112005234,0.004485881250351667,,,,,,,,,,,,,,,,,0.012149790972471238,,0.0052800576984882355,
20262021,r2mt_tail_risk,r2mt,12,0.0008247240241650918,0.8599708001129329,,0.8599697002209723,,63,,16000,48000,,,,,,,0.004642300896346569,,,,,0.007635274820029735,0.00460672102496028,,,,,,,,,,,,,,,,,0.01183783232420683,,0.00517485748976469,
20262021,r2mt_tail_risk,r2mt,13,0.0007938926261462365,0.7933225999586284,,0.79332169983536,,63,,16000,48000,,,,,,,0.004578887782990933,,,,,0.007433279059827328,0.004701004523783922,,,,,,,,,,,,,,,,,0.011535760097205638,,0.005034544184803963,
20262021,r2mt_tail_risk,r2mt,14,0.0007612492823579742,0.7829514001496136,,0.7829507002606988,,63,,16000,48000,,,,,,,0.004541853312402964,,,,,0.007201438941061497,0.004816556531935931,,,,,,,,,,,,,,,,,0.011172217465937138,,0.004876153115183115,
20262021,r2mt_tail_risk,r2mt,15,0.0007269952498697732,0.7781613999977708,,0.7781603997573256,,63,,16000,48000,,,,,,,0.004468189716339111,,,,,0.007059431578963995,0.004939799942076206,,,,,,,,,,,,,,,,,0.01092760869860649,,0.0047845404408872125,
20262021,r2mt_tail_risk,r2mt,16,0.0006913417161825447,0.8718292000703514,,0.8718284997157753,,63,,16000,48000,,,,,,,0.004430443197488785,,,,,0.00684906555339694,0.0050748039856553075,,,,,,,,,,,,,,,,,0.01058835930377245,,0.004642779000103473,
20262021,r2mt_tail_risk,r2mt,17,0.0006545084971874736,0.790484800003469,,0.7904837001115084,,63,,16000,48000,,,,,,,0.0043534814156591896,,,,,0.006692946217954159,0.005146768130362034,,,,,,,,,,,,,,,,,0.010332015976309776,,0.004539467431604862,
20262021,r2mt_tail_risk,r2mt,18,0.0006167226819279527,0.7732402998954058,,0.773239600006491,,63,,16000,48000,,,,,,,0.004318680457770825,,,,,0.006469557181000709,0.00527916157990694,,,,,,,,,,,,,,,,,0.009986442528665066,,0.0043858888074755666,
20262021,r2mt_tail_risk,r2mt,19,0.0005782172325201154,0.7606796002946794,,0.7606784999370575,,63,,16000,48000,,,,,,,0.0042702741548419,,,,,0.006343308053910732,0.005319760795682669,,,,,,,,,,,,,,,,,0.009805120028555393,,0.0042968722470104696,
20262021,r2mt_tail_risk,r2mt,20,0.0005392295478639224,0.8878954998217523,,0.8878946998156607,,63,,16000,48000,,,,,,,0.004203068662434816,,,,,0.006157299287617207,0.005425000131130219,,,,,,,,,,,,,,,,,0.009524525694549084,,0.004168326262384653,
20262021,r2mt_tail_risk,r2mt,21,0.0004999999999999999,0.7576009999029338,,0.757599700242281,,63,,16000,48000,,,,,,,0.00414898293837905,,,,,0.005961006633937359,0.005556136090308428,,,,,,,,,,,,,,,,,0.009182361021637917,,0.004041547972708941,
20262021,r2mt_tail_risk,r2mt,22,0.0004607704521360775,0.7683044001460075,,0.7683033002540469,,63,,16000,48000,,,,,,,0.004100989196449518,,,,,0.005858712524175644,0.005565708309412003,,,,,,,,,,,,,,,,,0.009031917996704579,,0.003970302306115627,
20262021,r2mt_tail_risk,r2mt,23,0.0004217827674798846,0.8549874001182616,,0.8549868003465235,,63,,16000,48000,,,,,,,0.0040440169796347614,,,,,0.005658960919827222,0.005643848046660424,,,,,,,,,,,,,,,,,0.008725641280412673,,0.003832945302128792,
20262021,r2mt_tail_risk,r2mt,24,0.0003832773180720472,0.7595615000464022,,0.7595605002716184,,63,,16000,48000,,,,,,,0.003989482920616865,,,,,0.0055140350908041,0.00571800996735692,,,,,,,,,,,,,,,,,0.00852230678498745,,0.0037297769151628016,
20262021,r2mt_tail_risk,r2mt,25,0.0003454915028125262,0.7984402999281883,,0.7984397001564503,,63,,16000,48000,,,,,,,0.003936720214784146,,,,,0.0053855376429855824,0.005783500231802464,,,,,,,,,,,,,,,,,0.00831977665424347,,0.0036428406182676554,
20262021,r2mt_tail_risk,r2mt,26,0.00030865828381745506,0.7969754999503493,,0.796974599827081,,63,,16000,48000,,,,,,,0.003900743819773197,,,,,0.005201928049325943,0.005832295261323452,,,,,,,,,,,,,,,,,0.008065467849373818,,0.0035108122266829015,
20262021,r2mt_tail_risk,r2mt,27,0.0002730047501302265,0.8500863001681864,,0.8500854000449181,,63,,16000,48000,,,,,,,0.0038364601880311964,,,,,0.005091591864824295,0.005888970598578453,,,,,,,,,,,,,,,,,0.0078889198936522,,0.0034370712041854857,
20262021,r2mt_tail_risk,r2mt,28,0.0002387507176420255,0.7929223999381065,,0.7929214998148382,,63,,16000,48000,,,,,,,0.0037906607910990716,,,,,0.004964170791208744,0.005932113196700811,,,,,,,,,,,,,,,,,0.007725282162427902,,0.0033432935867458583,
20262021,r2mt_tail_risk,r2mt,29,0.0002061073738537634,0.7805142998695374,,0.7805134998634458,,63,,16000,48000,,,,,,,0.0037508465014398098,,,,,0.004808372180908918,0.005974751938134432,,,,,,,,,,,,,,,,,0.007511593785136938,,0.0032310288213193415,
20262021,r2mt_tail_risk,r2mt,30,0.00017527597583490815,0.7676899000070989,,0.7676890003494918,,63,,16000,48000,,,,,,,0.0037098098807036876,,,,,0.004720878083258867,0.006003648292273283,,,,,,,,,,,,,,,,,0.007377716958522797,,0.0031711307633668184,
20262021,r2mt_tail_risk,r2mt,31,0.0001464466094067262,0.8436819002963603,,0.8436805000528693,,63,,16000,48000,,,,,,,0.0036712205559015273,,,,,0.004626035127788782,0.0060455273240804675,,,,,,,,,,,,,,,,,0.007253426596522331,,0.0031019176077097654,
20262021,r2mt_tail_risk,r2mt,32,0.00011979701719998447,0.7785725998692214,,0.7785713998600841,,63,,16000,48000,,,,,,,0.003629411980509758,,,,,0.004524698749184608,0.006066799830645323,,,,,,,,,,,,,,,,,0.007127624988555908,,0.003026577664539218,
20262021,r2mt_tail_risk,r2mt,33,9.549150281252627e-05,0.7631462002173066,,0.7631449000909925,,63,,16000,48000,,,,,,,0.0036037569493055344,,,,,0.004449799057096243,0.006113544467836619,,,,,,,,,,,,,,,,,0.007014753520488739,,0.002974765315651894,
20262021,r2mt_tail_risk,r2mt,34,7.367991782295387e-05,0.7684418000280857,,0.7684407997876406,,63,,16000,48000,,,,,,,0.003577050227671862,,,,,0.0044048232026398185,0.006101305190473795,,,,,,,,,,,,,,,,,0.006974288329482078,,0.0029384165965020657,
20262021,r2mt_tail_risk,r2mt,35,5.4496737905816076e-05,0.809177799616009,,0.8091765996068716,,63,,16000,48000,,,,,,,0.0035625860672444105,,,,,0.0043493260778486725,0.006141225397586822,,,,,,,,,,,,,,,,,0.006904008567333222,,0.0028972646426409484,
20262021,r2mt_tail_risk,r2mt,36,3.806023374435661e-05,0.7524395999498665,,0.7524382998235524,,63,,16000,48000,,,,,,,0.003541353518143296,,,,,0.004298639927059412,0.006138319838792086,,,,,,,,,,,,,,,,,0.006843301981687546,,0.0028591444361954926,
20262021,r2mt_tail_risk,r2mt,37,2.447174185242322e-05,0.7482627001591027,,0.7482618000358343,,63,,16000,48000,,,,,,,0.0035287175737321375,,,,,0.00426143890991807,0.006148501940071583,,,,,,,,,,,,,,,,,0.006801686745136976,,0.0028305191807448866,
20262021,r2mt_tail_risk,r2mt,38,1.3815039801161714e-05,0.8733943002298474,,0.8733932003378868,,63,,16000,48000,,,,,,,0.0035186620280146597,,,,,0.004238113235682249,0.006142587777227163,,,,,,,,,,,,,,,,,0.006774374447762966,,0.0028128571026027204,
20262021,r2mt_tail_risk,r2mt,39,6.155829702431168e-06,0.782889399677515,,0.7828885996714234,,63,,16000,48000,,,,,,,0.0035143846422433854,,,,,0.0042197200581431385,0.0061571580469608304,,,,,,,,,,,,,,,,,0.006756668098270893,,0.0027980907149612903,
20262021,r2mt_tail_risk,r2mt,40,1.5413331334360176e-06,0.7661470002494752,,0.7661462002433836,,63,,16000,48000,,,,,,,0.0035094923488795757,,,,,0.0042097923643887045,0.006145246189087629,,,,,,,,,,,,,,,,,0.006744426403194666,,0.002790709240362048,
20262021,r2mt_combined_risk,r2mt,1,0.001,0.7556298999115825,,0.7556288996711373,,63,,16000,48000,,,,,,,0.005228828907012939,,,,,0.011480706661939621,0.002806659919209778,,,,,,,,,,,,,,,,,0.01730429044365883,,0.007915270008146763,
20262021,r2mt_combined_risk,r2mt,2,0.000998458666866564,0.7895582998171449,,0.7895572995766997,,63,,16000,48000,,,,,,,0.005093224074691534,,,,,0.010302448503673076,0.002155025064945221,,,,,,,,,,,,,,,,,0.015858002796769143,,0.007028982274234295,
20262021,r2mt_combined_risk,r2mt,3,0.0009938441702975688,0.8121863999404013,,0.8121850001625717,,63,,16000,48000,,,,,,,0.005058688141405582,,,,,0.00996753491461277,0.0027920762933790685,,,,,,,,,,,,,,,,,0.015326077342033386,,0.006801144018769264,
20262021,r2mt_combined_risk,r2mt,4,0.0009861849601988382,0.7810482000932097,,0.7810471998527646,,63,,16000,48000,,,,,,,0.005017227917909622,,,,,0.009645962655544281,0.0031601449325680733,,,,,,,,,,,,,,,,,0.014859125822782517,,0.006573790729045868,
20262021,r2mt_combined_risk,r2mt,5,0.0009755282581475767,0.8277893997728825,,0.8277885001152754,,63,,16000,48000,,,,,,,0.00495843555033207,,,,,0.00953480525314808,0.0033977222107350828,,,,,,,,,,,,,,,,,0.014652413532137872,,0.006505151227116585,
20262021,r2mt_combined_risk,r2mt,6,0.0009619397662556432,0.7606671997345984,,0.7606659000739455,,63,,16000,48000,,,,,,,0.00493896347284317,,,,,0.009155901953577995,0.003584169168025255,,,,,,,,,,,,,,,,,0.01409420420229435,,0.006238278783857822,
20262021,r2mt_combined_risk,r2mt,7,0.0009455032620941838,0.7775106998160481,,0.7775099999271333,,63,,16000,48000,,,,,,,0.004908548191189766,,,,,0.008912565983831883,0.00382669460400939,,,,,,,,,,,,,,,,,0.013682733729481696,,0.0060778449177742,
20262021,r2mt_combined_risk,r2mt,8,0.000926320082177046,0.7720330995507538,,0.7720319000072777,,63,,16000,48000,,,,,,,0.00485196303576231,,,,,0.008654140554368497,0.0039837877880781886,,,,,,,,,,,,,,,,,0.01328796225041151,,0.005899505231529475,
20262021,r2mt_combined_risk,r2mt,9,0.0009045084971874736,0.8402478997595608,,0.8402464999817312,,63,,16000,48000,,,,,,,0.004812556941062212,,,,,0.008438179545104504,0.004103399071842432,,,,,,,,,,,,,,,,,0.012953426539897919,,0.005751239243894816,
20262021,r2mt_combined_risk,r2mt,10,0.0008802029828000154,0.7631675000302494,,0.7631667000241578,,63,,16000,48000,,,,,,,0.0047738016024231915,,,,,0.008263157613575458,0.004256804019212723,,,,,,,,,,,,,,,,,0.012682544775307178,,0.005631168443709612,
20262021,r2mt_combined_risk,r2mt,11,0.0008535533905932736,0.7750011999160051,,0.7750003999099135,,63,,16000,48000,,,,,,,0.004733799256384372,,,,,0.008008537899702788,0.0044483342804014685,,,,,,,,,,,,,,,,,0.012304839223623276,,0.005452889420092106,
20262021,r2mt_combined_risk,r2mt,12,0.0008247240241650918,0.7357160998508334,,0.7357151000760496,,63,,16000,48000,,,,,,,0.004670858629047871,,,,,0.007843946445733309,0.004517908923327923,,,,,,,,,,,,,,,,,0.012005016259849071,,0.0053495212383568285,
20262021,r2mt_combined_risk,r2mt,13,0.0007938926261462365,0.8835326000116765,,0.8835315001197159,,63,,16000,48000,,,,,,,0.004654504474252462,,,,,0.0076565414518117905,0.004618160996586084,,,,,,,,,,,,,,,,,0.011747179083526134,,0.005214010626077652,
20262021,r2mt_combined_risk,r2mt,14,0.0007612492823579742,0.7906937999650836,,0.790692999958992,,63,,16000,48000,,,,,,,0.004592427879571915,,,,,0.007450891736894846,0.004778169631958008,,,,,,,,,,,,,,,,,0.011416518539190292,,0.005075734231621027,
20262021,r2mt_combined_risk,r2mt,15,0.0007269952498697732,0.7749977000057697,,0.7749968999996781,,63,,16000,48000,,,,,,,0.004532300587743521,,,,,0.007217188268899917,0.004872375190258026,,,,,,,,,,,,,,,,,0.01111647979915142,,0.004903240729123354,
20262021,r2mt_combined_risk,r2mt,16,0.0006913417161825447,0.8204164002090693,,0.8204156002029777,,63,,16000,48000,,,,,,,0.004485949236899614,,,,,0.007039124041795731,0.004979507654905319,,,,,,,,,,,,,,,,,0.01082511454820633,,0.00478437639772892,
20262021,r2mt_combined_risk,r2mt,17,0.0006545084971874736,0.8287006998434663,,0.8286991999484599,,63,,16000,48000,,,,,,,0.004455170959234238,,,,,0.006880678985267877,0.005089479088783264,,,,,,,,,,,,,,,,,0.010579334802925586,,0.004675702732056379,
20262021,r2mt_combined_risk,r2mt,18,0.0006167226819279527,0.7917570001445711,,0.7917557000182569,,63,,16000,48000,,,,,,,0.0043987855166196825,,,,,0.006759252537041903,0.0051549748927354816,,,,,,,,,,,,,,,,,0.010375958368182182,,0.004596079129725695,
20262021,r2mt_combined_risk,r2mt,19,0.0005782172325201154,0.776454699691385,,0.7764534000307322,,63,,16000,48000,,,,,,,0.00436183112487197,,,,,0.0065874305963516235,0.005246050544083118,,,,,,,,,,,,,,,,,0.010142712898552418,,0.004471645161509514,
20262021,r2mt_combined_risk,r2mt,20,0.0005392295478639224,0.8618532000109553,,0.8618524996563792,,63,,16000,48000,,,,,,,0.004302494339644909,,,,,0.00637755323946476,0.005360360380262137,,,,,,,,,,,,,,,,,0.00981806218624115,,0.004327884422615171,
20262021,r2mt_combined_risk,r2mt,21,0.0004999999999999999,0.7579299001954496,,0.7579290000721812,,63,,16000,48000,,,,,,,0.004242470510303974,,,,,0.006188144359737634,0.005427241202443838,,,,,,,,,,,,,,,,,0.00956673013418913,,0.004189942371100187,
20262021,r2mt_combined_risk,r2mt,22,0.0004607704521360775,0.7793735000304878,,0.779372800141573,,63,,16000,48000,,,,,,,0.00422563013061881,,,,,0.006028324138373137,0.005504944287240505,,,,,,,,,,,,,,,,,0.009328389577567577,,0.004078126922249794,
20262021,r2mt_combined_risk,r2mt,23,0.0004217827674798846,0.7313633002340794,,0.731362100224942,,63,,16000,48000,,,,,,,0.0041573156900703906,,,,,0.005840536277741194,0.005555092379450798,,,,,,,,,,,,,,,,,0.009031612619757653,,0.003951060613617301,
20262021,r2mt_combined_risk,r2mt,24,0.0003832773180720472,0.8595826998353004,,0.8595817997120321,,63,,16000,48000,,,,,,,0.004114927813410759,,,,,0.005692311547696591,0.005639697551727295,,,,,,,,,,,,,,,,,0.008841281287372112,,0.003841749735176563,
20262021,r2mt_combined_risk,r2mt,25,0.0003454915028125262,0.7612336999736726,,0.7612330000847578,,63,,16000,48000,,,,,,,0.004070730283856392,,,,,0.00557619035243988,0.005700702637434006,,,,,,,,,,,,,,,,,0.008671325139701366,,0.0037605035938322543,
20262021,r2mt_combined_risk,r2mt,26,0.00030865828381745506,0.76866320008412,,0.7686624000780284,,63,,16000,48000,,,,,,,0.004024915307760239,,,,,0.005423489328473806,0.005744995646178723,,,,,,,,,,,,,,,,,0.008440924994647502,,0.0036547988448292017,
20262021,r2mt_combined_risk,r2mt,27,0.0002730047501302265,0.7652348997071385,,0.7652341998182237,,63,,16000,48000,,,,,,,0.003968265894800424,,,,,0.0052869229763746264,0.005802348587661981,,,,,,,,,,,,,,,,,0.008262133330106735,,0.003555123606696725,
20262021,r2mt_combined_risk,r2mt,28,0.0002387507176420255,0.827144400216639,,0.8271437003277242,,63,,16000,48000,,,,,,,0.003935799974948168,,,,,0.00515137529373169,0.0058412284068763256,,,,,,,,,,,,,,,,,0.00809618666768074,,0.0034534145183861254,
20262021,r2mt_combined_risk,r2mt,29,0.0002061073738537634,0.7890381002798676,,0.7890369002707303,,63,,16000,48000,,,,,,,0.003897886786609888,,,,,0.005011276304721832,0.00588944948092103,,,,,,,,,,,,,,,,,0.00791910583525896,,0.0033494899254292248,
20262021,r2mt_combined_risk,r2mt,30,0.00017527597583490815,0.7840827996842563,,0.7840815996751189,,63,,16000,48000,,,,,,,0.0038674558084458113,,,,,0.004900140423327684,0.005920465171337127,,,,,,,,,,,,,,,,,0.007765359327197075,,0.0032697119284421207,
20262021,r2mt_combined_risk,r2mt,31,0.0001464466094067262,0.8182479999959469,,0.8182467999868095,,63,,16000,48000,,,,,,,0.0038427629712969066,,,,,0.0048065253831446175,0.005966374259442091,,,,,,,,,,,,,,,,,0.00764873556047678,,0.0031999153476208447,
20262021,r2mt_combined_risk,r2mt,32,0.00011979701719998447,0.7793661998584867,,0.779365099966526,,63,,16000,48000,,,,,,,0.003809220835566521,,,,,0.004710160542279482,0.0059867163896560665,,,,,,,,,,,,,,,,,0.007525044836103916,,0.003128959458321333,
20262021,r2mt_combined_risk,r2mt,33,9.549150281252627e-05,0.7299997000955045,,0.7299982998520136,,63,,16000,48000,,,,,,,0.003779888849705458,,,,,0.004634822968393564,0.0060194765739142895,,,,,,,,,,,,,,,,,0.007437983114272356,,0.0030716208312660457,
20262021,r2mt_combined_risk,r2mt,34,7.367991782295387e-05,0.7541152001358569,,0.7541141002438962,,63,,16000,48000,,,,,,,0.003758411448448896,,,,,0.004569173157215119,0.00603010618314147,,,,,,,,,,,,,,,,,0.0073776873089373115,,0.003018459666520357,
20262021,r2mt_combined_risk,r2mt,35,5.4496737905816076e-05,0.8650329997763038,,0.8650321997702122,,63,,16000,48000,,,,,,,0.003738123532384634,,,,,0.004518006756901741,0.006025253180414438,,,,,,,,,,,,,,,,,0.007325446259230375,,0.002978147227317095,
20262021,r2mt_combined_risk,r2mt,36,3.806023374435661e-05,0.7363812001422048,,0.7363803000189364,,63,,16000,48000,,,,,,,0.0037319380640983583,,,,,0.004465200245380402,0.006065105590969324,,,,,,,,,,,,,,,,,0.007268005840480328,,0.00293695249594748,
20262021,r2mt_combined_risk,r2mt,37,2.447174185242322e-05,0.7847915999591351,,0.7847906998358667,,63,,16000,48000,,,,,,,0.003716612681746483,,,,,0.004428243216127157,0.006060958184301853,,,,,,,,,,,,,,,,,0.007233779393136502,,0.002907147228717804,
20262021,r2mt_combined_risk,r2mt,38,1.3815039801161714e-05,0.7904671002179384,,0.7904663002118468,,63,,16000,48000,,,,,,,0.003713979121297598,,,,,0.004403614617884159,0.006073131594806909,,,,,,,,,,,,,,,,,0.007206904299557209,,0.0028879463039338587,
20262021,r2mt_combined_risk,r2mt,39,6.155829702431168e-06,0.8492128001525998,,0.8492116997949779,,63,,16000,48000,,,,,,,0.0037061078939586876,,,,,0.004383737869560719,0.006075062420219183,,,,,,,,,,,,,,,,,0.007190720953047276,,0.002871463626623154,
20262021,r2mt_combined_risk,r2mt,40,1.5413331334360176e-06,0.7444369997829199,,0.744436000008136,,63,,16000,48000,,,,,,,0.003703756984323263,,,,,0.004374388054013252,0.00607324181869626,,,,,,,,,,,,,,,,,0.00718356254696846,,0.0028635925389826297,
20262021,r2mt_router,r2mt,1,0.001,0.9066015002317727,,0.9065996999852359,,63,,16000,48000,,,,,0.29758153772354123,,0.003255390090867877,,,,,0.0061221343129873275,,,0.3687793946266174,,,,,0.02631827973201871,,,,1.1023491888046264,,,,,,0.0063961016908288,0.3336390988826752,0.002635225148871541,
20262021,r2mt_router,r2mt,2,0.000998458666866564,0.9100196999497712,,0.9100186000578105,,63,,16000,48000,,,,,0.29733342027664184,,0.003248805759474635,,,,,0.006112243413925171,,,0.366463071346283,,,,,0.027596808701753617,,,,1.100736834526062,,,,,,0.006386995904147625,0.33620353841781614,0.0026291289124637843,
20262021,r2mt_router,r2mt,3,0.0009938441702975688,0.9599562999792397,,0.9599554999731481,,63,,16000,48000,,,,,0.29883567214012147,,0.0032428932934999467,,,,,0.006105846632272005,,,0.3653266525268555,,,,,0.029906712040305136,,,,1.1003933572769165,,,,,,0.006371255654841661,0.33583770084381104,0.0026229731068015097,
20262021,r2mt_router,r2mt,4,0.0009861849601988382,0.964368199929595,,0.9643671996891499,,63,,16000,48000,,,,,0.2988383493423462,,0.003238175060600042,,,,,0.006102418858557939,,,0.365758761882782,,,,,0.030206548541784287,,,,1.100217885017395,,,,,,0.00636690279468894,0.3354029159545898,0.0026202138010412456,
20262021,r2mt_router,r2mt,5,0.0009755282581475767,0.9008621000684798,,0.9008615002967417,,63,,16000,48000,,,,,0.2993896269798279,,0.0032338483892381193,,,,,0.006097249757498503,,,0.36514086079597474,,,,,0.03182744853198528,,,,1.1000437440872193,,,,,,0.006357712507247925,0.3354695425033569,0.0026148647870868446,
20262021,r2mt_router,r2mt,6,0.0009619397662556432,0.8709927001036704,,0.8709919000975788,,63,,16000,48000,,,,,0.2980616545677185,,0.003227701207622886,,,,,0.006089961070567369,,,0.3658932936191559,,,,,0.03229636035859585,,,,1.0995959720611572,,,,,,0.006347410108894109,0.3360450797080994,0.0026093797981739044,
20262021,r2mt_router,r2mt,7,0.0009455032620941838,0.9402788998559117,,0.9402781999669969,,63,,16000,48000,,,,,0.2988376522064209,,0.0032187958508729936,,,,,0.006081284593790769,,,0.3653303756713867,,,,,0.0345344911813736,,,,1.09916739654541,,,,,,0.006330679472535849,0.33583199763298033,0.0026013878062367437,
20262021,r2mt_router,r2mt,8,0.000926320082177046,0.8841956998221576,,0.8841949999332428,,63,,16000,48000,,,,,0.2985428519248962,,0.0032138727866113186,,,,,0.006075456492602825,,,0.3671485619544983,,,,,0.03459125491976738,,,,1.0990849542617798,,,,,,0.006322397273033857,0.33430862045288084,0.0025966357197612523,
20262021,r2mt_router,r2mt,9,0.0009045084971874736,0.8752385000698268,,0.875237500295043,,63,,16000,48000,,,,,0.2996245923042297,,0.003204782348126173,,,,,0.006066978540271521,,,0.3657850193977356,,,,,0.03715429586172104,,,,1.0985036449432373,,,,,,0.006307009525597095,0.3345904240608215,0.0025887685883790256,
20262021,r2mt_router,r2mt,10,0.0008802029828000154,0.970918099861592,,0.9709172998555005,,63,,16000,48000,,,,,0.29903748202323915,,0.0031950945761054753,,,,,0.006056772392243147,,,0.3664316084384918,,,,,0.038948928028345105,,,,1.098223030090332,,,,,,0.006289797272533178,0.33453094625473023,0.0025793843157589434,
20262021,r2mt_router,r2mt,11,0.0008535533905932736,0.9162368001416326,,0.9162359000183642,,63,,16000,48000,,,,,0.2985467314720154,,0.0031857746001333,,,,,0.006045343350619078,,,0.36573230814933777,,,,,0.041235757648944854,,,,1.0974279079437257,,,,,,0.006274203535169363,0.33572099208831785,0.0025694020427763464,
20262021,r2mt_router,r2mt,12,0.0008247240241650918,0.8822972001507878,,0.8822963000275195,,63,,16000,48000,,,,,0.2973673403263092,,0.003176247030496597,,,,,0.006036403398960829,,,0.3681084222793579,,,,,0.041726731061935425,,,,1.0972032890319825,,,,,,0.0062603804692625995,0.33452426648139955,0.0025621055494993925,
20262021,r2mt_router,r2mt,13,0.0007938926261462365,0.875380499754101,,0.8753799996338785,,63,,16000,48000,,,,,0.29867152237892153,,0.0031674710493534803,,,,,0.006026261765509844,,,0.3676308650970459,,,,,0.04361754393577576,,,,1.096368763923645,,,,,,0.006247667863965034,0.33369764709472655,0.002553606128320098,
20262021,r2mt_router,r2mt,14,0.0007612492823579742,0.9027621001005173,,0.9027613000944257,,63,,16000,48000,,,,,0.2981338596343994,,0.003157948933541775,,,,,0.006016091894358397,,,0.3676201012134552,,,,,0.04598944854736328,,,,1.09597829246521,,,,,,0.006225952453911304,0.33424607491493225,0.002544402515515685,
20262021,r2mt_router,r2mt,15,0.0007269952498697732,0.8923308001831174,,0.8923300998285413,,63,,16000,48000,,,,,0.2990590298175812,,0.0031498455181717872,,,,,0.006007392812520266,,,0.36751850724220275,,,,,0.047095783531665804,,,,1.0951245050430298,,,,,,0.006216887805610895,0.3334224910736084,0.0025378001276403664,
20262021,r2mt_router,r2mt,16,0.0006913417161825447,0.8992500999011099,,0.8992492002435029,,63,,16000,48000,,,,,0.29936109018325807,,0.0031369578335434197,,,,,0.005992728352546692,,,0.3675899295806885,,,,,0.04976393958926201,,,,1.0944016246795654,,,,,,0.006191347762942314,0.33304901885986327,0.0025250865165144204,
20262021,r2mt_router,r2mt,17,0.0006545084971874736,0.9685011999681592,,0.9685005000792444,,63,,16000,48000,,,,,0.2984826099872589,,0.003127848943695426,,,,,0.00598316178843379,,,0.3684272789955139,,,,,0.05098385375738144,,,,1.09367782497406,,,,,,0.006182246375828981,0.3330901446342468,0.002517201770097017,
20262021,r2mt_router,r2mt,18,0.0006167226819279527,0.9141707001253963,,0.9141698000021279,,63,,16000,48000,,,,,0.29921188998222353,,0.0031176411155611275,,,,,0.0059697311334311965,,,0.36850611901283264,,,,,0.053170961916446685,,,,1.092629584312439,,,,,,0.006163116164505482,0.33228202104568483,0.0025063218120485544,
20262021,r2mt_router,r2mt,19,0.0005782172325201154,0.9009744999930263,,0.9009735002182424,,63,,16000,48000,,,,,0.2981809539794922,,0.003109884791076183,,,,,0.005959089878946543,,,0.3683681082725525,,,,,0.054141405135393145,,,,1.0915199003219604,,,,,,0.006145961239933968,0.33345097017288206,0.0024993549771606923,
20262021,r2mt_router,r2mt,20,0.0005392295478639224,0.8798005999997258,,0.879799600224942,,63,,16000,48000,,,,,0.299055438041687,,0.0030981240272521973,,,,,0.005946200471371412,,,0.3690370044708252,,,,,0.056852953791618345,,,,1.090954927444458,,,,,,0.006126516953110695,0.33190758419036864,0.0024873460736125706,
20262021,r2mt_router,r2mt,21,0.0004999999999999999,0.9599091000854969,,0.9599080998450518,,63,,16000,48000,,,,,0.29819621419906617,,0.0030896600969135763,,,,,0.005934102606028319,,,0.36885423135757445,,,,,0.058160693645477296,,,,1.089575716972351,,,,,,0.006113629836589098,0.33294958448410034,0.0024788464680314064,
20262021,r2mt_router,r2mt,22,0.0004607704521360775,0.8817023001611233,,0.8817016002722085,,63,,16000,48000,,,,,0.29834155583381655,,0.003079067949205637,,,,,0.005923937767744064,,,0.3695034999847412,,,,,0.06040781253576279,,,,1.0894599857330323,,,,,,0.006094884812831878,0.33215497827529905,0.002468810245394707,
20262021,r2mt_router,r2mt,23,0.0004217827674798846,0.880607099737972,,0.8806066000834107,,63,,16000,48000,,,,,0.29909802675247193,,0.003073707316070795,,,,,0.005913811385631561,,,0.36831187510490415,,,,,0.06204931473731995,,,,1.0880382204055785,,,,,,0.006083636932075024,0.3325901234149933,0.0024618287570774555,
20262021,r2mt_router,r2mt,24,0.0003832773180720472,0.8845542999915779,,0.8845533998683095,,63,,16000,48000,,,,,0.29854977560043333,,0.0030664316788315774,,,,,0.005906044594943523,,,0.3698479483127594,,,,,0.06282933884859085,,,,1.0877155895233155,,,,,,0.006073809504508972,0.33160230398178103,0.002455216832458973,
20262021,r2mt_router,r2mt,25,0.0003454915028125262,0.9642662000842392,,0.9642652999609709,,63,,16000,48000,,,,,0.2991518669128418,,0.0030592748709022998,,,,,0.0058963892981410025,,,0.3688075079917908,,,,,0.06457559263706207,,,,1.0865000343322755,,,,,,0.0060628908909857275,0.33204065465927124,0.002448089085519314,
20262021,r2mt_router,r2mt,26,0.00030865828381745506,0.8903804002329707,,0.8903792998753488,,63,,16000,48000,,,,,0.2987645063400269,,0.003050417684018612,,,,,0.005883934997022152,,,0.36950388383865357,,,,,0.06595483529567718,,,,1.08568124294281,,,,,,0.006043312165886164,0.3317316427230835,0.00243843749538064,
20262021,r2mt_router,r2mt,27,0.0002730047501302265,0.8941748002544045,,0.8941741003654897,,63,,16000,48000,,,,,0.2994096748828888,,0.003043189700692892,,,,,0.005876982316374779,,,0.36932477927207946,,,,,0.06707979911565781,,,,1.0850228652954101,,,,,,0.006035938601940871,0.33126557540893553,0.0024328876845538614,
20262021,r2mt_router,r2mt,28,0.0002387507176420255,0.9770526001229882,,0.9770518001168966,,63,,16000,48000,,,,,0.2977072422504425,,0.003036799315363169,,,,,0.005869303308427334,,,0.3701986074447632,,,,,0.06804335877299308,,,,1.0846095895767212,,,,,,0.006027714893221855,0.33209417438507083,0.0024262285381555556,
20262021,r2mt_router,r2mt,29,0.0002061073738537634,0.9322665999643505,,0.9322656001895666,,63,,16000,48000,,,,,0.29889700984954837,,0.00303210418112576,,,,,0.005861642695963383,,,0.3689074749946594,,,,,0.06961147087812423,,,,1.0836471042633056,,,,,,0.006015719436109066,0.33219553899765014,0.0024206994753330946,
20262021,r2mt_router,r2mt,30,0.00017527597583490815,0.8986219996586442,,0.8986209998838603,,63,,16000,48000,,,,,0.29847237396240234,,0.0030272097513079645,,,,,0.005855179186910391,,,0.3699480249881744,,,,,0.07003677994012833,,,,1.083183663368225,,,,,,0.006010850820690393,0.33157963323593137,0.0024155540373176337,
20262021,r2mt_router,r2mt,31,0.0001464466094067262,0.868826000019908,,0.8688250998966396,,63,,16000,48000,,,,,0.298971216917038,,0.003023448418825865,,,,,0.00585076055303216,,,0.36951692461967467,,,,,0.07124740165472031,,,,1.0827867040634156,,,,,,0.006004280608147383,0.33151188826560973,0.0024116493482142687,
20262021,r2mt_router,r2mt,32,0.00011979701719998447,0.8880974999628961,,0.888096499722451,,63,,16000,48000,,,,,0.2985002958774567,,0.0030190782025456427,,,,,0.005844679463654756,,,0.3692212710380554,,,,,0.07207422536611557,,,,1.0821472434997559,,,,,,0.005998620431870222,0.33227846217155455,0.00240699359215796,
20262021,r2mt_router,r2mt,33,9.549150281252627e-05,0.9915423998609185,,0.9915418000891805,,63,,16000,48000,,,,,0.29883259677886964,,0.0030166461244225504,,,,,0.00584036972746253,,,0.3690861830711365,,,,,0.07295435899496079,,,,1.0818302431106568,,,,,,0.005990907087922096,0.3320812485218048,0.0024034161660820247,
20262021,r2mt_router,r2mt,34,7.367991782295387e-05,0.9275777000002563,,0.9275770001113415,,63,,16000,48000,,,,,0.2988239433765411,,0.0030136897675693036,,,,,0.005836541946977377,,,0.36970184302330017,,,,,0.07294345927238464,,,,1.081492721557617,,,,,,0.005988735392689705,0.33147424483299254,0.002400719391182065,
20262021,r2mt_router,r2mt,35,5.4496737905816076e-05,0.9034086996689439,,0.9034080998972058,,63,,16000,48000,,,,,0.2979445948600769,,0.003011097934097052,,,,,0.005833235561847686,,,0.370580137014389,,,,,0.07303264766931533,,,,1.0813531036376953,,,,,,0.005982215996831655,0.3314752950668335,0.0023983766511082648,
20262021,r2mt_router,r2mt,36,3.806023374435661e-05,0.983704499900341,,0.9837038000114262,,63,,16000,48000,,,,,0.29887108969688414,,0.003009891198948026,,,,,0.005831158958375454,,,0.3703017704486847,,,,,0.07355588203668595,,,,1.0811240701675415,,,,,,0.005981883142143488,0.3308271677494049,0.0023964067846536635,
20262021,r2mt_router,r2mt,37,2.447174185242322e-05,0.9175252998247743,,0.9175242995843291,,63,,16000,48000,,,,,0.29820905780792234,,0.0030080315694212914,,,,,0.005829508397728205,,,0.36956835007667543,,,,,0.07420077133178711,,,,1.080937003135681,,,,,,0.005979015309363603,0.3322226266860962,0.0023949030097573996,
20262021,r2mt_router,r2mt,38,1.3815039801161714e-05,0.9152755001559854,,0.9152744999155402,,63,,16000,48000,,,,,0.29857719802856447,,0.0030073696710169314,,,,,0.005827330768108368,,,0.36979845237731934,,,,,0.07385739547014236,,,,1.0806213483810425,,,,,,0.0059767220206558705,0.3316243767738342,0.0023941004313528537,
20262021,r2mt_router,r2mt,39,6.155829702431168e-06,0.9018256003037095,,0.9018243001773953,,63,,16000,48000,,,,,0.298150634765625,,0.003006737016141415,,,,,0.005826575327664614,,,0.37076496362686157,,,,,0.07370753663778305,,,,1.0807593488693237,,,,,,0.005975395511835814,0.3310844354629517,0.002393295181915164,
20262021,r2mt_router,r2mt,40,1.5413331334360176e-06,0.9825206999666989,,0.9825196000747383,,63,,16000,48000,,,,,0.29819561743736267,,0.0030062151178717614,,,,,0.005825878970324993,,,0.37023306846618653,,,,,0.07394805961847305,,,,1.080624514579773,,,,,,0.0059747624546289445,0.3315713427066803,0.0023927690852433444,
20262021,polar_evidence,unified,1,0.0005,58.34435240039602,,,,250,16000,16000,16000,,,,,,,,,,,,0.010311908791214228,,,,,0.007002319738268852,,,,,,,,,,,,0.033095890529453754,,,,
20262021,polar_evidence,unified,2,0.0004877641290737884,58.11870300024748,,,,250,16000,16000,16000,,,,,,,,,,,,0.010017933398298918,,,,,0.006829958104528487,,,,,,,,,,,,0.03187975293770433,,,,
20262021,polar_evidence,unified,3,0.0004522542485937368,58.10984530020505,,,,250,16000,16000,16000,,,,,,,,,,,,0.010252779791504144,,,,,0.006935280706733465,,,,,,,,,,,,0.033174990847706795,,,,
20262021,polar_evidence,unified,4,0.0003969463130731183,58.48616490000859,,,,250,16000,16000,16000,,,,,,,,,,,,0.010505661584623158,,,,,0.007060917490161955,,,,,,,,,,,,0.03444744094461202,,,,
20262021,polar_evidence,unified,5,0.00032725424859373687,58.159319600090384,,,,250,16000,16000,16000,,,,,,,,,,,,0.009877121419273317,,,,,0.006730944831855595,,,,,,,,,,,,0.03146176587417722,,,,
20262021,polar_evidence,unified,6,0.00025,58.38151019997895,,,,250,16000,16000,16000,,,,,,,,,,,,0.010323150745034218,,,,,0.006969432784244418,,,,,,,,,,,,0.033537179607897996,,,,
20262021,polar_evidence,unified,7,0.00017274575140626317,58.16891029989347,,,,250,16000,16000,16000,,,,,,,,,,,,0.010182266913726926,,,,,0.006878974087536335,,,,,,,,,,,,0.03303292826190591,,,,
20262021,polar_evidence,unified,8,0.00010305368692688175,58.245303499978036,,,,250,16000,16000,16000,,,,,,,,,,,,0.010481950974091887,,,,,0.007025282081216574,,,,,,,,,,,,0.034566688928753135,,,,
20262021,polar_evidence,unified,9,4.774575140626317e-05,58.310492099728435,,,,250,16000,16000,16000,,,,,,,,,,,,0.00980462839771062,,,,,0.006688721497543156,,,,,,,,,,,,0.03115906900167465,,,,
20262021,polar_evidence,unified,10,1.2235870926211617e-05,58.33731419965625,,,,250,16000,16000,16000,,,,,,,,,,,,0.010555627984367311,,,,,0.0070458877915516496,,,,,,,,,,,,0.035097401928156614,,,,
20262021,conditional_router_stage_one,unified,1,0.001,3.8114290996454656,,,,188,96000,16000,96000,,,,,,,,0.004252880184600751,0.0032675099726766346,,,0.0077350571875770885,,,,,,0.0001897498182176302,,,,,0.9004922564824422,,,,,,,,,,
20262021,conditional_router_stage_one,unified,2,0.000998458666866564,3.787845099810511,,,,188,96000,16000,96000,,,,,,,,0.004161838917682568,0.0027253629298259817,,,0.007329938811560472,,,,,,0.00019474078128890444,,,,,0.8783665736516316,,,,,,,,,,
20262021,conditional_router_stage_one,unified,3,0.0009938441702975688,3.790995500050485,,,,188,96000,16000,96000,,,,,,,,0.004147067366788785,0.002511182845880588,,,0.007200894914567471,,,,,,0.00019422610631833473,,,,,0.8748397781054179,,,,,,,,,,
20262021,conditional_router_stage_one,unified,4,0.0009861849601988382,3.7865454996936023,,,,188,96000,16000,96000,,,,,,,,0.004132392874608437,0.002363569819678863,,,0.007105501732478539,,,,,,0.00019386862288229168,,,,,0.8714283548990885,,,,,,,,,,
20262021,conditional_router_stage_one,unified,5,0.0009755282581475767,3.793377900030464,,,,188,96000,16000,96000,,,,,,,,0.004124001658211152,0.0022682581562548875,,,0.007044966947287321,,,,,,0.0001935051824354256,,,,,0.8692299086252848,,,,,,,,,,
20262021,conditional_router_stage_one,unified,6,0.0009619397662556432,3.9466651999391615,,,,188,96000,16000,96000,,,,,,,,0.0041152157622079055,0.002202199933429559,,,0.006998713529358307,,,,,,0.00019331632802883783,,,,,0.8670343249638875,,,,,,,,,,
20262021,conditional_router_stage_one,unified,7,0.0009455032620941838,3.7912294999696314,,,,188,96000,16000,96000,,,,,,,,0.004106510487695535,0.002138327214245995,,,0.006955698691308498,,,,,,0.00019254585184777778,,,,,0.8659440158208211,,,,,,,,,,
20262021,conditional_router_stage_one,unified,8,0.000926320082177046,3.814829200040549,,,,188,96000,16000,96000,,,,,,,,0.0041007032425453265,0.0020886012110859155,,,0.006920954539130131,,,,,,0.00019261082455826302,,,,,0.8638989594777425,,,,,,,,,,
20262021,conditional_router_stage_one,unified,9,0.0009045084971874736,3.7896063001826406,,,,188,96000,16000,96000,,,,,,,,0.004093493767082691,0.002043133251989881,,,0.006887350421398878,,,,,,0.00019178946040725956,,,,,0.8621712919871012,,,,,,,,,,
20262021,conditional_router_stage_one,unified,10,0.0008802029828000154,3.7591944001615047,,,,188,96000,16000,96000,,,,,,,,0.004087825087209542,0.0020124603087703385,,,0.006863800535599391,,,,,,0.00019156773458234966,,,,,0.8609266506830852,,,,,,,,,,
20262021,conditional_router_stage_one,unified,11,0.0008535533905932736,3.8365962002426386,,,,188,96000,16000,96000,,,,,,,,0.004081082837035259,0.001965213074038426,,,0.006831075864533583,,,,,,0.00019050749445644519,,,,,0.8598797744115194,,,,,,,,,,
20262021,conditional_router_stage_one,unified,12,0.0008247240241650918,3.7847635000944138,,,,188,96000,16000,96000,,,,,,,,0.0040721277681489785,0.0019343608111763995,,,0.0068039160358409085,,,,,,0.00018964577567142746,,,,,0.8585981570879618,,,,,,,,,,
20262021,conditional_router_stage_one,unified,13,0.0007938926261462365,3.776533900294453,,,,188,96000,16000,96000,,,,,,,,0.004066889764120182,0.00190238322224468,,,0.006777767295638721,,,,,,0.0001890218574165677,,,,,0.8562152004241943,,,,,,,,,,
20262021,conditional_router_stage_one,unified,14,0.0007612492823579742,3.7980053001083434,,,,188,96000,16000,96000,,,,,,,,0.004061653457581997,0.0018813277867933114,,,0.006761502703030904,,,,,,0.0001881503373927747,,,,,0.8560738360087077,,,,,,,,,,
20262021,conditional_router_stage_one,unified,15,0.0007269952498697732,3.7727157003246248,,,,188,96000,16000,96000,,,,,,,,0.004056295501689116,0.0018485677738984427,,,0.006737054724246264,,,,,,0.00018791182665154338,,,,,0.8547486391067505,,,,,,,,,,
20262021,conditional_router_stage_one,unified,16,0.0006913417161825447,3.83100980008021,,,,188,96000,16000,96000,,,,,,,,0.004048852998763322,0.0018256600610911846,,,0.006713912803679705,,,,,,0.0001868716470974808,,,,,0.8527558908462525,,,,,,,,,,
20262021,conditional_router_stage_one,unified,17,0.0006545084971874736,3.776682899799198,,,,188,96000,16000,96000,,,,,,,,0.004043975265075763,0.001796910774273177,,,0.006692373809715112,,,,,,0.00018605839915107936,,,,,0.8517142275174459,,,,,,,,,,
20262021,conditional_router_stage_one,unified,18,0.0006167226819279527,3.7785406997427344,,,,188,96000,16000,96000,,,,,,,,0.004039192352443934,0.001782095957857867,,,0.006677976559847593,,,,,,0.00018556173409645755,,,,,0.8506728655497233,,,,,,,,,,
20262021,conditional_router_stage_one,unified,19,0.0005782172325201154,3.8105780999176204,,,,188,96000,16000,96000,,,,,,,,0.0040313578757147,0.0017578585060934225,,,0.006654999708135923,,,,,,0.000184621937184905,,,,,0.8492785145441691,,,,,,,,,,
20262021,conditional_router_stage_one,unified,20,0.0005392295478639224,3.8568870997987688,,,,188,96000,16000,96000,,,,,,,,0.004024058764179547,0.0017348860207324227,,,0.006632255903134743,,,,,,0.00018374695628881453,,,,,0.847408659140269,,,,,,,,,,
20262021,conditional_router_stage_one,unified,21,0.0004999999999999999,3.7655517999082804,,,,188,96000,16000,96000,,,,,,,,0.004019906623909871,0.0017149709040919939,,,0.006615951751669248,,,,,,0.00018301545882908006,,,,,0.8464028665224711,,,,,,,,,,
20262021,conditional_router_stage_one,unified,22,0.0004607704521360775,3.7610609997063875,,,,188,96000,16000,96000,,,,,,,,0.0040128030280272165,0.0016966160498559475,,,0.006596107807010412,,,,,,0.00018220242601819337,,,,,0.844723030090332,,,,,,,,,,
20262021,conditional_router_stage_one,unified,23,0.0004217827674798846,3.804583199787885,,,,188,96000,16000,96000,,,,,,,,0.004008114017546177,0.0016773049148420492,,,0.00657973940918843,,,,,,0.00018145594532446315,,,,,0.8438044336636861,,,,,,,,,,
20262021,conditional_router_stage_one,unified,24,0.0003832773180720472,3.7789270002394915,,,,188,96000,16000,96000,,,,,,,,0.004001192773381869,0.0016656569490830103,,,0.006564166912188133,,,,,,0.00018093673842183003,,,,,0.8424556964238484,,,,,,,,,,
20262021,conditional_router_stage_one,unified,25,0.0003454915028125262,3.8315709000453353,,,,188,96000,16000,96000,,,,,,,,0.003995907092466951,0.0016472568713749448,,,0.006545904579261939,,,,,,0.00018020762817468495,,,,,0.8406585338910421,,,,,,,,,,
20262021,conditional_router_stage_one,unified,26,0.00030865828381745506,3.8295677001588047,,,,188,96000,16000,96000,,,,,,,,0.003990226530780395,0.0016258356189355254,,,0.006528222498794397,,,,,,0.00017958012040859709,,,,,0.84009153175354,,,,,,,,,,
20262021,conditional_router_stage_one,unified,27,0.0002730047501302265,3.7855330002494156,,,,188,96000,16000,96000,,,,,,,,0.003983483773966631,0.0016077405856922268,,,0.006509007855008046,,,,,,0.0001790156461453686,,,,,0.838449893951416,,,,,,,,,,
20262021,conditional_router_stage_one,unified,28,0.0002387507176420255,3.793562199920416,,,,188,96000,16000,96000,,,,,,,,0.003978318909804026,0.0015969349791606267,,,0.006496249814828237,,,,,,0.00017843500905049344,,,,,0.8374272929827372,,,,,,,,,,
20262021,conditional_router_stage_one,unified,29,0.0002061073738537634,3.877307899761945,,,,188,96000,16000,96000,,,,,,,,0.003973745103304585,0.0015862047656749687,,,0.006483649333318075,,,,,,0.0001776146376117443,,,,,0.8361990518569946,,,,,,,,,,
20262021,conditional_router_stage_one,unified,30,0.00017527597583490815,3.7881471002474427,,,,188,96000,16000,96000,,,,,,,,0.003971393656606476,0.0015728331773231428,,,0.006474414269129435,,,,,,0.0001772667474579066,,,,,0.8361436374982198,,,,,,,,,,
20262021,conditional_router_stage_one,unified,31,0.0001464466094067262,3.8153824997134507,,,,188,96000,16000,96000,,,,,,,,0.003966447032988071,0.0015641442431757848,,,0.006462024064113696,,,,,,0.00017696733423508702,,,,,0.8346314870516459,,,,,,,,,,
20262021,conditional_router_stage_one,unified,32,0.00011979701719998447,3.78667449997738,,,,188,96000,16000,96000,,,,,,,,0.003962700883547465,0.0015525954666857917,,,0.006450845760603746,,,,,,0.0001763289754744619,,,,,0.833882415453593,,,,,,,,,,
20262021,conditional_router_stage_one,unified,33,9.549150281252627e-05,3.7653797999955714,,,,188,96000,16000,96000,,,,,,,,0.0039586722987393535,0.0015455953298757475,,,0.006441711227099101,,,,,,0.0001761827765731141,,,,,0.8330977463722229,,,,,,,,,,
20262021,conditional_router_stage_one,unified,34,7.367991782295387e-05,3.826366299763322,,,,188,96000,16000,96000,,,,,,,,0.003955853051195542,0.0015404152457291881,,,0.006434821859002114,,,,,,0.00017590753559488804,,,,,0.8323921044667562,,,,,,,,,,
20262021,conditional_router_stage_one,unified,35,5.4496737905816076e-05,3.7979534999467432,,,,188,96000,16000,96000,,,,,,,,0.003953886435677608,0.0015305816164861122,,,0.006427577339112759,,,,,,0.00017549157208607844,,,,,0.8322635625203451,,,,,,,,,,
20262021,conditional_router_stage_one,unified,36,3.806023374435661e-05,3.7959416997618973,,,,188,96000,16000,96000,,,,,,,,0.003951320976639788,0.0015276007385303576,,,0.0064221910312771795,,,,,,0.00017534308651617417,,,,,0.831616904258728,,,,,,,,,,
20262021,conditional_router_stage_one,unified,37,2.447174185242322e-05,3.8415596997365355,,,,188,96000,16000,96000,,,,,,,,0.003949477670093377,0.0015236033412317435,,,0.006417549567917982,,,,,,0.00017509207401114206,,,,,0.8312485647201538,,,,,,,,,,
20262021,conditional_router_stage_one,unified,38,1.3815039801161714e-05,3.799129799939692,,,,188,96000,16000,96000,,,,,,,,0.003949267469346524,0.0015170456469058991,,,0.006414074574907621,,,,,,0.00017489513518133512,,,,,0.8312802084287008,,,,,,,,,,
20262021,conditional_router_stage_one,unified,39,6.155829702431168e-06,3.818902200087905,,,,188,96000,16000,96000,,,,,,,,0.003945468674103419,0.0015241302804400523,,,0.0064115939239660896,,,,,,0.00017534673136348526,,,,,0.8301116698582968,,,,,,,,,,
20262021,conditional_router_stage_one,unified,40,1.5413331334360176e-06,3.8064640001393855,,,,188,96000,16000,96000,,,,,,,,0.00394722206145525,0.0015134566466634472,,,0.0064097015075385575,,,,,,0.0001747349687308694,,,,,0.8310336621602377,,,,,,,,,,
20262021,conditional_router_stage_two,unified,1,0.0003,0.07511229999363422,,,,1,96000,16000,96000,,,,,,0.0,,,,0.0015136530855670571,0.03349994868040085,0.007663507014513016,,0.00394930224865675,,,,,0.0013873769203200936,,,,,,0.8308172225952148,,,,,,,,0.0011137493420392275
20262021,conditional_router_stage_two,unified,2,0.00029994859874633357,0.05830530030652881,,,,1,96000,16000,96000,,,,,,0.0,,,,0.0020670464728027582,0.020944442600011826,0.0071879499591887,,0.0038193732034415007,,,,,0.0013737160479649901,,,,,,0.8026552796363831,,,,,,,,0.0008872083271853626
20262021,conditional_router_stage_two,unified,3,0.0002997944302131861,0.06007739994674921,,,,1,96000,16000,96000,,,,,,0.0,,,,0.0028979855123907328,0.011339282616972923,0.006941762752830982,,0.003717538435012102,,,,,0.0013462475035339594,,,,,,0.7802389860153198,,,,,,,,0.0007251197821460664
20262021,conditional_router_stage_two,unified,4,0.0002995376000599692,0.06003890000283718,,,,1,96000,16000,96000,,,,,,0.0,,,,0.0038591702468693256,0.0048471963964402676,0.006862392649054527,,0.0036415846552699804,,,,,0.0012994779972359538,,,,,,0.7639589905738831,,,,,,,,0.0006160802440717816
20262021,conditional_router_stage_two,unified,5,0.000299178284305241,0.05985639989376068,,,,1,96000,16000,96000,,,,,,0.0,,,,0.004741990938782692,0.004660339560359716,0.00687094870954752,,0.0035888850688934326,,,,,0.0012425901368260384,,,,,,0.7536362409591675,,,,,,,,0.0005472057964652777
20262021,conditional_router_stage_two,unified,6,0.0002987167292060716,0.05618359986692667,,,,1,96000,16000,96000,,,,,,0.0,,,,0.005367442965507507,0.006917653605341911,0.006899125874042511,,0.003556402400135994,,,,,0.001194732845760882,,,,,,0.7476407885551453,,,,,,,,0.0005071377381682396
20262021,conditional_router_stage_two,unified,7,0.0002981532510892707,0.06203709961846471,,,,1,96000,16000,96000,,,,,,0.0,,,,0.005675728898495436,0.00811968743801117,0.00690834317356348,,0.003539386671036482,,,,,0.001165413181297481,,,,,,0.7434435486793518,,,,,,,,0.00048674907884560525
20262021,conditional_router_stage_two,unified,8,0.0002974882361345932,0.05894899973645806,,,,1,96000,16000,96000,,,,,,0.0,,,,0.005712537094950676,0.00814215186983347,0.006890881806612015,,0.0035334823187440634,,,,,0.001151696196757257,,,,,,0.7394358515739441,,,,,,,,0.0004797449801117182
20262021,conditional_router_stage_two,unified,9,0.00029672214011007087,0.05573390005156398,,,,1,96000,16000,96000,,,,,,0.0,,,,0.005556830670684576,0.007316332310438156,0.0068548195995390415,,0.0035356231965124607,,,,,0.0011487567098811269,,,,,,0.7356725931167603,,,,,,,,0.0004822822811547667
20262021,conditional_router_stage_two,unified,10,0.0002958554880596515,0.060716199688613415,,,,1,96000,16000,96000,,,,,,0.0,,,,0.005287609063088894,0.005908366292715073,0.00681394524872303,,0.0035440102219581604,,,,,0.001152855809777975,,,,,,0.7327898740768433,,,,,,,,0.0004923359956592321
20262021,conditional_router_stage_two,unified,11,0.0002948888739433602,0.05599630018696189,,,,1,96000,16000,96000,,,,,,0.0,,,,0.004970921669155359,0.004206736106425524,0.00678000645712018,,0.0035571064800024033,,,,,0.0011615293333306909,,,,,,0.7312657833099365,,,,,,,,0.0005082992138341069
20262021,conditional_router_stage_two,unified,12,0.00029382296023022894,0.05528720002621412,,,,1,96000,16000,96000,,,,,,0.0,,,,0.0046586464159190655,0.0027061961591243744,0.006758625619113445,,0.003572808112949133,,,,,0.0011723984498530626,,,,,,0.730925440788269,,,,,,,,0.0005278753233142197
20262021,conditional_router_stage_two,unified,13,0.00029265847744427303,0.05696509964764118,,,,1,96000,16000,96000,,,,,,0.0,,,,0.00438397703692317,0.0021567281801253557,0.006747666746377945,,0.0035883064847439528,,,,,0.001183766988106072,,,,,,0.7312911748886108,,,,,,,,0.0005476605147123337
20262021,conditional_router_stage_two,unified,14,0.00029139622366382674,0.05898540001362562,,,,1,96000,16000,96000,,,,,,0.0,,,,0.004165166988968849,0.002745441859588027,0.0067424471490085125,,0.003601325210183859,,,,,0.00119486334733665,,,,,,0.7319260835647583,,,,,,,,0.0005644658231176436
20262021,conditional_router_stage_two,unified,15,0.00029003706397458023,0.05606239987537265,,,,1,96000,16000,96000,,,,,,0.0,,,,0.004012042190879583,0.003443735186010599,0.006737930234521627,,0.00361013226211071,,,,,0.0012047425843775272,,,,,,0.7323989272117615,,,,,,,,0.000575719983316958
20262021,conditional_router_stage_two,unified,16,0.000288581929876693,0.05492760008201003,,,,1,96000,16000,96000,,,,,,0.0,,,,0.003925761673599482,0.0038211618084460497,0.006731158588081598,,0.003614076878875494,,,,,0.0012126005021855235,,,,,,0.7324342727661133,,,,,,,,0.0005803434178233147
20262021,conditional_router_stage_two,unified,17,0.0002870318186463901,0.05612279986962676,,,,1,96000,16000,96000,,,,,,0.0,,,,0.003903524251654744,0.0038330284878611565,0.006721640937030315,,0.003613286418840289,,,,,0.0012170070549473166,,,,,,0.7317193746566772,,,,,,,,0.0005786760011687875
20262021,conditional_router_stage_two,unified,18,0.0002853877926524791,0.06041890010237694,,,,1,96000,16000,96000,,,,,,0.0,,,,0.003937184810638428,0.0034909495152533054,0.006710100453346968,,0.003608444705605507,,,,,0.0012167975073680282,,,,,,0.7300559282302856,,,,,,,,0.0005719719920307398
20262021,conditional_router_stage_two,unified,19,0.0002836509786282552,0.055384000297635794,,,,1,96000,16000,96000,,,,,,0.0,,,,0.00401610042899847,0.002927695866674185,0.006698430981487036,,0.0036006788723170757,,,,,0.0012114134151488543,,,,,,0.7274648547172546,,,,,,,,0.000561989494599402
20262021,conditional_router_stage_two,unified,20,0.0002818225668992948,0.056839399971067905,,,,1,96000,16000,96000,,,,,,0.0,,,,0.004126404877752066,0.002275638049468398,0.006688954308629036,,0.0035914736799895763,,,,,0.001201510545797646,,,,,,0.7242886424064636,,,,,,,,0.0005506441229954362
20262021,conditional_router_stage_two,unified,21,0.00027990381056766585,0.056668799836188555,,,,1,96000,16000,96000,,,,,,0.0,,,,0.004252362996339798,0.0017300320323556662,0.006682264618575573,,0.0035819716285914183,,,,,0.00118826306425035,,,,,,0.7209411859512329,,,,,,,,0.0005393042229115963
20262021,conditional_router_stage_two,unified,22,0.00027789602465311383,0.05798390042036772,,,,1,96000,16000,96000,,,,,,0.0,,,,0.004375859629362822,0.0014550527557730675,0.006677811499685049,,0.0035731762181967497,,,,,0.0011740288464352489,,,,,,0.717907726764679,,,,,,,,0.0005289784166961908
20262021,conditional_router_stage_two,unified,23,0.0002758005851918136,0.05445619998499751,,,,1,96000,16000,96000,,,,,,0.0,,,,0.004476378671824932,0.001451346674002707,0.0066742380149662495,,0.0035659975837916136,,,,,0.0011625053593888879,,,,,,0.7157257199287415,,,,,,,,0.0005204593762755394
20262021,conditional_router_stage_two,unified,24,0.00027361892829330236,0.05826579965651035,,,,1,96000,16000,96000,,,,,,0.0,,,,0.0045385961420834064,0.0015134291024878621,0.006670041009783745,,0.0035609868355095387,,,,,0.0011563744628801942,,,,,,0.7146642804145813,,,,,,,,0.0005142330774106085
20262021,conditional_router_stage_two,unified,25,0.0002713525491562421,0.05881919991225004,,,,1,96000,16000,96000,,,,,,0.0,,,,0.0045602694153785706,0.0015134166460484266,0.006664946675300598,,0.003558248747140169,,,,,0.0011552415089681745,,,,,,0.7145854234695435,,,,,,,,0.0005104984156787395
20262021,conditional_router_stage_two,unified,26,0.0002690030010436853,0.058630899991840124,,,,1,96000,16000,96000,,,,,,0.0,,,,0.004548848606646061,0.0014462826075032353,0.00665938900783658,,0.003557498101145029,,,,,0.0011569022899493575,,,,,,0.7150941491127014,,,,,,,,0.0005091021303087473
20262021,conditional_router_stage_two,unified,27,0.0002665718942185457,0.05747830029577017,,,,1,96000,16000,96000,,,,,,0.0,,,,0.004515679553151131,0.0013369193766266108,0.006654159165918827,,0.0035582815762609243,,,,,0.0011588763445615768,,,,,,0.7157354950904846,,,,,,,,0.0005097233806736767
20262021,conditional_router_stage_two,unified,28,0.0002640608948400047,0.0604798998683691,,,,1,96000,16000,96000,,,,,,0.0,,,,0.004471205174922943,0.001176962978206575,0.006649150978773832,,0.0035599288530647755,,,,,0.001159647130407393,,,,,,0.7162134051322937,,,,,,,,0.0005116388201713562
20262021,conditional_router_stage_two,unified,29,0.0002614717238216092,0.05992810009047389,,,,1,96000,16000,96000,,,,,,0.0,,,,0.004423429258167744,0.0010335688712075353,0.006644755136221647,,0.00356198288500309,,,,,0.0011592553928494453,,,,,,0.7164939641952515,,,,,,,,0.0005142850568518043
20262021,conditional_router_stage_two,unified,30,0.0002588061556518432,0.054885600227862597,,,,1,96000,16000,96000,,,,,,0.0,,,,0.004378044046461582,0.0010558953508734703,0.0066410270519554615,,0.0035640231799334288,,,,,0.0011584466556087136,,,,,,0.7166616320610046,,,,,,,,0.0005170711665414274
20262021,conditional_router_stage_two,unified,31,0.00025606601717798223,0.05919169960543513,,,,1,96000,16000,96000,,,,,,0.0,,,,0.004339028615504503,0.0011367612751200795,0.00663769943639636,,0.003565676975995302,,,,,0.001158188795670867,,,,,,0.7168262004852295,,,,,,,,0.0005194006371311843
20262021,conditional_router_stage_two,unified,32,0.00025325318635406314,0.055632099974900484,,,,1,96000,16000,96000,,,,,,0.0,,,,0.004308752249926329,0.0012350860051810741,0.006634498946368694,,0.0035667053889483213,,,,,0.0011592411901801825,,,,,,0.7170766592025757,,,,,,,,0.0005208402872085571
20262021,conditional_router_stage_two,unified,33,0.0002503695909538288,0.05764599982649088,,,,1,96000,16000,96000,,,,,,0.0,,,,0.004288669675588608,0.001249475870281458,0.006631250958889723,,0.003566984785720706,,,,,0.0011618067510426044,,,,,,0.7174330949783325,,,,,,,,0.0005211521056480706
20262021,conditional_router_stage_two,unified,34,0.00024741720724952765,0.05523910000920296,,,,1,96000,16000,96000,,,,,,0.0,,,,0.004279144108295441,0.0012330601457506418,0.00662821251899004,,0.003566586412489414,,,,,0.0011654956033453345,,,,,,0.7178534865379333,,,,,,,,0.0005204436019994318
20262021,conditional_router_stage_two,unified,35,0.00024439805865747574,0.05782640026882291,,,,1,96000,16000,96000,,,,,,0.0,,,,0.004280693829059601,0.0011513247154653072,0.0066255610436201096,,0.0035655719693750143,,,,,0.0011692207772284746,,,,,,0.7181755304336548,,,,,,,,0.0005188978975638747
20262021,conditional_router_stage_two,unified,36,0.00024131421435130823,0.05663539981469512,,,,1,96000,16000,96000,,,,,,0.0,,,,0.004292372148483992,0.0010234520304948092,0.0066230096854269505,,0.003563979174941778,,,,,0.0011717851739376783,,,,,,0.718187153339386,,,,,,,,0.000516696716658771
20262021,conditional_router_stage_two,unified,37,0.0002381677878438711,0.06111370027065277,,,,1,96000,16000,96000,,,,,,0.0,,,,0.004311978816986084,0.0009286690619774163,0.006620400119572878,,0.003561956575140357,,,,,0.0011721329065039754,,,,,,0.7177087664604187,,,,,,,,0.0005141568835824728
20262021,conditional_router_stage_two,unified,38,0.00023496093553872503,0.059576999861747026,,,,1,96000,16000,96000,,,,,,0.0,,,,0.004337322432547808,0.000818476895801723,0.006617631297558546,,0.0035596403758972883,,,,,0.0011698411544784904,,,,,,0.7166834473609924,,,,,,,,0.0005115043604746461
20262021,conditional_router_stage_two,unified,39,0.00023169585525225419,0.06077740015462041,,,,1,96000,16000,96000,,,,,,0.0,,,,0.004365070257335901,0.0007207657326944172,0.0066148992627859116,,0.0035572878550738096,,,,,0.0011654063127934933,,,,,,0.7152467370033264,,,,,,,,0.0005090080085210502
20262021,conditional_router_stage_two,unified,40,0.00022837478470739243,0.05986170005053282,,,,1,96000,16000,96000,,,,,,0.0,,,,0.004392051137983799,0.0006248540594242513,0.006612337660044432,,0.003555098082870245,,,,,0.0011598039418458939,,,,,,0.7136308550834656,,,,,,,,0.0005068177124485373
20262021,conditional_router_stage_two,unified,41,0.0002250000000000001,0.05482590012252331,,,,1,96000,16000,96000,,,,,,0.0,,,,0.004413507413119078,0.0006072421092540026,0.006610041484236717,,0.0035533388145267963,,,,,0.0011547963367775083,,,,,,0.7121849060058594,,,,,,,,0.0005050909821875393
20262021,conditional_router_stage_two,unified,42,0.0002215738140389414,0.05882660020142794,,,,1,96000,16000,96000,,,,,,0.0,,,,0.004426048137247562,0.0006053277757018805,0.006607865449041128,,0.0035521257668733597,,,,,0.0011517462553456426,,,,,,0.7111777067184448,,,,,,,,0.0005038500530645251
20262021,conditional_router_stage_two,unified,43,0.00021809857496093212,0.057618699967861176,,,,1,96000,16000,96000,,,,,,0.0,,,,0.0044294800609350204,0.0006481027812696993,0.006605822127312422,,0.003551454283297062,,,,,0.0011509672040119767,,,,,,0.7106872797012329,,,,,,,,0.0005030584870837629
20262021,conditional_router_stage_two,unified,44,0.0002145766645212444,0.055805299896746874,,,,1,96000,16000,96000,,,,,,0.0,,,,0.004425513092428446,0.0006376540986821055,0.006603892892599106,,0.003551218658685684,,,,,0.001151863718405366,,,,,,0.7106263041496277,,,,,,,,0.0005026484723202884
20262021,conditional_router_stage_two,unified,45,0.00021101049646137014,0.05991489998996258,,,,1,96000,16000,96000,,,,,,0.0,,,,0.004417095333337784,0.0006410033092834055,0.006601988337934017,,0.0035512312315404415,,,,,0.0011534421937540174,,,,,,0.7108147740364075,,,,,,,,0.000502489972859621
20262021,conditional_router_stage_two,unified,46,0.00020740251485476356,0.05816200003027916,,,,1,96000,16000,96000,,,,,,0.0,,,,0.00440663006156683,0.0006231505540199578,0.006600181106477976,,0.003551378846168518,,,,,0.0011549072805792093,,,,,,0.7110979557037354,,,,,,,,0.0005025328136980534
20262021,conditional_router_stage_two,unified,47,0.00020375519243179515,0.057027199771255255,,,,1,96000,16000,96000,,,,,,0.0,,,,0.004397681448608637,0.0005817183991894126,0.006598279811441898,,0.0035513993352651596,,,,,0.0011554345255717635,,,,,,0.7113128304481506,,,,,,,,0.0005025301943533123
20262021,conditional_router_stage_two,unified,48,0.00020007102888506572,0.060581499710679054,,,,1,96000,16000,96000,,,,,,0.0,,,,0.0043907007202506065,0.0005442313849925995,0.006596325431019068,,0.003551273141056299,,,,,0.00115527817979455,,,,,,0.7114786505699158,,,,,,,,0.000502421404235065
20262021,conditional_router_stage_two,unified,49,0.00019635254915624222,0.05471740011125803,,,,1,96000,16000,96000,,,,,,0.0,,,,0.004385238513350487,0.0005585473845712841,0.006594445090740919,,0.0035510514862835407,,,,,0.0011549630435183644,,,,,,0.7116648554801941,,,,,,,,0.0005022131954319775
20262021,conditional_router_stage_two,unified,50,0.00019260230170558851,0.05746959988027811,,,,1,96000,16000,96000,,,,,,0.0,,,,0.004380165599286556,0.0005371358129195869,0.00659271189942956,,0.0035508188884705305,,,,,0.0011550720082595944,,,,,,0.7119414210319519,,,,,,,,0.0005019475938752294
20262021,conditional_router_stage_two,unified,51,0.00018882285676537818,0.05723539972677827,,,,1,96000,16000,96000,,,,,,0.0,,,,0.004375522956252098,0.0005156279657967389,0.006591106299310923,,0.0035505807027220726,,,,,0.0011555852834135294,,,,,,0.7122597694396973,,,,,,,,0.0005016340292058885
20262021,conditional_router_stage_two,unified,52,0.0001850168045783859,0.06077020009979606,,,,1,96000,16000,96000,,,,,,0.0,,,,0.004370983690023422,0.0005278895259834826,0.006589685566723347,,0.003550388850271702,,,,,0.0011563783045858145,,,,,,0.7125644683837891,,,,,,,,0.0005013552727177739
20262021,conditional_router_stage_two,unified,53,0.00018118675362266396,0.059069099836051464,,,,1,96000,16000,96000,,,,,,0.0,,,,0.004367401357740164,0.0005325580714270473,0.006588286720216274,,0.0035501602105796337,,,,,0.0011572003131732345,,,,,,0.7127944231033325,,,,,,,,0.0005010205786675215
20262021,conditional_router_stage_two,unified,54,0.0001773353288238222,0.0605274997651577,,,,1,96000,16000,96000,,,,,,0.0,,,,0.0043656290508806705,0.0005387539858929813,0.006586913950741291,,0.0035498577635735273,,,,,0.0011576232500374317,,,,,,0.7128750681877136,,,,,,,,0.000500624708365649
20262021,conditional_router_stage_two,unified,55,0.00017346516975603473,0.056287800427526236,,,,1,96000,16000,96000,,,,,,0.0,,,,0.004365774802863598,0.0005383856478147209,0.006585476920008659,,0.003549454268068075,,,,,0.0011575232492759824,,,,,,0.7127935290336609,,,,,,,,0.0005001405370421708
20262021,conditional_router_stage_two,unified,56,0.00016957892883300783,0.054230399895459414,,,,1,96000,16000,96000,,,,,,0.0,,,,0.004368125461041927,0.0005263854982331395,0.006584078539162874,,0.0035489555448293686,,,,,0.0011568220797926188,,,,,,0.7125553488731384,,,,,,,,0.0004995858180336654
20262021,conditional_router_stage_two,unified,57,0.00016567926949014812,0.0598578997887671,,,,1,96000,16000,96000,,,,,,0.0,,,,0.004372511059045792,0.0005066626472398639,0.006582722533494234,,0.0035483611281961203,,,,,0.0011557218385860324,,,,,,0.7122064828872681,,,,,,,,0.0004989412846043706
20262021,conditional_router_stage_two,unified,58,0.00016176886435917683,0.05964800016954541,,,,1,96000,16000,96000,,,,,,0.0,,,,0.004377936013042927,0.0004975885385647416,0.006581368390470743,,0.00354770477861166,,,,,0.0011545870220288634,,,,,,0.7118281126022339,,,,,,,,0.0004982171813026071
20262021,conditional_router_stage_two,unified,59,0.00015785039343644162,0.05862839985638857,,,,1,96000,16000,96000,,,,,,0.0,,,,0.004383665509521961,0.00048248053644783795,0.006580098532140255,,0.003547037485986948,,,,,0.001153747783973813,,,,,,0.7114866375923157,,,,,,,,0.0004974539624527097
20262021,conditional_router_stage_two,unified,60,0.000153926542246181,0.05401769978925586,,,,1,96000,16000,96000,,,,,,0.0,,,,0.004388662055134773,0.00045906315790489316,0.006578819360584021,,0.0035463906824588776,,,,,0.0011534100631251931,,,,,,0.7112245559692383,,,,,,,,0.0004966783453710377
20262021,conditional_router_stage_two,unified,61,0.00015000000000000007,0.055949900299310684,,,,1,96000,16000,96000,,,,,,0.0,,,,0.004393403418362141,0.00045847706496715546,0.006577612832188606,,0.003545765532180667,,,,,0.001153267570771277,,,,,,0.7109969258308411,,,,,,,,0.0004959230427630246
20262021,conditional_router_stage_two,unified,62,0.0001460734577538191,0.05687339976429939,,,,1,96000,16000,96000,,,,,,0.0,,,,0.004398979712277651,0.0004681551072280854,0.0065764933824539185,,0.003545112442225218,,,,,0.0011527701281011105,,,,,,0.7107324004173279,,,,,,,,0.0004951748996973038
20262021,conditional_router_stage_two,unified,63,0.0001421496065635585,0.061454399954527617,,,,1,96000,16000,96000,,,,,,0.0,,,,0.00440589664503932,0.00044720113510265946,0.006575390696525574,,0.0035443822853267193,,,,,0.0011516918893903494,,,,,,0.710406482219696,,,,,,,,0.0004943945677950978
20262021,conditional_router_stage_two,unified,64,0.0001382311356408233,0.05508829979225993,,,,1,96000,16000,96000,,,,,,0.0,,,,0.00441309018060565,0.000467801233753562,0.006574349012225866,,0.003543653292581439,,,,,0.0011502476409077644,,,,,,0.7100626826286316,,,,,,,,0.0004936552722938359
20262021,conditional_router_stage_two,unified,65,0.00013432073050985202,0.05947989970445633,,,,1,96000,16000,96000,,,,,,0.0,,,,0.004417228512465954,0.0004862165660597384,0.0065733096562325954,,0.0035431012511253357,,,,,0.0011494660284370184,,,,,,0.7098619937896729,,,,,,,,0.0004930729628540576
20262021,conditional_router_stage_two,unified,66,0.0001304210711669923,0.05706390039995313,,,,1,96000,16000,96000,,,,,,0.0,,,,0.004418232478201389,0.0004783853073604405,0.0065722716972231865,,0.0035427294205874205,,,,,0.001149500603787601,,,,,,0.7098156809806824,,,,,,,,0.00049263407709077
20262021,conditional_router_stage_two,unified,67,0.00012653483024396538,0.05977649986743927,,,,1,96000,16000,96000,,,,,,0.0,,,,0.0044180830009281635,0.0006007968913763762,0.006571314297616482,,0.003542455844581127,,,,,0.0011496685910969973,,,,,,0.7097896933555603,,,,,,,,0.00049230718286708
20262021,conditional_router_stage_two,unified,68,0.00012266467117617793,0.055840099696069956,,,,1,96000,16000,96000,,,,,,0.0,,,,0.0044183204881846905,0.0005301531055010855,0.00657029589638114,,0.003542158752679825,,,,,0.001149370102211833,,,,,,0.7096749544143677,,,,,,,,0.0004920039791613817
20262021,conditional_router_stage_two,unified,69,0.0001188132463773361,0.06061129970476031,,,,1,96000,16000,96000,,,,,,0.0,,,,0.004418743308633566,0.0005272633861750364,0.006569432094693184,,0.0035419061314314604,,,,,0.0011487575247883797,,,,,,0.7095138430595398,,,,,,,,0.0004917870392091572
20262021,conditional_router_stage_two,unified,70,0.0001149831954216142,0.059068499598652124,,,,1,96000,16000,96000,,,,,,0.0,,,,0.004417758900672197,0.0005414381739683449,0.006568580865859985,,0.003541733603924513,,,,,0.0011485792929306626,,,,,,0.7094514966011047,,,,,,,,0.0004916201578453183
20262021,conditional_router_stage_two,unified,71,0.0001111771432346219,0.060998700093477964,,,,1,96000,16000,96000,,,,,,0.0,,,,0.004415291361510754,0.00048354457248933613,0.006567718461155891,,0.003541636746376753,,,,,0.0011489257449284196,,,,,,0.7094935178756714,,,,,,,,0.0004914901219308376
20262021,conditional_router_stage_two,unified,72,0.0001073976982944116,0.05935630016028881,,,,1,96000,16000,96000,,,,,,0.0,,,,0.0044121937826275826,0.00044712828821502626,0.006566912401467562,,0.003541590180248022,,,,,0.0011494987411424518,,,,,,0.7095787525177002,,,,,,,,0.0004913975717499852
20262021,conditional_router_stage_two,unified,73,0.0001036474508437579,0.05678409989923239,,,,1,96000,16000,96000,,,,,,0.0,,,,0.0044104005210101604,0.0004960240330547094,0.006566168274730444,,0.003541492624208331,,,,,0.001149625750258565,,,,,,0.709581732749939,,,,,,,,0.0004912845324724913
20262021,conditional_router_stage_two,unified,74,9.992897111493437e-05,0.054906600154936314,,,,1,96000,16000,96000,,,,,,0.0,,,,0.0044099148362874985,0.00047585912398062646,0.006565420422703028,,0.0035413275472819805,,,,,0.0011492834892123938,,,,,,0.7094946503639221,,,,,,,,0.0004911312717013061
20262021,conditional_router_stage_two,unified,75,9.624480756820496e-05,0.05874649994075298,,,,1,96000,16000,96000,,,,,,0.0,,,,0.004409948829561472,0.0004671982314903289,0.00656467629596591,,0.0035411387216299772,,,,,0.0011488004820421338,,,,,,0.7093714475631714,,,,,,,,0.0004909595008939505
20262021,conditional_router_stage_two,unified,76,9.259748514523653e-05,0.05906359991058707,,,,1,96000,16000,96000,,,,,,0.0,,,,0.004409982822835445,0.000457035843282938,0.006563933100551367,,0.0035409443080425262,,,,,0.0011485108407214284,,,,,,0.7092781662940979,,,,,,,,0.0004907564143650234
20262021,conditional_router_stage_two,unified,77,8.898950353862997e-05,0.05561619997024536,,,,1,96000,16000,96000,,,,,,0.0,,,,0.004410137888044119,0.0004993202746845782,0.00656325276941061,,0.003540750127285719,,,,,0.0011483988491818309,,,,,,0.7092249393463135,,,,,,,,0.0004905316163785756
20262021,conditional_router_stage_two,unified,78,8.542333547875576e-05,0.05600500013679266,,,,1,96000,16000,96000,,,,,,0.0,,,,0.004409590270370245,0.0005901916301809251,0.0065626418218016624,,0.0035406015813350677,,,,,0.001148710842244327,,,,,,0.7092596292495728,,,,,,,,0.0004903202061541378
20262021,conditional_router_stage_two,unified,79,8.190142503906799e-05,0.05559099977836013,,,,1,96000,16000,96000,,,,,,0.0,,,,0.004408488981425762,0.0004564958217088133,0.006562008988112211,,0.003540467470884323,,,,,0.0011493914062157273,,,,,,0.7093756794929504,,,,,,,,0.0004900827188976109
20262021,conditional_router_stage_two,unified,80,7.842618596105874e-05,0.056310500018298626,,,,1,96000,16000,96000,,,,,,0.0,,,,0.004407735541462898,0.0004272109654266387,0.006561401300132275,,0.0035403172951191664,,,,,0.001149998395703733,,,,,,0.7094902396202087,,,,,,,,0.0004898299812339246
20262021,conditional_router_stage_two,unified,81,7.500000000000003e-05,0.06047660019248724,,,,1,96000,16000,96000,,,,,,0.0,,,,0.004407644737511873,0.0005075233639217913,0.006560844834893942,,0.00354014802724123,,,,,0.0011503022396937013,,,,,,0.7095568776130676,,,,,,,,0.0004895841702818871
20262021,conditional_router_stage_two,unified,82,7.162521529260768e-05,0.05941230012103915,,,,1,96000,16000,96000,,,,,,0.0,,,,0.004408898763358593,0.0005326489917933941,0.006560320500284433,,0.003539919387549162,,,,,0.0011500120162963867,,,,,,0.7095136642456055,,,,,,,,0.0004893302684649825
20262021,conditional_router_stage_two,unified,83,6.830414474774599e-05,0.059782200027257204,,,,1,96000,16000,96000,,,,,,0.0,,,,0.004411298781633377,0.000426034937845543,0.006559788249433041,,0.00353962741792202,,,,,0.0011492744088172913,,,,,,0.7093826532363892,,,,,,,,0.0004890492418780923
20262021,conditional_router_stage_two,unified,84,6.503906446127505e-05,0.054756199941039085,,,,1,96000,16000,96000,,,,,,0.0,,,,0.004413496237248182,0.0004624599532689899,0.0065592629835009575,,0.003539346158504486,,,,,0.0011486478615552187,,,,,,0.7092627882957458,,,,,,,,0.0004887754330411553
20262021,conditional_router_stage_two,unified,85,6.183221215612905e-05,0.05683369981124997,,,,1,96000,16000,96000,,,,,,0.0,,,,0.0044151959009468555,0.00044737165444530547,0.00655878521502018,,0.0035391063429415226,,,,,0.00114818022120744,,,,,,0.7091712951660156,,,,,,,,0.0004885361413471401
20262021,conditional_router_stage_two,unified,86,5.868578564869191e-05,0.05511479964479804,,,,1,96000,16000,96000,,,,,,0.0,,,,0.004416363313794136,0.0004304181784391403,0.006558331195265055,,0.0035389037802815437,,,,,0.001147876842878759,,,,,,0.7091087102890015,,,,,,,,0.0004883264191448689
20262021,conditional_router_stage_two,unified,87,5.5601941342524416e-05,0.056722600013017654,,,,1,96000,16000,96000,,,,,,0.0,,,,0.004417847841978073,0.0004363581829238683,0.006557912100106478,,0.003538694931194186,,,,,0.0011474828934296966,,,,,,0.7090283036231995,,,,,,,,0.0004881150962319225
20262021,conditional_router_stage_two,unified,88,5.258279275047248e-05,0.05454679997637868,,,,1,96000,16000,96000,,,,,,0.0,,,,0.004419201985001564,0.00041287895874120295,0.006557505112141371,,0.0035384967923164368,,,,,0.0011471528559923172,,,,,,0.7089555859565735,,,,,,,,0.0004879108164459467
20262021,conditional_router_stage_two,unified,89,4.963040904617132e-05,0.058087300043553114,,,,1,96000,16000,96000,,,,,,0.0,,,,0.004420646466314793,0.0004333224205765873,0.006557127460837364,,0.0035383030772209167,,,,,0.001146804541349411,,,,,,0.7088790535926819,,,,,,,,0.0004877112223766744
20262021,conditional_router_stage_two,unified,90,4.674681364593688e-05,0.06016619969159365,,,,1,96000,16000,96000,,,,,,0.0,,,,0.004421550780534744,0.00043155200546607375,0.006556763779371977,,0.0035381445195525885,,,,,0.0011466366704553366,,,,,,0.7088291049003601,,,,,,,,0.00048753750161267817
20262021,conditional_router_stage_two,unified,91,4.393398282201788e-05,0.0579368001781404,,,,1,96000,16000,96000,,,,,,0.0,,,,0.004421312361955643,0.0004352679825387895,0.006556408945471048,,0.0035380544140934944,,,,,0.0011468149023130536,,,,,,0.7088373899459839,,,,,,,,0.0004874129663221538
20262021,conditional_router_stage_two,unified,92,4.119384434815686e-05,0.05804529972374439,,,,1,96000,16000,96000,,,,,,0.0,,,,0.0044202352873981,0.0004302162560634315,0.006556088104844093,,0.0035380213521420956,,,,,0.0011472541373223066,,,,,,0.7088923454284668,,,,,,,,0.00048733214498497546
20262021,conditional_router_stage_two,unified,93,3.852827617839089e-05,0.05711609963327646,,,,1,96000,16000,96000,,,,,,0.0,,,,0.004419003613293171,0.0004711790825240314,0.0065558007918298244,,0.0035380085464566946,,,,,0.0011476885993033648,,,,,,0.7089475393295288,,,,,,,,0.0004872784484177828
20262021,conditional_router_stage_two,unified,94,3.5939105159995365e-05,0.06109289964661002,,,,1,96000,16000,96000,,,,,,0.0,,,,0.0044186352752149105,0.00043322116835042834,0.006555504165589809,,0.0035379459150135517,,,,,0.0011477969819679856,,,,,,0.7089480757713318,,,,,,,,0.00048719614278525114
20262021,conditional_router_stage_two,unified,95,3.342810578145437e-05,0.059750200249254704,,,,1,96000,16000,96000,,,,,,0.0,,,,0.004419082775712013,0.00040614945464767516,0.006555229425430298,,0.003537844866514206,,,,,0.0011476227082312107,,,,,,0.7089043259620667,,,,,,,,0.0004870923876296729
20262021,conditional_router_stage_two,unified,96,3.0996998956314715e-05,0.060639199800789356,,,,1,96000,16000,96000,,,,,,0.0,,,,0.004419638775289059,0.0004296766419429332,0.006554987281560898,,0.003537745913490653,,,,,0.0011474002385511994,,,,,,0.708856463432312,,,,,,,,0.00048699721810407937
20262021,conditional_router_stage_two,unified,97,2.8647450843757904e-05,0.057004999835044146,,,,1,96000,16000,96000,,,,,,0.0,,,,0.004419711884111166,0.0004265323805157095,0.006554761435836554,,0.0035376781597733498,,,,,0.0011473488993942738,,,,,,0.7088401913642883,,,,,,,,0.0004869223339483142
20262021,conditional_router_stage_two,unified,98,2.6381071706697685e-05,0.055069899652153254,,,,1,96000,16000,96000,,,,,,0.0,,,,0.0044194962829351425,0.00044814596185460687,0.006554538384079933,,0.0035376260057091713,,,,,0.0011474194470793009,,,,,,0.7088460326194763,,,,,,,,0.0004868541727773845
20262021,conditional_router_stage_two,unified,99,2.4199414808186416e-05,0.055964000057429075,,,,1,96000,16000,96000,,,,,,0.0,,,,0.004419454839080572,0.00044780733878724277,0.0065543376840651035,,0.0035375705920159817,,,,,0.0011474405182525516,,,,,,0.7088427543640137,,,,,,,,0.0004867863026447594
20262021,conditional_router_stage_two,unified,100,2.210397534688618e-05,0.0595786003395915,,,,1,96000,16000,96000,,,,,,0.0,,,,0.004419687669724226,0.0004111742018721998,0.006554154213517904,,0.0035375040024518967,,,,,0.001147395116277039,,,,,,0.70882648229599,,,,,,,,0.000486711593111977
20262021,conditional_router_stage_two,unified,101,2.00961894323342e-05,0.056457099970430136,,,,1,96000,16000,96000,,,,,,0.0,,,,0.0044199079275131226,0.00042548112105578184,0.00655398890376091,,0.0035374420695006847,,,,,0.0011473845224827528,,,,,,0.7088148593902588,,,,,,,,0.00048663909547030926
20262021,conditional_router_stage_two,unified,102,1.8177433100705214e-05,0.05778119992464781,,,,1,96000,16000,96000,,,,,,0.0,,,,0.004420139826834202,0.0004016926104668528,0.006553832907229662,,0.0035373817663639784,,,,,0.0011473773047327995,,,,,,0.7088049054145813,,,,,,,,0.0004865679075010121
20262021,conditional_router_stage_two,unified,103,1.6349021371744837e-05,0.0566724999807775,,,,1,96000,16000,96000,,,,,,0.0,,,,0.0044204858131706715,0.00041591477929614484,0.006553687620908022,,0.0035373177379369736,,,,,0.0011473174672573805,,,,,,0.7087894082069397,,,,,,,,0.00048649785458110273
20262021,conditional_router_stage_two,unified,104,1.4612207347520943e-05,0.05711620021611452,,,,1,96000,16000,96000,,,,,,0.0,,,,0.004420903977006674,0.0004182261764071882,0.0065535614266991615,,0.0035372551064938307,,,,,0.0011472305050119758,,,,,,0.7087709903717041,,,,,,,,0.0004864314978476614
20262021,conditional_router_stage_two,unified,105,1.2968181353609857e-05,0.05582200037315488,,,,1,96000,16000,96000,,,,,,0.0,,,,0.004421308636665344,0.0004285209288354963,0.006553451530635357,,0.003537198528647423,,,,,0.0011471305042505264,,,,,,0.7087512016296387,,,,,,,,0.0004863741633016616
20262021,conditional_router_stage_two,unified,106,1.1418070123306994e-05,0.05641540000215173,,,,1,96000,16000,96000,,,,,,0.0,,,,0.004421519115567207,0.00044575869105756283,0.0065533556044101715,,0.0035371582489460707,,,,,0.0011470770696178079,,,,,,0.7087395787239075,,,,,,,,0.0004863312642555684
20262021,conditional_router_stage_two,unified,107,9.962936025419743e-06,0.05700170015916228,,,,1,96000,16000,96000,,,,,,0.0,,,,0.004421581048518419,0.0003984629875048995,0.006553267128765583,,0.0035371296107769012,,,,,0.0011470578610897064,,,,,,0.708733320236206,,,,,,,,0.00048629860975779593
20262021,conditional_router_stage_two,unified,108,8.603776336173257e-06,0.05885180039331317,,,,1,96000,16000,96000,,,,,,0.0,,,,0.0044215670786798,0.00041583372512832284,0.006553187966346741,,0.0035371079575270414,,,,,0.0011470640311017632,,,,,,0.7087308764457703,,,,,,,,0.0004862722707912326
20262021,conditional_router_stage_two,unified,109,7.341522555726974e-06,0.05698860017582774,,,,1,96000,16000,96000,,,,,,0.0,,,,0.00442157220095396,0.0004259710549376905,0.006553116720169783,,0.0035370883997529745,,,,,0.0011470557656139135,,,,,,0.7087265849113464,,,,,,,,0.0004862486675847322
20262021,conditional_router_stage_two,unified,110,6.177039769771062e-06,0.05956600001081824,,,,1,96000,16000,96000,,,,,,0.0,,,,0.004421602934598923,0.0004222432035021484,0.006553056184202433,,0.003537070006132126,,,,,0.0011470329482108355,,,,,,0.7087199687957764,,,,,,,,0.00048622925532981753
20262021,conditional_router_stage_two,unified,111,5.111126056639755e-06,0.05706160003319383,,,,1,96000,16000,96000,,,,,,0.0,,,,0.004421648569405079,0.0004050791612826288,0.0065530091524124146,,0.003537055104970932,,,,,0.0011470032623037696,,,,,,0.7087122201919556,,,,,,,,0.0004862146743107587
20262021,conditional_router_stage_two,unified,112,4.144511940348518e-06,0.05458170035853982,,,,1,96000,16000,96000,,,,,,0.0,,,,0.004421674180775881,0.00039554850081913173,0.006552970036864281,,0.003537042997777462,,,,,0.0011469839373603463,,,,,,0.7087062001228333,,,,,,,,0.00048620279994793236
20262021,conditional_router_stage_two,unified,113,3.2778598899291478e-06,0.058290400076657534,,,,1,96000,16000,96000,,,,,,0.0,,,,0.004421702120453119,0.0004041756910737604,0.0065529365092515945,,0.003537032287567854,,,,,0.0011469698511064053,,,,,,0.7087016701698303,,,,,,,,0.00048619165318086743
20262021,conditional_router_stage_two,unified,114,2.5117638654068248e-06,0.05581980012357235,,,,1,96000,16000,96000,,,,,,0.0,,,,0.004421706311404705,0.00046890348312444985,0.006552908103913069,,0.003537024138495326,,,,,0.0011469671735540032,,,,,,0.7086994647979736,,,,,,,,0.000486182194435969
20262021,conditional_router_stage_two,unified,115,1.8467489107293517e-06,0.056056300178170204,,,,1,96000,16000,96000,,,,,,0.0,,,,0.004421686287969351,0.00042461056727916,0.006552886217832565,,0.0035370185505598783,,,,,0.0011469766031950712,,,,,,0.7086995244026184,,,,,,,,0.0004861753841396421
20262021,conditional_router_stage_two,unified,116,1.283270793928443e-06,0.05891470005735755,,,,1,96000,16000,96000,,,,,,0.0,,,,0.004421667195856571,0.0004018960171379149,0.006552868522703648,,0.00353701482526958,,,,,0.001146986847743392,,,,,,0.7087003588676453,,,,,,,,0.00048616991261951625
20262021,conditional_router_stage_two,unified,117,8.217156947589902e-07,0.055269899778068066,,,,1,96000,16000,96000,,,,,,0.0,,,,0.004421662539243698,0.0004013704601675272,0.006552858743816614,,0.0035370122641324997,,,,,0.0011469923192635179,,,,,,0.7087006568908691,,,,,,,,0.0004861658962909132
20262021,conditional_router_stage_two,unified,118,4.623999400308056e-07,0.06037529977038503,,,,1,96000,16000,96000,,,,,,0.0,,,,0.004421660210937262,0.00039378501242026687,0.006552851293236017,,0.003537009935826063,,,,,0.0011469953460618854,,,,,,0.7087006568908691,,,,,,,,0.0004861632187385112
20262021,conditional_router_stage_two,unified,119,2.055697868139251e-07,0.057841300033032894,,,,1,96000,16000,96000,,,,,,0.0,,,,0.004421658348292112,0.0004230098857078701,0.006552846170961857,,0.0035370085388422012,,,,,0.001146996975876391,,,,,,0.7087006568908691,,,,,,,,0.00048616158892400563
20262021,conditional_router_stage_two,unified,120,5.1401253666411035e-08,0.05933029996231198,,,,1,96000,16000,96000,,,,,,0.0,,,,0.004421657882630825,0.00042474723886698484,0.006552844773977995,,0.0035370083060115576,,,,,0.0011469974415376782,,,,,,0.7087006568908691,,,,,,,,0.00048616103595122695
20262022,remst,remst,1,0.0003,316.55815559998155,316.5581542002037,,2000,2000,,16000,48000,48000,16000,1.2814676435435324e-08,0.005154928286763606,,,,,,,,0.4535040771514177,,,,1.0327311102449894,0.013861775893485173,,,,0.024113519879523666,0.9432083429992199,,,,0.017495937920641153,0.01848612373060314,0.023781008925594507,,,,,
20262022,remst,remst,2,0.0002713525491562421,317.92525020008907,317.92524889996275,,2000,2000,,16000,48000,48000,16000,1.2894777442470918e-08,0.00876983343414031,,,,,,,,0.427425467222929,,,,1.1110727034807206,0.011622266279533505,,,,0.024164812980219722,0.9445000093877316,,,,0.017706926287384704,0.024521203359588982,0.03056598810106516,,,,,
20262022,remst,remst,3,0.0001963525491562421,317.95818799966946,317.9581861998886,,2000,2000,,16000,48000,48000,16000,1.2875656253824585e-08,0.009392537293606437,,,,,,,,0.42237283203005793,,,,1.1580971298217773,0.011323116619023495,,,,0.024631692352704702,0.9443125090301037,,,,0.018018630751408637,0.026279605796560645,0.034295273614116016,,,,,
20262022,remst,remst,4,0.00010364745084375788,317.6497240997851,317.64972270000726,,2000,2000,,16000,48000,48000,16000,1.293664816973128e-08,0.009585621641599573,,,,,,,,0.41621480755507945,,,,1.1859741810560227,0.011150982311693952,,,,0.024920819448307156,0.9438750092983246,,,,0.018117577130207792,0.026940215314738454,0.03491263530030846,,,,,
20262022,remst,remst,5,2.8647450843757894e-05,318.08482429990545,318.0848224996589,,2000,2000,,16000,48000,48000,16000,1.3004755974294068e-08,0.00963332084438298,,,,,,,,0.41018520553410054,,,,1.1988129701018333,0.01071459105575923,,,,0.02461781356623396,0.9436875088214874,,,,0.017747352255973965,0.0273672338379547,0.035065521320328114,,,,,
20262022,r2mt_mean_risk,r2mt,1,0.001,0.8385731000453234,,0.8385717999190092,,63,,16000,48000,,,,,,,0.005417593594640493,,,,,0.009326365858316421,0.0026904578525573015,,,,,,,,,,,,,,,,,0.016918620236217975,,0.007526149705052376,
20262022,r2mt_mean_risk,r2mt,2,0.000998458666866564,0.8226038999855518,,0.8226023996248841,,63,,16000,48000,,,,,,,0.005276004329323769,,,,,0.008373928386718035,0.0018036760604009032,,,,,,,,,,,,,,,,,0.015568743750452996,,0.006711533356457949,
20262022,r2mt_mean_risk,r2mt,3,0.0009938441702975688,0.7992797996848822,,0.7992773996666074,,63,,16000,48000,,,,,,,0.005128131411969662,,,,,0.008088160917162895,0.002335273399949074,,,,,,,,,,,,,,,,,0.015050751358270645,,0.006480522111058235,
20262022,r2mt_mean_risk,r2mt,4,0.0009861849601988382,0.8238270999863744,,0.8238254999741912,,63,,16000,48000,,,,,,,0.004995139729231596,,,,,0.007814551554620266,0.0026958190742880105,,,,,,,,,,,,,,,,,0.014583539389073849,,0.006256293151527643,
20262022,r2mt_mean_risk,r2mt,5,0.0009755282581475767,0.774611100088805,,0.7746100998483598,,63,,16000,48000,,,,,,,0.004927922397851944,,,,,0.0077069616727530954,0.0029466740526258943,,,,,,,,,,,,,,,,,0.014344594314694405,,0.006173941764980554,
20262022,r2mt_mean_risk,r2mt,6,0.0009619397662556432,0.7646985999308527,,0.7646971996873617,,63,,16000,48000,,,,,,,0.004872351545840502,,,,,0.007474752340465784,0.003105786815285683,,,,,,,,,,,,,,,,,0.013928514897823334,,0.005984451524913311,
20262022,r2mt_mean_risk,r2mt,7,0.0009455032620941838,0.8247135998681188,,0.8247120999731123,,63,,16000,48000,,,,,,,0.004823105849325657,,,,,0.00731871085241437,0.003317072242498398,,,,,,,,,,,,,,,,,0.013629187874495984,,0.0058593273051083085,
20262022,r2mt_mean_risk,r2mt,8,0.000926320082177046,0.7111418996937573,,0.7111400999128819,,63,,16000,48000,,,,,,,0.004763056170195341,,,,,0.0072011109739542,0.0034043572973459957,,,,,,,,,,,,,,,,,0.013370108768343925,,0.005768836181610823,
20262022,r2mt_mean_risk,r2mt,9,0.0009045084971874736,0.7646882003173232,,0.7646874999627471,,63,,16000,48000,,,,,,,0.004733795315027237,,,,,0.007026833683252335,0.0035582772735506295,,,,,,,,,,,,,,,,,0.013044792540371417,,0.00562767543271184,
20262022,r2mt_mean_risk,r2mt,10,0.0008802029828000154,0.7800575001165271,,0.7800564002245665,,63,,16000,48000,,,,,,,0.004700507994741201,,,,,0.006906554576009512,0.0037003709860146047,,,,,,,,,,,,,,,,,0.012823142535984516,,0.0055302268229424955,
20262022,r2mt_mean_risk,r2mt,11,0.0008535533905932736,0.7545696999877691,,0.7545684999786317,,63,,16000,48000,,,,,,,0.004653416659682989,,,,,0.0067334694825112815,0.003834728265181184,,,,,,,,,,,,,,,,,0.012502928167581558,,0.005390104737132788,
20262022,r2mt_mean_risk,r2mt,12,0.0008247240241650918,0.8236211002804339,,0.8236201000399888,,63,,16000,48000,,,,,,,0.004627309653908014,,,,,0.006596309285610914,0.003944489579647779,,,,,,,,,,,,,,,,,0.012223242193460465,,0.005281435038894415,
20262022,r2mt_mean_risk,r2mt,13,0.0007938926261462365,0.7137877000495791,,0.7137869000434875,,63,,16000,48000,,,,,,,0.004594415158033371,,,,,0.0065173210799694065,0.004104891359806061,,,,,,,,,,,,,,,,,0.012043664686381817,,0.005221062175929546,
20262022,r2mt_mean_risk,r2mt,14,0.0007612492823579742,0.7746620997786522,,0.7746612997725606,,63,,16000,48000,,,,,,,0.004559135228395462,,,,,0.006297783542424441,0.0042009598687291145,,,,,,,,,,,,,,,,,0.011657934136688709,,0.0050408032089471816,
20262022,r2mt_mean_risk,r2mt,15,0.0007269952498697732,0.7473416002467275,,0.7473408002406359,,63,,16000,48000,,,,,,,0.004514502890408039,,,,,0.0062234440296888354,0.004327378235757351,,,,,,,,,,,,,,,,,0.011515917740762233,,0.004981557738035917,
20262022,r2mt_mean_risk,r2mt,16,0.0006913417161825447,0.8110166001133621,,0.8110156003385782,,63,,16000,48000,,,,,,,0.00447536052018404,,,,,0.006060589484870434,0.004392940621823073,,,,,,,,,,,,,,,,,0.011214559994637966,,0.004849621638655662,
20262022,r2mt_mean_risk,r2mt,17,0.0006545084971874736,0.7461498999036849,,0.7461490998975933,,63,,16000,48000,,,,,,,0.004430664014071226,,,,,0.005914903350174427,0.004504113037139178,,,,,,,,,,,,,,,,,0.010933496780693532,,0.004732935540378094,
20262022,r2mt_mean_risk,r2mt,18,0.0006167226819279527,0.7347055003046989,,0.7347047999501228,,63,,16000,48000,,,,,,,0.004391221713274717,,,,,0.005791690744459629,0.004613664865493775,,,,,,,,,,,,,,,,,0.010673846058547497,,0.004636476688086986,
20262022,r2mt_mean_risk,r2mt,19,0.0005782172325201154,0.8439746997319162,,0.8439732999540865,,63,,16000,48000,,,,,,,0.004356627829372883,,,,,0.005671339526772499,0.0046836212649941445,,,,,,,,,,,,,,,,,0.010464151084423065,,0.0045377866737544535,
20262022,r2mt_mean_risk,r2mt,20,0.0005392295478639224,0.7661489001475275,,0.7661476000212133,,63,,16000,48000,,,,,,,0.0042954998016357425,,,,,0.005486038714647293,0.004799326322972775,,,,,,,,,,,,,,,,,0.010140208914875984,,0.00438610240072012,
20262022,r2mt_mean_risk,r2mt,21,0.0004999999999999999,0.770313199609518,,0.7703119996003807,,63,,16000,48000,,,,,,,0.0042642831541597846,,,,,0.005366868548095227,0.004885545052587986,,,,,,,,,,,,,,,,,0.009905055955052375,,0.00429107179492712,
20262022,r2mt_mean_risk,r2mt,22,0.0004607704521360775,0.7898150002583861,,0.7898142002522945,,63,,16000,48000,,,,,,,0.004220156982541084,,,,,0.005280044224113226,0.004967596773058176,,,,,,,,,,,,,,,,,0.009723136238753795,,0.004223321821540594,
20262022,r2mt_mean_risk,r2mt,23,0.0004217827674798846,0.745397699996829,,0.7453970001079142,,63,,16000,48000,,,,,,,0.004184349335730076,,,,,0.005159074828028679,0.00502310473844409,,,,,,,,,,,,,,,,,0.009524177074432373,,0.004122964415699244,
20262022,r2mt_mean_risk,r2mt,24,0.0003832773180720472,0.7591742998920381,,0.7591733997687697,,63,,16000,48000,,,,,,,0.004135646730661392,,,,,0.005012815278023481,0.005106161769479513,,,,,,,,,,,,,,,,,0.009262458808720111,,0.004003850556910038,
20262022,r2mt_mean_risk,r2mt,25,0.0003454915028125262,0.747664200142026,,0.7476635002531111,,63,,16000,48000,,,,,,,0.004096658512949943,,,,,0.004917605385184288,0.0051665883287787435,,,,,,,,,,,,,,,,,0.00909758948534727,,0.003925907291471958,
20262022,r2mt_mean_risk,r2mt,26,0.00030865828381745506,0.8304324001073837,,0.8304317002184689,,63,,16000,48000,,,,,,,0.004052881736308336,,,,,0.00478326353058219,0.005253501206636429,,,,,,,,,,,,,,,,,0.008878759421408176,,0.0038143237717449666,
20262022,r2mt_mean_risk,r2mt,27,0.0002730047501302265,0.7468034001067281,,0.7468024003319442,,63,,16000,48000,,,,,,,0.004018554225564003,,,,,0.0046848377287387845,0.005318783577531576,,,,,,,,,,,,,,,,,0.008696799464523793,,0.0037347804084420203,
20262022,r2mt_mean_risk,r2mt,28,0.0002387507176420255,0.7440822999924421,,0.7440816997550428,,63,,16000,48000,,,,,,,0.003978472512215376,,,,,0.004604922540485859,0.0053322287797927855,,,,,,,,,,,,,,,,,0.008570215836167336,,0.0036683250777423382,
20262022,r2mt_mean_risk,r2mt,29,0.0002061073738537634,0.7280598999932408,,0.7280585998669267,,63,,16000,48000,,,,,,,0.003938515346497297,,,,,0.004497925560921431,0.005358307097107172,,,,,,,,,,,,,,,,,0.00839167983457446,,0.00357998089492321,
20262022,r2mt_mean_risk,r2mt,30,0.00017527597583490815,0.8182534002698958,,0.8182522002607584,,63,,16000,48000,,,,,,,0.0039069877304136755,,,,,0.004403186734765768,0.0054159054085612295,,,,,,,,,,,,,,,,,0.008247639670968056,,0.0035002765841782094,
20262022,r2mt_mean_risk,r2mt,31,0.0001464466094067262,0.7552285999991,,0.7552273999899626,,63,,16000,48000,,,,,,,0.0038673430271446703,,,,,0.004312691103667021,0.005439096603542567,,,,,,,,,,,,,,,,,0.008099646762013435,,0.00342537303827703,
20262022,r2mt_mean_risk,r2mt,32,0.00011979701719998447,0.7576884999871254,,0.7576867998577654,,63,,16000,48000,,,,,,,0.0038471722565591336,,,,,0.004251669146120548,0.005491148926317692,,,,,,,,,,,,,,,,,0.008012416139245034,,0.0033734774179756642,
20262022,r2mt_mean_risk,r2mt,33,9.549150281252627e-05,0.7794698001816869,,0.7794689000584185,,63,,16000,48000,,,,,,,0.003817754689604044,,,,,0.004186644937843084,0.005509796619415283,,,,,,,,,,,,,,,,,0.007907233990728854,,0.00331955979205668,
20262022,r2mt_mean_risk,r2mt,34,7.367991782295387e-05,0.8744220999069512,,0.874420799780637,,63,,16000,48000,,,,,,,0.0038050443828105927,,,,,0.004125609867274761,0.0055321501269936565,,,,,,,,,,,,,,,,,0.007830462612211705,,0.00326645602658391,
20262022,r2mt_mean_risk,r2mt,35,5.4496737905816076e-05,0.7482817000709474,,0.748280799947679,,63,,16000,48000,,,,,,,0.00378294387832284,,,,,0.00408119135349989,0.005546629503369331,,,,,,,,,,,,,,,,,0.007771467693150043,,0.0032283789534121752,
20262022,r2mt_mean_risk,r2mt,36,3.806023374435661e-05,0.7459526001475751,,0.7459514001384377,,63,,16000,48000,,,,,,,0.0037719968073070048,,,,,0.004048237860202789,0.0055706572681665425,,,,,,,,,,,,,,,,,0.007734225273132324,,0.0031993686556816103,
20262022,r2mt_mean_risk,r2mt,37,2.447174185242322e-05,0.8273721998557448,,0.8273713998496532,,63,,16000,48000,,,,,,,0.0037576068304479124,,,,,0.00401345195248723,0.005559513803571462,,,,,,,,,,,,,,,,,0.007698169618844986,,0.003168476087972522,
20262022,r2mt_mean_risk,r2mt,38,1.3815039801161714e-05,0.7715225997380912,,0.7715215999633074,,63,,16000,48000,,,,,,,0.003751641947776079,,,,,0.003994753129780293,0.005572042852640152,,,,,,,,,,,,,,,,,0.007675383802503348,,0.003152175109833479,
20262022,r2mt_mean_risk,r2mt,39,6.155829702431168e-06,0.7906249999068677,,0.7906239000149071,,63,,16000,48000,,,,,,,0.0037466059923172,,,,,0.0039799147136509415,0.00557356907427311,,,,,,,,,,,,,,,,,0.007655809983611107,,0.0031393948346376418,
20262022,r2mt_mean_risk,r2mt,40,1.5413331334360176e-06,0.7941172998398542,,0.7941155000589788,,63,,16000,48000,,,,,,,0.00374556215852499,,,,,0.003972173122689128,0.005573927871882916,,,,,,,,,,,,,,,,,0.007648476500064135,,0.003132407393306494,
20262022,r2mt_tail_risk,r2mt,1,0.001,0.7561098001897335,,0.7561083999462426,,63,,16000,48000,,,,,,,0.0054178907722234725,,,,,0.011198527649044991,0.003135218856856227,,,,,,,,,,,,,,,,,0.01713266421109438,,0.007663633964955807,
20262022,r2mt_tail_risk,r2mt,2,0.000998458666866564,0.8405009000562131,,0.840499599929899,,63,,16000,48000,,,,,,,0.005197225347161293,,,,,0.009744807325303554,0.0020579881742596624,,,,,,,,,,,,,,,,,0.01530505009740591,,0.006579851802438498,
20262022,r2mt_tail_risk,r2mt,3,0.0009938441702975688,0.7366845002397895,,0.7366829002276063,,63,,16000,48000,,,,,,,0.005064899705350399,,,,,0.009459565572440624,0.0025307284463196994,,,,,,,,,,,,,,,,,0.014871625930070877,,0.006383940897881984,
20262022,r2mt_tail_risk,r2mt,4,0.0009861849601988382,0.7606899999082088,,0.7606894001364708,,63,,16000,48000,,,,,,,0.004979887261986732,,,,,0.009216194294393062,0.0028110062200576067,,,,,,,,,,,,,,,,,0.01446541627496481,,0.006223511453717947,
20262022,r2mt_tail_risk,r2mt,5,0.0009755282581475767,0.7481990000233054,,0.7481979001313448,,63,,16000,48000,,,,,,,0.00492828507348895,,,,,0.00905031929165125,0.0030402157809585333,,,,,,,,,,,,,,,,,0.014210856832563876,,0.006109580010175705,
20262022,r2mt_tail_risk,r2mt,6,0.0009619397662556432,0.8578329998999834,,0.8578320001251996,,63,,16000,48000,,,,,,,0.004859244383871556,,,,,0.00885531996935606,0.00318358575925231,,,,,,,,,,,,,,,,,0.0138963328525424,,0.0059788661189377305,
20262022,r2mt_tail_risk,r2mt,7,0.0009455032620941838,0.7863910999149084,,0.7863900000229478,,63,,16000,48000,,,,,,,0.00479446779936552,,,,,0.008654257901012898,0.0033751413244754074,,,,,,,,,,,,,,,,,0.013542965866625309,,0.005849772661924362,
20262022,r2mt_tail_risk,r2mt,8,0.000926320082177046,0.7478122003376484,,0.7478108000941575,,63,,16000,48000,,,,,,,0.0047627492547035214,,,,,0.008439423374831676,0.0035139382854104044,,,,,,,,,,,,,,,,,0.013205527260899543,,0.005703060012310743,
20262022,r2mt_tail_risk,r2mt,9,0.0009045084971874736,0.8512201998382807,,0.8512188997119665,,63,,16000,48000,,,,,,,0.00470461918413639,,,,,0.008259765550494194,0.0036508698873221872,,,,,,,,,,,,,,,,,0.01291823446750641,,0.005582023002207279,
20262022,r2mt_tail_risk,r2mt,10,0.0008802029828000154,0.7370598996058106,,0.73705879971385,,63,,16000,48000,,,,,,,0.004671254996210337,,,,,0.008077115431427955,0.0038436373863369225,,,,,,,,,,,,,,,,,0.012603231757879257,,0.005463040430098772,
20262022,r2mt_tail_risk,r2mt,11,0.0008535533905932736,0.7555769998580217,,0.7555762999691069,,63,,16000,48000,,,,,,,0.0046364286318421365,,,,,0.007856857281178235,0.003982019368559122,,,,,,,,,,,,,,,,,0.012262634739279746,,0.005311597920954227,
20262022,r2mt_tail_risk,r2mt,12,0.0008247240241650918,0.8285416001453996,,0.828540500253439,,63,,16000,48000,,,,,,,0.00456850440427661,,,,,0.00772457554936409,0.004094564236700535,,,,,,,,,,,,,,,,,0.012022333286702633,,0.005228734780102968,
20262022,r2mt_tail_risk,r2mt,13,0.0007938926261462365,0.7701629004441202,,0.7701618000864983,,63,,16000,48000,,,,,,,0.004546352077275515,,,,,0.007590504586696625,0.0041615404300391675,,,,,,,,,,,,,,,,,0.011798361331224442,,0.005139901049435139,
20262022,r2mt_tail_risk,r2mt,14,0.0007612492823579742,0.7637304002419114,,0.7637292998842895,,63,,16000,48000,,,,,,,0.004496698264032603,,,,,0.007470829483121634,0.004291324378922582,,,,,,,,,,,,,,,,,0.011595459938049316,,0.005061799038201571,
20262022,r2mt_tail_risk,r2mt,15,0.0007269952498697732,0.7531225001439452,,0.7531213001348078,,63,,16000,48000,,,,,,,0.0044726250991225245,,,,,0.0072455772496759895,0.004398551531136036,,,,,,,,,,,,,,,,,0.011272055119276047,,0.004901709076017141,
20262022,r2mt_tail_risk,r2mt,16,0.0006913417161825447,0.8624800997786224,,0.8624791000038385,,63,,16000,48000,,,,,,,0.004454310540109873,,,,,0.007088397674262524,0.004512155275791884,,,,,,,,,,,,,,,,,0.010991531528532505,,0.004801000315696001,
20262022,r2mt_tail_risk,r2mt,17,0.0006545084971874736,0.7735442998819053,,0.7735430998727679,,63,,16000,48000,,,,,,,0.004393178954720497,,,,,0.006981357976794243,0.004604414328932762,,,,,,,,,,,,,,,,,0.010775918483734132,,0.0047383056543767454,
20262022,r2mt_tail_risk,r2mt,18,0.0006167226819279527,0.7914749998599291,,0.791474100202322,,63,,16000,48000,,,,,,,0.0043448621742427345,,,,,0.006801991198211908,0.004674046292901039,,,,,,,,,,,,,,,,,0.0105087660998106,,0.00461333554983139,
20262022,r2mt_tail_risk,r2mt,19,0.0005782172325201154,0.7375745000317693,,0.7375735999085009,,63,,16000,48000,,,,,,,0.004291973195970058,,,,,0.0065965897031128404,0.004775976784527302,,,,,,,,,,,,,,,,,0.010222777523100376,,0.004466189380735159,
20262022,r2mt_tail_risk,r2mt,20,0.0005392295478639224,0.8404008001089096,,0.8403998999856412,,63,,16000,48000,,,,,,,0.004260671336203814,,,,,0.006429752819240093,0.004893342278897763,,,,,,,,,,,,,,,,,0.00994969017803669,,0.00435459578409791,
20262022,r2mt_tail_risk,r2mt,21,0.0004999999999999999,0.7625541002489626,,0.7625524001196027,,63,,16000,48000,,,,,,,0.0042082851566374304,,,,,0.006294608641415835,0.004963475368916988,,,,,,,,,,,,,,,,,0.009710274428129197,,0.004268382418900729,
20262022,r2mt_tail_risk,r2mt,22,0.0004607704521360775,0.7764487001113594,,0.776447799988091,,63,,16000,48000,,,,,,,0.004170567419379949,,,,,0.006136731497943401,0.005039053343236446,,,,,,,,,,,,,,,,,0.00945951396971941,,0.004161411445587873,
20262022,r2mt_tail_risk,r2mt,23,0.0004217827674798846,0.7581966002471745,,0.7581952000036836,,63,,16000,48000,,,,,,,0.004127135131508112,,,,,0.00593654541298747,0.005157355505973101,,,,,,,,,,,,,,,,,0.009165185205638408,,0.0040209595747292045,
20262022,r2mt_tail_risk,r2mt,24,0.0003832773180720472,0.8460149001330137,,0.8460136000066996,,63,,16000,48000,,,,,,,0.004072036128491163,,,,,0.005805463436990977,0.005202125642448664,,,,,,,,,,,,,,,,,0.008956839643418788,,0.003932648602873087,
20262022,r2mt_tail_risk,r2mt,25,0.0003454915028125262,0.7760194996371865,,0.7760185999795794,,63,,16000,48000,,,,,,,0.004028600635007024,,,,,0.0056634327061474326,0.005258795376867056,,,,,,,,,,,,,,,,,0.008739549450576305,,0.003834944523870945,
20262022,r2mt_tail_risk,r2mt,26,0.00030865828381745506,0.7334544998593628,,0.7334533999674022,,63,,16000,48000,,,,,,,0.003970205638557672,,,,,0.005513267997652292,0.0053415710441768165,,,,,,,,,,,,,,,,,0.008535984866321088,,0.003726660529151559,
20262022,r2mt_tail_risk,r2mt,27,0.0002730047501302265,0.8357207998633385,,0.8357199002057314,,63,,16000,48000,,,,,,,0.003938055509701372,,,,,0.005413394253700972,0.005392571587115526,,,,,,,,,,,,,,,,,0.008381616082042456,,0.0036583034563809633,
20262022,r2mt_tail_risk,r2mt,28,0.0002387507176420255,0.8024173001758754,,0.8024165001697838,,63,,16000,48000,,,,,,,0.0038993374630808832,,,,,0.00532300740852952,0.005422452487051487,,,,,,,,,,,,,,,,,0.00825376258417964,,0.0035942615903913973,
20262022,r2mt_tail_risk,r2mt,29,0.0002061073738537634,0.7554270997643471,,0.7554258001036942,,63,,16000,48000,,,,,,,0.003856984484940767,,,,,0.005145207539200783,0.005495123058557511,,,,,,,,,,,,,,,,,0.007985533185303212,,0.0034709545224905014,
20262022,r2mt_tail_risk,r2mt,30,0.00017527597583490815,0.8025318998843431,,0.802530599758029,,63,,16000,48000,,,,,,,0.0038271294683218,,,,,0.005040882334113121,0.005527160219848156,,,,,,,,,,,,,,,,,0.007856782775372266,,0.0033929763920605184,
20262022,r2mt_tail_risk,r2mt,31,0.0001464466094067262,0.7425438002683222,,0.7425429001450539,,63,,16000,48000,,,,,,,0.003797716001048684,,,,,0.004963225446641445,0.005572496380656958,,,,,,,,,,,,,,,,,0.007756556659936905,,0.003335952928289771,
20262022,r2mt_tail_risk,r2mt,32,0.00011979701719998447,0.8499336000531912,,0.8499328000470996,,63,,16000,48000,,,,,,,0.003759918998926878,,,,,0.004864922497421503,0.005605005893856287,,,,,,,,,,,,,,,,,0.0076127519942820075,,0.0032671667989343403,
20262022,r2mt_tail_risk,r2mt,33,9.549150281252627e-05,0.7764356001280248,,0.77643490023911,,63,,16000,48000,,,,,,,0.0037350324839353563,,,,,0.0048063362650573255,0.005638717409223318,,,,,,,,,,,,,,,,,0.007534174349159002,,0.003224793825298548,
20262022,r2mt_tail_risk,r2mt,34,7.367991782295387e-05,0.8075389000587165,,0.8075377000495791,,63,,16000,48000,,,,,,,0.0037182454969733954,,,,,0.00473914160951972,0.0056553537920117376,,,,,,,,,,,,,,,,,0.00744503653794527,,0.00317576240003109,
20262022,r2mt_tail_risk,r2mt,35,5.4496737905816076e-05,0.7767191999591887,,0.7767185000702739,,63,,16000,48000,,,,,,,0.0036980558373034002,,,,,0.0046756512895226475,0.005680776435881853,,,,,,,,,,,,,,,,,0.007373658612370491,,0.0031269514448940753,
20262022,r2mt_tail_risk,r2mt,36,3.806023374435661e-05,0.8297406998462975,,0.8297393997199833,,63,,16000,48000,,,,,,,0.0036803855579346416,,,,,0.00462542312592268,0.005692194756120443,,,,,,,,,,,,,,,,,0.007314175181090832,,0.0030889733135700224,
20262022,r2mt_tail_risk,r2mt,37,2.447174185242322e-05,0.7860326999798417,,0.7860314999707043,,63,,16000,48000,,,,,,,0.0036682902723550797,,,,,0.00459280327335,0.005693893473595381,,,,,,,,,,,,,,,,,0.007276241879910231,,0.0030641820915043353,
20262022,r2mt_tail_risk,r2mt,38,1.3815039801161714e-05,0.8146983999758959,,0.8146971999667585,,63,,16000,48000,,,,,,,0.003662291344255209,,,,,0.004565220791846514,0.005705866899341345,,,,,,,,,,,,,,,,,0.007245559461414814,,0.003042856004089117,
20262022,r2mt_tail_risk,r2mt,39,6.155829702431168e-06,0.8276711003854871,,0.8276702002622187,,63,,16000,48000,,,,,,,0.0036573791913688185,,,,,0.004548647422343493,0.0057096840441226955,,,,,,,,,,,,,,,,,0.007227392919361591,,0.003030014166608453,
20262022,r2mt_tail_risk,r2mt,40,1.5413331334360176e-06,0.7586365998722613,,0.7586358999833465,,63,,16000,48000,,,,,,,0.0036555402912199497,,,,,0.004537936568260193,0.005722977504134178,,,,,,,,,,,,,,,,,0.007217525724321603,,0.003021313488483429,
20262022,r2mt_combined_risk,r2mt,1,0.001,0.7758240001276135,,0.7758230003528297,,63,,16000,48000,,,,,,,0.00536788472533226,,,,,0.011177894972264766,0.002960324473679066,,,,,,,,,,,,,,,,,0.016813288375735282,,0.0077078773491084576,
20262022,r2mt_combined_risk,r2mt,2,0.000998458666866564,0.8418529997579753,,0.841851799748838,,63,,16000,48000,,,,,,,0.005172535281628371,,,,,0.009929365143179894,0.0021068545281887055,,,,,,,,,,,,,,,,,0.015204159215092659,,0.006785081539303064,
20262022,r2mt_combined_risk,r2mt,3,0.0009938441702975688,0.767588899936527,,0.7675880999304354,,63,,16000,48000,,,,,,,0.005036393512040376,,,,,0.009593416698276997,0.002527888273820281,,,,,,,,,,,,,,,,,0.014748453654348851,,0.0065429966002702716,
20262022,r2mt_combined_risk,r2mt,4,0.0009861849601988382,0.7766638998873532,,0.7766621997579932,,63,,16000,48000,,,,,,,0.004957050833851099,,,,,0.009417857374995947,0.002855154303833842,,,,,,,,,,,,,,,,,0.014449813403189182,,0.006428751833736896,
20262022,r2mt_combined_risk,r2mt,5,0.0009755282581475767,0.7694372003898025,,0.7694362001493573,,63,,16000,48000,,,,,,,0.004898665729910135,,,,,0.009139484643936158,0.0030812521241605282,,,,,,,,,,,,,,,,,0.014040379405021668,,0.006233433190733194,
20262022,r2mt_combined_risk,r2mt,6,0.0009619397662556432,0.8243045997805893,,0.8243037997744977,,63,,16000,48000,,,,,,,0.0048520582020282746,,,,,0.008962185062468053,0.0032785974703729154,,,,,,,,,,,,,,,,,0.0137780619263649,,0.006109528951346874,
20262022,r2mt_combined_risk,r2mt,7,0.0009455032620941838,0.8043319000862539,,0.8043307000771165,,63,,16000,48000,,,,,,,0.004787368342280388,,,,,0.00878806433826685,0.003379918137565255,,,,,,,,,,,,,,,,,0.013516330778598786,,0.005989047966897487,
20262022,r2mt_combined_risk,r2mt,8,0.000926320082177046,0.7460666997358203,,0.7460656999610364,,63,,16000,48000,,,,,,,0.0047498753480613234,,,,,0.008611465319991112,0.003510428449138999,,,,,,,,,,,,,,,,,0.013217880055308343,,0.005872888837009669,
20262022,r2mt_combined_risk,r2mt,9,0.0009045084971874736,0.7786759003065526,,0.7786749000661075,,63,,16000,48000,,,,,,,0.004707484982907772,,,,,0.008474657334387303,0.0036640127673745154,,,,,,,,,,,,,,,,,0.013014188818633556,,0.005777666591107846,
20262022,r2mt_combined_risk,r2mt,10,0.0008802029828000154,0.8342654998414218,,0.834264799952507,,63,,16000,48000,,,,,,,0.004659529313445091,,,,,0.008190132565796376,0.003793453462421894,,,,,,,,,,,,,,,,,0.0126021131798625,,0.005576515760272741,
20262022,r2mt_combined_risk,r2mt,11,0.0008535533905932736,0.7409762996248901,,0.7409749999642372,,63,,16000,48000,,,,,,,0.004633438296616077,,,,,0.008052635483443737,0.0039210881311446425,,,,,,,,,,,,,,,,,0.012379616215825081,,0.005484039761126041,
20262022,r2mt_combined_risk,r2mt,12,0.0008247240241650918,0.7527604000642896,,0.752759600058198,,63,,16000,48000,,,,,,,0.004605902902781963,,,,,0.00786693822219968,0.004003740664571523,,,,,,,,,,,,,,,,,0.012079401545226574,,0.00535893590375781,
20262022,r2mt_combined_risk,r2mt,13,0.0007938926261462365,0.7511514998041093,,0.7511507999151945,,63,,16000,48000,,,,,,,0.004563732348382473,,,,,0.007694285631179809,0.004179224662482738,,,,,,,,,,,,,,,,,0.011810371153056621,,0.005240932524204254,
20262022,r2mt_combined_risk,r2mt,14,0.0007612492823579742,0.8342745001427829,,0.8342735003679991,,63,,16000,48000,,,,,,,0.004509869679808617,,,,,0.007479762975126505,0.004279610153287649,,,,,,,,,,,,,,,,,0.011520384505391121,,0.005085484214127064,
20262022,r2mt_combined_risk,r2mt,15,0.0007269952498697732,0.7745564999058843,,0.7745554000139236,,63,,16000,48000,,,,,,,0.004488784968852997,,,,,0.0073563230074942115,0.004365060999989509,,,,,,,,,,,,,,,,,0.011315743133425713,,0.00500339413434267,
20262022,r2mt_combined_risk,r2mt,16,0.0006913417161825447,0.7547248001210392,,0.7547236001119018,,63,,16000,48000,,,,,,,0.0044462429359555244,,,,,0.007214188747107983,0.004456312095746398,,,,,,,,,,,,,,,,,0.011074144192039967,,0.004910430289804936,
20262022,r2mt_combined_risk,r2mt,17,0.0006545084971874736,0.8184656002558768,,0.8184648999013007,,63,,16000,48000,,,,,,,0.0044115869514644145,,,,,0.007062753714621067,0.0045488252118229865,,,,,,,,,,,,,,,,,0.010862605698406696,,0.004801995866000652,
20262022,r2mt_combined_risk,r2mt,18,0.0006167226819279527,0.7353169000707567,,0.7353161000646651,,63,,16000,48000,,,,,,,0.0043782063722610474,,,,,0.006827959854155779,0.004691876593977213,,,,,,,,,,,,,,,,,0.010491879507899284,,0.00464201457425952,
20262022,r2mt_combined_risk,r2mt,19,0.0005782172325201154,0.745282200165093,,0.7452806001529098,,63,,16000,48000,,,,,,,0.0043385523669421675,,,,,0.0066766031533479694,0.004741661127656698,,,,,,,,,,,,,,,,,0.010285707972943783,,0.004532685108482838,
20262022,r2mt_combined_risk,r2mt,20,0.0005392295478639224,0.7368729999288917,,0.7368721999228001,,63,,16000,48000,,,,,,,0.0043002117387950425,,,,,0.006575961612164974,0.0048470328152179715,,,,,,,,,,,,,,,,,0.01013208743929863,,0.004463534403592348,
20262022,r2mt_combined_risk,r2mt,21,0.0004999999999999999,0.8280839999206364,,0.8280831002630293,,63,,16000,48000,,,,,,,0.004249879781156778,,,,,0.006373693443834782,0.004887269359081983,,,,,,,,,,,,,,,,,0.009831099599599838,,0.004322470337152481,
20262022,r2mt_combined_risk,r2mt,22,0.0004607704521360775,0.7746779997833073,,0.7746767001226544,,63,,16000,48000,,,,,,,0.004231219965964555,,,,,0.0062498082742095,0.004977017872035503,,,,,,,,,,,,,,,,,0.009663175247609615,,0.004232542999088765,
20262022,r2mt_combined_risk,r2mt,23,0.0004217827674798846,0.7451619999483228,,0.7451610998250544,,63,,16000,48000,,,,,,,0.004195360112935305,,,,,0.0061046922244131566,0.005055307276546955,,,,,,,,,,,,,,,,,0.00944403088092804,,0.004131972897797823,
20262022,r2mt_combined_risk,r2mt,24,0.0003832773180720472,0.7536708996631205,,0.7536694998852909,,63,,16000,48000,,,,,,,0.004136633917689324,,,,,0.0059678153805434704,0.005130825325846672,,,,,,,,,,,,,,,,,0.009245408512651921,,0.004035994905978441,
20262022,r2mt_combined_risk,r2mt,25,0.0003454915028125262,0.7791488002985716,,0.77914800029248,,63,,16000,48000,,,,,,,0.004112689159810543,,,,,0.005826872024685145,0.005182290602475405,,,,,,,,,,,,,,,,,0.009061645582318307,,0.003932282961905002,
20262022,r2mt_combined_risk,r2mt,26,0.00030865828381745506,0.7450701999478042,,0.74506889982149,,63,,16000,48000,,,,,,,0.004079557791352272,,,,,0.005683841273188591,0.005229156561195851,,,,,,,,,,,,,,,,,0.008855316728353501,,0.00383118050545454,
20262022,r2mt_combined_risk,r2mt,27,0.0002730047501302265,0.7365235001780093,,0.7365226000547409,,63,,16000,48000,,,,,,,0.004038119453936815,,,,,0.00552703807130456,0.005296032778918743,,,,,,,,,,,,,,,,,0.008623527403920889,,0.0037215637899935244,
20262022,r2mt_combined_risk,r2mt,28,0.0002387507176420255,0.7614718000404537,,0.7614710000343621,,63,,16000,48000,,,,,,,0.003984566703438759,,,,,0.005406143356114626,0.005339728355407715,,,,,,,,,,,,,,,,,0.008466702781617642,,0.0036331049911677835,
20262022,r2mt_combined_risk,r2mt,29,0.0002061073738537634,0.8386874999850988,,0.8386864997446537,,63,,16000,48000,,,,,,,0.003965472474694252,,,,,0.005300456885248423,0.00539181162044406,,,,,,,,,,,,,,,,,0.008346621334552764,,0.003551816584542394,
20262022,r2mt_combined_risk,r2mt,30,0.00017527597583490815,0.747320200316608,,0.7473192000761628,,63,,16000,48000,,,,,,,0.0039319291971623895,,,,,0.005172150555998087,0.005442361108958721,,,,,,,,,,,,,,,,,0.008168252930045129,,0.0034598547853529455,
20262022,r2mt_combined_risk,r2mt,31,0.0001464466094067262,0.7571046003140509,,0.7571033001877367,,63,,16000,48000,,,,,,,0.003904023241251707,,,,,0.005108003284782172,0.0054816814698278905,,,,,,,,,,,,,,,,,0.00807349530979991,,0.003415216989815235,
20262022,r2mt_combined_risk,r2mt,32,0.00011979701719998447,0.8435666002333164,,0.8435650002211332,,63,,16000,48000,,,,,,,0.0038796974010765553,,,,,0.005000119179487229,0.005508959949016571,,,,,,,,,,,,,,,,,0.00795576261729002,,0.0033313658963888882,
20262022,r2mt_combined_risk,r2mt,33,9.549150281252627e-05,0.750388499815017,,0.7503868998028338,,63,,16000,48000,,,,,,,0.0038558290917426346,,,,,0.004940266285091638,0.005523790001869202,,,,,,,,,,,,,,,,,0.00788671899959445,,0.003285799071192741,
20262022,r2mt_combined_risk,r2mt,34,7.367991782295387e-05,0.718862900044769,,0.7188618998043239,,63,,16000,48000,,,,,,,0.0038336324878036976,,,,,0.004870475247502327,0.005528555031865836,,,,,,,,,,,,,,,,,0.007812641866505146,,0.003231267398223281,
20262022,r2mt_combined_risk,r2mt,35,5.4496737905816076e-05,0.7624571002088487,,0.7624558000825346,,63,,16000,48000,,,,,,,0.003823083972558379,,,,,0.004824396315962076,0.005578481301665306,,,,,,,,,,,,,,,,,0.007757237259298563,,0.003196480294689536,
20262022,r2mt_combined_risk,r2mt,36,3.806023374435661e-05,0.810285700019449,,0.8102849000133574,,63,,16000,48000,,,,,,,0.003812195962294936,,,,,0.004772265214473009,0.005573489286005497,,,,,,,,,,,,,,,,,0.007705808989703656,,0.0031548526138067247,
20262022,r2mt_combined_risk,r2mt,37,2.447174185242322e-05,0.7482872996479273,,0.7482866998761892,,63,,16000,48000,,,,,,,0.0038026220947504044,,,,,0.004736483365297317,0.005592709086835385,,,,,,,,,,,,,,,,,0.007668611139059067,,0.0031267017386853693,
20262022,r2mt_combined_risk,r2mt,38,1.3815039801161714e-05,0.7763088000938296,,0.7763080997392535,,63,,16000,48000,,,,,,,0.003795570161193609,,,,,0.004713620975613594,0.005606028828769922,,,,,,,,,,,,,,,,,0.007645003937184811,,0.0031087018325924873,
20262022,r2mt_combined_risk,r2mt,39,6.155829702431168e-06,0.743365699891001,,0.7433645999990404,,63,,16000,48000,,,,,,,0.0037911546155810355,,,,,0.004695454619824887,0.005602197229862213,,,,,,,,,,,,,,,,,0.007629940487444401,,0.003093636430799961,
20262022,r2mt_combined_risk,r2mt,40,1.5413331334360176e-06,0.8810223997570574,,0.8810210996307433,,63,,16000,48000,,,,,,,0.0037892981469631196,,,,,0.0046846501752734184,0.0056044038571417334,,,,,,,,,,,,,,,,,0.00761666027829051,,0.003085525119677186,
20262022,r2mt_router,r2mt,1,0.001,0.8941458002664149,,0.8941442999057472,,63,,16000,48000,,,,,0.29909871602058413,,0.0034093217477202415,,,,,0.0064147946536540984,,,0.36899494838714597,,,,,0.026620098965242506,,,,1.1021829223632813,,,,,,0.006932717036455869,0.33190636897087095,0.0028712591547518968,
20262022,r2mt_router,r2mt,2,0.000998458666866564,0.9022351000458002,,0.9022341999225318,,63,,16000,48000,,,,,0.30000829410552976,,0.003404610339552164,,,,,0.006406700145453215,,,0.36540096044540404,,,,,0.028423702910542487,,,,1.1006718492507934,,,,,,0.006921128805726767,0.3345907766819,0.002866391746327281,
20262022,r2mt_router,r2mt,3,0.0009938441702975688,0.8790368000045419,,0.879035800229758,,63,,16000,48000,,,,,0.300922598361969,,0.003400984302163124,,,,,0.006401997685432434,,,0.363550350189209,,,,,0.030329147294163705,,,,1.100232431411743,,,,,,0.006912797067314387,0.3355270836353302,0.0028617881424725057,
20262022,r2mt_router,r2mt,4,0.0009861849601988382,1.0033678002655506,,1.0033668000251055,,63,,16000,48000,,,,,0.300253303527832,,0.003398320464417338,,,,,0.006398462794721126,,,0.36464281868934634,,,,,0.03070569434762001,,,,1.1002215461730958,,,,,,0.006907668069005012,0.3351039099693298,0.0028584700766950844,
20262022,r2mt_router,r2mt,5,0.0009755282581475767,0.9195963996462524,,0.9195956997573376,,63,,16000,48000,,,,,0.30051629900932314,,0.003393621638417244,,,,,0.006393303014338016,,,0.36533560490608213,,,,,0.03133031122386456,,,,1.1001129579544067,,,,,,0.006899672944098711,0.3341481311321259,0.002853850647807121,
20262022,r2mt_router,r2mt,6,0.0009619397662556432,0.8638333003036678,,0.8638327000662684,,63,,16000,48000,,,,,0.2999501707553863,,0.0033869353253394366,,,,,0.006387050978839398,,,0.3662657415866852,,,,,0.03237048919498921,,,,1.1001221694946288,,,,,,0.00688962771743536,0.3337841184139252,0.002847673621028662,
20262022,r2mt_router,r2mt,7,0.0009455032620941838,0.9126317999325693,,0.9126312001608312,,63,,16000,48000,,,,,0.299201171875,,0.003385607615113258,,,,,0.006383343875408173,,,0.3645673356056213,,,,,0.03331716388463974,,,,1.0996024379730225,,,,,,0.006881533462554217,0.33623152446746823,0.0028451551906764506,
20262022,r2mt_router,r2mt,8,0.000926320082177046,0.8682854999788105,,0.8682845002040267,,63,,16000,48000,,,,,0.3010780460834503,,0.003378202673047781,,,,,0.006375783249735832,,,0.3650780813694,,,,,0.034523887544870374,,,,1.0991746616363525,,,,,,0.006870570883154869,0.3338439047336578,0.002838701579719782,
20262022,r2mt_router,r2mt,9,0.0009045084971874736,0.8634526003152132,,0.8634520000778139,,63,,16000,48000,,,,,0.2999272451400757,,0.0033717576991766692,,,,,0.006369415104389191,,,0.36545464539527894,,,,,0.03583886408805847,,,,1.098883162498474,,,,,,0.006862938072532416,0.33461813831329346,0.002832639405503869,
20262022,r2mt_router,r2mt,10,0.0008802029828000154,0.8811633000150323,,0.8811625996604562,,63,,16000,48000,,,,,0.3003739426136017,,0.0033674072362482547,,,,,0.006362214095890522,,,0.3653054046630859,,,,,0.036921394497156146,,,,1.09851185131073,,,,,,0.006850165728479624,0.3343206872940063,0.002826648434624076,
20262022,r2mt_router,r2mt,11,0.0008535533905932736,0.9671322996728122,,0.9671315997838974,,63,,16000,48000,,,,,0.2992361969947815,,0.003360356874763966,,,,,0.006356174029409885,,,0.3667373356819153,,,,,0.037595080852508546,,,,1.0984214420318603,,,,,,0.00684070673212409,0.33402649116516114,0.0028212475180625913,
20262022,r2mt_router,r2mt,12,0.0008247240241650918,0.9170610001310706,,0.917060500010848,,63,,16000,48000,,,,,0.2992648284435272,,0.0033516488391906025,,,,,0.006347963239997625,,,0.3657946333885193,,,,,0.039558646321296694,,,,1.097868103981018,,,,,,0.006828490864485502,0.33494057273864747,0.0028138522915542126,
20262022,r2mt_router,r2mt,13,0.0007938926261462365,0.8832982997409999,,0.8832976999692619,,63,,16000,48000,,,,,0.30019490003585814,,0.0033477074392139912,,,,,0.006341067548841238,,,0.3663029260635376,,,,,0.04014936098456383,,,,1.0972896404266357,,,,,,0.006820619083940983,0.33350219917297363,0.002808678025379777,
20262022,r2mt_router,r2mt,14,0.0007612492823579742,0.9401624002493918,,0.9401619001291692,,63,,16000,48000,,,,,0.2989531621932983,,0.0033398421164602043,,,,,0.006332811914384365,,,0.3670312194824219,,,,,0.04158095279335976,,,,1.0970307865142823,,,,,,0.006804893128573895,0.33401564860343935,0.00280136788636446,
20262022,r2mt_router,r2mt,15,0.0007269952498697732,0.8528773998841643,,0.852876799646765,,63,,16000,48000,,,,,0.2997611699104309,,0.00333359650708735,,,,,0.006327164780348539,,,0.36591964530944826,,,,,0.04351727133989334,,,,1.0967474670410156,,,,,,0.0067953582108020785,0.33431922006607057,0.0027955711372196672,
20262022,r2mt_router,r2mt,16,0.0006913417161825447,0.854057400021702,,0.854056800249964,,63,,16000,48000,,,,,0.29903758001327513,,0.0033258341401815415,,,,,0.006315772823989391,,,0.36732582592964175,,,,,0.04420642226934433,,,,1.0956323022842407,,,,,,0.006785505097359419,0.3336366271972656,0.002787418505176902,
20262022,r2mt_router,r2mt,17,0.0006545084971874736,0.8812566003762186,,0.8812557002529502,,63,,16000,48000,,,,,0.29975079131126403,,0.00332071889936924,,,,,0.0063103725947439675,,,0.3678246610164642,,,,,0.045352404177188874,,,,1.0953676948547364,,,,,,0.006776613146066666,0.3324245800971985,0.0027825253289192916,
20262022,r2mt_router,r2mt,18,0.0006167226819279527,0.9132126001641154,,0.9132121000438929,,63,,16000,48000,,,,,0.29956433844566344,,0.00331119516864419,,,,,0.006298919782042504,,,0.3667547280788422,,,,,0.047726688265800475,,,,1.0945689582824707,,,,,,0.006759429816156626,0.3336809606552124,0.002772603835910559,
20262022,r2mt_router,r2mt,19,0.0005782172325201154,0.9087196998298168,,0.908718999940902,,63,,16000,48000,,,,,0.2984899411201477,,0.0033047183565795423,,,,,0.006289529163390398,,,0.36849270725250244,,,,,0.048240515053272245,,,,1.0938746395111083,,,,,,0.0067467400878667835,0.333017382144928,0.0027658337131142617,
20262022,r2mt_router,r2mt,20,0.0005392295478639224,0.8757159002125263,,0.8757154000923038,,63,,16000,48000,,,,,0.299422070980072,,0.003297689378261566,,,,,0.006280807681381702,,,0.3679160180091858,,,,,0.04960475584864616,,,,1.092995138168335,,,,,,0.006733940906822681,0.3326619358062744,0.0027593672797083853,
20262022,r2mt_router,r2mt,21,0.0004999999999999999,0.9733333000913262,,0.9733324004337192,,63,,16000,48000,,,,,0.298727623462677,,0.0032908209040760994,,,,,0.006272870343178511,,,0.36786829137802124,,,,,0.051376181215047834,,,,1.092492238998413,,,,,,0.006725742071866989,0.3334041187763214,0.0027518730517476797,
20262022,r2mt_router,r2mt,22,0.0004607704521360775,0.8625845997594297,,0.8625839999876916,,63,,16000,48000,,,,,0.29918075251579285,,0.003283690690994263,,,,,0.0062642435170710085,,,0.3685832827091217,,,,,0.05228867524862289,,,,1.0918387107849121,,,,,,0.006713349800556898,0.3322359938621521,0.0027453493382781744,
20262022,r2mt_router,r2mt,23,0.0004217827674798846,0.8728950000368059,,0.8728940999135375,,63,,16000,48000,,,,,0.2981181468963623,,0.003278362339362502,,,,,0.006255486167967319,,,0.3693636119365692,,,,,0.0532181376516819,,,,1.0912223510742187,,,,,,0.0067024359814822675,0.33251826906204224,0.0027384013552218677,
20262022,r2mt_router,r2mt,24,0.0003832773180720472,0.8599470001645386,,0.8599458001554012,,63,,16000,48000,,,,,0.29900656843185425,,0.0032715913597494363,,,,,0.006247726052999497,,,0.3680235290527344,,,,,0.05560665413737297,,,,1.0905526895523072,,,,,,0.006687567137181759,0.332969934463501,0.0027315492406487464,
20262022,r2mt_router,r2mt,25,0.0003454915028125262,0.9324427000246942,,0.9324415996670723,,63,,16000,48000,,,,,0.29894881677627566,,0.0032660285104066135,,,,,0.006238495267927646,,,0.36912216544151305,,,,,0.055948565661907194,,,,1.0895600366592406,,,,,,0.006679453518241644,0.3319290452003479,0.002725380765274167,
20262022,r2mt_router,r2mt,26,0.00030865828381745506,0.8584981998428702,,0.8584974999539554,,63,,16000,48000,,,,,0.298607518196106,,0.003259769003838301,,,,,0.00622955160215497,,,0.369858918428421,,,,,0.057220138460397724,,,,1.0891098041534424,,,,,,0.006665478512644768,0.33153358459472654,0.0027178137600421906,
20262022,r2mt_router,r2mt,27,0.0002730047501302265,0.9040335998870432,,0.9040324999950826,,63,,16000,48000,,,,,0.29920546770095824,,0.003253316890448332,,,,,0.006221868131309748,,,0.36864184331893923,,,,,0.059113337010145185,,,,1.0881561422348023,,,,,,0.006658378854393959,0.33215271949768066,0.0027114602271467447,
20262022,r2mt_router,r2mt,28,0.0002387507176420255,0.8900268999859691,,0.8900258000940084,,63,,16000,48000,,,,,0.29798308897018433,,0.0032491330578923224,,,,,0.006215028215199709,,,0.3703222875595093,,,,,0.05930303305387497,,,,1.0878086004257201,,,,,,0.006649024482816458,0.3316946587562561,0.0027063185572624208,
20262022,r2mt_router,r2mt,29,0.0002061073738537634,0.9522792003117502,,0.9522786000743508,,63,,16000,48000,,,,,0.2983209636211395,,0.0032425267957150936,,,,,0.006208583768457174,,,0.3698128402233124,,,,,0.06077920299768448,,,,1.0873521041870118,,,,,,0.0066409104913473125,0.3318662257194519,0.002700482793152332,
20262022,r2mt_router,r2mt,30,0.00017527597583490815,0.881978000048548,,0.8819769001565874,,63,,16000,48000,,,,,0.29903006505966184,,0.003239433538168669,,,,,0.006202430512756109,,,0.3684137396812439,,,,,0.061883614420890805,,,,1.0863989267349243,,,,,,0.0066314273849129675,0.3325562262535095,0.0026966182347387077,
20262022,r2mt_router,r2mt,31,0.0001464466094067262,0.9391453000716865,,0.9391445000655949,,63,,16000,48000,,,,,0.29791433906555176,,0.003235863408073783,,,,,0.0061972406655550006,,,0.3710369734764099,,,,,0.06216067379713058,,,,1.0865181941986084,,,,,,0.0066253596916794775,0.3310487160682678,0.0026915312986820934,
20262022,r2mt_router,r2mt,32,0.00011979701719998447,0.9470277996733785,,0.9470271999016404,,63,,16000,48000,,,,,0.2987769100666046,,0.0032330167852342127,,,,,0.006192994955927134,,,0.37025206327438354,,,,,0.06269901978969573,,,,1.085848455429077,,,,,,0.006621413391083479,0.33097105073928834,0.0026888731364160777,
20262022,r2mt_router,r2mt,33,9.549150281252627e-05,0.985166999977082,,0.9851664998568594,,63,,16000,48000,,,,,0.29818522405624387,,0.003229978999122977,,,,,0.0061881236359477045,,,0.37010742497444155,,,,,0.06342402076721192,,,,1.0854676647186279,,,,,,0.006615613158792257,0.33170738339424133,0.002684869622811675,
20262022,r2mt_router,r2mt,34,7.367991782295387e-05,0.9020644002594054,,0.902063800022006,,63,,16000,48000,,,,,0.2993448662757874,,0.003227083768695593,,,,,0.0061847024261951445,,,0.36951908922195437,,,,,0.06413494896888733,,,,1.0850184679031372,,,,,,0.006610602419823408,0.3311360795497894,0.0026824194826185702,
20262022,r2mt_router,r2mt,35,5.4496737905816076e-05,0.9346412997692823,,0.9346406999975443,,63,,16000,48000,,,,,0.29776378321647645,,0.0032259940821677447,,,,,0.006182016741484404,,,0.37050523519515993,,,,,0.06380287998914719,,,,1.084886254310608,,,,,,0.006609036590903997,0.3317310094833374,0.002680574735626578,
20262022,r2mt_router,r2mt,36,3.806023374435661e-05,0.9016058999113739,,0.901605200022459,,63,,16000,48000,,,,,0.29851432514190673,,0.0032235860265791417,,,,,0.006179934076964855,,,0.37042234659194945,,,,,0.06446914798021317,,,,1.0846950206756591,,,,,,0.006606315858662128,0.33106335473060605,0.0026786241456866265,
20262022,r2mt_router,r2mt,37,2.447174185242322e-05,0.9778243000619113,,0.9778235997073352,,63,,16000,48000,,,,,0.2985612471103668,,0.003222494525834918,,,,,0.006177753373980522,,,0.37036857795715333,,,,,0.06500915402173996,,,,1.084662347793579,,,,,,0.0066014850176870825,0.33107020235061646,0.0026764899622648956,
20262022,r2mt_router,r2mt,38,1.3815039801161714e-05,0.900693700183183,,0.900692599825561,,63,,16000,48000,,,,,0.2982875208854675,,0.0032221155539155005,,,,,0.006176538180559874,,,0.3698549020290375,,,,,0.06476925793290138,,,,1.0842172422409058,,,,,,0.006602056726813316,0.33185761189460755,0.002676577877253294,
20262022,r2mt_router,r2mt,39,6.155829702431168e-06,0.9124693004414439,,0.9124683002009988,,63,,16000,48000,,,,,0.2984600281715393,,0.0032213270515203474,,,,,0.006176195129752159,,,0.37010826063156127,,,,,0.06510563677549362,,,,1.0843104515075683,,,,,,0.006602453965693712,0.33143174290657046,0.002675641480833292,
20262022,r2mt_router,r2mt,40,1.5413331334360176e-06,0.972679200116545,,0.9726785002276301,,63,,16000,48000,,,,,0.2979310367107391,,0.003222080709412694,,,,,0.0061755174063146115,,,0.370844247341156,,,,,0.06473741692304612,,,,1.0843377923965454,,,,,,0.006598884105682373,0.33122474074363706,0.002675605511292815,
20262022,polar_evidence,unified,1,0.0005,58.391706499736756,,,,250,16000,16000,16000,,,,,,,,,,,,0.00944487794879824,,,,,0.006476264198310673,,,,,,,,,,,,0.02968613750487566,,,,
20262022,polar_evidence,unified,2,0.0004877641290737884,58.39334960002452,,,,250,16000,16000,16000,,,,,,,,,,,,0.009980616172775627,,,,,0.006742504127323627,,,,,,,,,,,,0.03238112045451999,,,,
20262022,polar_evidence,unified,3,0.0004522542485937368,58.41890530008823,,,,250,16000,16000,16000,,,,,,,,,,,,0.009773284576274454,,,,,0.006645178419537843,,,,,,,,,,,,0.031281061567366125,,,,
20262022,polar_evidence,unified,4,0.0003969463130731183,58.15675760013983,,,,250,16000,16000,16000,,,,,,,,,,,,0.00987646255325526,,,,,0.0066873788358643655,,,,,,,,,,,,0.03189083717390895,,,,
20262022,polar_evidence,unified,5,0.00032725424859373687,58.211848800070584,,,,250,16000,16000,16000,,,,,,,,,,,,0.009947695099189878,,,,,0.006706783896312117,,,,,,,,,,,,0.0324091120287776,,,,
20262022,polar_evidence,unified,6,0.00025,58.306701600085944,,,,250,16000,16000,16000,,,,,,,,,,,,0.009155332390218974,,,,,0.006299152901396155,,,,,,,,,,,,0.028561794888228176,,,,
20262022,polar_evidence,unified,7,0.00017274575140626317,58.063489499967545,,,,250,16000,16000,16000,,,,,,,,,,,,0.009115106745250524,,,,,0.0062453675735741855,,,,,,,,,,,,0.028697391716763377,,,,
20262022,polar_evidence,unified,8,0.00010305368692688175,58.11266539990902,,,,250,16000,16000,16000,,,,,,,,,,,,0.009432000016234815,,,,,0.006434922478161752,,,,,,,,,,,,0.02997077538073063,,,,
20262022,polar_evidence,unified,9,4.774575140626317e-05,58.16200240002945,,,,250,16000,16000,16000,,,,,,,,,,,,0.009539002658426762,,,,,0.006479567037895322,,,,,,,,,,,,0.030594356205314397,,,,
20262022,polar_evidence,unified,10,1.2235870926211617e-05,58.02954789996147,,,,250,16000,16000,16000,,,,,,,,,,,,0.00931630780249834,,,,,0.006346320671960712,,,,,,,,,,,,0.029699871305376293,,,,
20262022,conditional_router_stage_one,unified,1,0.001,3.9375053998082876,,,,188,96000,16000,96000,,,,,,,,0.004286407167712847,0.0031080043831219276,,,0.0076993530864516895,,,,,,0.00017945462597223618,,,,,0.9070399923324585,,,,,,,,,,
20262022,conditional_router_stage_one,unified,2,0.000998458666866564,3.795109400060028,,,,188,96000,16000,96000,,,,,,,,0.004198455107708772,0.0025397680985430877,,,0.007289971299469471,,,,,,0.000183020480015936,,,,,0.8879384835561116,,,,,,,,,,
20262022,conditional_router_stage_one,unified,3,0.0009938441702975688,3.820215300191194,,,,188,96000,16000,96000,,,,,,,,0.004180455665414532,0.00228018525801599,,,0.007134141619006793,,,,,,0.00018295756777903687,,,,,0.883926939646403,,,,,,,,,,
20262022,conditional_router_stage_one,unified,4,0.0009861849601988382,3.8387400000356138,,,,188,96000,16000,96000,,,,,,,,0.004168037261813879,0.002146592107911905,,,0.007048494694133599,,,,,,0.00018367532237122456,,,,,0.8806212307612101,,,,,,,,,,
20262022,conditional_router_stage_one,unified,5,0.0009755282581475767,3.875215200241655,,,,188,96000,16000,96000,,,,,,,,0.004159899412343899,0.0020515158797303834,,,0.006989520445466042,,,,,,0.00018298389421155054,,,,,0.8790585114161173,,,,,,,,,,
20262022,conditional_router_stage_one,unified,6,0.0009619397662556432,3.7910012998618186,,,,188,96000,16000,96000,,,,,,,,0.004151553180689613,0.0019856650823106368,,,0.0069450527913868425,,,,,,0.00018278833952111502,,,,,0.8774849580128987,,,,,,,,,,
20262022,conditional_router_stage_one,unified,7,0.0009455032620941838,3.8074162998236716,,,,188,96000,16000,96000,,,,,,,,0.004145395420491696,0.0019331395756453276,,,0.0069095225272079305,,,,,,0.00018277847188680123,,,,,0.8759313027064005,,,,,,,,,,
20262022,conditional_router_stage_one,unified,8,0.000926320082177046,3.837831599637866,,,,188,96000,16000,96000,,,,,,,,0.004137270358701547,0.0018836375636359056,,,0.006873429879546165,,,,,,0.00018249248631764203,,,,,0.874358764330546,,,,,,,,,,
20262022,conditional_router_stage_one,unified,9,0.0009045084971874736,3.780113700311631,,,,188,96000,16000,96000,,,,,,,,0.0041333778810997805,0.0018470164593309163,,,0.006849502305189769,,,,,,0.00018214102256267021,,,,,0.8735404410362244,,,,,,,,,,
20262022,conditional_router_stage_one,unified,10,0.0008802029828000154,3.8969388999976218,,,,188,96000,16000,96000,,,,,,,,0.004125864817450444,0.0017991566807031632,,,0.006815046720206738,,,,,,0.00018199498800095171,,,,,0.8720523614883423,,,,,,,,,,
20262022,conditional_router_stage_one,unified,11,0.0008535533905932736,3.816775499843061,,,,188,96000,16000,96000,,,,,,,,0.004121830473343531,0.0017738289758563043,,,0.006795679245144129,,,,,,0.00018129217655708392,,,,,0.8708055842717488,,,,,,,,,,
20262022,conditional_router_stage_one,unified,12,0.0008247240241650918,3.813654000405222,,,,188,96000,16000,96000,,,,,,,,0.004115403683235248,0.0017390393409878015,,,0.0067696705535054205,,,,,,0.0001811270056835686,,,,,0.869732684135437,,,,,,,,,,
20262022,conditional_router_stage_one,unified,13,0.0007938926261462365,3.826763200107962,,,,188,96000,16000,96000,,,,,,,,0.0041102501079440116,0.0017290273966888586,,,0.00675724325949947,,,,,,0.00018047263158950955,,,,,0.8686806209882101,,,,,,,,,,
20262022,conditional_router_stage_one,unified,14,0.0007612492823579742,3.7842155997641385,,,,188,96000,16000,96000,,,,,,,,0.004102996646116177,0.0016832102543363969,,,0.006722768543908993,,,,,,0.0001798652687963719,,,,,0.8666001850763957,,,,,,,,,,
20262022,conditional_router_stage_one,unified,15,0.0007269952498697732,3.859437400009483,,,,188,96000,16000,96000,,,,,,,,0.004097508635992805,0.0016563104105492433,,,0.00670182861884435,,,,,,0.00017998311730722585,,,,,0.8655844732920329,,,,,,,,,,
20262022,conditional_router_stage_one,unified,16,0.0006913417161825447,3.774218200240284,,,,188,96000,16000,96000,,,,,,,,0.0040921965278685095,0.0016374817018707593,,,0.006684823202590147,,,,,,0.00017897986387833953,,,,,0.8645703624089559,,,,,,,,,,
20262022,conditional_router_stage_one,unified,17,0.0006545084971874736,3.791773300152272,,,,188,96000,16000,96000,,,,,,,,0.004086898010224104,0.0016170210083946586,,,0.006665678525964419,,,,,,0.00017836909438483418,,,,,0.8628388311068217,,,,,,,,,,
20262022,conditional_router_stage_one,unified,18,0.0006167226819279527,3.789203600026667,,,,188,96000,16000,96000,,,,,,,,0.004079446323215961,0.0015898661095028123,,,0.006640637477238973,,,,,,0.0001782329291648542,,,,,0.8608498932520549,,,,,,,,,,
20262022,conditional_router_stage_one,unified,19,0.0005782172325201154,3.8530929000116885,,,,188,96000,16000,96000,,,,,,,,0.0040754404570907355,0.0015732657549281915,,,0.00662795611222585,,,,,,0.00017779604361082118,,,,,0.8607168413798014,,,,,,,,,,
20262022,conditional_router_stage_one,unified,20,0.0005392295478639224,3.7998701999895275,,,,188,96000,16000,96000,,,,,,,,0.004068693146730463,0.001550815543780724,,,0.0066061187100907165,,,,,,0.000177059781155549,,,,,0.8588763839403788,,,,,,,,,,
20262022,conditional_router_stage_one,unified,21,0.0004999999999999999,3.831692199688405,,,,188,96000,16000,96000,,,,,,,,0.004063213641444842,0.0015347490763912598,,,0.006589146856218577,,,,,,0.00017660072329454124,,,,,0.8572042061487833,,,,,,,,,,
20262022,conditional_router_stage_one,unified,22,0.0004607704521360775,3.8098101001232862,,,,188,96000,16000,96000,,,,,,,,0.004057624638080597,0.0015183233177910249,,,0.00657187828545769,,,,,,0.00017603070750677336,,,,,0.8555421244303385,,,,,,,,,,
20262022,conditional_router_stage_one,unified,23,0.0004217827674798846,3.793550600297749,,,,188,96000,16000,96000,,,,,,,,0.00405254399155577,0.0014976554370174804,,,0.006553810283541679,,,,,,0.00017558476713020355,,,,,0.8542711620330811,,,,,,,,,,
20262022,conditional_router_stage_one,unified,24,0.0003832773180720472,3.860411500092596,,,,188,96000,16000,96000,,,,,,,,0.0040464124232530594,0.0014839406097307802,,,0.006538230640192827,,,,,,0.00017476184173331906,,,,,0.8530786797205607,,,,,,,,,,
20262022,conditional_router_stage_one,unified,25,0.0003454915028125262,3.81626750016585,,,,188,96000,16000,96000,,,,,,,,0.004040902104228735,0.0014618959715589882,,,0.0065192023788889246,,,,,,0.00017410508221170554,,,,,0.851912979443868,,,,,,,,,,
20262022,conditional_router_stage_one,unified,26,0.00030865828381745506,3.7739832000806928,,,,188,96000,16000,96000,,,,,,,,0.004034989323467016,0.0014571386122455199,,,0.006506614169726769,,,,,,0.00017397324492534003,,,,,0.8497810678482056,,,,,,,,,,
20262022,conditional_router_stage_one,unified,27,0.0002730047501302265,3.806481000036001,,,,188,96000,16000,96000,,,,,,,,0.004030438831696907,0.001436685470553736,,,0.0064909838462869325,,,,,,0.000173116290049317,,,,,0.8494615697860718,,,,,,,,,,
20262022,conditional_router_stage_one,unified,28,0.0002387507176420255,3.837133599910885,,,,188,96000,16000,96000,,,,,,,,0.004024437922984361,0.001426502287077407,,,0.0064766636341810225,,,,,,0.00017290599636423092,,,,,0.8478740040461222,,,,,,,,,,
20262022,conditional_router_stage_one,unified,29,0.0002061073738537634,3.8858782998286188,,,,188,96000,16000,96000,,,,,,,,0.004020412173122168,0.001414744603758057,,,0.006463910984496276,,,,,,0.00017198117543011903,,,,,0.8465655638376872,,,,,,,,,,
20262022,conditional_router_stage_one,unified,30,0.00017527597583490815,3.7842196002602577,,,,188,96000,16000,96000,,,,,,,,0.0040156686771661045,0.0014062565894176562,,,0.0064522607885301115,,,,,,0.00017188424461831648,,,,,0.8452463397979736,,,,,,,,,,
20262022,conditional_router_stage_one,unified,31,0.0001464466094067262,3.795381899923086,,,,188,96000,16000,96000,,,,,,,,0.00401148961049815,0.0013958388290678462,,,0.006441323580841224,,,,,,0.00017134044769530495,,,,,0.8445396768252055,,,,,,,,,,
20262022,conditional_router_stage_one,unified,32,0.00011979701719998447,3.776984800118953,,,,188,96000,16000,96000,,,,,,,,0.004008103961745898,0.001383304726332426,,,0.0064295785278081895,,,,,,0.00017080594901926815,,,,,0.8435603214899698,,,,,,,,,,
20262022,conditional_router_stage_one,unified,33,9.549150281252627e-05,3.846795399673283,,,,188,96000,16000,96000,,,,,,,,0.004003739261378845,0.0013788067422186336,,,0.006421096208194891,,,,,,0.0001706596283086886,,,,,0.8426442861557006,,,,,,,,,,
20262022,conditional_router_stage_one,unified,34,7.367991782295387e-05,3.799356499686837,,,,188,96000,16000,96000,,,,,,,,0.004000170581042767,0.0013760173947860797,,,0.006413962237536907,,,,,,0.00017023869786256303,,,,,0.8416116126378377,,,,,,,,,,
20262022,conditional_router_stage_one,unified,35,5.4496737905816076e-05,3.8111829003319144,,,,188,96000,16000,96000,,,,,,,,0.003999087315052748,0.00136562014122804,,,0.006407475498815377,,,,,,0.0001697814540627102,,,,,0.841566328048706,,,,,,,,,,
20262022,conditional_router_stage_one,unified,36,3.806023374435661e-05,3.7805355000309646,,,,188,96000,16000,96000,,,,,,,,0.003995632085328301,0.001365200614867111,,,0.00640173331151406,,,,,,0.00016981703345663845,,,,,0.840523294130961,,,,,,,,,,
20262022,conditional_router_stage_one,unified,37,2.447174185242322e-05,3.7763938000425696,,,,188,96000,16000,96000,,,,,,,,0.003994196028759082,0.0013582059945911168,,,0.006396646625051895,,,,,,0.00016953993363616368,,,,,0.8404812660217286,,,,,,,,,,
20262022,conditional_router_stage_one,unified,38,1.3815039801161714e-05,3.8283040998503566,,,,188,96000,16000,96000,,,,,,,,0.003992994406570991,0.0013577862965563933,,,0.006394069132705529,,,,,,0.00016979699434402088,,,,,0.8398661368687947,,,,,,,,,,
20262022,conditional_router_stage_one,unified,39,6.155829702431168e-06,3.8458663998171687,,,,188,96000,16000,96000,,,,,,,,0.003991037562489509,0.001356099129654467,,,0.006390926695118348,,,,,,0.00016936692735180259,,,,,0.8397488851547241,,,,,,,,,,
20262022,conditional_router_stage_one,unified,40,1.5413331334360176e-06,3.7944666002877057,,,,188,96000,16000,96000,,,,,,,,0.0039919722688694795,0.0013502356909836331,,,0.0063892852055529754,,,,,,0.00016955028334632516,,,,,0.8399037218093872,,,,,,,,,,
20262022,conditional_router_stage_two,unified,1,0.0003,0.07798729976639152,,,,1,96000,16000,96000,,,,,,0.0,,,,0.0013550459407269955,0.03317181393504143,0.007372520864009857,,0.004009747877717018,,,,,0.0013236498925834894,,,,,,0.8392984867095947,,,,,,,,0.0009599915938451886
20262022,conditional_router_stage_two,unified,2,0.00029994859874633357,0.05662229983136058,,,,1,96000,16000,96000,,,,,,0.0,,,,0.0019555252511054277,0.017762353643774986,0.0069446442648768425,,0.0038882947992533445,,,,,0.0012615371961146593,,,,,,0.7983869910240173,,,,,,,,0.0007583867409266531
20262022,conditional_router_stage_two,unified,3,0.0002997944302131861,0.055598000064492226,,,,1,96000,16000,96000,,,,,,0.0,,,,0.0027606412768363953,0.007732505910098553,0.006763790268450975,,0.003799236146733165,,,,,0.0012128727976232767,,,,,,0.7707048058509827,,,,,,,,0.0006305571878328919
20262022,conditional_router_stage_two,unified,4,0.0002995376000599692,0.05582069978117943,,,,1,96000,16000,96000,,,,,,0.0,,,,0.0036096302792429924,0.0028393245302140713,0.006731812842190266,,0.0037378333508968353,,,,,0.0011672241380438209,,,,,,0.7533894777297974,,,,,,,,0.0005523685249499977
20262022,conditional_router_stage_two,unified,5,0.000299178284305241,0.05528490012511611,,,,1,96000,16000,96000,,,,,,0.0,,,,0.0043130917474627495,0.004810198210179806,0.00675967987626791,,0.003699028864502907,,,,,0.0011255779536440969,,,,,,0.7431039810180664,,,,,,,,0.000507078948430717
20262022,conditional_router_stage_two,unified,6,0.0002987167292060716,0.05900160036981106,,,,1,96000,16000,96000,,,,,,0.0,,,,0.004761521704494953,0.006606613751500845,0.006786857731640339,,0.003676722524687648,,,,,0.0010934077436104417,,,,,,0.7363707423210144,,,,,,,,0.0004823511990252882
20262022,conditional_router_stage_two,unified,7,0.0002981532510892707,0.060200899839401245,,,,1,96000,16000,96000,,,,,,0.0,,,,0.0049398369155824184,0.007261904887855053,0.00679148780182004,,0.0036666083615273237,,,,,0.0010766966734081507,,,,,,0.7318257689476013,,,,,,,,0.00047137736692093313
20262022,conditional_router_stage_two,unified,8,0.0002974882361345932,0.05582690006121993,,,,1,96000,16000,96000,,,,,,0.0,,,,0.004891366697847843,0.006982442922890186,0.006773544941097498,,0.0036655794829130173,,,,,0.001076948014087975,,,,,,0.7294625639915466,,,,,,,,0.00047013562289066613
20262022,conditional_router_stage_two,unified,9,0.00029672214011007087,0.058626099955290556,,,,1,96000,16000,96000,,,,,,0.0,,,,0.004692629911005497,0.006170663516968489,0.006742760073393583,,0.0036710433196276426,,,,,0.0010892227292060852,,,,,,0.7292137145996094,,,,,,,,0.00047575030475854874
20262022,conditional_router_stage_two,unified,10,0.0002958554880596515,0.058244300074875355,,,,1,96000,16000,96000,,,,,,0.0,,,,0.004423820413649082,0.004942837171256542,0.00671031791716814,,0.0036808080039918423,,,,,0.0011053928174078465,,,,,,0.730410099029541,,,,,,,,0.00048603303730487823
20262022,conditional_router_stage_two,unified,11,0.0002948888739433602,0.05994139984250069,,,,1,96000,16000,96000,,,,,,0.0,,,,0.004146054852753878,0.003612251952290535,0.006683411076664925,,0.0036927592009305954,,,,,0.0011193648679181933,,,,,,0.7322198748588562,,,,,,,,0.0004990226589143276
20262022,conditional_router_stage_two,unified,12,0.00029382296023022894,0.05512849986553192,,,,1,96000,16000,96000,,,,,,0.0,,,,0.003897968912497163,0.0024132253602147102,0.006665029563009739,,0.0037049963138997555,,,,,0.0011279446771368384,,,,,,0.7339205741882324,,,,,,,,0.0005130154313519597
20262022,conditional_router_stage_two,unified,13,0.00029265847744427303,0.059032800141721964,,,,1,96000,16000,96000,,,,,,0.0,,,,0.003697734558954835,0.001970368204638362,0.006655042991042137,,0.0037161249201744795,,,,,0.0011311457492411137,,,,,,0.7351466417312622,,,,,,,,0.0005265543586574495
20262022,conditional_router_stage_two,unified,14,0.00029139622366382674,0.056475100107491016,,,,1,96000,16000,96000,,,,,,0.0,,,,0.003544952254742384,0.0024314881302416325,0.006650511175394058,,0.0037252530455589294,,,,,0.0011321214260533452,,,,,,0.7361031174659729,,,,,,,,0.0005382465315051377
20262022,conditional_router_stage_two,unified,15,0.00029003706397458023,0.05433980002999306,,,,1,96000,16000,96000,,,,,,0.0,,,,0.003433479694649577,0.003120253561064601,0.006647445727139711,,0.0037317369133234024,,,,,0.0011337280739098787,,,,,,0.7370859384536743,,,,,,,,0.0005467538721859455
20262022,conditional_router_stage_two,unified,16,0.000288581929876693,0.05665639974176884,,,,1,96000,16000,96000,,,,,,0.0,,,,0.003361942246556282,0.0035373440477997065,0.006642928346991539,,0.003735040780156851,,,,,0.0011358225019648671,,,,,,0.737963855266571,,,,,,,,0.0005511368508450687
20262022,conditional_router_stage_two,unified,17,0.0002870318186463901,0.061299600172787905,,,,1,96000,16000,96000,,,,,,0.0,,,,0.00333106960169971,0.003689580364152789,0.006635837722569704,,0.0037350121419876814,,,,,0.0011360583594068885,,,,,,0.7382593750953674,,,,,,,,0.0005512937204912305
20262022,conditional_router_stage_two,unified,18,0.0002853877926524791,0.05562039976939559,,,,1,96000,16000,96000,,,,,,0.0,,,,0.00333967967890203,0.00356159801594913,0.006626188289374113,,0.0037318372633308172,,,,,0.0011328640393912792,,,,,,0.7376676201820374,,,,,,,,0.0005475954967550933
20262022,conditional_router_stage_two,unified,19,0.0002836509786282552,0.05770540004596114,,,,1,96000,16000,96000,,,,,,0.0,,,,0.0033838970120996237,0.0031654885970056057,0.006615775637328625,,0.0037262446712702513,,,,,0.001126596238464117,,,,,,0.7363317012786865,,,,,,,,0.0005409530713222921
20262022,conditional_router_stage_two,unified,20,0.0002818225668992948,0.05624319985508919,,,,1,96000,16000,96000,,,,,,0.0,,,,0.003455748315900564,0.002613013843074441,0.006606447510421276,,0.0037191573064774275,,,,,0.0011191517114639282,,,,,,0.7346864938735962,,,,,,,,0.0005324180237948895
20262022,conditional_router_stage_two,unified,21,0.00027990381056766585,0.05701069999486208,,,,1,96000,16000,96000,,,,,,0.0,,,,0.003542851423844695,0.002005884423851967,0.006599445827305317,,0.0037116147577762604,,,,,0.001112832804210484,,,,,,0.7331517934799194,,,,,,,,0.0005231999093666673
20262022,conditional_router_stage_two,unified,22,0.00027789602465311383,0.060496299993246794,,,,1,96000,16000,96000,,,,,,0.0,,,,0.0036317112389951944,0.0014994130469858646,0.006594570819288492,,0.0037043949123471975,,,,,0.0011089047184213996,,,,,,0.7319013476371765,,,,,,,,0.0005142829613760114
20262022,conditional_router_stage_two,unified,23,0.0002758005851918136,0.058900800067931414,,,,1,96000,16000,96000,,,,,,0.0,,,,0.003713748650625348,0.001245025428943336,0.006591114215552807,,0.003697912208735943,,,,,0.0011068611638620496,,,,,,0.7308389544487,,,,,,,,0.0005062766140326858
20262022,conditional_router_stage_two,unified,24,0.00027361892829330236,0.060274699702858925,,,,1,96000,16000,96000,,,,,,0.0,,,,0.0037824392784386873,0.0012941599125042558,0.006588434334844351,,0.0036925263702869415,,,,,0.0011057298397645354,,,,,,0.7298113703727722,,,,,,,,0.0004996703937649727
20262022,conditional_router_stage_two,unified,25,0.0002713525491562421,0.05825870018452406,,,,1,96000,16000,96000,,,,,,0.0,,,,0.003833693452179432,0.00144137442111969,0.006585552357137203,,0.0036883405409753323,,,,,0.0011044411221519113,,,,,,0.7286676168441772,,,,,,,,0.0004946160479448736
20262022,conditional_router_stage_two,unified,26,0.0002690030010436853,0.05998079990968108,,,,1,96000,16000,96000,,,,,,0.0,,,,0.0038651854265481234,0.00150633929297328,0.006581693887710571,,0.003685352858155966,,,,,0.0011024443665519357,,,,,,0.727350115776062,,,,,,,,0.0004911030409857631
20262022,conditional_router_stage_two,unified,27,0.0002665718942185457,0.05992709985002875,,,,1,96000,16000,96000,,,,,,0.0,,,,0.003875276306644082,0.0014537915121763945,0.0065768263302743435,,0.0036836336366832256,,,,,0.0011002880055457354,,,,,,0.7260510325431824,,,,,,,,0.0004891324788331985
20262022,conditional_router_stage_two,unified,28,0.0002640608948400047,0.0566834001801908,,,,1,96000,16000,96000,,,,,,0.0,,,,0.003865528618916869,0.00129525491502136,0.0065716588869690895,,0.003683215007185936,,,,,0.001098641543649137,,,,,,0.7249820828437805,,,,,,,,0.0004886756651103497
20262022,conditional_router_stage_two,unified,29,0.0002614717238216092,0.05983459996059537,,,,1,96000,16000,96000,,,,,,0.0,,,,0.0038390865083783865,0.0010932332370430231,0.006567014846950769,,0.0036840224638581276,,,,,0.0010984670370817184,,,,,,0.7243817448616028,,,,,,,,0.0004895727033726871
20262022,conditional_router_stage_two,unified,30,0.0002588061556518432,0.05873110005632043,,,,1,96000,16000,96000,,,,,,0.0,,,,0.0038012161385267973,0.000904480810277164,0.006563209928572178,,0.0036857216618955135,,,,,0.001100137596949935,,,,,,0.7243144512176514,,,,,,,,0.0004914210294373333
20262022,conditional_router_stage_two,unified,31,0.00025606601717798223,0.06009580008685589,,,,1,96000,16000,96000,,,,,,0.0,,,,0.003760629566386342,0.0008308510296046734,0.006560204550623894,,0.0036877174861729145,,,,,0.001102832262404263,,,,,,0.7245897054672241,,,,,,,,0.0004935865290462971
20262022,conditional_router_stage_two,unified,32,0.00025325318635406314,0.05642920034006238,,,,1,96000,16000,96000,,,,,,0.0,,,,0.003724663984030485,0.0008867886499501765,0.006557576823979616,,0.0036894488148391247,,,,,0.0011053758207708597,,,,,,0.7249324321746826,,,,,,,,0.0004954771138727665
20262022,conditional_router_stage_two,unified,33,0.0002503695909538288,0.05653539998456836,,,,1,96000,16000,96000,,,,,,0.0,,,,0.003697976702824235,0.0009721682290546596,0.006555045023560524,,0.0036905750166624784,,,,,0.0011068705935031176,,,,,,0.7251210808753967,,,,,,,,0.0004967403365299106
20262022,conditional_router_stage_two,unified,34,0.00024741720724952765,0.057189099956303835,,,,1,96000,16000,96000,,,,,,0.0,,,,0.003683752380311489,0.0010246862657368183,0.006552243139594793,,0.003690805984660983,,,,,0.0011068378807976842,,,,,,0.7250221967697144,,,,,,,,0.0004970546578988433
20262022,conditional_router_stage_two,unified,35,0.00024439805865747574,0.054231100250035524,,,,1,96000,16000,96000,,,,,,0.0,,,,0.003681597299873829,0.0010381498141214252,0.006549373734742403,,0.0036902257706969976,,,,,0.001105539035052061,,,,,,0.7246735095977783,,,,,,,,0.0004964834079146385
20262022,conditional_router_stage_two,unified,36,0.00024131421435130823,0.05464409990236163,,,,1,96000,16000,96000,,,,,,0.0,,,,0.0036885167937725782,0.0010121251689270139,0.0065464479848742485,,0.00368900946341455,,,,,0.0011037267977371812,,,,,,0.7242066264152527,,,,,,,,0.0004951788578182459
20262022,conditional_router_stage_two,unified,37,0.0002381677878438711,0.05914589995518327,,,,1,96000,16000,96000,,,,,,0.0,,,,0.003700781147927046,0.0009689865401014686,0.006543547380715609,,0.0036873805802315474,,,,,0.0011024539126083255,,,,,,0.7238221168518066,,,,,,,,0.0004933293093927205
20262022,conditional_router_stage_two,unified,38,0.00023496093553872503,0.06059540016576648,,,,1,96000,16000,96000,,,,,,0.0,,,,0.0037164934910833836,0.0007975090993568301,0.006540791131556034,,0.003685489995405078,,,,,0.0011019561206921935,,,,,,0.7235603928565979,,,,,,,,0.000491113169118762
20262022,conditional_router_stage_two,unified,39,0.00023169585525225419,0.05622359970584512,,,,1,96000,16000,96000,,,,,,0.0,,,,0.0037354151718318462,0.0006854779785498977,0.006538280285894871,,0.003683441784232855,,,,,0.0011013096664100885,,,,,,0.7232638597488403,,,,,,,,0.0004887294489890337
20262022,conditional_router_stage_two,unified,40,0.00022837478470739243,0.061248499900102615,,,,1,96000,16000,96000,,,,,,0.0,,,,0.0037570949643850327,0.0006165426457300782,0.006535952445119619,,0.0036812969483435154,,,,,0.0010998707730323076,,,,,,0.7228231430053711,,,,,,,,0.00048629226512275636
20262022,conditional_router_stage_two,unified,41,0.0002250000000000001,0.058489699847996235,,,,1,96000,16000,96000,,,,,,0.0,,,,0.003778905840590596,0.0006004522438161075,0.006533738225698471,,0.00367923267185688,,,,,0.0010975857730954885,,,,,,0.7222363352775574,,,,,,,,0.00048401267849840224
20262022,conditional_router_stage_two,unified,42,0.0002215738140389414,0.05884779989719391,,,,1,96000,16000,96000,,,,,,0.0,,,,0.003797742538154125,0.0006060931482352316,0.0065316311083734035,,0.0036774331238120794,,,,,0.001095059560611844,,,,,,0.7216275334358215,,,,,,,,0.00048206126666627824
20262022,conditional_router_stage_two,unified,43,0.00021809857496093212,0.05727109964936972,,,,1,96000,16000,96000,,,,,,0.0,,,,0.0038102346006780863,0.0006298464140854776,0.0065296185202896595,,0.003676077350974083,,,,,0.0010931144934147596,,,,,,0.7211722731590271,,,,,,,,0.00048059370601549745
20262022,conditional_router_stage_two,unified,44,0.0002145766645212444,0.056958300061523914,,,,1,96000,16000,96000,,,,,,0.0,,,,0.003814030671492219,0.0006103393388912082,0.006527560763061047,,0.003675248473882675,,,,,0.001092245802283287,,,,,,0.7209815382957458,,,,,,,,0.00047968709259293973
20262022,conditional_router_stage_two,unified,45,0.00021101049646137014,0.05814179964363575,,,,1,96000,16000,96000,,,,,,0.0,,,,0.003810212481766939,0.000579686020500958,0.0065254708752036095,,0.0036749038845300674,,,,,0.0010920407949015498,,,,,,0.7209863066673279,,,,,,,,0.0004793099360540509
20262022,conditional_router_stage_two,unified,46,0.00020740251485476356,0.055842200294137,,,,1,96000,16000,96000,,,,,,0.0,,,,0.0037991523277014494,0.0005687263910658658,0.006523354444652796,,0.0036749928258359432,,,,,0.0010928540723398328,,,,,,0.7212395668029785,,,,,,,,0.00047938170609995723
20262022,conditional_router_stage_two,unified,47,0.00020375519243179515,0.06148219993337989,,,,1,96000,16000,96000,,,,,,0.0,,,,0.0037833531387150288,0.0005455897771753371,0.006521312519907951,,0.0036753620952367783,,,,,0.001094701001420617,,,,,,0.7217180728912354,,,,,,,,0.00047972705215215683
20262022,conditional_router_stage_two,unified,48,0.00020007102888506572,0.059718099888414145,,,,1,96000,16000,96000,,,,,,0.0,,,,0.0037675611674785614,0.0005405585397966206,0.006519402377307415,,0.003675749059766531,,,,,0.0010967385023832321,,,,,,0.7222381234169006,,,,,,,,0.00048008846351876855
20262022,conditional_router_stage_two,unified,49,0.00019635254915624222,0.05671100039035082,,,,1,96000,16000,96000,,,,,,0.0,,,,0.00375614152289927,0.000567690352909267,0.006517655681818724,,0.0036759309004992247,,,,,0.0010979349026456475,,,,,,0.7225791215896606,,,,,,,,0.0004802617768291384
20262022,conditional_router_stage_two,unified,50,0.00019260230170558851,0.059429800137877464,,,,1,96000,16000,96000,,,,,,0.0,,,,0.0037518430035561323,0.0005813455209136009,0.006515925750136375,,0.003675717394798994,,,,,0.0010975943878293037,,,,,,0.7225939035415649,,,,,,,,0.00048006747965700924
20262022,conditional_router_stage_two,unified,51,0.00018882285676537818,0.05510200001299381,,,,1,96000,16000,96000,,,,,,0.0,,,,0.003753774333745241,0.000597690581344068,0.0065142312087118626,,0.0036751404404640198,,,,,0.0010963283712044358,,,,,,0.7223728895187378,,,,,,,,0.0004795044369529933
20262022,conditional_router_stage_two,unified,52,0.0001850168045783859,0.05935500003397465,,,,1,96000,16000,96000,,,,,,0.0,,,,0.003758150152862072,0.0006084777414798737,0.006512625142931938,,0.003674401668831706,,,,,0.00109544035512954,,,,,,0.7221550941467285,,,,,,,,0.0004787213692907244
20262022,conditional_router_stage_two,unified,53,0.00018118675362266396,0.05686730006709695,,,,1,96000,16000,96000,,,,,,0.0,,,,0.003763663349673152,0.0005763815133832395,0.0065109883435070515,,0.0036735597532242537,,,,,0.0010949114803224802,,,,,,0.721952497959137,,,,,,,,0.00047778914449736476
20262022,conditional_router_stage_two,unified,54,0.0001773353288238222,0.05709060002118349,,,,1,96000,16000,96000,,,,,,0.0,,,,0.0037700780667364597,0.000539530476089567,0.006509341765195131,,0.003672664752230048,,,,,0.0010943235829472542,,,,,,0.7217041850090027,,,,,,,,0.0004767944337800145
20262022,conditional_router_stage_two,unified,55,0.00017346516975603473,0.0589815997518599,,,,1,96000,16000,96000,,,,,,0.0,,,,0.003777368925511837,0.000540003355126828,0.006507749203592539,,0.003671757411211729,,,,,0.0010933923767879605,,,,,,0.721369206905365,,,,,,,,0.0004758010327350348
20262022,conditional_router_stage_two,unified,56,0.00016957892883300783,0.057170200161635876,,,,1,96000,16000,96000,,,,,,0.0,,,,0.00378501508384943,0.0005056833615526557,0.0065062036737799644,,0.0036708475090563297,,,,,0.0010924349771812558,,,,,,0.7210083603858948,,,,,,,,0.0004748034698422998
20262022,conditional_router_stage_two,unified,57,0.00016567926949014812,0.05963079957291484,,,,1,96000,16000,96000,,,,,,0.0,,,,0.003792258445173502,0.0004847391974180937,0.006504701916128397,,0.003669979050755501,,,,,0.0010915427701547742,,,,,,0.7206478714942932,,,,,,,,0.00047385095967911184
20262022,conditional_router_stage_two,unified,58,0.00016176886435917683,0.061314800288528204,,,,1,96000,16000,96000,,,,,,0.0,,,,0.003798665711656213,0.000489638710860163,0.0065032709389925,,0.003669198602437973,,,,,0.0010904637165367603,,,,,,0.7202802896499634,,,,,,,,0.00047301643644459546
20262022,conditional_router_stage_two,unified,59,0.00015785039343644162,0.06024229992181063,,,,1,96000,16000,96000,,,,,,0.0,,,,0.0038031190633773804,0.000490909384097904,0.006501948460936546,,0.0036685802042484283,,,,,0.0010894227307289839,,,,,,0.7199662923812866,,,,,,,,0.0004723685560747981
20262022,conditional_router_stage_two,unified,60,0.000153926542246181,0.05811619991436601,,,,1,96000,16000,96000,,,,,,0.0,,,,0.003805168205872178,0.0005077280220575631,0.006500639021396637,,0.0036681033670902252,,,,,0.0010886711534112692,,,,,,0.7197668552398682,,,,,,,,0.00047187108430080116
20262022,conditional_router_stage_two,unified,61,0.00015000000000000007,0.05849209986627102,,,,1,96000,16000,96000,,,,,,0.0,,,,0.0038049821741878986,0.0004942709929309785,0.006499339360743761,,0.0036677373573184013,,,,,0.001088512595742941,,,,,,0.7197129130363464,,,,,,,,0.0004714704991783947
20262022,conditional_router_stage_two,unified,62,0.0001460734577538191,0.058943700045347214,,,,1,96000,16000,96000,,,,,,0.0,,,,0.0038020340725779533,0.00048029323806986213,0.006498027592897415,,0.0036674896255135536,,,,,0.0010893135331571102,,,,,,0.719854474067688,,,,,,,,0.00047115591587498784
20262022,conditional_router_stage_two,unified,63,0.0001421496065635585,0.05919940024614334,,,,1,96000,16000,96000,,,,,,0.0,,,,0.003799082012847066,0.0004797051369678229,0.006496727932244539,,0.0036672446876764297,,,,,0.0010900951456278563,,,,,,0.7199998497962952,,,,,,,,0.0004708467749878764
20262022,conditional_router_stage_two,unified,64,0.0001382311356408233,0.05998570006340742,,,,1,96000,16000,96000,,,,,,0.0,,,,0.0037977537140250206,0.00046803211444057524,0.0064955102279782295,,0.0036669631954282522,,,,,0.0010901086498051882,,,,,,0.7200149893760681,,,,,,,,0.00047053603339008987
20262022,conditional_router_stage_two,unified,65,0.00013432073050985202,0.05679150018841028,,,,1,96000,16000,96000,,,,,,0.0,,,,0.0037962428759783506,0.0005016851355321705,0.006494376342743635,,0.0036667301319539547,,,,,0.0010899474145844579,,,,,,0.7200120687484741,,,,,,,,0.00047029208508320153
20262022,conditional_router_stage_two,unified,66,0.0001304210711669923,0.05625070026144385,,,,1,96000,16000,96000,,,,,,0.0,,,,0.0037928957026451826,0.00048697745660319924,0.006493316497653723,,0.003666603472083807,,,,,0.001090408070012927,,,,,,0.7201377153396606,,,,,,,,0.00047013486619107425
20262022,conditional_router_stage_two,unified,67,0.00012653483024396538,0.05957769975066185,,,,1,96000,16000,96000,,,,,,0.0,,,,0.003788524540141225,0.0004989820881746709,0.006492265034466982,,0.0036665196530520916,,,,,0.0010913551086559892,,,,,,0.7203418016433716,,,,,,,,0.00047000087215565145
20262022,conditional_router_stage_two,unified,68,0.00012266467117617793,0.05865669995546341,,,,1,96000,16000,96000,,,,,,0.0,,,,0.0037856483832001686,0.000483081181300804,0.006491204723715782,,0.0036663534119725227,,,,,0.001091990270651877,,,,,,0.7204617261886597,,,,,,,,0.00046978986938484013
20262022,conditional_router_stage_two,unified,69,0.0001188132463773361,0.059433599933981895,,,,1,96000,16000,96000,,,,,,0.0,,,,0.003786856308579445,0.0004670467460528016,0.006490179803222418,,0.0036660018377006054,,,,,0.0010914311278611422,,,,,,0.7203320264816284,,,,,,,,0.00046942284097895026
20262022,conditional_router_stage_two,unified,70,0.0001149831954216142,0.05833980021998286,,,,1,96000,16000,96000,,,,,,0.0,,,,0.0037908731028437614,0.00046796229435130954,0.00648921262472868,,0.0036655222065746784,,,,,0.0010901736095547676,,,,,,0.720050036907196,,,,,,,,0.00046894344268366694
20262022,conditional_router_stage_two,unified,71,0.0001111771432346219,0.055333899799734354,,,,1,96000,16000,96000,,,,,,0.0,,,,0.003796400735154748,0.00048549496568739414,0.006488285027444363,,0.0036649638786911964,,,,,0.0010886650998145342,,,,,,0.7197179198265076,,,,,,,,0.00046838491107337177
20262022,conditional_router_stage_two,unified,72,0.0001073976982944116,0.06063810037449002,,,,1,96000,16000,96000,,,,,,0.0,,,,0.0038008959963917732,0.0004996192874386907,0.006487363483756781,,0.0036644188221544027,,,,,0.0010879687033593655,,,,,,0.7195244431495667,,,,,,,,0.0004678010009229183
20262022,conditional_router_stage_two,unified,73,0.0001036474508437579,0.058887300081551075,,,,1,96000,16000,96000,,,,,,0.0,,,,0.0038035844918340445,0.0004828660748898983,0.006486466154456139,,0.0036639454774558544,,,,,0.0010881357593461871,,,,,,0.7194797396659851,,,,,,,,0.00046725862193852663
20262022,conditional_router_stage_two,unified,74,9.992897111493437e-05,0.05625090003013611,,,,1,96000,16000,96000,,,,,,0.0,,,,0.0038057046476751566,0.00048241435433737934,0.006485634949058294,,0.003663539420813322,,,,,0.0010881343623623252,,,,,,0.7194425463676453,,,,,,,,0.00046679997467435896
20262022,conditional_router_stage_two,unified,75,9.624480756820496e-05,0.0589152998290956,,,,1,96000,16000,96000,,,,,,0.0,,,,0.0038083489052951336,0.0004536521155387163,0.006484814919531345,,0.0036631484981626272,,,,,0.0010874886065721512,,,,,,0.7193109393119812,,,,,,,,0.00046638536150567234
20262022,conditional_router_stage_two,unified,76,9.259748514523653e-05,0.059180499985814095,,,,1,96000,16000,96000,,,,,,0.0,,,,0.0038100655656307936,0.0004973480827175081,0.006484052166342735,,0.003662826493382454,,,,,0.0010870415717363358,,,,,,0.7192222476005554,,,,,,,,0.0004660394915845245
20262022,conditional_router_stage_two,unified,77,8.898950353862997e-05,0.05677539994940162,,,,1,96000,16000,96000,,,,,,0.0,,,,0.003810571739450097,0.0004655597440432757,0.006483267527073622,,0.003662537783384323,,,,,0.00108718138653785,,,,,,0.7192400693893433,,,,,,,,0.0004657053214032203
20262022,conditional_router_stage_two,unified,78,8.542333547875576e-05,0.05456089973449707,,,,1,96000,16000,96000,,,,,,0.0,,,,0.0038097582291811705,0.0004619159735739231,0.0064825634472072124,,0.0036623310297727585,,,,,0.0010878702159970999,,,,,,0.7193422317504883,,,,,,,,0.000465438119135797
20262022,conditional_router_stage_two,unified,79,8.190142503906799e-05,0.06017229985445738,,,,1,96000,16000,96000,,,,,,0.0,,,,0.003810396185144782,0.00047720750444568694,0.006481860764324665,,0.0036620728205889463,,,,,0.0010878409957513213,,,,,,0.7193189859390259,,,,,,,,0.0004651508352253586
20262022,conditional_router_stage_two,unified,80,7.842618596105874e-05,0.0609829998575151,,,,1,96000,16000,96000,,,,,,0.0,,,,0.0038117547519505024,0.0004552858299575746,0.00648119580000639,,0.003661802038550377,,,,,0.001087421434931457,,,,,,0.7192271947860718,,,,,,,,0.00046487178769893944
20262022,conditional_router_stage_two,unified,81,7.500000000000003e-05,0.0590935000218451,,,,1,96000,16000,96000,,,,,,0.0,,,,0.0038128579035401344,0.00047942122910171747,0.006480555981397629,,0.003661560360342264,,,,,0.0010869735851883888,,,,,,0.7191282510757446,,,,,,,,0.0004646290326490998
20262022,conditional_router_stage_two,unified,82,7.162521529260768e-05,0.056787800043821335,,,,1,96000,16000,96000,,,,,,0.0,,,,0.0038129386957734823,0.0005202021566219628,0.006479939445853233,,0.003661369439214468,,,,,0.0010869302786886692,,,,,,0.7191041707992554,,,,,,,,0.00046442251186817884
20262022,conditional_router_stage_two,unified,83,6.830414474774599e-05,0.058084800373762846,,,,1,96000,16000,96000,,,,,,0.0,,,,0.003812226466834545,0.0004783777112606913,0.006479362491518259,,0.0036612122785300016,,,,,0.0010873680002987385,,,,,,0.7191601395606995,,,,,,,,0.00046422972809523344
20262022,conditional_router_stage_two,unified,84,6.503906446127505e-05,0.056991299614310265,,,,1,96000,16000,96000,,,,,,0.0,,,,0.0038120669778436422,0.0004912567092105746,0.006478806957602501,,0.0036610353272408247,,,,,0.0010876210872083902,,,,,,0.7191884517669678,,,,,,,,0.00046402105363085866
20262022,conditional_router_stage_two,unified,85,6.183221215612905e-05,0.05563350021839142,,,,1,96000,16000,96000,,,,,,0.0,,,,0.003813095623627305,0.00043573862058110535,0.006478262133896351,,0.0036608222872018814,,,,,0.0010872487910091877,,,,,,0.7191137075424194,,,,,,,,0.00046380123239941895
20262022,conditional_router_stage_two,unified,86,5.868578564869191e-05,0.06171149993315339,,,,1,96000,16000,96000,,,,,,0.0,,,,0.0038139682728797197,0.0004546279087662697,0.006477765738964081,,0.00366063229739666,,,,,0.0010869489051401615,,,,,,0.7190464735031128,,,,,,,,0.00046360233682207763
20262022,conditional_router_stage_two,unified,87,5.5601941342524416e-05,0.06241710018366575,,,,1,96000,16000,96000,,,,,,0.0,,,,0.0038144702557474375,0.00044954242184758186,0.006477284245193005,,0.0036604548804461956,,,,,0.001086906879208982,,,,,,0.7190163731575012,,,,,,,,0.0004634069337043911
20262022,conditional_router_stage_two,unified,88,5.258279275047248e-05,0.061907300259917974,,,,1,96000,16000,96000,,,,,,0.0,,,,0.003814567578956485,0.0004960396909154952,0.006476809270679951,,0.0036603002808988094,,,,,0.0010869685793295503,,,,,,0.7190099954605103,,,,,,,,0.0004632319905795157
20262022,conditional_router_stage_two,unified,89,4.963040904617132e-05,0.05709420004859567,,,,1,96000,16000,96000,,,,,,0.0,,,,0.003815512405708432,0.00047049589920789003,0.006476366426795721,,0.0036601300816982985,,,,,0.0010865378426387906,,,,,,0.7189232707023621,,,,,,,,0.00046306365402415395
20262022,conditional_router_stage_two,unified,90,4.674681364593688e-05,0.05558879999443889,,,,1,96000,16000,96000,,,,,,0.0,,,,0.0038165587466210127,0.0005067668971605599,0.0064759636297822,,0.003659966168925166,,,,,0.0010860755573958158,,,,,,0.7188389301300049,,,,,,,,0.0004629017785191536
20262022,conditional_router_stage_two,unified,91,4.393398282201788e-05,0.060108600184321404,,,,1,96000,16000,96000,,,,,,0.0,,,,0.0038166753947734833,0.00045016512740403414,0.006475580390542746,,0.0036598406732082367,,,,,0.001086078817024827,,,,,,0.718832790851593,,,,,,,,0.00046276109060272574
20262022,conditional_router_stage_two,unified,92,4.119384434815686e-05,0.055260200053453445,,,,1,96000,16000,96000,,,,,,0.0,,,,0.0038166420999914408,0.000487777084344998,0.006475208327174187,,0.0036597135476768017,,,,,0.00108629884198308,,,,,,0.7188560962677002,,,,,,,,0.00046260899398475885
20262022,conditional_router_stage_two,unified,93,3.852827617839089e-05,0.05750689981505275,,,,1,96000,16000,96000,,,,,,0.0,,,,0.0038165985606610775,0.0004466900718398392,0.006474853027611971,,0.003659595502540469,,,,,0.0010864982614293694,,,,,,0.7188711166381836,,,,,,,,0.0004624685680028051
20262022,conditional_router_stage_two,unified,94,3.5939105159995365e-05,0.05526760034263134,,,,1,96000,16000,96000,,,,,,0.0,,,,0.003816433949396014,0.00043792094220407307,0.006474520079791546,,0.0036594949197024107,,,,,0.0010866723023355007,,,,,,0.7188871502876282,,,,,,,,0.00046234778710640967
20262022,conditional_router_stage_two,unified,95,3.342810578145437e-05,0.05986610008403659,,,,1,96000,16000,96000,,,,,,0.0,,,,0.0038169100880622864,0.0005019147647544742,0.00647422019392252,,0.003659375011920929,,,,,0.0010865937219932675,,,,,,0.7188645005226135,,,,,,,,0.00046221716911531985
20262022,conditional_router_stage_two,unified,96,3.0996998956314715e-05,0.055227700155228376,,,,1,96000,16000,96000,,,,,,0.0,,,,0.003817756660282612,0.000476097222417593,0.006473945453763008,,0.0036592422984540462,,,,,0.001086446107365191,,,,,,0.7188275456428528,,,,,,,,0.0004620735126081854
20262022,conditional_router_stage_two,unified,97,2.8647450843757904e-05,0.05568130034953356,,,,1,96000,16000,96000,,,,,,0.0,,,,0.0038185128942131996,0.00046667305286973715,0.006473682355135679,,0.0036591175012290478,,,,,0.001086326315999031,,,,,,0.7187934517860413,,,,,,,,0.000461938907392323
20262022,conditional_router_stage_two,unified,98,2.6381071706697685e-05,0.05640400014817715,,,,1,96000,16000,96000,,,,,,0.0,,,,0.003819021862000227,0.00043406113400124013,0.006473424844443798,,0.003659006906673312,,,,,0.0010862898780032992,,,,,,0.7187707424163818,,,,,,,,0.0004618170205503702
20262022,conditional_router_stage_two,unified,99,2.4199414808186416e-05,0.061086300294846296,,,,1,96000,16000,96000,,,,,,0.0,,,,0.0038195359520614147,0.00044464596430771053,0.006473205983638763,,0.003658910747617483,,,,,0.0010862158378586173,,,,,,0.7187417149543762,,,,,,,,0.0004617131198756397
20262022,conditional_router_stage_two,unified,100,2.210397534688618e-05,0.05556279979646206,,,,1,96000,16000,96000,,,,,,0.0,,,,0.0038200269918888807,0.00046659939107485116,0.006473002023994923,,0.0036588243674486876,,,,,0.001086090924218297,,,,,,0.7187088131904602,,,,,,,,0.00046162231592461467
20262022,conditional_router_stage_two,unified,101,2.00961894323342e-05,0.05619940022006631,,,,1,96000,16000,96000,,,,,,0.0,,,,0.0038203690201044083,0.000428514729719609,0.006472819950431585,,0.0036587535869330168,,,,,0.0010859790490940213,,,,,,0.7186830043792725,,,,,,,,0.0004615476354956627
20262022,conditional_router_stage_two,unified,102,1.8177433100705214e-05,0.05699830036610365,,,,1,96000,16000,96000,,,,,,0.0,,,,0.003820480313152075,0.00046128028770908713,0.006472651846706867,,0.003658697009086609,,,,,0.0010859434260055423,,,,,,0.718673586845398,,,,,,,,0.000461486226413399
20262022,conditional_router_stage_two,unified,103,1.6349021371744837e-05,0.05955669982358813,,,,1,96000,16000,96000,,,,,,0.0,,,,0.0038203252479434013,0.0004540710069704801,0.006472484208643436,,0.0036586523056030273,,,,,0.0010860101319849491,,,,,,0.7186811566352844,,,,,,,,0.00046143357758410275
20262022,conditional_router_stage_two,unified,104,1.4612207347520943e-05,0.055149799678474665,,,,1,96000,16000,96000,,,,,,0.0,,,,0.0038200689014047384,0.00043188981362618506,0.006472335197031498,,0.0036586185451596975,,,,,0.0010861101327463984,,,,,,0.7186932563781738,,,,,,,,0.0004613919008988887
20262022,conditional_router_stage_two,unified,105,1.2968181353609857e-05,0.05730520002543926,,,,1,96000,16000,96000,,,,,,0.0,,,,0.0038199250120669603,0.000445723591838032,0.006472217384725809,,0.0036585917696356773,,,,,0.0010861355112865567,,,,,,0.7186930179595947,,,,,,,,0.00046136186574585736
20262022,conditional_router_stage_two,unified,106,1.1418070123306994e-05,0.05604910012334585,,,,1,96000,16000,96000,,,,,,0.0,,,,0.003819939913228154,0.0004788834776263684,0.006472104229032993,,0.003658559639006853,,,,,0.001086095697246492,,,,,,0.7186824679374695,,,,,,,,0.0004613286873791367
20262022,conditional_router_stage_two,unified,107,9.962936025419743e-06,0.05912930006161332,,,,1,96000,16000,96000,,,,,,0.0,,,,0.003820049809291959,0.0004543542745523155,0.006471999455243349,,0.0036585244815796614,,,,,0.001086039119400084,,,,,,0.7186705470085144,,,,,,,,0.0004612920747604221
20262022,conditional_router_stage_two,unified,108,8.603776336173257e-06,0.05585680017247796,,,,1,96000,16000,96000,,,,,,0.0,,,,0.003820093348622322,0.00044661806896328926,0.006471908185631037,,0.0036584935151040554,,,,,0.0010860443580895662,,,,,,0.7186688780784607,,,,,,,,0.0004612567718140781
20262022,conditional_router_stage_two,unified,109,7.341522555726974e-06,0.060186800081282854,,,,1,96000,16000,96000,,,,,,0.0,,,,0.003820155980065465,0.0004531412268988788,0.006471829488873482,,0.003658464178442955,,,,,0.0010860543698072433,,,,,,0.7186682820320129,,,,,,,,0.00046122350613586605
20262022,conditional_router_stage_two,unified,110,6.177039769771062e-06,0.05771890003234148,,,,1,96000,16000,96000,,,,,,0.0,,,,0.0038202747236937284,0.00042204439523629844,0.006471761502325535,,0.003658436005935073,,,,,0.0010860363254323602,,,,,,0.7186635136604309,,,,,,,,0.00046119317994453013
20262022,conditional_router_stage_two,unified,111,5.111126056639755e-06,0.05572349997237325,,,,1,96000,16000,96000,,,,,,0.0,,,,0.0038203811272978783,0.0004202151612844318,0.006471704691648483,,0.0036584115587174892,,,,,0.001086023636162281,,,,,,0.7186596393585205,,,,,,,,0.00046116681187413633
20262022,conditional_router_stage_two,unified,112,4.144511940348518e-06,0.05827300017699599,,,,1,96000,16000,96000,,,,,,0.0,,,,0.0038204670418053865,0.00044298270950093865,0.006471659522503614,,0.003658392233774066,,,,,0.001086010248400271,,,,,,0.7186563611030579,,,,,,,,0.0004611457698047161
20262022,conditional_router_stage_two,unified,113,3.2778598899291478e-06,0.05512409983202815,,,,1,96000,16000,96000,,,,,,0.0,,,,0.0038205457385629416,0.0004465938836801797,0.006471619475632906,,0.003658375469967723,,,,,0.001085992669686675,,,,,,0.718652606010437,,,,,,,,0.00046112813288345933
20262022,conditional_router_stage_two,unified,114,2.5117638654068248e-06,0.059836499858647585,,,,1,96000,16000,96000,,,,,,0.0,,,,0.0038205734454095364,0.00043973856372758746,0.006471588741987944,,0.0036583642940968275,,,,,0.0010859915055334568,,,,,,0.7186519503593445,,,,,,,,0.0004611154436133802
20262022,conditional_router_stage_two,unified,115,1.8467489107293517e-06,0.05709780007600784,,,,1,96000,16000,96000,,,,,,0.0,,,,0.0038206055760383606,0.0004329577786847949,0.006471563130617142,,0.0036583542823791504,,,,,0.0010859859175980091,,,,,,0.7186506986618042,,,,,,,,0.00046110484981909394
20262022,conditional_router_stage_two,unified,116,1.283270793928443e-06,0.05650899978354573,,,,1,96000,16000,96000,,,,,,0.0,,,,0.0038206407334655523,0.0004138157528359443,0.006471543572843075,,0.003658346366137266,,,,,0.0010859776521101594,,,,,,0.7186490893363953,,,,,,,,0.00046109608956612647
20262022,conditional_router_stage_two,unified,117,8.217156947589902e-07,0.058402399998158216,,,,1,96000,16000,96000,,,,,,0.0,,,,0.0038206710014492273,0.00042733646114356816,0.006471529603004456,,0.0036583407782018185,,,,,0.0010859693866223097,,,,,,0.718647301197052,,,,,,,,0.0004610900650732219
20262022,conditional_router_stage_two,unified,118,4.623999400308056e-07,0.058517600409686565,,,,1,96000,16000,96000,,,,,,0.0,,,,0.0038206938188523054,0.0004081374208908528,0.006471521221101284,,0.00365833705291152,,,,,0.0010859613539651036,,,,,,0.7186456918716431,,,,,,,,0.000461086310679093
20262022,conditional_router_stage_two,unified,119,2.055697868139251e-07,0.05658060032874346,,,,1,96000,16000,96000,,,,,,0.0,,,,0.0038207080215215683,0.000403033074690029,0.0064715174958109856,,0.0036583351902663708,,,,,0.0010859565809369087,,,,,,0.7186446189880371,,,,,,,,0.00046108459355309606
20262022,conditional_router_stage_two,unified,120,5.1401253666411035e-08,0.05702769989147782,,,,1,96000,16000,96000,,,,,,0.0,,,,0.0038207138422876596,0.0004113764443900436,0.006471515633165836,,0.00365833449177444,,,,,0.0010859542526304722,,,,,,0.7186441421508789,,,,,,,,0.00046108372043818235
